block_id,corridor_id,location,station,chainage_from_km,chainage_to_km,start_time,end_time,duration_minutes,block_type,availability,restrictions,affected_infrastructure,isolation_required,allowed_departments,max_resources,operational_cost,traffic_level,calculated_duration,duration_difference,block_date,allowed_department_set,isolation_set,goods_impact_score,expected_goods_trains,max_traffic_demand,conflicting_trains,conflict_severity
B000001,C005,L005-12,Udaykheda Cantt,108.6,165.7,2026-10-04 01:30:00,2026-10-04 04:30:00,180,CORRIDOR_BLOCK,AVAILABLE,TRACK_ISOLATION_REQUIRED;OHE_ISOLATION_REQUIRED;SIGNAL_ISOLATION_REQUIRED,TRACK_BOTH;OHE;SIGNALLING,ALL,Engineering;Signal;Traction,7,6931.57,HIGH,180.0,0.0,2026-10-04,"{'Signal', 'Traction', 'Engineering'}","{'TRACK', 'OHE', 'SIGNAL'}",0.199584,2,0.231,0.0,0.0
B000002,C005,L005-12,Udaykheda Cantt,113.63,165.7,2026-10-01 02:00:00,2026-10-01 06:00:00,240,CORRIDOR_BLOCK,AVAILABLE,TRACK_ISOLATION_REQUIRED;OHE_ISOLATION_REQUIRED;SIGNAL_ISOLATION_REQUIRED;LIMITED_ACCESS,TRACK_BOTH;OHE;SIGNALLING,ALL,Engineering;Signal;Traction,6,9173.33,HIGH,240.0,0.0,2026-10-01,"{'Signal', 'Traction', 'Engineering'}","{'TRACK', 'OHE', 'SIGNAL'}",2.4619519999999997,6,0.652,0.0,0.0
B000003,C009,L009-03,Gangapur Road,160.98,204.28,2026-09-26 01:00:00,2026-09-26 05:00:00,240,CORRIDOR_BLOCK,AVAILABLE,TRACK_ISOLATION_REQUIRED;OHE_ISOLATION_REQUIRED;SIGNAL_ISOLATION_REQUIRED,TRACK_UP;OHE;SIGNALLING,ALL,Engineering;Signal;Traction,4,9620.53,HIGH,240.0,0.0,2026-09-26,"{'Signal', 'Traction', 'Engineering'}","{'TRACK', 'OHE', 'SIGNAL'}",4.818,11,1.0,0.0,0.0
B000005,C018,L018-03,Indraabad Cantt,41.41,111.77,2026-09-08 00:30:00,2026-09-08 04:30:00,240,CORRIDOR_BLOCK,AVAILABLE,TRACK_ISOLATION_REQUIRED;OHE_ISOLATION_REQUIRED;SIGNAL_ISOLATION_REQUIRED,TRACK_BOTH;OHE;SIGNALLING,ALL,Engineering;Signal;Traction,4,8389.68,HIGH,240.0,0.0,2026-09-08,"{'Signal', 'Traction', 'Engineering'}","{'TRACK', 'OHE', 'SIGNAL'}",5.10045,9,0.925,0.0,0.0
B000006,C018,L018-03,Indraabad Cantt,61.78,91.4,2026-09-28 00:30:00,2026-09-28 04:30:00,240,CORRIDOR_BLOCK,AVAILABLE,TRACK_ISOLATION_REQUIRED;OHE_ISOLATION_REQUIRED;SIGNAL_ISOLATION_REQUIRED;LIMITED_ACCESS,TRACK_BOTH;OHE;SIGNALLING,ALL,Engineering;Signal;Traction,7,8941.54,HIGH,240.0,0.0,2026-09-28,"{'Signal', 'Traction', 'Engineering'}","{'TRACK', 'OHE', 'SIGNAL'}",7.133712,12,0.993,0.0,0.0
B000008,C025,L025-06,Bharatabad,315.31,374.8,2026-10-10 01:30:00,2026-10-10 05:30:00,240,CORRIDOR_BLOCK,AVAILABLE,TRACK_ISOLATION_REQUIRED;OHE_ISOLATION_REQUIRED;SIGNAL_ISOLATION_REQUIRED;LIMITED_ACCESS,TRACK_UP;OHE;SIGNALLING,ALL,Engineering;Signal;Traction,6,5433.36,LOW,240.0,0.0,2026-10-10,"{'Signal', 'Traction', 'Engineering'}","{'TRACK', 'OHE', 'SIGNAL'}",0.09292266666666667,1,0.152,0.0,0.0
B000009,C026,L026-03,Charanpalli Cantt,0.0,36.2,2026-09-26 01:30:00,2026-09-26 05:30:00,240,CORRIDOR_BLOCK,AVAILABLE,TRACK_ISOLATION_REQUIRED;OHE_ISOLATION_REQUIRED;SIGNAL_ISOLATION_REQUIRED,TRACK_BOTH;OHE;SIGNALLING,ALL,Engineering;Signal;Traction,5,7161.63,HIGH,240.0,0.0,2026-09-26,"{'Signal', 'Traction', 'Engineering'}","{'TRACK', 'OHE', 'SIGNAL'}",2.8582399999999994,8,0.58,0.0,0.0
B000010,C026,L026-03,Charanpalli Cantt,0.0,36.2,2026-10-05 02:00:00,2026-10-05 06:00:00,240,CORRIDOR_BLOCK,AVAILABLE,TRACK_ISOLATION_REQUIRED;OHE_ISOLATION_REQUIRED;SIGNAL_ISOLATION_REQUIRED,TRACK_BOTH;OHE;SIGNALLING,ALL,Engineering;Signal;Traction,5,7610.41,HIGH,240.0,0.0,2026-10-05,"{'Signal', 'Traction', 'Engineering'}","{'TRACK', 'OHE', 'SIGNAL'}",6.20208,15,0.876,1.0,1.0
B000011,C030,L030-04,Kanhahalli Jn,171.33,270.51,2026-10-11 01:30:00,2026-10-11 05:30:00,240,CORRIDOR_BLOCK,AVAILABLE,TRACK_ISOLATION_REQUIRED;OHE_ISOLATION_REQUIRED;SIGNAL_ISOLATION_REQUIRED,TRACK_DOWN;OHE;SIGNALLING,ALL,Engineering;Signal;Traction,7,5916.03,MEDIUM,240.0,0.0,2026-10-11,"{'Signal', 'Traction', 'Engineering'}","{'TRACK', 'OHE', 'SIGNAL'}",0.0,0,0.388,1.0,2.0
B000012,C030,L030-04,Kanhahalli Jn,187.4,254.44,2026-09-19 01:30:00,2026-09-19 05:30:00,240,CORRIDOR_BLOCK,AVAILABLE,TRACK_ISOLATION_REQUIRED;OHE_ISOLATION_REQUIRED;SIGNAL_ISOLATION_REQUIRED,TRACK_UP;OHE;SIGNALLING,ALL,Engineering;Signal;Traction,6,5155.35,MEDIUM,240.0,0.0,2026-09-19,"{'Signal', 'Traction', 'Engineering'}","{'TRACK', 'OHE', 'SIGNAL'}",0.9880266666666666,4,0.395,0.0,0.0
B000013,C035,L035-01,Jaisalkot Cantt,0.0,51.28,2026-09-30 01:00:00,2026-09-30 05:00:00,240,CORRIDOR_BLOCK,AVAILABLE,TRACK_ISOLATION_REQUIRED;OHE_ISOLATION_REQUIRED;SIGNAL_ISOLATION_REQUIRED;NIGHT_ONLY,TRACK_DOWN;OHE;SIGNALLING,ALL,Engineering;Signal;Traction,7,6000.86,MEDIUM,240.0,0.0,2026-09-30,"{'Signal', 'Traction', 'Engineering'}","{'TRACK', 'OHE', 'SIGNAL'}",0.09172799999999999,1,0.168,0.0,0.0
B000014,C035,L035-01,Jaisalkot Cantt,0.0,52.6,2026-09-22 00:30:00,2026-09-22 04:30:00,240,CORRIDOR_BLOCK,AVAILABLE,TRACK_ISOLATION_REQUIRED;OHE_ISOLATION_REQUIRED;SIGNAL_ISOLATION_REQUIRED;LIMITED_ACCESS,TRACK_UP;OHE;SIGNALLING,ALL,Engineering;Signal;Traction,7,6526.98,MEDIUM,240.0,0.0,2026-09-22,"{'Signal', 'Traction', 'Engineering'}","{'TRACK', 'OHE', 'SIGNAL'}",0.571032,3,0.308,0.0,0.0
B000015,C036,L036-03,Malwapur Cantt,6.25,94.61,2026-09-28 02:00:00,2026-09-28 05:00:00,180,CORRIDOR_BLOCK,AVAILABLE,TRACK_ISOLATION_REQUIRED;OHE_ISOLATION_REQUIRED;SIGNAL_ISOLATION_REQUIRED,TRACK_DOWN;OHE;SIGNALLING,ALL,Engineering;Signal;Traction,7,6786.32,HIGH,180.0,0.0,2026-09-28,"{'Signal', 'Traction', 'Engineering'}","{'TRACK', 'OHE', 'SIGNAL'}",1.2877800000000001,5,0.676,0.0,0.0
B000016,C036,L036-03,Malwapur Cantt,15.7,85.16,2026-09-28 00:30:00,2026-09-28 04:30:00,240,CORRIDOR_BLOCK,AVAILABLE,TRACK_ISOLATION_REQUIRED;OHE_ISOLATION_REQUIRED;SIGNAL_ISOLATION_REQUIRED,TRACK_BOTH;OHE;SIGNALLING,ALL,Engineering;Signal;Traction,5,8208.96,HIGH,240.0,0.0,2026-09-28,"{'Signal', 'Traction', 'Engineering'}","{'TRACK', 'OHE', 'SIGNAL'}",1.7170400000000001,5,0.676,0.0,0.0
B000017,C044,L044-04,Dhanugunj,29.71,61.1,2026-09-17 01:30:00,2026-09-17 05:30:00,240,CORRIDOR_BLOCK,AVAILABLE,TRACK_ISOLATION_REQUIRED;OHE_ISOLATION_REQUIRED;SIGNAL_ISOLATION_REQUIRED;LIMITED_ACCESS,TRACK_BOTH;OHE;SIGNALLING,ALL,Engineering;Signal;Traction,4,7890.72,MEDIUM,240.0,0.0,2026-09-17,"{'Signal', 'Traction', 'Engineering'}","{'TRACK', 'OHE', 'SIGNAL'}",1.0339466666666666,4,0.406,0.0,0.0
B000018,C044,L044-04,Dhanugunj,14.08,61.1,2026-10-12 00:30:00,2026-10-12 04:30:00,240,CORRIDOR_BLOCK,AVAILABLE,TRACK_ISOLATION_REQUIRED;OHE_ISOLATION_REQUIRED;SIGNAL_ISOLATION_REQUIRED;LIMITED_ACCESS,TRACK_BOTH;OHE;SIGNALLING,ALL,Engineering;Signal;Traction,5,7231.75,MEDIUM,240.0,0.0,2026-10-12,"{'Signal', 'Traction', 'Engineering'}","{'TRACK', 'OHE', 'SIGNAL'}",1.0691199999999998,4,0.52,0.0,0.0
B000019,C046,L046-03,Haldikheda Jn,60.4,104.7,2026-10-12 02:00:00,2026-10-12 06:00:00,240,CORRIDOR_BLOCK,AVAILABLE,TRACK_ISOLATION_REQUIRED;OHE_ISOLATION_REQUIRED;SIGNAL_ISOLATION_REQUIRED;NIGHT_ONLY,TRACK_BOTH;OHE;SIGNALLING,ALL,Engineering;Signal;Traction,4,6687.89,LOW,240.0,0.0,2026-10-12,"{'Signal', 'Traction', 'Engineering'}","{'TRACK', 'OHE', 'SIGNAL'}",0.35536799999999996,3,0.201,0.0,0.0
B000020,C046,L046-03,Haldikheda Jn,53.49,111.61,2026-09-04 01:30:00,2026-09-04 04:30:00,180,CORRIDOR_BLOCK,AVAILABLE,TRACK_ISOLATION_REQUIRED;OHE_ISOLATION_REQUIRED;SIGNAL_ISOLATION_REQUIRED,TRACK_BOTH;OHE;SIGNALLING,ALL,Engineering;Signal;Traction,6,5493.16,LOW,180.0,0.0,2026-09-04,"{'Signal', 'Traction', 'Engineering'}","{'TRACK', 'OHE', 'SIGNAL'}",0.498753,3,0.367,0.0,0.0
B000021,C047,L047-02,Ashokganj Jn,0.0,87.54,2026-10-07 00:30:00,2026-10-07 03:30:00,180,CORRIDOR_BLOCK,AVAILABLE,TRACK_ISOLATION_REQUIRED;OHE_ISOLATION_REQUIRED;SIGNAL_ISOLATION_REQUIRED,TRACK_BOTH;OHE;SIGNALLING,ALL,Engineering;Signal;Traction,7,6313.36,MEDIUM,180.0,0.0,2026-10-07,"{'Signal', 'Traction', 'Engineering'}","{'TRACK', 'OHE', 'SIGNAL'}",1.2129599999999998,4,0.722,0.0,0.0
B000022,C047,L047-02,Ashokganj Jn,14.65,53.41,2026-09-10 01:30:00,2026-09-10 04:30:00,180,CORRIDOR_BLOCK,AVAILABLE,TRACK_ISOLATION_REQUIRED;OHE_ISOLATION_REQUIRED;SIGNAL_ISOLATION_REQUIRED,TRACK_DOWN;OHE;SIGNALLING,ALL,Engineering;Signal;Traction,7,6461.52,MEDIUM,180.0,0.0,2026-09-10,"{'Signal', 'Traction', 'Engineering'}","{'TRACK', 'OHE', 'SIGNAL'}",3.8368349999999998,10,0.879,0.0,0.0
B000023,C048,L048-03,Taranagar Cantt,35.05,71.33,2026-10-09 01:00:00,2026-10-09 05:00:00,240,CORRIDOR_BLOCK,AVAILABLE,TRACK_ISOLATION_REQUIRED;OHE_ISOLATION_REQUIRED;SIGNAL_ISOLATION_REQUIRED;LIMITED_ACCESS,TRACK_BOTH;OHE;SIGNALLING,ALL,Engineering;Signal;Traction,6,7274.61,MEDIUM,240.0,0.0,2026-10-09,"{'Signal', 'Traction', 'Engineering'}","{'TRACK', 'OHE', 'SIGNAL'}",1.2281333333333333,5,0.488,0.0,0.0
B000024,C048,L048-03,Taranagar Cantt,13.21,93.17,2026-09-16 00:30:00,2026-09-16 04:30:00,240,CORRIDOR_BLOCK,PROVISIONAL,TRACK_ISOLATION_REQUIRED;OHE_ISOLATION_REQUIRED;SIGNAL_ISOLATION_REQUIRED,TRACK_UP;OHE;SIGNALLING,ALL,Engineering;Signal;Traction,6,7718.16,MEDIUM,240.0,0.0,2026-09-16,"{'Signal', 'Traction', 'Engineering'}","{'TRACK', 'OHE', 'SIGNAL'}",0.5598413333333334,2,0.539,0.0,0.0
B000025,C049,L049-07,Vindhyaganj Jn,176.35,200.51,2026-10-04 00:30:00,2026-10-04 04:30:00,240,CORRIDOR_BLOCK,AVAILABLE,TRACK_ISOLATION_REQUIRED;OHE_ISOLATION_REQUIRED;SIGNAL_ISOLATION_REQUIRED,TRACK_UP;OHE;SIGNALLING,ALL,Engineering;Signal;Traction,7,8520.9,MEDIUM,240.0,0.0,2026-10-04,"{'Signal', 'Traction', 'Engineering'}","{'TRACK', 'OHE', 'SIGNAL'}",1.45912,5,0.552,0.0,0.0
B000026,C049,L049-07,Vindhyaganj Jn,167.76,209.1,2026-10-06 01:00:00,2026-10-06 04:00:00,180,CORRIDOR_BLOCK,PROVISIONAL,TRACK_ISOLATION_REQUIRED;OHE_ISOLATION_REQUIRED;SIGNAL_ISOLATION_REQUIRED,TRACK_DOWN;OHE;SIGNALLING,ALL,Engineering;Signal;Traction,6,7002.94,MEDIUM,180.0,0.0,2026-10-06,"{'Signal', 'Traction', 'Engineering'}","{'TRACK', 'OHE', 'SIGNAL'}",2.357488,7,0.776,0.0,0.0
B000027,C053,L053-06,Palanipalli,175.7,251.3,2026-09-13 02:00:00,2026-09-13 06:00:00,240,CORRIDOR_BLOCK,AVAILABLE,TRACK_ISOLATION_REQUIRED;OHE_ISOLATION_REQUIRED;SIGNAL_ISOLATION_REQUIRED;NIGHT_ONLY,TRACK_BOTH;OHE;SIGNALLING,ALL,Engineering;Signal;Traction,7,6714.0,LOW,240.0,0.0,2026-09-13,"{'Signal', 'Traction', 'Engineering'}","{'TRACK', 'OHE', 'SIGNAL'}",0.6817566666666666,5,0.227,0.0,0.0
B000028,C053,L053-06,Palanipalli,189.81,251.3,2026-09-28 01:30:00,2026-09-28 05:30:00,240,CORRIDOR_BLOCK,AVAILABLE,TRACK_ISOLATION_REQUIRED;OHE_ISOLATION_REQUIRED;SIGNAL_ISOLATION_REQUIRED;LIMITED_ACCESS;NIGHT_ONLY,TRACK_UP;OHE;SIGNALLING,ALL,Engineering;Signal;Traction,6,6635.54,LOW,240.0,0.0,2026-09-28,"{'Signal', 'Traction', 'Engineering'}","{'TRACK', 'OHE', 'SIGNAL'}",0.260144,2,0.213,0.0,0.0
B000029,C057,L057-02,Gangakheda Cantt,38.79,81.69,2026-09-17 02:00:00,2026-09-17 05:00:00,180,CORRIDOR_BLOCK,AVAILABLE,TRACK_ISOLATION_REQUIRED;OHE_ISOLATION_REQUIRED;SIGNAL_ISOLATION_REQUIRED,TRACK_DOWN;OHE;SIGNALLING,ALL,Engineering;Signal;Traction,7,5791.96,MEDIUM,180.0,0.0,2026-09-17,"{'Signal', 'Traction', 'Engineering'}","{'TRACK', 'OHE', 'SIGNAL'}",1.024556,4,0.646,0.0,0.0
B000030,C057,L057-02,Gangakheda Cantt,40.5,79.98,2026-09-04 02:00:00,2026-09-04 06:00:00,240,CORRIDOR_BLOCK,PROVISIONAL,TRACK_ISOLATION_REQUIRED;OHE_ISOLATION_REQUIRED;SIGNAL_ISOLATION_REQUIRED;LIMITED_ACCESS;NIGHT_ONLY,TRACK_DOWN;OHE;SIGNALLING,ALL,Engineering;Signal;Traction,6,7784.69,MEDIUM,240.0,0.0,2026-09-04,"{'Signal', 'Traction', 'Engineering'}","{'TRACK', 'OHE', 'SIGNAL'}",3.86322,9,0.67,0.0,0.0
B000031,C058,L058-11,Bharatpur Cantt,23.17,46.9,2026-09-19 01:30:00,2026-09-19 05:30:00,240,CORRIDOR_BLOCK,AVAILABLE,TRACK_ISOLATION_REQUIRED;OHE_ISOLATION_REQUIRED;SIGNAL_ISOLATION_REQUIRED;NIGHT_ONLY,TRACK_BOTH;OHE;SIGNALLING,ALL,Engineering;Signal;Traction,7,6718.66,MEDIUM,240.0,0.0,2026-09-19,"{'Signal', 'Traction', 'Engineering'}","{'TRACK', 'OHE', 'SIGNAL'}",0.368256,3,0.224,0.0,0.0
B000032,C058,L058-11,Bharatpur Cantt,24.55,46.9,2026-09-02 02:00:00,2026-09-02 06:00:00,240,CORRIDOR_BLOCK,AVAILABLE,TRACK_ISOLATION_REQUIRED;OHE_ISOLATION_REQUIRED;SIGNAL_ISOLATION_REQUIRED;LIMITED_ACCESS;NIGHT_ONLY,TRACK_UP;OHE;SIGNALLING,ALL,Engineering;Signal;Traction,5,6233.91,MEDIUM,240.0,0.0,2026-09-02,"{'Signal', 'Traction', 'Engineering'}","{'TRACK', 'OHE', 'SIGNAL'}",0.0,0,0.244,0.0,0.0
B000033,C060,L060-03,Rohtakpur,16.45,121.11,2026-09-19 01:00:00,2026-09-19 05:00:00,240,CORRIDOR_BLOCK,AVAILABLE,TRACK_ISOLATION_REQUIRED;OHE_ISOLATION_REQUIRED;SIGNAL_ISOLATION_REQUIRED,TRACK_DOWN;OHE;SIGNALLING,ALL,Engineering;Signal;Traction,4,9329.28,HIGH,240.0,0.0,2026-09-19,"{'Signal', 'Traction', 'Engineering'}","{'TRACK', 'OHE', 'SIGNAL'}",0.70044,3,0.39,0.0,0.0
B000035,C062,L062-06,Ambahalli Cantt,299.2,400.2,2026-09-25 01:00:00,2026-09-25 04:00:00,180,CORRIDOR_BLOCK,AVAILABLE,TRACK_ISOLATION_REQUIRED;OHE_ISOLATION_REQUIRED;SIGNAL_ISOLATION_REQUIRED,TRACK_BOTH;OHE;SIGNALLING,ALL,Engineering;Signal;Traction,5,5312.69,MEDIUM,180.0,0.0,2026-09-25,"{'Signal', 'Traction', 'Engineering'}","{'TRACK', 'OHE', 'SIGNAL'}",2.9868,10,0.76,0.0,0.0
B000036,C062,L062-06,Ambahalli Cantt,328.41,370.99,2026-09-28 02:00:00,2026-09-28 06:00:00,240,CORRIDOR_BLOCK,AVAILABLE,TRACK_ISOLATION_REQUIRED;OHE_ISOLATION_REQUIRED;SIGNAL_ISOLATION_REQUIRED,TRACK_UP;OHE;SIGNALLING,ALL,Engineering;Signal;Traction,7,6859.68,MEDIUM,240.0,0.0,2026-09-28,"{'Signal', 'Traction', 'Engineering'}","{'TRACK', 'OHE', 'SIGNAL'}",3.386426666666666,10,0.604,0.0,0.0
B000037,C066,L066-05,Indragunj Road,48.81,88.67,2026-09-09 02:00:00,2026-09-09 06:00:00,240,CORRIDOR_BLOCK,AVAILABLE,TRACK_ISOLATION_REQUIRED;OHE_ISOLATION_REQUIRED;SIGNAL_ISOLATION_REQUIRED,TRACK_UP;OHE;SIGNALLING,ALL,Engineering;Signal;Traction,5,9403.55,MEDIUM,240.0,0.0,2026-09-09,"{'Signal', 'Traction', 'Engineering'}","{'TRACK', 'OHE', 'SIGNAL'}",2.145616,6,0.668,0.0,0.0
B000039,C069,L069-11,Kaverinagar,280.95,383.7,2026-10-06 02:00:00,2026-10-06 05:00:00,180,CORRIDOR_BLOCK,AVAILABLE,TRACK_ISOLATION_REQUIRED;OHE_ISOLATION_REQUIRED;SIGNAL_ISOLATION_REQUIRED,TRACK_UP;OHE;SIGNALLING,ALL,Engineering;Signal;Traction,4,7167.65,HIGH,180.0,0.0,2026-10-06,"{'Signal', 'Traction', 'Engineering'}","{'TRACK', 'OHE', 'SIGNAL'}",6.685,14,1.0,0.0,0.0
B000041,C071,L071-03,Devgarhabad,0.0,83.91,2026-10-10 01:00:00,2026-10-10 05:00:00,240,CORRIDOR_BLOCK,AVAILABLE,TRACK_ISOLATION_REQUIRED;OHE_ISOLATION_REQUIRED;SIGNAL_ISOLATION_REQUIRED;LIMITED_ACCESS;NIGHT_ONLY,TRACK_UP;OHE;SIGNALLING,ALL,Engineering;Signal;Traction,4,9406.42,HIGH,240.0,0.0,2026-10-10,"{'Signal', 'Traction', 'Engineering'}","{'TRACK', 'OHE', 'SIGNAL'}",3.36525,9,0.641,0.0,0.0
B000042,C071,L071-03,Devgarhabad,0.0,95.84,2026-10-04 02:00:00,2026-10-04 06:00:00,240,CORRIDOR_BLOCK,AVAILABLE,TRACK_ISOLATION_REQUIRED;OHE_ISOLATION_REQUIRED;SIGNAL_ISOLATION_REQUIRED,TRACK_UP;OHE;SIGNALLING,ALL,Engineering;Signal;Traction,6,9407.3,HIGH,240.0,0.0,2026-10-04,"{'Signal', 'Traction', 'Engineering'}","{'TRACK', 'OHE', 'SIGNAL'}",3.04512,8,0.72,0.0,0.0
B000043,C080,L080-06,Ambapur,283.48,348.9,2026-09-24 01:00:00,2026-09-24 04:00:00,180,CORRIDOR_BLOCK,AVAILABLE,TRACK_ISOLATION_REQUIRED;OHE_ISOLATION_REQUIRED;SIGNAL_ISOLATION_REQUIRED,TRACK_UP;OHE;SIGNALLING,ALL,Engineering;Signal;Traction,7,5799.16,LOW,180.0,0.0,2026-09-24,"{'Signal', 'Traction', 'Engineering'}","{'TRACK', 'OHE', 'SIGNAL'}",0.0,0,0.17,0.0,0.0
B000045,C081,L081-05,Palanipalli,261.21,285.2,2026-09-10 01:00:00,2026-09-10 05:00:00,240,CORRIDOR_BLOCK,PROVISIONAL,TRACK_ISOLATION_REQUIRED;OHE_ISOLATION_REQUIRED;SIGNAL_ISOLATION_REQUIRED;LIMITED_ACCESS,TRACK_DOWN;OHE;SIGNALLING,ALL,Engineering;Signal;Traction,7,7620.39,MEDIUM,240.0,0.0,2026-09-10,"{'Signal', 'Traction', 'Engineering'}","{'TRACK', 'OHE', 'SIGNAL'}",6.72415,15,0.905,0.0,0.0
B000046,C081,L081-05,Palanipalli,235.84,285.2,2026-09-28 02:00:00,2026-09-28 06:00:00,240,CORRIDOR_BLOCK,AVAILABLE,TRACK_ISOLATION_REQUIRED;OHE_ISOLATION_REQUIRED;SIGNAL_ISOLATION_REQUIRED;NIGHT_ONLY,TRACK_DOWN;OHE;SIGNALLING,ALL,Engineering;Signal;Traction,6,8110.34,MEDIUM,240.0,0.0,2026-09-28,"{'Signal', 'Traction', 'Engineering'}","{'TRACK', 'OHE', 'SIGNAL'}",6.673333333333333,11,1.0,0.0,0.0
B000047,C082,L082-01,Kaverikheda,49.79,118.57,2026-09-13 02:00:00,2026-09-13 05:00:00,180,CORRIDOR_BLOCK,AVAILABLE,TRACK_ISOLATION_REQUIRED;OHE_ISOLATION_REQUIRED;SIGNAL_ISOLATION_REQUIRED;NIGHT_ONLY,TRACK_BOTH;OHE;SIGNALLING,ALL,Engineering;Signal;Traction,5,6640.7,MEDIUM,180.0,0.0,2026-09-13,"{'Signal', 'Traction', 'Engineering'}","{'TRACK', 'OHE', 'SIGNAL'}",2.7874000000000003,10,0.616,0.0,0.0
B000048,C082,L082-01,Kaverikheda,54.13,114.23,2026-10-09 00:30:00,2026-10-09 03:30:00,180,CORRIDOR_BLOCK,AVAILABLE,TRACK_ISOLATION_REQUIRED;OHE_ISOLATION_REQUIRED;SIGNAL_ISOLATION_REQUIRED;NIGHT_ONLY,TRACK_BOTH;OHE;SIGNALLING,ALL,Engineering;Signal;Traction,5,5538.36,MEDIUM,180.0,0.0,2026-10-09,"{'Signal', 'Traction', 'Engineering'}","{'TRACK', 'OHE', 'SIGNAL'}",3.72526,11,0.826,0.0,0.0
B000049,C083,L083-08,Sundarhalli,271.61,369.7,2026-10-01 00:30:00,2026-10-01 03:30:00,180,CORRIDOR_BLOCK,PROVISIONAL,TRACK_ISOLATION_REQUIRED;OHE_ISOLATION_REQUIRED;SIGNAL_ISOLATION_REQUIRED,TRACK_BOTH;OHE;SIGNALLING,ALL,Engineering;Signal;Traction,4,3968.33,LOW,180.0,0.0,2026-10-01,"{'Signal', 'Traction', 'Engineering'}","{'TRACK', 'OHE', 'SIGNAL'}",0.0,0,0.453,0.0,0.0
B000050,C083,L083-08,Sundarhalli,276.43,367.39,2026-09-15 01:30:00,2026-09-15 04:30:00,180,CORRIDOR_BLOCK,AVAILABLE,TRACK_ISOLATION_REQUIRED;OHE_ISOLATION_REQUIRED;SIGNAL_ISOLATION_REQUIRED,TRACK_BOTH;OHE;SIGNALLING,ALL,Engineering;Signal;Traction,4,4990.89,LOW,180.0,0.0,2026-09-15,"{'Signal', 'Traction', 'Engineering'}","{'TRACK', 'OHE', 'SIGNAL'}",0.525918,3,0.412,0.0,0.0
B000051,C084,L084-09,Bharatkheda Jn,134.46,235.76,2026-09-12 00:30:00,2026-09-12 04:30:00,240,CORRIDOR_BLOCK,AVAILABLE,TRACK_ISOLATION_REQUIRED;OHE_ISOLATION_REQUIRED;SIGNAL_ISOLATION_REQUIRED;LIMITED_ACCESS,TRACK_UP;OHE;SIGNALLING,ALL,Engineering;Signal;Traction,5,10567.98,HIGH,240.0,0.0,2026-09-12,"{'Signal', 'Traction', 'Engineering'}","{'TRACK', 'OHE', 'SIGNAL'}",1.7947799999999998,6,0.507,0.0,0.0
B000052,C084,L084-09,Bharatkheda Jn,154.22,216.0,2026-10-11 02:00:00,2026-10-11 06:00:00,240,CORRIDOR_BLOCK,AVAILABLE,TRACK_ISOLATION_REQUIRED;OHE_ISOLATION_REQUIRED;SIGNAL_ISOLATION_REQUIRED;NIGHT_ONLY,TRACK_DOWN;OHE;SIGNALLING,ALL,Engineering;Signal;Traction,6,11001.12,HIGH,240.0,0.0,2026-10-11,"{'Signal', 'Traction', 'Engineering'}","{'TRACK', 'OHE', 'SIGNAL'}",0.8454506666666666,2,0.676,0.0,0.0
B000053,C089,L089-05,Chitrapalli Road,242.85,273.93,2026-10-10 00:30:00,2026-10-10 04:30:00,240,CORRIDOR_BLOCK,AVAILABLE,TRACK_ISOLATION_REQUIRED;OHE_ISOLATION_REQUIRED;SIGNAL_ISOLATION_REQUIRED,TRACK_BOTH;OHE;SIGNALLING,ALL,Engineering;Signal;Traction,7,10886.31,HIGH,240.0,0.0,2026-10-10,"{'Signal', 'Traction', 'Engineering'}","{'TRACK', 'OHE', 'SIGNAL'}",3.515184,8,0.711,0.0,0.0
B000054,C089,L089-05,Chitrapalli Road,246.1,270.68,2026-09-28 01:30:00,2026-09-28 04:30:00,180,CORRIDOR_BLOCK,AVAILABLE,TRACK_ISOLATION_REQUIRED;OHE_ISOLATION_REQUIRED;SIGNAL_ISOLATION_REQUIRED,TRACK_DOWN;OHE;SIGNALLING,ALL,Engineering;Signal;Traction,4,8667.39,HIGH,180.0,0.0,2026-09-28,"{'Signal', 'Traction', 'Engineering'}","{'TRACK', 'OHE', 'SIGNAL'}",3.935,10,1.0,0.0,0.0
B000055,C090,L090-02,Malwakot Road,42.5,143.1,2026-09-17 00:30:00,2026-09-17 03:30:00,180,CORRIDOR_BLOCK,AVAILABLE,TRACK_ISOLATION_REQUIRED;OHE_ISOLATION_REQUIRED;SIGNAL_ISOLATION_REQUIRED,TRACK_BOTH;OHE;SIGNALLING,ALL,Engineering;Signal;Traction,4,4357.04,MEDIUM,180.0,0.0,2026-09-17,"{'Signal', 'Traction', 'Engineering'}","{'TRACK', 'OHE', 'SIGNAL'}",1.26054,6,0.47,0.0,0.0
B000056,C090,L090-02,Malwakot Road,58.05,127.55,2026-09-16 01:00:00,2026-09-16 04:00:00,180,CORRIDOR_BLOCK,AVAILABLE,TRACK_ISOLATION_REQUIRED;OHE_ISOLATION_REQUIRED;SIGNAL_ISOLATION_REQUIRED;LIMITED_ACCESS;NIGHT_ONLY,TRACK_DOWN;OHE;SIGNALLING,ALL,Engineering;Signal;Traction,5,4611.76,MEDIUM,180.0,0.0,2026-09-16,"{'Signal', 'Traction', 'Engineering'}","{'TRACK', 'OHE', 'SIGNAL'}",0.732052,4,0.394,0.0,0.0
B000057,C091,L091-11,Satpurapalli Cantt,29.44,79.7,2026-09-05 00:30:00,2026-09-05 04:30:00,240,CORRIDOR_BLOCK,PROVISIONAL,TRACK_ISOLATION_REQUIRED;OHE_ISOLATION_REQUIRED;SIGNAL_ISOLATION_REQUIRED,TRACK_BOTH;OHE;SIGNALLING,ALL,Engineering;Signal;Traction,4,10982.89,HIGH,240.0,0.0,2026-09-05,"{'Signal', 'Traction', 'Engineering'}","{'TRACK', 'OHE', 'SIGNAL'}",2.19876,5,0.753,1.0,2.0
B000058,C091,L091-11,Satpurapalli Cantt,48.7,79.7,2026-09-01 02:00:00,2026-09-01 06:00:00,240,CORRIDOR_BLOCK,PROVISIONAL,TRACK_ISOLATION_REQUIRED;OHE_ISOLATION_REQUIRED;SIGNAL_ISOLATION_REQUIRED,TRACK_UP;OHE;SIGNALLING,ALL,Engineering;Signal;Traction,5,11420.38,HIGH,240.0,0.0,2026-09-01,"{'Signal', 'Traction', 'Engineering'}","{'TRACK', 'OHE', 'SIGNAL'}",7.1066666666666665,13,1.0,0.0,0.0
B000059,C092,L092-03,Dhanugarh,3.19,66.55,2026-09-19 01:30:00,2026-09-19 04:30:00,180,CORRIDOR_BLOCK,AVAILABLE,TRACK_ISOLATION_REQUIRED;OHE_ISOLATION_REQUIRED;SIGNAL_ISOLATION_REQUIRED,TRACK_BOTH;OHE;SIGNALLING,ALL,Engineering;Signal;Traction,7,5958.34,MEDIUM,180.0,0.0,2026-09-19,"{'Signal', 'Traction', 'Engineering'}","{'TRACK', 'OHE', 'SIGNAL'}",0.087615,1,0.198,0.0,0.0
B000060,C092,L092-03,Dhanugarh,10.61,59.13,2026-09-15 02:00:00,2026-09-15 06:00:00,240,CORRIDOR_BLOCK,AVAILABLE,TRACK_ISOLATION_REQUIRED;OHE_ISOLATION_REQUIRED;SIGNAL_ISOLATION_REQUIRED,TRACK_UP;OHE;SIGNALLING,ALL,Engineering;Signal;Traction,6,6964.68,MEDIUM,240.0,0.0,2026-09-15,"{'Signal', 'Traction', 'Engineering'}","{'TRACK', 'OHE', 'SIGNAL'}",0.20900266666666667,2,0.194,0.0,0.0
B000061,C094,L094-07,Ashokhalli Jn,138.55,179.71,2026-10-04 01:30:00,2026-10-04 05:30:00,240,CORRIDOR_BLOCK,AVAILABLE,TRACK_ISOLATION_REQUIRED;OHE_ISOLATION_REQUIRED;SIGNAL_ISOLATION_REQUIRED,TRACK_DOWN;OHE;SIGNALLING,ALL,Engineering;Signal;Traction,5,7901.08,MEDIUM,240.0,0.0,2026-10-04,"{'Signal', 'Traction', 'Engineering'}","{'TRACK', 'OHE', 'SIGNAL'}",0.07190999999999999,1,0.141,0.0,0.0
B000062,C094,L094-07,Ashokhalli Jn,112.32,205.94,2026-09-10 00:30:00,2026-09-10 03:30:00,180,CORRIDOR_BLOCK,AVAILABLE,TRACK_ISOLATION_REQUIRED;OHE_ISOLATION_REQUIRED;SIGNAL_ISOLATION_REQUIRED;LIMITED_ACCESS;NIGHT_ONLY,TRACK_UP;OHE;SIGNALLING,ALL,Engineering;Signal;Traction,4,6006.55,MEDIUM,180.0,0.0,2026-09-10,"{'Signal', 'Traction', 'Engineering'}","{'TRACK', 'OHE', 'SIGNAL'}",0.172176,1,0.408,0.0,0.0
B000064,C095,L095-05,Chandrapalli Jn,70.28,151.12,2026-10-10 01:30:00,2026-10-10 05:30:00,240,CORRIDOR_BLOCK,AVAILABLE,TRACK_ISOLATION_REQUIRED;OHE_ISOLATION_REQUIRED;SIGNAL_ISOLATION_REQUIRED;LIMITED_ACCESS,TRACK_BOTH;OHE;SIGNALLING,ALL,Engineering;Signal;Traction,4,7988.47,MEDIUM,240.0,0.0,2026-10-10,"{'Signal', 'Traction', 'Engineering'}","{'TRACK', 'OHE', 'SIGNAL'}",0.4649666666666666,2,0.481,0.0,0.0
B000066,C099,L099-02,Gangaganj Jn,0.0,61.33,2026-09-04 00:30:00,2026-09-04 04:30:00,240,CORRIDOR_BLOCK,AVAILABLE,TRACK_ISOLATION_REQUIRED;OHE_ISOLATION_REQUIRED;SIGNAL_ISOLATION_REQUIRED;NIGHT_ONLY,TRACK_BOTH;OHE;SIGNALLING,ALL,Engineering;Signal;Traction,7,10359.78,HIGH,240.0,0.0,2026-09-04,"{'Signal', 'Traction', 'Engineering'}","{'TRACK', 'OHE', 'SIGNAL'}",7.787178666666667,16,0.976,1.0,2.0
B000067,C102,L102-01,Pushkargarh Jn,0.0,55.54,2026-09-14 00:30:00,2026-09-14 03:30:00,180,CORRIDOR_BLOCK,AVAILABLE,TRACK_ISOLATION_REQUIRED;OHE_ISOLATION_REQUIRED;SIGNAL_ISOLATION_REQUIRED,TRACK_DOWN;OHE;SIGNALLING,ALL,Engineering;Signal;Traction,4,6515.06,MEDIUM,180.0,0.0,2026-09-14,"{'Signal', 'Traction', 'Engineering'}","{'TRACK', 'OHE', 'SIGNAL'}",0.527472,3,0.396,0.0,0.0
B000068,C102,L102-01,Pushkargarh Jn,0.0,43.34,2026-10-07 02:00:00,2026-10-07 06:00:00,240,CORRIDOR_BLOCK,AVAILABLE,TRACK_ISOLATION_REQUIRED;OHE_ISOLATION_REQUIRED;SIGNAL_ISOLATION_REQUIRED,TRACK_DOWN;OHE;SIGNALLING,ALL,Engineering;Signal;Traction,6,7938.93,MEDIUM,240.0,0.0,2026-10-07,"{'Signal', 'Traction', 'Engineering'}","{'TRACK', 'OHE', 'SIGNAL'}",1.5707466666666665,5,0.598,0.0,0.0
B000069,C107,L107-01,Malwagunj Jn,206.35,273.89,2026-09-01 02:00:00,2026-09-01 05:00:00,180,CORRIDOR_BLOCK,AVAILABLE,TRACK_ISOLATION_REQUIRED;OHE_ISOLATION_REQUIRED;SIGNAL_ISOLATION_REQUIRED;NIGHT_ONLY,TRACK_DOWN;OHE;SIGNALLING,ALL,Engineering;Signal;Traction,4,5937.12,MEDIUM,180.0,0.0,2026-09-01,"{'Signal', 'Traction', 'Engineering'}","{'TRACK', 'OHE', 'SIGNAL'}",0.6333179999999999,3,0.476,0.0,0.0
B000070,C107,L107-01,Malwagunj Jn,210.55,269.69,2026-09-26 00:30:00,2026-09-26 03:30:00,180,CORRIDOR_BLOCK,AVAILABLE,TRACK_ISOLATION_REQUIRED;OHE_ISOLATION_REQUIRED;SIGNAL_ISOLATION_REQUIRED;NIGHT_ONLY,TRACK_UP;OHE;SIGNALLING,ALL,Engineering;Signal;Traction,4,5673.25,MEDIUM,180.0,0.0,2026-09-26,"{'Signal', 'Traction', 'Engineering'}","{'TRACK', 'OHE', 'SIGNAL'}",0.26279199999999997,2,0.307,0.0,0.0
B000071,C108,L108-02,Charangunj Cantt,112.3,192.28,2026-10-15 01:00:00,2026-10-15 04:00:00,180,CORRIDOR_BLOCK,AVAILABLE,TRACK_ISOLATION_REQUIRED;OHE_ISOLATION_REQUIRED;SIGNAL_ISOLATION_REQUIRED,TRACK_UP;OHE;SIGNALLING,ALL,Engineering;Signal;Traction,6,5424.53,MEDIUM,180.0,0.0,2026-10-15,"{'Signal', 'Traction', 'Engineering'}","{'TRACK', 'OHE', 'SIGNAL'}",0.084411,1,0.249,0.0,0.0
B000072,C108,L108-02,Charangunj Cantt,125.64,178.94,2026-10-08 00:30:00,2026-10-08 04:30:00,240,CORRIDOR_BLOCK,AVAILABLE,TRACK_ISOLATION_REQUIRED;OHE_ISOLATION_REQUIRED;SIGNAL_ISOLATION_REQUIRED;LIMITED_ACCESS,TRACK_UP;OHE;SIGNALLING,ALL,Engineering;Signal;Traction,5,7680.5,MEDIUM,240.0,0.0,2026-10-08,"{'Signal', 'Traction', 'Engineering'}","{'TRACK', 'OHE', 'SIGNAL'}",0.0,0,0.245,0.0,0.0
B000073,C113,L113-05,Krishnaabad,99.92,186.08,2026-09-24 02:00:00,2026-09-24 05:00:00,180,CORRIDOR_BLOCK,AVAILABLE,TRACK_ISOLATION_REQUIRED;OHE_ISOLATION_REQUIRED;SIGNAL_ISOLATION_REQUIRED,TRACK_DOWN;OHE;SIGNALLING,ALL,Engineering;Signal;Traction,5,5814.57,MEDIUM,180.0,0.0,2026-09-24,"{'Signal', 'Traction', 'Engineering'}","{'TRACK', 'OHE', 'SIGNAL'}",1.8706349999999998,6,0.689,0.0,0.0
B000074,C113,L113-05,Krishnaabad,97.72,188.28,2026-09-08 00:30:00,2026-09-08 04:30:00,240,CORRIDOR_BLOCK,AVAILABLE,TRACK_ISOLATION_REQUIRED;OHE_ISOLATION_REQUIRED;SIGNAL_ISOLATION_REQUIRED,TRACK_BOTH;OHE;SIGNALLING,ALL,Engineering;Signal;Traction,4,8357.89,MEDIUM,240.0,0.0,2026-09-08,"{'Signal', 'Traction', 'Engineering'}","{'TRACK', 'OHE', 'SIGNAL'}",2.7983999999999996,8,0.636,0.0,0.0
B000075,C115,L115-07,Omkargarh,190.22,292.5,2026-10-13 01:30:00,2026-10-13 05:30:00,240,CORRIDOR_BLOCK,AVAILABLE,TRACK_ISOLATION_REQUIRED;OHE_ISOLATION_REQUIRED;SIGNAL_ISOLATION_REQUIRED;NIGHT_ONLY,TRACK_DOWN;OHE;SIGNALLING,ALL,Engineering;Signal;Traction,6,7763.47,HIGH,240.0,0.0,2026-10-13,"{'Signal', 'Traction', 'Engineering'}","{'TRACK', 'OHE', 'SIGNAL'}",1.6907519999999998,4,0.714,0.0,0.0
B000076,C115,L115-07,Omkargarh,196.62,286.1,2026-10-10 02:00:00,2026-10-10 06:00:00,240,CORRIDOR_BLOCK,AVAILABLE,TRACK_ISOLATION_REQUIRED;OHE_ISOLATION_REQUIRED;SIGNAL_ISOLATION_REQUIRED,TRACK_BOTH;OHE;SIGNALLING,ALL,Engineering;Signal;Traction,7,7894.43,HIGH,240.0,0.0,2026-10-10,"{'Signal', 'Traction', 'Engineering'}","{'TRACK', 'OHE', 'SIGNAL'}",1.5238800000000001,5,0.612,0.0,0.0
B000077,C117,L117-02,Haldinagar,0.0,27.4,2026-10-08 00:30:00,2026-10-08 03:30:00,180,CORRIDOR_BLOCK,PROVISIONAL,TRACK_ISOLATION_REQUIRED;OHE_ISOLATION_REQUIRED;SIGNAL_ISOLATION_REQUIRED;NIGHT_ONLY,TRACK_DOWN;OHE;SIGNALLING,ALL,Engineering;Signal;Traction,7,4588.65,LOW,180.0,0.0,2026-10-08,"{'Signal', 'Traction', 'Engineering'}","{'TRACK', 'OHE', 'SIGNAL'}",0.35979200000000006,2,0.398,0.0,0.0
B000078,C117,L117-02,Haldinagar,0.0,27.4,2026-09-05 02:00:00,2026-09-05 06:00:00,240,CORRIDOR_BLOCK,PROVISIONAL,TRACK_ISOLATION_REQUIRED;OHE_ISOLATION_REQUIRED;SIGNAL_ISOLATION_REQUIRED;NIGHT_ONLY,TRACK_UP;OHE;SIGNALLING,ALL,Engineering;Signal;Traction,4,5771.41,LOW,240.0,0.0,2026-09-05,"{'Signal', 'Traction', 'Engineering'}","{'TRACK', 'OHE', 'SIGNAL'}",0.25884999999999997,3,0.155,0.0,0.0
B000080,C122,L122-04,Omkargunj Road,25.36,92.24,2026-09-09 02:00:00,2026-09-09 05:00:00,180,CORRIDOR_BLOCK,AVAILABLE,TRACK_ISOLATION_REQUIRED;OHE_ISOLATION_REQUIRED;SIGNAL_ISOLATION_REQUIRED,TRACK_UP;OHE;SIGNALLING,ALL,Engineering;Signal;Traction,5,6697.32,MEDIUM,180.0,0.0,2026-09-09,"{'Signal', 'Traction', 'Engineering'}","{'TRACK', 'OHE', 'SIGNAL'}",1.1650274999999999,5,0.569,0.0,0.0
B000082,C123,L123-02,Kaverikot Cantt,0.0,40.28,2026-09-04 01:00:00,2026-09-04 05:00:00,240,CORRIDOR_BLOCK,AVAILABLE,TRACK_ISOLATION_REQUIRED;OHE_ISOLATION_REQUIRED;SIGNAL_ISOLATION_REQUIRED;NIGHT_ONLY,TRACK_DOWN;OHE;SIGNALLING,ALL,Engineering;Signal;Traction,6,8910.5,HIGH,240.0,0.0,2026-09-04,"{'Signal', 'Traction', 'Engineering'}","{'TRACK', 'OHE', 'SIGNAL'}",5.686666666666666,10,1.0,0.0,0.0
B000083,C130,L130-05,Jaisalpalli,17.59,74.09,2026-09-24 01:00:00,2026-09-24 05:00:00,240,CORRIDOR_BLOCK,AVAILABLE,TRACK_ISOLATION_REQUIRED;OHE_ISOLATION_REQUIRED;SIGNAL_ISOLATION_REQUIRED,TRACK_DOWN;OHE;SIGNALLING,ALL,Engineering;Signal;Traction,7,8431.12,MEDIUM,240.0,0.0,2026-09-24,"{'Signal', 'Traction', 'Engineering'}","{'TRACK', 'OHE', 'SIGNAL'}",2.00384,8,0.62,0.0,0.0
B000084,C130,L130-05,Jaisalpalli,26.04,65.64,2026-09-21 01:00:00,2026-09-21 05:00:00,240,CORRIDOR_BLOCK,AVAILABLE,TRACK_ISOLATION_REQUIRED;OHE_ISOLATION_REQUIRED;SIGNAL_ISOLATION_REQUIRED,TRACK_UP;OHE;SIGNALLING,ALL,Engineering;Signal;Traction,7,8044.88,MEDIUM,240.0,0.0,2026-09-21,"{'Signal', 'Traction', 'Engineering'}","{'TRACK', 'OHE', 'SIGNAL'}",3.405048,9,0.674,0.0,0.0
B000085,C134,L134-07,Gangapalli Jn,71.84,123.86,2026-10-10 01:00:00,2026-10-10 04:00:00,180,CORRIDOR_BLOCK,AVAILABLE,TRACK_ISOLATION_REQUIRED;OHE_ISOLATION_REQUIRED;SIGNAL_ISOLATION_REQUIRED,TRACK_DOWN;OHE;SIGNALLING,ALL,Engineering;Signal;Traction,5,6687.59,MEDIUM,180.0,0.0,2026-10-10,"{'Signal', 'Traction', 'Engineering'}","{'TRACK', 'OHE', 'SIGNAL'}",0.1175625,1,0.275,0.0,0.0
B000086,C134,L134-07,Gangapalli Jn,50.46,145.24,2026-10-13 02:00:00,2026-10-13 06:00:00,240,CORRIDOR_BLOCK,PROVISIONAL,TRACK_ISOLATION_REQUIRED;OHE_ISOLATION_REQUIRED;SIGNAL_ISOLATION_REQUIRED,TRACK_UP;OHE;SIGNALLING,ALL,Engineering;Signal;Traction,4,8793.32,MEDIUM,240.0,0.0,2026-10-13,"{'Signal', 'Traction', 'Engineering'}","{'TRACK', 'OHE', 'SIGNAL'}",2.01502,7,0.555,0.0,0.0
B000087,C136,L136-14,Sabarabad Road,152.25,194.5,2026-09-12 01:30:00,2026-09-12 04:30:00,180,CORRIDOR_BLOCK,AVAILABLE,TRACK_ISOLATION_REQUIRED;OHE_ISOLATION_REQUIRED;SIGNAL_ISOLATION_REQUIRED,TRACK_DOWN;OHE;SIGNALLING,ALL,Engineering;Signal;Traction,6,6823.54,HIGH,180.0,0.0,2026-09-12,"{'Signal', 'Traction', 'Engineering'}","{'TRACK', 'OHE', 'SIGNAL'}",0.36937,2,0.43,0.0,0.0
B000088,C136,L136-14,Sabarabad Road,155.63,194.5,2026-09-10 02:00:00,2026-09-10 06:00:00,240,CORRIDOR_BLOCK,AVAILABLE,TRACK_ISOLATION_REQUIRED;OHE_ISOLATION_REQUIRED;SIGNAL_ISOLATION_REQUIRED,TRACK_UP;OHE;SIGNALLING,ALL,Engineering;Signal;Traction,5,9419.93,HIGH,240.0,0.0,2026-09-10,"{'Signal', 'Traction', 'Engineering'}","{'TRACK', 'OHE', 'SIGNAL'}",2.3063973333333334,7,0.532,0.0,0.0
B000089,C138,L138-05,Udaykot Cantt,26.98,84.5,2026-09-18 01:00:00,2026-09-18 04:00:00,180,CORRIDOR_BLOCK,AVAILABLE,TRACK_ISOLATION_REQUIRED;OHE_ISOLATION_REQUIRED;SIGNAL_ISOLATION_REQUIRED;NIGHT_ONLY,TRACK_UP;OHE;SIGNALLING,ALL,Engineering;Signal;Traction,5,5243.85,MEDIUM,180.0,0.0,2026-09-18,"{'Signal', 'Traction', 'Engineering'}","{'TRACK', 'OHE', 'SIGNAL'}",5.840163,17,0.882,0.0,0.0
B000090,C138,L138-05,Udaykot Cantt,53.74,84.5,2026-09-18 00:30:00,2026-09-18 03:30:00,180,CORRIDOR_BLOCK,PROVISIONAL,TRACK_ISOLATION_REQUIRED;OHE_ISOLATION_REQUIRED;SIGNAL_ISOLATION_REQUIRED;LIMITED_ACCESS,TRACK_DOWN;OHE;SIGNALLING,ALL,Engineering;Signal;Traction,4,4615.82,MEDIUM,180.0,0.0,2026-09-18,"{'Signal', 'Traction', 'Engineering'}","{'TRACK', 'OHE', 'SIGNAL'}",5.840163,17,0.882,0.0,0.0
B000091,C142,L142-02,Bhimaabad,34.57,128.11,2026-09-13 02:00:00,2026-09-13 06:00:00,240,CORRIDOR_BLOCK,PROVISIONAL,TRACK_ISOLATION_REQUIRED;OHE_ISOLATION_REQUIRED;SIGNAL_ISOLATION_REQUIRED,TRACK_BOTH;OHE;SIGNALLING,ALL,Engineering;Signal;Traction,5,7292.15,MEDIUM,240.0,0.0,2026-09-13,"{'Signal', 'Traction', 'Engineering'}","{'TRACK', 'OHE', 'SIGNAL'}",2.3284799999999994,7,0.567,0.0,0.0
B000092,C142,L142-02,Bhimaabad,52.38,110.3,2026-10-15 02:00:00,2026-10-15 06:00:00,240,CORRIDOR_BLOCK,PROVISIONAL,TRACK_ISOLATION_REQUIRED;OHE_ISOLATION_REQUIRED;SIGNAL_ISOLATION_REQUIRED,TRACK_DOWN;OHE;SIGNALLING,ALL,Engineering;Signal;Traction,7,7227.34,MEDIUM,240.0,0.0,2026-10-15,"{'Signal', 'Traction', 'Engineering'}","{'TRACK', 'OHE', 'SIGNAL'}",7.7071499999999995,15,0.891,0.0,0.0
B000093,C143,L143-08,Charangunj Jn,181.7,223.9,2026-09-16 01:00:00,2026-09-16 05:00:00,240,CORRIDOR_BLOCK,AVAILABLE,TRACK_ISOLATION_REQUIRED;OHE_ISOLATION_REQUIRED;SIGNAL_ISOLATION_REQUIRED;NIGHT_ONLY,TRACK_DOWN;OHE;SIGNALLING,ALL,Engineering;Signal;Traction,4,6277.33,LOW,240.0,0.0,2026-09-16,"{'Signal', 'Traction', 'Engineering'}","{'TRACK', 'OHE', 'SIGNAL'}",0.182336,1,0.308,0.0,0.0
B000095,C145,L145-02,Tarakot,74.63,176.77,2026-09-23 00:30:00,2026-09-23 04:30:00,240,CORRIDOR_BLOCK,AVAILABLE,TRACK_ISOLATION_REQUIRED;OHE_ISOLATION_REQUIRED;SIGNAL_ISOLATION_REQUIRED,TRACK_BOTH;OHE;SIGNALLING,ALL,Engineering;Signal;Traction,4,7691.95,MEDIUM,240.0,0.0,2026-09-23,"{'Signal', 'Traction', 'Engineering'}","{'TRACK', 'OHE', 'SIGNAL'}",1.828704,6,0.516,0.0,0.0
B000096,C145,L145-02,Tarakot,102.9,148.5,2026-10-12 01:00:00,2026-10-12 05:00:00,240,CORRIDOR_BLOCK,AVAILABLE,TRACK_ISOLATION_REQUIRED;OHE_ISOLATION_REQUIRED;SIGNAL_ISOLATION_REQUIRED,TRACK_DOWN;OHE;SIGNALLING,ALL,Engineering;Signal;Traction,4,6961.93,MEDIUM,240.0,0.0,2026-10-12,"{'Signal', 'Traction', 'Engineering'}","{'TRACK', 'OHE', 'SIGNAL'}",3.5338079999999996,9,0.664,0.0,0.0
B000097,C147,L147-02,Veerkot Jn,0.0,62.5,2026-10-02 00:30:00,2026-10-02 04:30:00,240,CORRIDOR_BLOCK,PROVISIONAL,TRACK_ISOLATION_REQUIRED;OHE_ISOLATION_REQUIRED;SIGNAL_ISOLATION_REQUIRED,TRACK_DOWN;OHE;SIGNALLING,ALL,Engineering;Signal;Traction,5,7115.52,MEDIUM,240.0,0.0,2026-10-02,"{'Signal', 'Traction', 'Engineering'}","{'TRACK', 'OHE', 'SIGNAL'}",0.0,0,0.425,0.0,0.0
B000098,C147,L147-02,Veerkot Jn,17.0,43.32,2026-10-12 00:30:00,2026-10-12 03:30:00,180,CORRIDOR_BLOCK,AVAILABLE,TRACK_ISOLATION_REQUIRED;OHE_ISOLATION_REQUIRED;SIGNAL_ISOLATION_REQUIRED;NIGHT_ONLY,TRACK_BOTH;OHE;SIGNALLING,ALL,Engineering;Signal;Traction,7,5598.59,MEDIUM,180.0,0.0,2026-10-12,"{'Signal', 'Traction', 'Engineering'}","{'TRACK', 'OHE', 'SIGNAL'}",0.298732,2,0.329,0.0,0.0
B000099,C148,L148-01,Ambagarh,0.0,43.3,2026-09-18 00:30:00,2026-09-18 04:30:00,240,CORRIDOR_BLOCK,PROVISIONAL,TRACK_ISOLATION_REQUIRED;OHE_ISOLATION_REQUIRED;SIGNAL_ISOLATION_REQUIRED,TRACK_DOWN;OHE;SIGNALLING,ALL,Engineering;Signal;Traction,6,8206.21,MEDIUM,240.0,0.0,2026-09-18,"{'Signal', 'Traction', 'Engineering'}","{'TRACK', 'OHE', 'SIGNAL'}",0.816316,3,0.437,0.0,0.0
B000100,C148,L148-01,Ambagarh,0.0,20.68,2026-10-08 00:30:00,2026-10-08 03:30:00,180,CORRIDOR_BLOCK,AVAILABLE,TRACK_ISOLATION_REQUIRED;OHE_ISOLATION_REQUIRED;SIGNAL_ISOLATION_REQUIRED,TRACK_DOWN;OHE;SIGNALLING,ALL,Engineering;Signal;Traction,6,6368.63,MEDIUM,180.0,0.0,2026-10-08,"{'Signal', 'Traction', 'Engineering'}","{'TRACK', 'OHE', 'SIGNAL'}",1.790733,7,0.538,0.0,0.0
B000101,C149,L149-04,Ambaabad Cantt,69.45,160.81,2026-10-04 01:00:00,2026-10-04 05:00:00,240,CORRIDOR_BLOCK,AVAILABLE,TRACK_ISOLATION_REQUIRED;OHE_ISOLATION_REQUIRED;SIGNAL_ISOLATION_REQUIRED;NIGHT_ONLY,TRACK_DOWN;OHE;SIGNALLING,ALL,Engineering;Signal;Traction,6,8770.15,MEDIUM,240.0,0.0,2026-10-04,"{'Signal', 'Traction', 'Engineering'}","{'TRACK', 'OHE', 'SIGNAL'}",3.2605759999999995,8,0.649,0.0,0.0
B000102,C149,L149-04,Ambaabad Cantt,61.11,169.15,2026-10-15 01:00:00,2026-10-15 04:00:00,180,CORRIDOR_BLOCK,AVAILABLE,TRACK_ISOLATION_REQUIRED;OHE_ISOLATION_REQUIRED;SIGNAL_ISOLATION_REQUIRED;LIMITED_ACCESS;NIGHT_ONLY,TRACK_BOTH;OHE;SIGNALLING,ALL,Engineering;Signal;Traction,6,6459.97,MEDIUM,180.0,0.0,2026-10-15,"{'Signal', 'Traction', 'Engineering'}","{'TRACK', 'OHE', 'SIGNAL'}",6.390384,16,0.931,0.0,0.0
B000103,C151,L151-06,Palaniganj,151.41,220.65,2026-09-28 01:30:00,2026-09-28 04:30:00,180,CORRIDOR_BLOCK,AVAILABLE,TRACK_ISOLATION_REQUIRED;OHE_ISOLATION_REQUIRED;SIGNAL_ISOLATION_REQUIRED,TRACK_UP;OHE;SIGNALLING,ALL,Engineering;Signal;Traction,7,3921.35,LOW,180.0,0.0,2026-09-28,"{'Signal', 'Traction', 'Engineering'}","{'TRACK', 'OHE', 'SIGNAL'}",0.17367999999999997,1,0.416,0.0,0.0
B000104,C151,L151-06,Palaniganj,171.27,200.79,2026-09-26 02:00:00,2026-09-26 06:00:00,240,CORRIDOR_BLOCK,AVAILABLE,TRACK_ISOLATION_REQUIRED;OHE_ISOLATION_REQUIRED;SIGNAL_ISOLATION_REQUIRED,TRACK_DOWN;OHE;SIGNALLING,ALL,Engineering;Signal;Traction,7,5155.03,LOW,240.0,0.0,2026-09-26,"{'Signal', 'Traction', 'Engineering'}","{'TRACK', 'OHE', 'SIGNAL'}",0.3589986666666667,2,0.383,0.0,0.0
B000105,C152,L152-04,Malwapur,164.55,218.5,2026-09-17 02:00:00,2026-09-17 05:00:00,180,CORRIDOR_BLOCK,AVAILABLE,TRACK_ISOLATION_REQUIRED;OHE_ISOLATION_REQUIRED;SIGNAL_ISOLATION_REQUIRED;NIGHT_ONLY,TRACK_BOTH;OHE;SIGNALLING,ALL,Engineering;Signal;Traction,4,4757.24,LOW,180.0,0.0,2026-09-17,"{'Signal', 'Traction', 'Engineering'}","{'TRACK', 'OHE', 'SIGNAL'}",1.245195,6,0.469,0.0,0.0
B000106,C152,L152-04,Malwapur,164.59,218.5,2026-10-13 02:00:00,2026-10-13 06:00:00,240,CORRIDOR_BLOCK,AVAILABLE,TRACK_ISOLATION_REQUIRED;OHE_ISOLATION_REQUIRED;SIGNAL_ISOLATION_REQUIRED;LIMITED_ACCESS;NIGHT_ONLY,TRACK_DOWN;OHE;SIGNALLING,ALL,Engineering;Signal;Traction,7,6730.55,LOW,240.0,0.0,2026-10-13,"{'Signal', 'Traction', 'Engineering'}","{'TRACK', 'OHE', 'SIGNAL'}",4.7439,10,0.753,0.0,0.0
B000107,C153,L153-09,Konkannagar Jn,76.19,119.15,2026-09-15 00:30:00,2026-09-15 03:30:00,180,CORRIDOR_BLOCK,AVAILABLE,TRACK_ISOLATION_REQUIRED;OHE_ISOLATION_REQUIRED;SIGNAL_ISOLATION_REQUIRED;NIGHT_ONLY,TRACK_UP;OHE;SIGNALLING,ALL,Engineering;Signal;Traction,5,7961.14,HIGH,180.0,0.0,2026-09-15,"{'Signal', 'Traction', 'Engineering'}","{'TRACK', 'OHE', 'SIGNAL'}",2.7084,8,0.732,0.0,0.0
B000108,C153,L153-09,Konkannagar Jn,71.54,123.8,2026-09-07 01:00:00,2026-09-07 05:00:00,240,CORRIDOR_BLOCK,AVAILABLE,TRACK_ISOLATION_REQUIRED;OHE_ISOLATION_REQUIRED;SIGNAL_ISOLATION_REQUIRED;NIGHT_ONLY,TRACK_BOTH;OHE;SIGNALLING,ALL,Engineering;Signal;Traction,7,10059.96,HIGH,240.0,0.0,2026-09-07,"{'Signal', 'Traction', 'Engineering'}","{'TRACK', 'OHE', 'SIGNAL'}",1.9859400000000003,5,0.649,0.0,0.0
B000109,C155,L155-06,Taptinagar Jn,0.0,69.27,2026-09-23 00:30:00,2026-09-23 04:30:00,240,CORRIDOR_BLOCK,PROVISIONAL,TRACK_ISOLATION_REQUIRED;OHE_ISOLATION_REQUIRED;SIGNAL_ISOLATION_REQUIRED;NIGHT_ONLY,TRACK_UP;OHE;SIGNALLING,ALL,Engineering;Signal;Traction,6,8719.44,HIGH,240.0,0.0,2026-09-23,"{'Signal', 'Traction', 'Engineering'}","{'TRACK', 'OHE', 'SIGNAL'}",6.44972,15,0.766,0.0,0.0
B000110,C155,L155-06,Taptinagar Jn,1.67,53.31,2026-09-04 01:00:00,2026-09-04 05:00:00,240,CORRIDOR_BLOCK,PROVISIONAL,TRACK_ISOLATION_REQUIRED;OHE_ISOLATION_REQUIRED;SIGNAL_ISOLATION_REQUIRED,TRACK_UP;OHE;SIGNALLING,ALL,Engineering;Signal;Traction,5,8616.44,HIGH,240.0,0.0,2026-09-04,"{'Signal', 'Traction', 'Engineering'}","{'TRACK', 'OHE', 'SIGNAL'}",8.387754666666666,14,0.944,0.0,0.0
B000111,C159,L159-04,Nilgirigunj,40.58,115.58,2026-09-03 02:00:00,2026-09-03 05:00:00,180,CORRIDOR_BLOCK,AVAILABLE,TRACK_ISOLATION_REQUIRED;OHE_ISOLATION_REQUIRED;SIGNAL_ISOLATION_REQUIRED;LIMITED_ACCESS;NIGHT_ONLY,TRACK_DOWN;OHE;SIGNALLING,ALL,Engineering;Signal;Traction,6,4518.74,LOW,180.0,0.0,2026-09-03,"{'Signal', 'Traction', 'Engineering'}","{'TRACK', 'OHE', 'SIGNAL'}",0.5625015,3,0.467,0.0,0.0
B000112,C159,L159-04,Nilgirigunj,49.07,107.09,2026-10-06 01:30:00,2026-10-06 05:30:00,240,CORRIDOR_BLOCK,PROVISIONAL,TRACK_ISOLATION_REQUIRED;OHE_ISOLATION_REQUIRED;SIGNAL_ISOLATION_REQUIRED;NIGHT_ONLY,TRACK_UP;OHE;SIGNALLING,ALL,Engineering;Signal;Traction,7,6070.9,LOW,240.0,0.0,2026-10-06,"{'Signal', 'Traction', 'Engineering'}","{'TRACK', 'OHE', 'SIGNAL'}",2.53764,9,0.532,0.0,0.0
B000178,C019,L019-02,Omkarnagar,0.0,71.79,2026-09-09 07:30:00,2026-09-09 09:30:00,120,CORRIDOR_BLOCK,AVAILABLE,OHE_ISOLATION_REQUIRED,OHE,OHE,Engineering;Signal;Traction,5,3586.99,LOW,120.0,0.0,2026-09-09,"{'Signal', 'Traction', 'Engineering'}",{'OHE'},0.1435,2,0.246,0.0,0.0
B000113,C162,L162-01,Indraganj,0.0,51.93,2026-09-15 01:00:00,2026-09-15 05:00:00,240,CORRIDOR_BLOCK,AVAILABLE,TRACK_ISOLATION_REQUIRED;OHE_ISOLATION_REQUIRED;SIGNAL_ISOLATION_REQUIRED;NIGHT_ONLY,TRACK_UP;OHE;SIGNALLING,ALL,Engineering;Signal;Traction,6,7702.19,LOW,240.0,0.0,2026-09-15,"{'Signal', 'Traction', 'Engineering'}","{'TRACK', 'OHE', 'SIGNAL'}",1.665888,6,0.444,0.0,0.0
B000114,C162,L162-01,Indraganj,0.0,29.38,2026-09-01 00:30:00,2026-09-01 03:30:00,180,CORRIDOR_BLOCK,AVAILABLE,TRACK_ISOLATION_REQUIRED;OHE_ISOLATION_REQUIRED;SIGNAL_ISOLATION_REQUIRED,TRACK_UP;OHE;SIGNALLING,ALL,Engineering;Signal;Traction,5,5422.64,LOW,180.0,0.0,2026-09-01,"{'Signal', 'Traction', 'Engineering'}","{'TRACK', 'OHE', 'SIGNAL'}",0.42497,2,0.467,0.0,0.0
B000116,C167,L167-02,Kanhagarh,0.0,63.59,2026-09-10 01:30:00,2026-09-10 04:30:00,180,CORRIDOR_BLOCK,AVAILABLE,TRACK_ISOLATION_REQUIRED;OHE_ISOLATION_REQUIRED;SIGNAL_ISOLATION_REQUIRED,TRACK_DOWN;OHE;SIGNALLING,ALL,Engineering;Signal;Traction,4,4868.29,LOW,180.0,0.0,2026-09-10,"{'Signal', 'Traction', 'Engineering'}","{'TRACK', 'OHE', 'SIGNAL'}",2.6092,10,0.593,0.0,0.0
B000119,C173,L173-09,Pushkarnagar,0.0,43.9,2026-10-02 01:30:00,2026-10-02 04:30:00,180,CORRIDOR_BLOCK,AVAILABLE,TRACK_ISOLATION_REQUIRED;OHE_ISOLATION_REQUIRED;SIGNAL_ISOLATION_REQUIRED,TRACK_DOWN;OHE;SIGNALLING,ALL,Engineering;Signal;Traction,5,4621.72,MEDIUM,180.0,0.0,2026-10-02,"{'Signal', 'Traction', 'Engineering'}","{'TRACK', 'OHE', 'SIGNAL'}",2.2690755,9,0.601,0.0,0.0
B000120,C173,L173-09,Pushkarnagar,7.04,43.9,2026-09-01 02:00:00,2026-09-01 05:00:00,180,CORRIDOR_BLOCK,AVAILABLE,TRACK_ISOLATION_REQUIRED;OHE_ISOLATION_REQUIRED;SIGNAL_ISOLATION_REQUIRED;LIMITED_ACCESS,TRACK_UP;OHE;SIGNALLING,ALL,Engineering;Signal;Traction,5,5585.51,MEDIUM,180.0,0.0,2026-09-01,"{'Signal', 'Traction', 'Engineering'}","{'TRACK', 'OHE', 'SIGNAL'}",1.9453349999999998,6,0.679,0.0,0.0
B000121,C174,L174-01,Kaverigarh,0.0,28.24,2026-09-05 02:00:00,2026-09-05 05:00:00,180,CORRIDOR_BLOCK,AVAILABLE,TRACK_ISOLATION_REQUIRED;OHE_ISOLATION_REQUIRED;SIGNAL_ISOLATION_REQUIRED,TRACK_DOWN;OHE;SIGNALLING,ALL,Engineering;Signal;Traction,4,4546.38,LOW,180.0,0.0,2026-09-05,"{'Signal', 'Traction', 'Engineering'}","{'TRACK', 'OHE', 'SIGNAL'}",0.0,0,0.092,0.0,0.0
B000122,C174,L174-01,Kaverigarh,0.0,49.65,2026-09-29 02:00:00,2026-09-29 06:00:00,240,CORRIDOR_BLOCK,AVAILABLE,TRACK_ISOLATION_REQUIRED;OHE_ISOLATION_REQUIRED;SIGNAL_ISOLATION_REQUIRED,TRACK_UP;OHE;SIGNALLING,ALL,Engineering;Signal;Traction,6,6074.32,LOW,240.0,0.0,2026-09-29,"{'Signal', 'Traction', 'Engineering'}","{'TRACK', 'OHE', 'SIGNAL'}",0.6020399999999999,4,0.261,0.0,0.0
B000123,C176,L176-06,Girnarabad Jn,79.19,114.19,2026-10-06 02:00:00,2026-10-06 05:00:00,180,CORRIDOR_BLOCK,AVAILABLE,TRACK_ISOLATION_REQUIRED;OHE_ISOLATION_REQUIRED;SIGNAL_ISOLATION_REQUIRED,TRACK_UP;OHE;SIGNALLING,ALL,Engineering;Signal;Traction,5,7802.96,HIGH,180.0,0.0,2026-10-06,"{'Signal', 'Traction', 'Engineering'}","{'TRACK', 'OHE', 'SIGNAL'}",3.9852450000000004,9,0.97,0.0,0.0
B000124,C176,L176-06,Girnarabad Jn,47.07,146.31,2026-09-06 00:30:00,2026-09-06 04:30:00,240,CORRIDOR_BLOCK,AVAILABLE,TRACK_ISOLATION_REQUIRED;OHE_ISOLATION_REQUIRED;SIGNAL_ISOLATION_REQUIRED,TRACK_BOTH;OHE;SIGNALLING,ALL,Engineering;Signal;Traction,5,10269.07,HIGH,240.0,0.0,2026-09-06,"{'Signal', 'Traction', 'Engineering'}","{'TRACK', 'OHE', 'SIGNAL'}",2.37552,6,0.707,0.0,0.0
B000125,C178,L178-01,Charanganj Road,0.0,27.22,2026-09-14 01:30:00,2026-09-14 05:30:00,240,CORRIDOR_BLOCK,AVAILABLE,TRACK_ISOLATION_REQUIRED;OHE_ISOLATION_REQUIRED;SIGNAL_ISOLATION_REQUIRED;LIMITED_ACCESS,TRACK_DOWN;OHE;SIGNALLING,ALL,Engineering;Signal;Traction,4,5746.27,LOW,240.0,0.0,2026-09-14,"{'Signal', 'Traction', 'Engineering'}","{'TRACK', 'OHE', 'SIGNAL'}",0.38688,2,0.31,0.0,0.0
B000126,C178,L178-01,Charanganj Road,0.0,39.89,2026-09-26 00:30:00,2026-09-26 04:30:00,240,CORRIDOR_BLOCK,AVAILABLE,TRACK_ISOLATION_REQUIRED;OHE_ISOLATION_REQUIRED;SIGNAL_ISOLATION_REQUIRED;NIGHT_ONLY,TRACK_UP;OHE;SIGNALLING,ALL,Engineering;Signal;Traction,4,5953.32,LOW,240.0,0.0,2026-09-26,"{'Signal', 'Traction', 'Engineering'}","{'TRACK', 'OHE', 'SIGNAL'}",0.6623399999999999,3,0.415,0.0,0.0
B000127,C183,L183-04,Ambakot Jn,85.36,106.2,2026-10-15 02:00:00,2026-10-15 05:00:00,180,CORRIDOR_BLOCK,AVAILABLE,TRACK_ISOLATION_REQUIRED;OHE_ISOLATION_REQUIRED;SIGNAL_ISOLATION_REQUIRED;LIMITED_ACCESS,TRACK_UP;OHE;SIGNALLING,ALL,Engineering;Signal;Traction,5,5925.65,MEDIUM,180.0,0.0,2026-10-15,"{'Signal', 'Traction', 'Engineering'}","{'TRACK', 'OHE', 'SIGNAL'}",3.239984,8,0.902,0.0,0.0
B000128,C183,L183-04,Ambakot Jn,60.56,106.2,2026-09-06 00:30:00,2026-09-06 04:30:00,240,CORRIDOR_BLOCK,AVAILABLE,TRACK_ISOLATION_REQUIRED;OHE_ISOLATION_REQUIRED;SIGNAL_ISOLATION_REQUIRED;LIMITED_ACCESS,TRACK_BOTH;OHE;SIGNALLING,ALL,Engineering;Signal;Traction,5,7767.6,MEDIUM,240.0,0.0,2026-09-06,"{'Signal', 'Traction', 'Engineering'}","{'TRACK', 'OHE', 'SIGNAL'}",1.965488,6,0.644,0.0,0.0
B000129,C184,L184-01,Charangunj,0.0,63.74,2026-10-14 02:00:00,2026-10-14 05:00:00,180,CORRIDOR_BLOCK,AVAILABLE,TRACK_ISOLATION_REQUIRED;OHE_ISOLATION_REQUIRED;SIGNAL_ISOLATION_REQUIRED;LIMITED_ACCESS;NIGHT_ONLY,TRACK_DOWN;OHE;SIGNALLING,ALL,Engineering;Signal;Traction,6,5025.76,MEDIUM,180.0,0.0,2026-10-14,"{'Signal', 'Traction', 'Engineering'}","{'TRACK', 'OHE', 'SIGNAL'}",0.8889210000000001,3,0.803,0.0,0.0
B000130,C184,L184-01,Charangunj,0.0,59.13,2026-09-24 01:00:00,2026-09-24 05:00:00,240,CORRIDOR_BLOCK,AVAILABLE,TRACK_ISOLATION_REQUIRED;OHE_ISOLATION_REQUIRED;SIGNAL_ISOLATION_REQUIRED,TRACK_UP;OHE;SIGNALLING,ALL,Engineering;Signal;Traction,7,7532.32,MEDIUM,240.0,0.0,2026-09-24,"{'Signal', 'Traction', 'Engineering'}","{'TRACK', 'OHE', 'SIGNAL'}",2.492,7,0.6,0.0,0.0
B000131,C190,L190-04,Kaveriganj Jn,0.0,29.97,2026-10-02 01:00:00,2026-10-02 04:00:00,180,CORRIDOR_BLOCK,AVAILABLE,TRACK_ISOLATION_REQUIRED;OHE_ISOLATION_REQUIRED;SIGNAL_ISOLATION_REQUIRED;NIGHT_ONLY,TRACK_UP;OHE;SIGNALLING,ALL,Engineering;Signal;Traction,4,5753.93,MEDIUM,180.0,0.0,2026-10-02,"{'Signal', 'Traction', 'Engineering'}","{'TRACK', 'OHE', 'SIGNAL'}",2.71999,10,0.686,0.0,0.0
B000132,C190,L190-04,Kaveriganj Jn,0.0,35.19,2026-09-02 01:00:00,2026-09-02 05:00:00,240,CORRIDOR_BLOCK,AVAILABLE,TRACK_ISOLATION_REQUIRED;OHE_ISOLATION_REQUIRED;SIGNAL_ISOLATION_REQUIRED;NIGHT_ONLY,TRACK_BOTH;OHE;SIGNALLING,ALL,Engineering;Signal;Traction,6,7127.24,MEDIUM,240.0,0.0,2026-09-02,"{'Signal', 'Traction', 'Engineering'}","{'TRACK', 'OHE', 'SIGNAL'}",4.063356,11,0.662,0.0,0.0
B000133,C192,L192-10,Devgarhgarh,111.14,133.6,2026-09-06 00:30:00,2026-09-06 04:30:00,240,CORRIDOR_BLOCK,AVAILABLE,TRACK_ISOLATION_REQUIRED;OHE_ISOLATION_REQUIRED;SIGNAL_ISOLATION_REQUIRED;NIGHT_ONLY,TRACK_DOWN;OHE;SIGNALLING,ALL,Engineering;Signal;Traction,6,10579.52,HIGH,240.0,0.0,2026-09-06,"{'Signal', 'Traction', 'Engineering'}","{'TRACK', 'OHE', 'SIGNAL'}",2.8683013333333336,7,0.671,0.0,0.0
B000134,C192,L192-10,Devgarhgarh,75.95,133.6,2026-09-08 02:00:00,2026-09-08 06:00:00,240,CORRIDOR_BLOCK,AVAILABLE,TRACK_ISOLATION_REQUIRED;OHE_ISOLATION_REQUIRED;SIGNAL_ISOLATION_REQUIRED,TRACK_UP;OHE;SIGNALLING,ALL,Engineering;Signal;Traction,5,10523.16,HIGH,240.0,0.0,2026-09-08,"{'Signal', 'Traction', 'Engineering'}","{'TRACK', 'OHE', 'SIGNAL'}",8.760666666666665,17,1.0,0.0,0.0
B000135,C193,L193-01,Bilaskheda Jn,57.51,101.73,2026-09-24 01:30:00,2026-09-24 04:30:00,180,CORRIDOR_BLOCK,AVAILABLE,TRACK_ISOLATION_REQUIRED;OHE_ISOLATION_REQUIRED;SIGNAL_ISOLATION_REQUIRED,TRACK_BOTH;OHE;SIGNALLING,ALL,Engineering;Signal;Traction,7,7162.84,HIGH,180.0,0.0,2026-09-24,"{'Signal', 'Traction', 'Engineering'}","{'TRACK', 'OHE', 'SIGNAL'}",1.6235519999999999,6,0.604,0.0,0.0
B000136,C193,L193-01,Bilaskheda Jn,58.66,100.58,2026-10-04 00:30:00,2026-10-04 04:30:00,240,CORRIDOR_BLOCK,AVAILABLE,TRACK_ISOLATION_REQUIRED;OHE_ISOLATION_REQUIRED;SIGNAL_ISOLATION_REQUIRED;LIMITED_ACCESS;NIGHT_ONLY,TRACK_UP;OHE;SIGNALLING,ALL,Engineering;Signal;Traction,6,9760.16,HIGH,240.0,0.0,2026-10-04,"{'Signal', 'Traction', 'Engineering'}","{'TRACK', 'OHE', 'SIGNAL'}",1.3111266666666666,5,0.418,0.0,0.0
B000137,C196,L196-05,Jaisalnagar,65.22,162.96,2026-09-11 01:00:00,2026-09-11 05:00:00,240,CORRIDOR_BLOCK,AVAILABLE,TRACK_ISOLATION_REQUIRED;OHE_ISOLATION_REQUIRED;SIGNAL_ISOLATION_REQUIRED;NIGHT_ONLY,TRACK_UP;OHE;SIGNALLING,ALL,Engineering;Signal;Traction,6,7533.26,HIGH,240.0,0.0,2026-09-11,"{'Signal', 'Traction', 'Engineering'}","{'TRACK', 'OHE', 'SIGNAL'}",2.9486160000000003,6,0.803,0.0,0.0
B000138,C196,L196-05,Jaisalnagar,72.76,155.42,2026-09-03 01:30:00,2026-09-03 05:30:00,240,CORRIDOR_BLOCK,AVAILABLE,TRACK_ISOLATION_REQUIRED;OHE_ISOLATION_REQUIRED;SIGNAL_ISOLATION_REQUIRED,TRACK_UP;OHE;SIGNALLING,ALL,Engineering;Signal;Traction,5,8827.43,HIGH,240.0,0.0,2026-09-03,"{'Signal', 'Traction', 'Engineering'}","{'TRACK', 'OHE', 'SIGNAL'}",4.3248,9,0.8,0.0,0.0
B000140,C199,L199-05,Shantikot Road,125.41,161.93,2026-10-09 01:00:00,2026-10-09 05:00:00,240,CORRIDOR_BLOCK,AVAILABLE,TRACK_ISOLATION_REQUIRED;OHE_ISOLATION_REQUIRED;SIGNAL_ISOLATION_REQUIRED,TRACK_UP;OHE;SIGNALLING,ALL,Engineering;Signal;Traction,6,8633.88,HIGH,240.0,0.0,2026-10-09,"{'Signal', 'Traction', 'Engineering'}","{'TRACK', 'OHE', 'SIGNAL'}",11.754666666666667,19,1.0,0.0,0.0
B000179,C020,L020-01,Lalitabad Jn,2.37,109.47,2026-10-11 00:30:00,2026-10-11 02:00:00,90,NIGHT_BLOCK,AVAILABLE,TRACK_ISOLATION_REQUIRED;NIGHT_ONLY,TRACK_BOTH,TRACK,Engineering;Signal;Traction,5,3149.85,MEDIUM,90.0,0.0,2026-10-11,"{'Signal', 'Traction', 'Engineering'}",{'TRACK'},0.24836249999999999,3,0.37,0.0,0.0
B000141,C001,L001-04,Kaverikheda Jn,119.19,211.79,2026-10-06 03:00:00,2026-10-06 05:00:00,120,TRAFFIC_BLOCK,AVAILABLE,TRACK_ISOLATION_REQUIRED;OHE_ISOLATION_REQUIRED;SIGNAL_ISOLATION_REQUIRED;LIMITED_ACCESS,TRACK_UP;OHE;SIGNALLING,ALL,Engineering;Signal;Traction,2,3636.35,LOW,120.0,0.0,2026-10-06,"{'Signal', 'Traction', 'Engineering'}","{'TRACK', 'OHE', 'SIGNAL'}",0.7038359999999999,4,0.567,0.0,0.0
B000142,C001,L001-01,Narmadapur,0.0,24.19,2026-09-10 15:00:00,2026-09-10 17:00:00,120,TRAFFIC_BLOCK,AVAILABLE,SIGNAL_ISOLATION_REQUIRED;NO_ELECTRICAL_WORK,SIGNALLING,SIGNAL,Engineering;Signal,2,5459.41,LOW,120.0,0.0,2026-09-10,"{'Signal', 'Engineering'}",{'SIGNAL'},0.41040999999999994,5,0.287,0.0,0.0
B000143,C002,L002-03,Jaisalhalli Road,0.0,72.18,2026-09-16 14:30:00,2026-09-16 16:30:00,120,CORRIDOR_BLOCK,AVAILABLE,OHE_ISOLATION_REQUIRED;SIGNAL_ISOLATION_REQUIRED,OHE;SIGNALLING,OHE+SIGNAL,Engineering;Signal;Traction,3,8278.04,MEDIUM,120.0,0.0,2026-09-16,"{'Signal', 'Traction', 'Engineering'}","{'OHE', 'SIGNAL'}",0.2453,2,0.446,0.0,0.0
B000144,C002,L002-03,Jaisalhalli Road,0.0,54.3,2026-10-13 13:00:00,2026-10-13 16:00:00,180,CORRIDOR_BLOCK,AVAILABLE,TRACK_ISOLATION_REQUIRED;OHE_ISOLATION_REQUIRED,TRACK_DOWN;OHE,TRACK+OHE,Engineering;Signal;Traction,1,10515.14,MEDIUM,180.0,0.0,2026-10-13,"{'Signal', 'Traction', 'Engineering'}","{'TRACK', 'OHE'}",0.844364,4,0.502,0.0,0.0
B000145,C003,L003-05,Konkanabad,126.58,189.2,2026-09-23 16:30:00,2026-09-23 20:30:00,240,ROLLING_BLOCK,AVAILABLE,TRACK_ISOLATION_REQUIRED;LIMITED_ACCESS,TRACK_DOWN,TRACK,Engineering;Signal;Traction,3,8100.93,LOW,240.0,0.0,2026-09-23,"{'Signal', 'Traction', 'Engineering'}",{'TRACK'},0.4084920000000001,4,0.381,0.0,0.0
B000146,C003,L003-05,Konkanabad,111.11,189.2,2026-09-14 03:00:00,2026-09-14 04:00:00,60,NIGHT_BLOCK,AVAILABLE,OHE_ISOLATION_REQUIRED;NIGHT_ONLY;NO_HEAVY_MACHINE,OHE,OHE,Engineering;Traction,1,2811.65,LOW,60.0,0.0,2026-09-14,"{'Traction', 'Engineering'}",{'OHE'},0.4555166666666667,5,0.604,0.0,0.0
B000147,C004,L004-09,Dhanukheda Jn,112.48,179.54,2026-09-27 23:00:00,2026-09-27 23:45:00,45,TRAFFIC_BLOCK,AVAILABLE,TRACK_ISOLATION_REQUIRED;NO_HEAVY_MACHINE,TRACK_DOWN,TRACK,Engineering,1,2045.41,MEDIUM,45.0,0.0,2026-09-27,{'Engineering'},{'TRACK'},0.18415,4,0.508,0.0,0.0
B000148,C004,L004-09,Dhanukheda Jn,112.68,179.34,2026-09-21 01:00:00,2026-09-21 03:00:00,120,CORRIDOR_BLOCK,AVAILABLE,TRACK_ISOLATION_REQUIRED;NO_HEAVY_MACHINE,TRACK_UP,TRACK,Engineering;Signal;Traction,1,4158.24,MEDIUM,120.0,0.0,2026-09-21,"{'Signal', 'Traction', 'Engineering'}",{'TRACK'},1.24416,6,0.81,0.0,0.0
B000149,C005,L005-12,Udaykheda Cantt,110.91,165.7,2026-09-02 19:00:00,2026-09-02 21:00:00,120,CORRIDOR_BLOCK,AVAILABLE,TRACK_ISOLATION_REQUIRED;OHE_ISOLATION_REQUIRED;SIGNAL_ISOLATION_REQUIRED,TRACK_DOWN;OHE;SIGNALLING,ALL,Engineering;Traction,4,8465.9,HIGH,120.0,0.0,2026-09-02,"{'Traction', 'Engineering'}","{'TRACK', 'OHE', 'SIGNAL'}",0.19104,2,0.36,0.0,0.0
B000150,C005,L005-12,Udaykheda Cantt,104.43,165.7,2026-09-04 00:30:00,2026-09-04 02:30:00,120,NIGHT_BLOCK,AVAILABLE,TRACK_ISOLATION_REQUIRED;LIMITED_ACCESS,TRACK_UP,TRACK,Engineering;Signal;Traction,2,5548.07,HIGH,120.0,0.0,2026-09-04,"{'Signal', 'Traction', 'Engineering'}",{'TRACK'},0.0,0,0.383,0.0,0.0
B000151,C006,L006-03,Kanhapalli Road,0.0,73.69,2026-09-04 06:30:00,2026-09-04 08:00:00,90,TRAFFIC_BLOCK,AVAILABLE,TRACK_ISOLATION_REQUIRED;OHE_ISOLATION_REQUIRED,TRACK_UP;OHE,TRACK+OHE,Engineering;Signal;Traction,5,4288.92,LOW,90.0,0.0,2026-09-04,"{'Signal', 'Traction', 'Engineering'}","{'TRACK', 'OHE'}",0.32418375,5,0.271,0.0,0.0
B000152,C006,L006-03,Kanhapalli Road,0.0,70.5,2026-09-15 14:30:00,2026-09-15 16:30:00,120,CORRIDOR_BLOCK,AVAILABLE,SIGNAL_ISOLATION_REQUIRED,SIGNALLING,SIGNAL,Engineering,1,5697.05,LOW,120.0,0.0,2026-09-15,{'Engineering'},{'SIGNAL'},0.23252333333333333,2,0.395,0.0,0.0
B000153,C007,L007-02,Sabarkot,85.57,144.81,2026-09-28 23:00:00,2026-09-29 03:00:00,240,ROLLING_BLOCK,AVAILABLE,TRACK_ISOLATION_REQUIRED,TRACK_BOTH,TRACK,Signal,2,6861.71,LOW,240.0,0.0,2026-09-28,{'Signal'},{'TRACK'},0.010074,1,0.145,0.0,0.0
B000156,C008,L008-04,Devgarhpalli Cantt,302.03,332.1,2026-10-13 22:30:00,2026-10-14 02:30:00,240,NIGHT_BLOCK,AVAILABLE,SIGNAL_ISOLATION_REQUIRED,SIGNALLING,SIGNAL,Signal;Traction,3,6046.06,LOW,240.0,0.0,2026-10-13,"{'Signal', 'Traction'}",{'SIGNAL'},0.4471435000000001,6,0.272,0.0,0.0
B000157,C009,L009-03,Gangapur Road,158.18,207.08,2026-09-19 14:30:00,2026-09-19 15:30:00,60,CORRIDOR_BLOCK,AVAILABLE,OHE_ISOLATION_REQUIRED;SIGNAL_ISOLATION_REQUIRED;NO_HEAVY_MACHINE;LIMITED_ACCESS,OHE;SIGNALLING,OHE+SIGNAL,Engineering;Traction,4,7794.11,HIGH,60.0,0.0,2026-09-19,"{'Traction', 'Engineering'}","{'OHE', 'SIGNAL'}",0.487614,6,0.543,0.0,0.0
B000158,C009,L009-03,Gangapur Road,129.83,235.43,2026-09-17 14:30:00,2026-09-17 16:30:00,120,TRAFFIC_BLOCK,AVAILABLE,TRACK_ISOLATION_REQUIRED,TRACK_BOTH,TRACK,Engineering;Signal;Traction,1,9803.63,HIGH,120.0,0.0,2026-09-17,"{'Signal', 'Traction', 'Engineering'}",{'TRACK'},0.5768019999999999,3,0.706,0.0,0.0
B000159,C010,L010-01,Jaisalgunj Cantt,0.0,28.05,2026-09-22 10:30:00,2026-09-22 13:30:00,180,CORRIDOR_BLOCK,PROVISIONAL,TRACK_ISOLATION_REQUIRED;NO_HEAVY_MACHINE,TRACK_UP,TRACK,Engineering;Signal;Traction,3,11291.97,MEDIUM,180.0,0.0,2026-09-22,"{'Signal', 'Traction', 'Engineering'}",{'TRACK'},0.24027625,4,0.295,0.0,0.0
B000160,C010,L010-01,Jaisalgunj Cantt,0.0,49.8,2026-10-03 01:30:00,2026-10-03 03:30:00,120,NIGHT_BLOCK,AVAILABLE,OHE_ISOLATION_REQUIRED;SIGNAL_ISOLATION_REQUIRED;NO_HEAVY_MACHINE;LIMITED_ACCESS,OHE;SIGNALLING,OHE+SIGNAL,Engineering;Signal;Traction,1,5356.93,MEDIUM,120.0,0.0,2026-10-03,"{'Signal', 'Traction', 'Engineering'}","{'OHE', 'SIGNAL'}",0.5614079999999999,4,0.516,0.0,0.0
B000161,C011,L011-03,Chitragarh Road,14.81,73.47,2026-10-09 02:30:00,2026-10-09 04:30:00,120,ROLLING_BLOCK,AVAILABLE,TRACK_ISOLATION_REQUIRED,TRACK_DOWN,TRACK,Signal;Traction,5,4591.0,MEDIUM,120.0,0.0,2026-10-09,"{'Signal', 'Traction'}",{'TRACK'},1.4551679999999998,8,0.572,0.0,0.0
B000162,C011,L011-03,Chitragarh Road,17.46,70.82,2026-10-06 00:30:00,2026-10-06 02:00:00,90,CORRIDOR_BLOCK,AVAILABLE,SIGNAL_ISOLATION_REQUIRED,SIGNALLING,SIGNAL,Engineering;Traction,2,3466.49,MEDIUM,90.0,0.0,2026-10-06,"{'Traction', 'Engineering'}",{'SIGNAL'},0.46924799999999994,4,0.564,0.0,0.0
B000163,C012,L012-01,Nilgirinagar,1.36,49.74,2026-09-15 15:00:00,2026-09-15 17:00:00,120,TRAFFIC_BLOCK,AVAILABLE,SIGNAL_ISOLATION_REQUIRED,SIGNALLING,SIGNAL,Signal;Traction,5,4730.4,LOW,120.0,0.0,2026-09-15,"{'Signal', 'Traction'}",{'SIGNAL'},0.0,0,0.259,0.0,0.0
B000164,C012,L012-01,Nilgirinagar,0.0,76.55,2026-10-09 14:30:00,2026-10-09 16:00:00,90,TRAFFIC_BLOCK,AVAILABLE,TRACK_ISOLATION_REQUIRED,TRACK_BOTH,TRACK,Engineering,2,4428.69,LOW,90.0,0.0,2026-10-09,{'Engineering'},{'TRACK'},0.21215250000000002,3,0.315,0.0,0.0
B000165,C013,L013-01,Satpurapur,0.0,50.71,2026-10-14 01:00:00,2026-10-14 03:00:00,120,TRAFFIC_BLOCK,AVAILABLE,OHE_ISOLATION_REQUIRED,OHE,OHE,Traction,2,4468.28,MEDIUM,120.0,0.0,2026-10-14,{'Traction'},{'OHE'},1.2492899999999998,6,0.661,0.0,0.0
B000166,C013,L013-08,Rohtaknagar,266.93,308.23,2026-10-04 22:30:00,2026-10-05 02:30:00,240,NIGHT_BLOCK,AVAILABLE,NIGHT_ONLY;LIMITED_ACCESS,TRACK_UP,NONE,Engineering;Signal;Traction,2,7151.65,MEDIUM,240.0,0.0,2026-10-04,"{'Signal', 'Traction', 'Engineering'}",set(),3.5178525000000005,16,0.74,0.0,0.0
B000167,C014,L014-01,Indraganj,0.93,40.57,2026-09-27 22:30:00,2026-09-28 01:30:00,180,NIGHT_BLOCK,AVAILABLE,SIGNAL_ISOLATION_REQUIRED;NIGHT_ONLY;NO_HEAVY_MACHINE,SIGNALLING,SIGNAL,Signal,3,3953.9,LOW,180.0,0.0,2026-09-27,{'Signal'},{'SIGNAL'},0.0,0,0.271,0.0,0.0
B000168,C014,L014-01,Indraganj,0.0,48.99,2026-09-10 15:00:00,2026-09-10 18:00:00,180,TRAFFIC_BLOCK,AVAILABLE,TRACK_ISOLATION_REQUIRED;NO_HEAVY_MACHINE,TRACK_DOWN,TRACK,Signal;Traction,1,4365.62,LOW,180.0,0.0,2026-09-10,"{'Signal', 'Traction'}",{'TRACK'},0.1647825,3,0.127,0.0,0.0
B000169,C015,L015-05,Sundarnagar,91.16,154.74,2026-09-17 11:00:00,2026-09-17 13:00:00,120,CORRIDOR_BLOCK,AVAILABLE,TRACK_ISOLATION_REQUIRED,TRACK_DOWN,TRACK,Traction,3,5947.37,MEDIUM,120.0,0.0,2026-09-17,{'Traction'},{'TRACK'},0.5084996666666666,7,0.64,0.0,0.0
B000170,C015,L015-05,Sundarnagar,83.64,162.26,2026-10-03 02:30:00,2026-10-03 04:00:00,90,TRAFFIC_BLOCK,AVAILABLE,SIGNAL_ISOLATION_REQUIRED;NO_HEAVY_MACHINE;NO_ELECTRICAL_WORK,SIGNALLING,SIGNAL,Engineering;Signal,4,4141.69,MEDIUM,90.0,0.0,2026-10-03,"{'Signal', 'Engineering'}",{'SIGNAL'},0.40916,5,0.386,0.0,0.0
B000173,C017,L017-03,Gangagarh,13.89,107.57,2026-10-01 23:00:00,2026-10-02 01:00:00,120,NIGHT_BLOCK,AVAILABLE,TRACK_ISOLATION_REQUIRED;NIGHT_ONLY,TRACK_DOWN,TRACK,Signal,2,5017.61,MEDIUM,120.0,0.0,2026-10-01,{'Signal'},{'TRACK'},0.4772888333333334,6,0.538,0.0,0.0
B000174,C017,L017-03,Gangagarh,48.69,72.77,2026-09-25 10:30:00,2026-09-25 13:30:00,180,TRAFFIC_BLOCK,AVAILABLE,OHE_ISOLATION_REQUIRED,OHE,OHE,Engineering;Signal;Traction,4,9745.04,MEDIUM,180.0,0.0,2026-09-25,"{'Signal', 'Traction', 'Engineering'}",{'OHE'},0.921398,12,0.44,0.0,0.0
B000175,C018,L018-03,Indraabad Cantt,57.04,96.14,2026-10-09 03:00:00,2026-10-09 04:00:00,60,CORRIDOR_BLOCK,AVAILABLE,SIGNAL_ISOLATION_REQUIRED,SIGNALLING,SIGNAL,Engineering;Signal;Traction,3,2741.2,HIGH,60.0,0.0,2026-10-09,"{'Signal', 'Traction', 'Engineering'}",{'SIGNAL'},1.0170629999999998,9,0.813,0.0,0.0
B000180,C020,L020-01,Lalitabad Jn,16.96,94.88,2026-09-06 14:00:00,2026-09-06 15:00:00,60,TRAFFIC_BLOCK,AVAILABLE,TRACK_ISOLATION_REQUIRED;SIGNAL_ISOLATION_REQUIRED;LIMITED_ACCESS,TRACK_UP;SIGNALLING,TRACK+SIGNAL,Engineering;Traction,1,4862.4,MEDIUM,60.0,0.0,2026-09-06,"{'Traction', 'Engineering'}","{'TRACK', 'SIGNAL'}",0.035053333333333325,1,0.22,0.0,0.0
B000182,C021,L021-01,Kaveriganj,0.0,28.85,2026-10-15 03:00:00,2026-10-15 05:00:00,120,NIGHT_BLOCK,PROVISIONAL,TRACK_ISOLATION_REQUIRED;NIGHT_ONLY;LIMITED_ACCESS,TRACK_DOWN,TRACK,Engineering,5,3193.88,LOW,120.0,0.0,2026-10-15,{'Engineering'},{'TRACK'},0.6708399999999999,5,0.541,0.0,0.0
B000183,C022,L022-05,Malwagarh,30.99,133.61,2026-09-16 23:30:00,2026-09-17 02:30:00,180,EMERGENCY_BLOCK,AVAILABLE,TRACK_ISOLATION_REQUIRED;NO_HEAVY_MACHINE;NO_ELECTRICAL_WORK,TRACK_BOTH,TRACK,Engineering;Signal;Traction,3,5466.62,MEDIUM,180.0,0.0,2026-09-16,"{'Signal', 'Traction', 'Engineering'}",{'TRACK'},0.5096743333333333,6,0.341,0.0,0.0
B000184,C022,L022-09,Shantipur Jn,165.94,201.56,2026-09-25 11:00:00,2026-09-25 13:00:00,120,CORRIDOR_BLOCK,PROVISIONAL,TRACK_ISOLATION_REQUIRED;OHE_ISOLATION_REQUIRED;SIGNAL_ISOLATION_REQUIRED;NO_HEAVY_MACHINE;LIMITED_ACCESS,TRACK_UP;OHE;SIGNALLING,ALL,Engineering;Signal;Traction,5,6098.12,MEDIUM,120.0,0.0,2026-09-25,"{'Signal', 'Traction', 'Engineering'}","{'TRACK', 'OHE', 'SIGNAL'}",0.13626899999999997,3,0.294,0.0,0.0
B000185,C023,L023-01,Krishnakheda Jn,0.0,99.35,2026-10-06 15:00:00,2026-10-06 16:00:00,60,TRAFFIC_BLOCK,AVAILABLE,OHE_ISOLATION_REQUIRED;LIMITED_ACCESS,OHE,OHE,Engineering;Signal;Traction,5,3817.05,LOW,60.0,0.0,2026-10-06,"{'Signal', 'Traction', 'Engineering'}",{'OHE'},0.12487500000000001,3,0.27,0.0,0.0
B000186,C023,L023-01,Krishnakheda Jn,6.52,88.56,2026-09-16 02:00:00,2026-09-16 06:00:00,240,NIGHT_BLOCK,AVAILABLE,OHE_ISOLATION_REQUIRED;NIGHT_ONLY,OHE,OHE,Engineering;Signal,3,5935.12,LOW,240.0,0.0,2026-09-16,"{'Signal', 'Engineering'}",{'OHE'},3.2134799999999997,9,0.61,0.0,0.0
B000187,C024,L024-04,Taptigarh,31.62,98.2,2026-09-18 03:00:00,2026-09-18 07:00:00,240,NIGHT_BLOCK,AVAILABLE,TRACK_ISOLATION_REQUIRED;NIGHT_ONLY,TRACK_UP,TRACK,Signal;Traction,2,5517.49,LOW,240.0,0.0,2026-09-18,"{'Signal', 'Traction'}",{'TRACK'},0.30786033333333335,4,0.317,0.0,0.0
B000188,C024,L024-04,Taptigarh,62.78,98.2,2026-09-28 10:00:00,2026-09-28 13:00:00,180,CORRIDOR_BLOCK,AVAILABLE,OHE_ISOLATION_REQUIRED;SIGNAL_ISOLATION_REQUIRED;LIMITED_ACCESS,OHE;SIGNALLING,OHE+SIGNAL,Engineering;Signal;Traction,2,5616.94,LOW,180.0,0.0,2026-09-28,"{'Signal', 'Traction', 'Engineering'}","{'OHE', 'SIGNAL'}",0.09442533333333332,1,0.302,0.0,0.0
B000189,C025,L025-05,Indraabad Road,189.66,266.66,2026-09-16 15:00:00,2026-09-16 19:00:00,240,CORRIDOR_BLOCK,PROVISIONAL,OHE_ISOLATION_REQUIRED;SIGNAL_ISOLATION_REQUIRED;NO_HEAVY_MACHINE;LIMITED_ACCESS,OHE;SIGNALLING,OHE+SIGNAL,Engineering;Signal;Traction,3,5799.58,LOW,240.0,0.0,2026-09-16,"{'Signal', 'Traction', 'Engineering'}","{'OHE', 'SIGNAL'}",0.0,0,0.078,0.0,0.0
B000190,C025,L025-06,Bharatabad,306.03,374.8,2026-09-10 13:00:00,2026-09-10 13:45:00,45,CORRIDOR_BLOCK,AVAILABLE,TRACK_ISOLATION_REQUIRED;SIGNAL_ISOLATION_REQUIRED;NO_HEAVY_MACHINE,TRACK_UP;SIGNALLING,TRACK+SIGNAL,Engineering;Signal;Traction,1,2592.53,LOW,45.0,0.0,2026-09-10,"{'Signal', 'Traction', 'Engineering'}","{'TRACK', 'SIGNAL'}",0.0,0,0.059,0.0,0.0
B000191,C026,L026-04,Ranahalli Jn,0.0,36.2,2026-09-24 15:00:00,2026-09-24 16:00:00,60,TRAFFIC_BLOCK,AVAILABLE,TRACK_ISOLATION_REQUIRED;OHE_ISOLATION_REQUIRED;LIMITED_ACCESS,TRACK_UP;OHE,TRACK+OHE,Engineering;Signal;Traction,4,5842.47,HIGH,60.0,0.0,2026-09-24,"{'Signal', 'Traction', 'Engineering'}","{'TRACK', 'OHE'}",0.33259666666666665,5,0.452,1.0,3.0
B000192,C026,L026-03,Charanpalli Cantt,0.0,36.2,2026-09-12 03:00:00,2026-09-12 04:00:00,60,NIGHT_BLOCK,AVAILABLE,TRACK_ISOLATION_REQUIRED;NIGHT_ONLY;NO_HEAVY_MACHINE,TRACK_UP,TRACK,Engineering;Signal,3,2517.75,HIGH,60.0,0.0,2026-09-12,"{'Signal', 'Engineering'}",{'TRACK'},0.284726,3,0.611,0.0,0.0
B000193,C027,L027-05,Chitraganj Road,82.73,167.2,2026-10-13 10:30:00,2026-10-13 14:30:00,240,TRAFFIC_BLOCK,AVAILABLE,TRACK_ISOLATION_REQUIRED;OHE_ISOLATION_REQUIRED;SIGNAL_ISOLATION_REQUIRED,TRACK_BOTH;OHE;SIGNALLING,ALL,Engineering,2,9185.28,MEDIUM,240.0,0.0,2026-10-13,{'Engineering'},"{'TRACK', 'OHE', 'SIGNAL'}",0.2673845,3,0.442,0.0,0.0
B000194,C027,L027-01,Krishnapur Jn,0.0,66.9,2026-09-13 23:00:00,2026-09-14 01:00:00,120,NIGHT_BLOCK,AVAILABLE,TRACK_ISOLATION_REQUIRED;NO_HEAVY_MACHINE;LIMITED_ACCESS,TRACK_BOTH,TRACK,Engineering;Signal;Traction,2,4239.8,MEDIUM,120.0,0.0,2026-09-13,"{'Signal', 'Traction', 'Engineering'}",{'TRACK'},0.395601,6,0.489,0.0,0.0
B000195,C028,L028-08,Chandrakheda Jn,166.66,260.12,2026-10-03 23:00:00,2026-10-04 00:00:00,60,NIGHT_BLOCK,AVAILABLE,TRACK_ISOLATION_REQUIRED,TRACK_BOTH,TRACK,Engineering;Traction,1,3347.65,HIGH,60.0,0.0,2026-10-03,"{'Traction', 'Engineering'}",{'TRACK'},0.6507093333333334,8,0.604,0.0,0.0
B000196,C028,L028-08,Chandrakheda Jn,185.22,241.56,2026-10-05 23:30:00,2026-10-06 01:30:00,120,TRAFFIC_BLOCK,AVAILABLE,TRACK_ISOLATION_REQUIRED;NO_HEAVY_MACHINE,TRACK_BOTH,TRACK,Engineering;Signal;Traction,2,5440.89,HIGH,120.0,0.0,2026-10-05,"{'Signal', 'Traction', 'Engineering'}",{'TRACK'},2.7851139999999996,22,1.0,0.0,0.0
B000197,C029,L029-07,Vindhyakheda,93.48,117.62,2026-10-12 23:00:00,2026-10-12 23:45:00,45,NIGHT_BLOCK,PROVISIONAL,TRACK_ISOLATION_REQUIRED;SIGNAL_ISOLATION_REQUIRED;NIGHT_ONLY;NO_HEAVY_MACHINE,TRACK_DOWN;SIGNALLING,TRACK+SIGNAL,Engineering,3,2557.84,HIGH,45.0,0.0,2026-10-12,{'Engineering'},"{'TRACK', 'SIGNAL'}",0.207112125,3,0.649,0.0,0.0
B000198,C029,L029-06,Taptikheda,54.69,111.73,2026-09-29 01:30:00,2026-09-29 03:30:00,120,NIGHT_BLOCK,AVAILABLE,TRACK_ISOLATION_REQUIRED;OHE_ISOLATION_REQUIRED;SIGNAL_ISOLATION_REQUIRED;NIGHT_ONLY;NO_HEAVY_MACHINE,TRACK_DOWN;OHE;SIGNALLING,ALL,Engineering;Signal,5,4614.27,HIGH,120.0,0.0,2026-09-29,"{'Signal', 'Engineering'}","{'TRACK', 'OHE', 'SIGNAL'}",5.10948,18,0.996,0.0,0.0
B000199,C030,L030-04,Kanhahalli Jn,193.94,247.9,2026-09-06 17:00:00,2026-09-06 20:00:00,180,TRAFFIC_BLOCK,AVAILABLE,TRACK_ISOLATION_REQUIRED;SIGNAL_ISOLATION_REQUIRED,TRACK_DOWN;SIGNALLING,TRACK+SIGNAL,Engineering;Signal;Traction,3,5636.92,MEDIUM,180.0,0.0,2026-09-06,"{'Signal', 'Traction', 'Engineering'}","{'TRACK', 'SIGNAL'}",0.37354999999999994,7,0.335,0.0,0.0
B000200,C030,L030-04,Kanhahalli Jn,183.69,258.15,2026-09-06 10:30:00,2026-09-06 11:15:00,45,CORRIDOR_BLOCK,AVAILABLE,OHE_ISOLATION_REQUIRED;NO_HEAVY_MACHINE,OHE,OHE,Signal,1,3648.92,MEDIUM,45.0,0.0,2026-09-06,{'Signal'},{'OHE'},0.06544799999999999,2,0.288,0.0,0.0
B000201,C031,L031-01,Sundargarh Road,3.59,111.63,2026-09-14 15:00:00,2026-09-14 16:30:00,90,TRAFFIC_BLOCK,AVAILABLE,TRACK_ISOLATION_REQUIRED;OHE_ISOLATION_REQUIRED;SIGNAL_ISOLATION_REQUIRED,TRACK_UP;OHE;SIGNALLING,ALL,Engineering,1,4545.13,LOW,90.0,0.0,2026-09-14,{'Engineering'},"{'TRACK', 'OHE', 'SIGNAL'}",0.08784249999999999,2,0.205,0.0,0.0
B000202,C031,L031-03,Konkanabad Road,95.94,122.28,2026-09-08 10:30:00,2026-09-08 13:30:00,180,ROLLING_BLOCK,AVAILABLE,TRACK_ISOLATION_REQUIRED;NO_HEAVY_MACHINE,TRACK_DOWN,TRACK,Traction,2,6895.23,LOW,180.0,0.0,2026-09-08,{'Traction'},{'TRACK'},0.0342465,2,0.158,0.0,0.0
B000203,C032,L032-02,Veerkheda,21.12,63.94,2026-09-15 02:00:00,2026-09-15 06:00:00,240,CORRIDOR_BLOCK,AVAILABLE,OHE_ISOLATION_REQUIRED,OHE,OHE,Engineering,5,4254.47,LOW,240.0,0.0,2026-09-15,{'Engineering'},{'OHE'},0.3538133333333333,2,0.31,0.0,0.0
B000204,C032,L032-01,Palaninagar,0.0,51.78,2026-09-17 23:00:00,2026-09-18 03:00:00,240,ROLLING_BLOCK,AVAILABLE,NO_ELECTRICAL_WORK;LIMITED_ACCESS,LOOP_LINE,NONE,Engineering;Signal;Traction,4,4653.43,LOW,240.0,0.0,2026-09-17,"{'Signal', 'Traction', 'Engineering'}",set(),0.4669499999999999,4,0.283,0.0,0.0
B000205,C033,L033-05,Gangahalli,44.59,95.45,2026-09-09 10:00:00,2026-09-09 10:45:00,45,CORRIDOR_BLOCK,PROVISIONAL,TRACK_ISOLATION_REQUIRED;SIGNAL_ISOLATION_REQUIRED;NO_HEAVY_MACHINE,TRACK_UP;SIGNALLING,TRACK+SIGNAL,Engineering;Signal;Traction,1,4788.82,MEDIUM,45.0,0.0,2026-09-09,"{'Signal', 'Traction', 'Engineering'}","{'TRACK', 'SIGNAL'}",0.369408,8,0.444,0.0,0.0
B000206,C033,L033-05,Gangahalli,51.77,88.27,2026-10-13 14:30:00,2026-10-13 17:30:00,180,CORRIDOR_BLOCK,AVAILABLE,NONE,TRACK_DOWN,NONE,Engineering;Signal;Traction,4,8150.15,MEDIUM,180.0,0.0,2026-10-13,"{'Signal', 'Traction', 'Engineering'}",set(),2.4804,13,0.45,0.0,0.0
B000207,C034,L034-06,Bilaskot Road,0.0,73.59,2026-09-22 14:30:00,2026-09-22 16:30:00,120,TRAFFIC_BLOCK,AVAILABLE,SIGNAL_ISOLATION_REQUIRED;NO_HEAVY_MACHINE,SIGNALLING,SIGNAL,Engineering;Signal,5,6827.6,MEDIUM,120.0,0.0,2026-09-22,"{'Signal', 'Engineering'}",{'SIGNAL'},0.5357799999999999,4,0.445,0.0,0.0
B000208,C034,L034-04,Haldinagar Cantt,0.0,56.68,2026-10-13 22:30:00,2026-10-14 02:30:00,240,NIGHT_BLOCK,AVAILABLE,SIGNAL_ISOLATION_REQUIRED,SIGNALLING,SIGNAL,Engineering,3,8250.26,MEDIUM,240.0,0.0,2026-10-13,{'Engineering'},{'SIGNAL'},1.549744,9,0.668,0.0,0.0
B000209,C035,L035-01,Jaisalkot Cantt,0.0,52.6,2026-09-18 14:30:00,2026-09-18 15:30:00,60,CORRIDOR_BLOCK,PROVISIONAL,NONE,PLATFORM_LINE,NONE,Signal,5,3442.37,MEDIUM,60.0,0.0,2026-09-18,{'Signal'},set(),0.02965766666666667,1,0.193,0.0,0.0
B000210,C035,L035-01,Jaisalkot Cantt,0.0,24.09,2026-09-21 23:30:00,2026-09-22 01:30:00,120,ROLLING_BLOCK,AVAILABLE,OHE_ISOLATION_REQUIRED,OHE,OHE,Engineering;Signal;Traction,2,3564.41,MEDIUM,120.0,0.0,2026-09-21,"{'Signal', 'Traction', 'Engineering'}",{'OHE'},0.23044816666666665,4,0.308,0.0,0.0
B000211,C036,L036-07,Pushkargunj,58.79,150.33,2026-09-13 02:30:00,2026-09-13 03:30:00,60,TRAFFIC_BLOCK,AVAILABLE,SIGNAL_ISOLATION_REQUIRED,SIGNALLING,SIGNAL,Engineering;Signal;Traction,3,3003.88,HIGH,60.0,0.0,2026-09-13,"{'Signal', 'Traction', 'Engineering'}",{'SIGNAL'},0.36654583333333335,5,0.505,0.0,0.0
B000212,C036,L036-06,Taptikot,51.48,142.98,2026-09-08 02:00:00,2026-09-08 02:30:00,30,CORRIDOR_BLOCK,AVAILABLE,TRACK_ISOLATION_REQUIRED;NO_HEAVY_MACHINE,TRACK_BOTH,TRACK,Engineering;Signal;Traction,3,1816.02,HIGH,30.0,0.0,2026-09-08,"{'Signal', 'Traction', 'Engineering'}",{'TRACK'},0.41196750000000004,7,0.798,0.0,0.0
B000213,C037,L037-06,Dhanuhalli Road,156.78,240.58,2026-10-15 23:00:00,2026-10-16 01:00:00,120,TRAFFIC_BLOCK,AVAILABLE,TRACK_ISOLATION_REQUIRED;NO_HEAVY_MACHINE;LIMITED_ACCESS,TRACK_BOTH,TRACK,Engineering;Signal;Traction,1,5718.39,HIGH,120.0,0.0,2026-10-15,"{'Signal', 'Traction', 'Engineering'}",{'TRACK'},0.17996100000000004,2,0.669,0.0,0.0
B000214,C037,L037-05,Veerhalli,136.4,189.98,2026-10-12 14:30:00,2026-10-12 15:30:00,60,TRAFFIC_BLOCK,AVAILABLE,NONE,LOOP_LINE,NONE,Engineering;Signal;Traction,4,6677.95,HIGH,60.0,0.0,2026-10-12,"{'Signal', 'Traction', 'Engineering'}",set(),0.20634,4,0.362,0.0,0.0
B000216,C038,L038-01,Sabarhalli,26.35,90.59,2026-09-05 14:30:00,2026-09-05 15:15:00,45,TRAFFIC_BLOCK,AVAILABLE,TRACK_ISOLATION_REQUIRED;NO_HEAVY_MACHINE,TRACK_BOTH,TRACK,Engineering,3,4681.83,MEDIUM,45.0,0.0,2026-09-05,{'Engineering'},{'TRACK'},0.0,0,0.232,0.0,0.0
B000217,C039,L039-12,Palaninagar,185.43,217.6,2026-10-03 03:00:00,2026-10-03 05:00:00,120,TRAFFIC_BLOCK,AVAILABLE,SIGNAL_ISOLATION_REQUIRED;NO_HEAVY_MACHINE,SIGNALLING,SIGNAL,Engineering,2,4181.56,HIGH,120.0,0.0,2026-10-03,{'Engineering'},{'SIGNAL'},0.664256,4,0.582,0.0,0.0
B000218,C039,L039-12,Palaninagar,187.2,217.6,2026-09-18 00:30:00,2026-09-18 03:30:00,180,CORRIDOR_BLOCK,AVAILABLE,TRACK_ISOLATION_REQUIRED;OHE_ISOLATION_REQUIRED,TRACK_DOWN;OHE,TRACK+OHE,Engineering;Signal;Traction,1,6657.84,HIGH,180.0,0.0,2026-09-18,"{'Signal', 'Traction', 'Engineering'}","{'TRACK', 'OHE'}",5.333895,14,0.885,0.0,0.0
B000219,C040,L040-03,Konkankot Cantt,5.47,80.43,2026-09-16 01:00:00,2026-09-16 02:30:00,90,TRAFFIC_BLOCK,PROVISIONAL,TRACK_ISOLATION_REQUIRED;NO_ELECTRICAL_WORK,TRACK_DOWN,TRACK,Engineering,4,3725.75,MEDIUM,90.0,0.0,2026-09-16,{'Engineering'},{'TRACK'},0.32384999999999997,4,0.381,0.0,0.0
B000220,C040,L040-01,Sundargarh Cantt,0.0,76.42,2026-09-14 10:30:00,2026-09-14 12:00:00,90,TRAFFIC_BLOCK,AVAILABLE,TRACK_ISOLATION_REQUIRED;NO_ELECTRICAL_WORK;LIMITED_ACCESS,TRACK_UP,TRACK,Engineering;Signal;Traction,4,7865.17,MEDIUM,90.0,0.0,2026-09-14,"{'Signal', 'Traction', 'Engineering'}",{'TRACK'},0.11247,2,0.276,0.0,0.0
B000222,C041,L041-02,Chandrahalli Cantt,0.0,57.6,2026-09-29 14:00:00,2026-09-29 17:00:00,180,TRAFFIC_BLOCK,PROVISIONAL,TRACK_ISOLATION_REQUIRED;OHE_ISOLATION_REQUIRED;SIGNAL_ISOLATION_REQUIRED;NO_HEAVY_MACHINE,TRACK_BOTH;OHE;SIGNALLING,ALL,Engineering;Signal;Traction,1,7495.76,MEDIUM,180.0,0.0,2026-09-29,"{'Signal', 'Traction', 'Engineering'}","{'TRACK', 'OHE', 'SIGNAL'}",0.511176,3,0.361,0.0,0.0
B000223,C042,L042-05,Jaisalhalli Cantt,191.33,235.47,2026-10-10 14:00:00,2026-10-10 16:00:00,120,TRAFFIC_BLOCK,AVAILABLE,TRACK_ISOLATION_REQUIRED,TRACK_BOTH,TRACK,Engineering;Signal;Traction,2,5222.27,LOW,120.0,0.0,2026-10-10,"{'Signal', 'Traction', 'Engineering'}",{'TRACK'},0.07229999999999999,1,0.3,0.0,0.0
B000224,C042,L042-05,Jaisalhalli Cantt,176.04,237.4,2026-10-06 11:00:00,2026-10-06 15:00:00,240,TRAFFIC_BLOCK,AVAILABLE,OHE_ISOLATION_REQUIRED,OHE,OHE,Traction,1,8009.18,LOW,240.0,0.0,2026-10-06,{'Traction'},{'OHE'},0.146888,4,0.334,0.0,0.0
B000225,C043,L043-02,Pushkarpur,115.0,149.96,2026-09-27 08:00:00,2026-09-27 09:30:00,90,TRAFFIC_BLOCK,AVAILABLE,TRACK_ISOLATION_REQUIRED,TRACK_BOTH,TRACK,Engineering,3,5377.36,LOW,90.0,0.0,2026-09-27,{'Engineering'},{'TRACK'},0.0,0,0.132,0.0,0.0
B000226,C043,L043-05,Palaniabad,144.66,246.6,2026-09-14 14:00:00,2026-09-14 18:00:00,240,ROLLING_BLOCK,AVAILABLE,NONE,TRACK_UP,NONE,Engineering;Signal,4,9443.54,LOW,240.0,0.0,2026-09-14,"{'Signal', 'Engineering'}",set(),0.9676213333333333,4,0.397,0.0,0.0
B000227,C044,L044-03,Sabarnagar Road,0.0,61.1,2026-10-12 11:00:00,2026-10-12 15:00:00,240,ROLLING_BLOCK,AVAILABLE,TRACK_ISOLATION_REQUIRED;NO_HEAVY_MACHINE;LIMITED_ACCESS,TRACK_UP,TRACK,Engineering;Traction,5,9735.57,MEDIUM,240.0,0.0,2026-10-12,"{'Traction', 'Engineering'}",{'TRACK'},0.10435683333333332,2,0.292,0.0,0.0
B000228,C044,L044-02,Yamunahalli,13.28,48.82,2026-09-30 02:30:00,2026-09-30 04:30:00,120,CORRIDOR_BLOCK,AVAILABLE,OHE_ISOLATION_REQUIRED,OHE,OHE,Engineering;Signal;Traction,1,3877.53,MEDIUM,120.0,0.0,2026-09-30,"{'Signal', 'Traction', 'Engineering'}",{'OHE'},1.1344853333333331,7,0.568,0.0,0.0
B000229,C045,L045-01,Taptihalli Road,36.8,95.38,2026-09-12 23:00:00,2026-09-13 02:00:00,180,CORRIDOR_BLOCK,AVAILABLE,NO_HEAVY_MACHINE,LOOP_LINE,NONE,Signal;Traction,5,3642.17,LOW,180.0,0.0,2026-09-12,"{'Signal', 'Traction'}",set(),0.7215,10,0.414,0.0,0.0
B000230,C045,L045-01,Taptihalli Road,22.27,109.91,2026-09-01 13:00:00,2026-09-01 16:00:00,180,ROLLING_BLOCK,PROVISIONAL,TRACK_ISOLATION_REQUIRED,TRACK_DOWN,TRACK,Engineering;Traction,3,4690.46,LOW,180.0,0.0,2026-09-01,"{'Traction', 'Engineering'}",{'TRACK'},0.12284300000000001,1,0.322,0.0,0.0
B000231,C046,L046-02,Lalitabad,3.77,77.09,2026-09-07 13:00:00,2026-09-07 14:30:00,90,TRAFFIC_BLOCK,AVAILABLE,TRACK_ISOLATION_REQUIRED;OHE_ISOLATION_REQUIRED;SIGNAL_ISOLATION_REQUIRED;NO_HEAVY_MACHINE;LIMITED_ACCESS,TRACK_UP;OHE;SIGNALLING,ALL,Engineering,2,4899.73,LOW,90.0,0.0,2026-09-07,{'Engineering'},"{'TRACK', 'OHE', 'SIGNAL'}",0.0,0,0.034,0.0,0.0
B000232,C046,L046-02,Lalitabad,25.75,55.11,2026-09-30 23:30:00,2026-10-01 02:30:00,180,NIGHT_BLOCK,AVAILABLE,OHE_ISOLATION_REQUIRED;NIGHT_ONLY,OHE,OHE,Engineering;Signal;Traction,3,5654.05,LOW,180.0,0.0,2026-09-30,"{'Signal', 'Traction', 'Engineering'}",{'OHE'},0.08748708333333333,1,0.3,0.0,0.0
B000233,C047,L047-02,Ashokganj Jn,0.0,85.55,2026-10-01 15:00:00,2026-10-01 19:00:00,240,CORRIDOR_BLOCK,AVAILABLE,TRACK_ISOLATION_REQUIRED;OHE_ISOLATION_REQUIRED;LIMITED_ACCESS,TRACK_BOTH;OHE,TRACK+OHE,Engineering;Signal,3,10994.57,MEDIUM,240.0,0.0,2026-10-01,"{'Signal', 'Engineering'}","{'TRACK', 'OHE'}",2.4691905,16,0.747,0.0,0.0
B000235,C048,L048-03,Taranagar Cantt,28.24,78.14,2026-09-10 02:00:00,2026-09-10 04:00:00,120,NIGHT_BLOCK,AVAILABLE,TRACK_ISOLATION_REQUIRED;NIGHT_ONLY,TRACK_UP,TRACK,Engineering;Signal;Traction,3,4062.13,MEDIUM,120.0,0.0,2026-09-10,"{'Signal', 'Traction', 'Engineering'}",{'TRACK'},0.7470399999999999,4,0.696,0.0,0.0
B000236,C048,L048-03,Taranagar Cantt,23.28,83.1,2026-09-10 13:00:00,2026-09-10 14:00:00,60,TRAFFIC_BLOCK,AVAILABLE,OHE_ISOLATION_REQUIRED,OHE,OHE,Engineering;Signal;Traction,3,5454.33,MEDIUM,60.0,0.0,2026-09-10,"{'Signal', 'Traction', 'Engineering'}",{'OHE'},0.0,0,0.316,0.0,0.0
B000237,C049,L049-07,Vindhyaganj Jn,167.0,209.86,2026-09-21 03:00:00,2026-09-21 06:00:00,180,CORRIDOR_BLOCK,AVAILABLE,TRACK_ISOLATION_REQUIRED;NO_HEAVY_MACHINE;LIMITED_ACCESS,TRACK_BOTH,TRACK,Engineering;Signal;Traction,2,5642.44,MEDIUM,180.0,0.0,2026-09-21,"{'Signal', 'Traction', 'Engineering'}",{'TRACK'},1.6797374999999999,5,0.711,0.0,0.0
B000238,C049,L049-04,Ranagunj,55.67,84.91,2026-09-11 18:00:00,2026-09-11 21:00:00,180,TRAFFIC_BLOCK,AVAILABLE,SIGNAL_ISOLATION_REQUIRED;LIMITED_ACCESS,SIGNALLING,SIGNAL,Engineering;Signal;Traction,1,9590.67,MEDIUM,180.0,0.0,2026-09-11,"{'Signal', 'Traction', 'Engineering'}",{'SIGNAL'},3.6857339999999996,12,0.741,0.0,0.0
B000239,C050,L050-01,Taragunj,0.0,56.02,2026-10-15 00:30:00,2026-10-15 01:15:00,45,NIGHT_BLOCK,AVAILABLE,OHE_ISOLATION_REQUIRED;NIGHT_ONLY;NO_HEAVY_MACHINE,OHE,OHE,Engineering;Signal;Traction,2,2717.79,HIGH,45.0,0.0,2026-10-15,"{'Signal', 'Traction', 'Engineering'}",{'OHE'},0.901,8,1.0,0.0,0.0
B000240,C050,L050-02,Devgarhpur Road,4.46,55.94,2026-09-24 02:30:00,2026-09-24 05:30:00,180,EMERGENCY_BLOCK,AVAILABLE,LIMITED_ACCESS,TRACK_DOWN,NONE,Traction,2,7413.67,HIGH,180.0,0.0,2026-09-24,{'Traction'},set(),5.481,14,1.0,0.0,0.0
B000241,C051,L051-08,Girnarnagar,128.4,218.14,2026-09-11 02:00:00,2026-09-11 04:00:00,120,CORRIDOR_BLOCK,AVAILABLE,TRACK_ISOLATION_REQUIRED;LIMITED_ACCESS,TRACK_UP,TRACK,Engineering,1,5452.36,HIGH,120.0,0.0,2026-09-11,{'Engineering'},{'TRACK'},2.565,9,1.0,0.0,0.0
B000242,C051,L051-08,Girnarnagar,136.49,210.05,2026-09-16 23:30:00,2026-09-17 00:30:00,60,EMERGENCY_BLOCK,AVAILABLE,SIGNAL_ISOLATION_REQUIRED,SIGNALLING,SIGNAL,Engineering;Signal;Traction,3,3987.47,HIGH,60.0,0.0,2026-09-16,"{'Signal', 'Traction', 'Engineering'}",{'SIGNAL'},1.695144,24,1.0,1.0,3.0
B000243,C052,L052-09,Omkargunj,139.34,225.48,2026-09-07 22:30:00,2026-09-07 23:30:00,60,NIGHT_BLOCK,AVAILABLE,SIGNAL_ISOLATION_REQUIRED;NIGHT_ONLY,SIGNALLING,SIGNAL,Traction,4,3113.79,HIGH,60.0,0.0,2026-09-07,{'Traction'},{'SIGNAL'},0.34219999999999995,4,0.59,0.0,0.0
B000244,C052,L052-09,Omkargunj,153.78,211.04,2026-09-22 19:00:00,2026-09-22 20:00:00,60,TRAFFIC_BLOCK,AVAILABLE,OHE_ISOLATION_REQUIRED,OHE,OHE,Traction,5,6950.23,HIGH,60.0,0.0,2026-09-22,{'Traction'},{'OHE'},0.8285055,9,0.643,0.0,0.0
B000245,C053,L053-06,Palanipalli,195.64,247.74,2026-10-04 10:30:00,2026-10-04 12:30:00,120,ROLLING_BLOCK,AVAILABLE,TRACK_ISOLATION_REQUIRED,TRACK_UP,TRACK,Engineering;Signal;Traction,2,5533.74,LOW,120.0,0.0,2026-10-04,"{'Signal', 'Traction', 'Engineering'}",{'TRACK'},0.04970499999999999,3,0.237,0.0,0.0
B000246,C053,L053-05,Rohtakgunj Road,158.94,199.28,2026-09-29 11:00:00,2026-09-29 14:00:00,180,ROLLING_BLOCK,AVAILABLE,OHE_ISOLATION_REQUIRED;LIMITED_ACCESS,OHE,OHE,Engineering;Traction,4,6888.13,LOW,180.0,0.0,2026-09-29,"{'Traction', 'Engineering'}",{'OHE'},0.0,0,0.146,0.0,0.0
B000247,C054,L054-01,Chandrakot,0.0,57.29,2026-09-05 08:00:00,2026-09-05 09:30:00,90,CORRIDOR_BLOCK,AVAILABLE,TRACK_ISOLATION_REQUIRED;OHE_ISOLATION_REQUIRED;SIGNAL_ISOLATION_REQUIRED,TRACK_UP;OHE;SIGNALLING,ALL,Engineering;Signal;Traction,3,5249.73,MEDIUM,90.0,0.0,2026-09-05,"{'Signal', 'Traction', 'Engineering'}","{'TRACK', 'OHE', 'SIGNAL'}",0.098397,2,0.234,0.0,0.0
B000248,C054,L054-01,Chandrakot,0.0,52.47,2026-10-02 14:30:00,2026-10-02 16:00:00,90,ROLLING_BLOCK,AVAILABLE,NO_ELECTRICAL_WORK,TRACK_UP,NONE,Signal,3,5769.25,MEDIUM,90.0,0.0,2026-10-02,{'Signal'},set(),0.0,0,0.09,0.0,0.0
B000249,C055,L055-04,Sabarpur,29.89,105.2,2026-10-11 13:00:00,2026-10-11 14:30:00,90,TRAFFIC_BLOCK,AVAILABLE,TRACK_ISOLATION_REQUIRED,TRACK_DOWN,TRACK,Engineering;Signal;Traction,3,4037.17,LOW,90.0,0.0,2026-10-11,"{'Signal', 'Traction', 'Engineering'}",{'TRACK'},0.0,0,0.0,0.0,0.0
B000251,C056,L056-02,Satpuraganj,0.0,75.26,2026-09-29 10:30:00,2026-09-29 14:30:00,240,TRAFFIC_BLOCK,AVAILABLE,TRACK_ISOLATION_REQUIRED;NO_HEAVY_MACHINE,TRACK_DOWN,TRACK,Engineering;Signal;Traction,4,6564.44,LOW,240.0,0.0,2026-09-29,"{'Signal', 'Traction', 'Engineering'}",{'TRACK'},0.0,0,0.236,0.0,0.0
B000252,C056,L056-02,Satpuraganj,0.0,75.45,2026-09-22 11:00:00,2026-09-22 13:00:00,120,CORRIDOR_BLOCK,AVAILABLE,TRACK_ISOLATION_REQUIRED;OHE_ISOLATION_REQUIRED;SIGNAL_ISOLATION_REQUIRED,TRACK_BOTH;OHE;SIGNALLING,ALL,Engineering;Signal;Traction,1,5113.84,LOW,120.0,0.0,2026-09-22,"{'Signal', 'Traction', 'Engineering'}","{'TRACK', 'OHE', 'SIGNAL'}",0.062251666666666663,1,0.41,0.0,0.0
B000253,C057,L057-03,Chitrapur,67.69,143.41,2026-09-19 02:00:00,2026-09-19 03:30:00,90,CORRIDOR_BLOCK,AVAILABLE,OHE_ISOLATION_REQUIRED;LIMITED_ACCESS,OHE,OHE,Engineering;Signal;Traction,5,3191.07,MEDIUM,90.0,0.0,2026-09-19,"{'Signal', 'Traction', 'Engineering'}",{'OHE'},0.5189374999999999,5,0.437,0.0,0.0
B000254,C057,L057-03,Chitrapur,81.73,129.37,2026-09-27 22:30:00,2026-09-28 02:30:00,240,NIGHT_BLOCK,AVAILABLE,OHE_ISOLATION_REQUIRED;NO_HEAVY_MACHINE;LIMITED_ACCESS,OHE,OHE,Engineering;Signal;Traction,3,7988.29,MEDIUM,240.0,0.0,2026-09-27,"{'Signal', 'Traction', 'Engineering'}",{'OHE'},1.1322323333333335,7,0.694,0.0,0.0
B000255,C058,L058-11,Bharatpur Cantt,0.25,46.9,2026-09-11 22:30:00,2026-09-12 02:30:00,240,CORRIDOR_BLOCK,AVAILABLE,OHE_ISOLATION_REQUIRED,OHE,OHE,Engineering;Signal;Traction,5,6357.37,MEDIUM,240.0,0.0,2026-09-11,"{'Signal', 'Traction', 'Engineering'}",{'OHE'},0.48225725,5,0.312,0.0,0.0
B000256,C058,L058-10,Konkangunj Road,15.63,46.9,2026-09-20 23:00:00,2026-09-21 03:00:00,240,NIGHT_BLOCK,AVAILABLE,OHE_ISOLATION_REQUIRED;SIGNAL_ISOLATION_REQUIRED;NIGHT_ONLY;NO_HEAVY_MACHINE,OHE;SIGNALLING,OHE+SIGNAL,Engineering;Signal;Traction,1,5960.08,MEDIUM,240.0,0.0,2026-09-20,"{'Signal', 'Traction', 'Engineering'}","{'OHE', 'SIGNAL'}",1.1001185,6,0.547,0.0,0.0
B000257,C059,L059-05,Vindhyakheda,309.95,355.77,2026-09-28 23:30:00,2026-09-29 00:30:00,60,ROLLING_BLOCK,AVAILABLE,TRACK_ISOLATION_REQUIRED;OHE_ISOLATION_REQUIRED;SIGNAL_ISOLATION_REQUIRED;LIMITED_ACCESS,TRACK_DOWN;OHE;SIGNALLING,ALL,Signal,3,2371.24,HIGH,60.0,0.0,2026-09-28,{'Signal'},"{'TRACK', 'OHE', 'SIGNAL'}",0.33510866666666667,7,0.709,0.0,0.0
B000258,C059,L059-05,Vindhyakheda,320.28,345.44,2026-10-08 09:00:00,2026-10-08 09:30:00,30,ROLLING_BLOCK,AVAILABLE,SIGNAL_ISOLATION_REQUIRED;NO_HEAVY_MACHINE;NO_ELECTRICAL_WORK;LIMITED_ACCESS,SIGNALLING,SIGNAL,Engineering;Signal;Traction,4,5816.85,HIGH,30.0,0.0,2026-10-08,"{'Signal', 'Traction', 'Engineering'}",{'SIGNAL'},0.05945799999999999,2,0.411,0.0,0.0
B000259,C060,L060-03,Rohtakpur,24.14,113.42,2026-09-06 11:00:00,2026-09-06 14:00:00,180,TRAFFIC_BLOCK,AVAILABLE,SIGNAL_ISOLATION_REQUIRED,SIGNALLING,SIGNAL,Engineering;Signal;Traction,4,10511.87,HIGH,180.0,0.0,2026-09-06,"{'Signal', 'Traction', 'Engineering'}",{'SIGNAL'},0.18651266666666666,3,0.274,0.0,0.0
B000260,C060,L060-03,Rohtakpur,56.03,81.53,2026-09-02 01:00:00,2026-09-02 04:00:00,180,NIGHT_BLOCK,AVAILABLE,TRACK_ISOLATION_REQUIRED;OHE_ISOLATION_REQUIRED;SIGNAL_ISOLATION_REQUIRED;NIGHT_ONLY,TRACK_UP;OHE;SIGNALLING,ALL,Engineering;Signal;Traction,1,6730.35,HIGH,180.0,0.0,2026-09-02,"{'Signal', 'Traction', 'Engineering'}","{'TRACK', 'OHE', 'SIGNAL'}",4.804735,13,0.965,0.0,0.0
B000261,C061,L061-01,Omkarabad Road,0.0,21.84,2026-09-21 02:30:00,2026-09-21 05:30:00,180,NIGHT_BLOCK,AVAILABLE,OHE_ISOLATION_REQUIRED;NO_HEAVY_MACHINE,OHE,OHE,Signal;Traction,4,6363.45,MEDIUM,180.0,0.0,2026-09-21,"{'Signal', 'Traction'}",{'OHE'},2.5457895,9,0.621,0.0,0.0
B000262,C061,L061-01,Omkarabad Road,0.0,42.99,2026-09-01 14:00:00,2026-09-01 15:30:00,90,CORRIDOR_BLOCK,AVAILABLE,LIMITED_ACCESS,TRACK_DOWN,NONE,Engineering;Signal;Traction,4,6204.84,MEDIUM,90.0,0.0,2026-09-01,"{'Signal', 'Traction', 'Engineering'}",set(),0.326016,4,0.384,0.0,0.0
B000263,C062,L062-04,Devgarhgarh,151.56,242.58,2026-09-18 10:30:00,2026-09-18 12:00:00,90,TRAFFIC_BLOCK,AVAILABLE,TRACK_ISOLATION_REQUIRED;OHE_ISOLATION_REQUIRED;SIGNAL_ISOLATION_REQUIRED,TRACK_UP;OHE;SIGNALLING,ALL,Traction,5,5919.18,MEDIUM,90.0,0.0,2026-09-18,{'Traction'},"{'TRACK', 'OHE', 'SIGNAL'}",0.30459,3,0.44,0.0,0.0
B000264,C062,L062-06,Ambahalli Cantt,310.01,389.39,2026-09-26 03:00:00,2026-09-26 06:00:00,180,NIGHT_BLOCK,AVAILABLE,TRACK_ISOLATION_REQUIRED;NIGHT_ONLY;NO_ELECTRICAL_WORK,TRACK_DOWN,TRACK,Engineering;Signal;Traction,2,5620.45,MEDIUM,180.0,0.0,2026-09-26,"{'Signal', 'Traction', 'Engineering'}",{'TRACK'},1.376949,6,0.551,0.0,0.0
B000265,C063,L063-06,Sabargunj Road,49.86,113.88,2026-09-12 03:00:00,2026-09-12 05:00:00,120,NIGHT_BLOCK,AVAILABLE,SIGNAL_ISOLATION_REQUIRED;NIGHT_ONLY;NO_HEAVY_MACHINE,SIGNALLING,SIGNAL,Engineering;Signal;Traction,4,3669.29,MEDIUM,120.0,0.0,2026-09-12,"{'Signal', 'Traction', 'Engineering'}",{'SIGNAL'},0.936752,6,0.508,0.0,0.0
B000266,C063,L063-06,Sabargunj Road,47.32,116.42,2026-10-11 15:00:00,2026-10-11 17:00:00,120,ROLLING_BLOCK,AVAILABLE,TRACK_ISOLATION_REQUIRED;LIMITED_ACCESS,TRACK_BOTH,TRACK,Engineering;Signal;Traction,1,6041.39,MEDIUM,120.0,0.0,2026-10-11,"{'Signal', 'Traction', 'Engineering'}",{'TRACK'},0.0,0,0.142,0.0,0.0
B000267,C064,L064-03,Shantihalli,0.0,33.9,2026-10-05 02:30:00,2026-10-05 05:30:00,180,NIGHT_BLOCK,AVAILABLE,TRACK_ISOLATION_REQUIRED;NIGHT_ONLY;NO_HEAVY_MACHINE;LIMITED_ACCESS,TRACK_UP,TRACK,Engineering;Signal;Traction,5,4572.94,LOW,180.0,0.0,2026-10-05,"{'Signal', 'Traction', 'Engineering'}",{'TRACK'},0.11890200000000001,1,0.266,0.0,0.0
B000268,C064,L064-03,Shantihalli,0.0,25.22,2026-09-30 22:30:00,2026-10-01 00:00:00,90,NIGHT_BLOCK,AVAILABLE,OHE_ISOLATION_REQUIRED;NIGHT_ONLY,OHE,OHE,Engineering,5,2701.72,LOW,90.0,0.0,2026-09-30,{'Engineering'},{'OHE'},0.10619700000000001,3,0.182,0.0,0.0
B000269,C065,L065-08,Sundarnagar Jn,307.84,357.4,2026-09-17 10:30:00,2026-09-17 11:30:00,60,CORRIDOR_BLOCK,PROVISIONAL,OHE_ISOLATION_REQUIRED,OHE,OHE,Engineering,5,5214.98,MEDIUM,60.0,0.0,2026-09-17,{'Engineering'},{'OHE'},0.34236999999999995,5,0.438,0.0,0.0
B000270,C065,L065-04,Vindhyakheda Road,251.57,296.59,2026-09-20 13:00:00,2026-09-20 15:00:00,120,TRAFFIC_BLOCK,AVAILABLE,OHE_ISOLATION_REQUIRED;LIMITED_ACCESS,OHE,OHE,Engineering;Signal;Traction,2,6969.15,MEDIUM,120.0,0.0,2026-09-20,"{'Signal', 'Traction', 'Engineering'}",{'OHE'},0.06922199999999999,1,0.249,0.0,0.0
B000272,C066,L066-05,Indragunj Road,28.32,109.16,2026-09-19 14:30:00,2026-09-19 18:30:00,240,CORRIDOR_BLOCK,AVAILABLE,OHE_ISOLATION_REQUIRED;SIGNAL_ISOLATION_REQUIRED;NO_HEAVY_MACHINE,OHE;SIGNALLING,OHE+SIGNAL,Engineering;Signal;Traction,2,13349.08,MEDIUM,240.0,0.0,2026-09-19,"{'Signal', 'Traction', 'Engineering'}","{'OHE', 'SIGNAL'}",0.17370416666666666,4,0.41,0.0,0.0
B000273,C067,L067-04,Charankheda,37.14,65.7,2026-10-01 01:30:00,2026-10-01 03:00:00,90,CORRIDOR_BLOCK,PROVISIONAL,TRACK_ISOLATION_REQUIRED,TRACK_DOWN,TRACK,Signal;Traction,1,3720.06,MEDIUM,90.0,0.0,2026-10-01,"{'Signal', 'Traction'}",{'TRACK'},0.5470499999999999,5,0.521,0.0,0.0
B000274,C067,L067-03,Satpurapur Road,0.0,65.7,2026-09-22 00:30:00,2026-09-22 02:30:00,120,NIGHT_BLOCK,AVAILABLE,NONE,PLATFORM_LINE,NONE,Signal,3,4898.12,MEDIUM,120.0,0.0,2026-09-22,{'Signal'},set(),0.502427,3,0.569,0.0,0.0
B000275,C068,L068-03,Sundarabad Cantt,3.18,68.1,2026-10-04 11:00:00,2026-10-04 13:00:00,120,ROLLING_BLOCK,AVAILABLE,TRACK_ISOLATION_REQUIRED;OHE_ISOLATION_REQUIRED,TRACK_BOTH;OHE,TRACK+OHE,Traction,2,6836.69,MEDIUM,120.0,0.0,2026-10-04,{'Traction'},"{'TRACK', 'OHE'}",0.1191575,3,0.3,0.0,0.0
B000276,C068,L068-05,Veergunj Cantt,194.13,301.53,2026-09-01 02:00:00,2026-09-01 03:30:00,90,TRAFFIC_BLOCK,AVAILABLE,TRACK_ISOLATION_REQUIRED,TRACK_BOTH,TRACK,Engineering,1,3683.4,MEDIUM,90.0,0.0,2026-09-01,{'Engineering'},{'TRACK'},0.5120500000000001,5,0.44,0.0,0.0
B000277,C069,L069-11,Kaverinagar,311.46,355.68,2026-09-20 23:30:00,2026-09-21 03:30:00,240,NIGHT_BLOCK,AVAILABLE,TRACK_ISOLATION_REQUIRED;LIMITED_ACCESS,TRACK_UP,TRACK,Engineering;Signal;Traction,4,8953.36,HIGH,240.0,0.0,2026-09-20,"{'Signal', 'Traction', 'Engineering'}",{'TRACK'},8.52315,24,1.0,1.0,3.0
B000278,C069,L069-04,Sundarnagar,141.51,187.79,2026-10-14 01:30:00,2026-10-14 04:30:00,180,TRAFFIC_BLOCK,AVAILABLE,TRACK_ISOLATION_REQUIRED;SIGNAL_ISOLATION_REQUIRED,TRACK_UP;SIGNALLING,TRACK+SIGNAL,Engineering;Signal;Traction,3,6752.41,HIGH,180.0,0.0,2026-10-14,"{'Signal', 'Traction', 'Engineering'}","{'TRACK', 'SIGNAL'}",4.3,10,1.0,0.0,0.0
B000279,C070,L070-03,Rohtakabad,0.0,20.0,2026-09-05 01:30:00,2026-09-05 04:30:00,180,NIGHT_BLOCK,AVAILABLE,TRACK_ISOLATION_REQUIRED;OHE_ISOLATION_REQUIRED;SIGNAL_ISOLATION_REQUIRED;NIGHT_ONLY,TRACK_DOWN;OHE;SIGNALLING,ALL,Engineering;Signal;Traction,1,5793.63,MEDIUM,180.0,0.0,2026-09-05,"{'Signal', 'Traction', 'Engineering'}","{'TRACK', 'OHE', 'SIGNAL'}",0.05232,1,0.12,0.0,0.0
B000280,C070,L070-02,Shantinagar,0.0,20.0,2026-09-01 18:00:00,2026-09-01 19:00:00,60,TRAFFIC_BLOCK,AVAILABLE,NONE,LOOP_LINE,NONE,Engineering;Signal;Traction,2,4499.51,MEDIUM,60.0,0.0,2026-09-01,"{'Signal', 'Traction', 'Engineering'}",set(),0.0,0,0.226,0.0,0.0
B000281,C071,L071-03,Devgarhabad,0.0,85.2,2026-09-29 03:00:00,2026-09-29 06:00:00,180,TRAFFIC_BLOCK,AVAILABLE,TRACK_ISOLATION_REQUIRED;LIMITED_ACCESS,TRACK_DOWN,TRACK,Engineering;Signal;Traction,1,7357.92,HIGH,180.0,0.0,2026-09-29,"{'Signal', 'Traction', 'Engineering'}",{'TRACK'},4.48965,11,0.907,0.0,0.0
B000282,C071,L071-03,Devgarhabad,0.0,86.32,2026-09-23 01:30:00,2026-09-23 02:00:00,30,TRAFFIC_BLOCK,AVAILABLE,TRACK_ISOLATION_REQUIRED;NO_HEAVY_MACHINE,TRACK_UP,TRACK,Engineering;Signal;Traction,1,2295.1,HIGH,30.0,0.0,2026-09-23,"{'Signal', 'Traction', 'Engineering'}",{'TRACK'},1.815883333333333,25,0.986,0.0,0.0
B000283,C072,L072-03,Sundargunj Jn,56.68,135.2,2026-10-11 10:30:00,2026-10-11 13:30:00,180,TRAFFIC_BLOCK,PROVISIONAL,TRACK_ISOLATION_REQUIRED;LIMITED_ACCESS,TRACK_UP,TRACK,Engineering;Signal;Traction,4,7864.01,MEDIUM,180.0,0.0,2026-10-11,"{'Signal', 'Traction', 'Engineering'}",{'TRACK'},0.027199,1,0.118,0.0,0.0
B000284,C072,L072-03,Sundargunj Jn,76.03,115.85,2026-10-13 10:00:00,2026-10-13 13:00:00,180,ROLLING_BLOCK,AVAILABLE,TRACK_ISOLATION_REQUIRED,TRACK_DOWN,TRACK,Engineering,3,7841.68,MEDIUM,180.0,0.0,2026-10-13,{'Engineering'},{'TRACK'},0.3426933333333333,4,0.284,0.0,0.0
B000285,C073,L073-01,Krishnagarh,5.6,58.18,2026-09-22 10:30:00,2026-09-22 12:30:00,120,TRAFFIC_BLOCK,AVAILABLE,OHE_ISOLATION_REQUIRED,OHE,OHE,Engineering;Signal,1,4881.07,LOW,120.0,0.0,2026-09-22,"{'Signal', 'Engineering'}",{'OHE'},0.05409799999999999,2,0.208,0.0,0.0
B000286,C073,L073-01,Krishnagarh,0.0,71.25,2026-10-07 23:30:00,2026-10-08 01:30:00,120,TRAFFIC_BLOCK,AVAILABLE,SIGNAL_ISOLATION_REQUIRED,SIGNALLING,SIGNAL,Engineering;Signal;Traction,3,3325.94,LOW,120.0,0.0,2026-10-07,"{'Signal', 'Traction', 'Engineering'}",{'SIGNAL'},0.12782100000000002,2,0.274,0.0,0.0
B000287,C074,L074-06,Kaveripur Cantt,34.9,113.2,2026-09-26 23:00:00,2026-09-27 03:00:00,240,CORRIDOR_BLOCK,PROVISIONAL,TRACK_ISOLATION_REQUIRED;OHE_ISOLATION_REQUIRED;LIMITED_ACCESS,TRACK_UP;OHE,TRACK+OHE,Engineering;Signal,3,10133.84,HIGH,240.0,0.0,2026-09-26,"{'Signal', 'Engineering'}","{'TRACK', 'OHE'}",0.5224016666666667,6,0.425,0.0,0.0
B000288,C074,L074-06,Kaveripur Cantt,29.75,113.2,2026-09-16 02:30:00,2026-09-16 04:00:00,90,CORRIDOR_BLOCK,AVAILABLE,OHE_ISOLATION_REQUIRED,OHE,OHE,Engineering;Signal,4,3631.35,HIGH,90.0,0.0,2026-09-16,"{'Signal', 'Engineering'}",{'OHE'},1.7115449999999999,10,0.726,0.0,0.0
B000289,C075,L075-06,Palaniganj,164.82,199.42,2026-10-05 02:30:00,2026-10-05 05:30:00,180,TRAFFIC_BLOCK,AVAILABLE,OHE_ISOLATION_REQUIRED;NO_HEAVY_MACHINE,OHE,OHE,Engineering;Signal,2,7909.7,HIGH,180.0,0.0,2026-10-05,"{'Signal', 'Engineering'}",{'OHE'},4.848000000000001,12,1.0,0.0,0.0
B000290,C075,L075-06,Palaniganj,142.2,222.04,2026-10-01 02:00:00,2026-10-01 04:00:00,120,CORRIDOR_BLOCK,PROVISIONAL,TRACK_ISOLATION_REQUIRED,TRACK_UP,TRACK,Traction,4,5658.02,HIGH,120.0,0.0,2026-10-01,{'Traction'},{'TRACK'},1.7239999999999998,6,1.0,0.0,0.0
B000291,C076,L076-05,Dhanuhalli Jn,168.64,277.14,2026-10-07 02:00:00,2026-10-07 03:30:00,90,ROLLING_BLOCK,AVAILABLE,TRACK_ISOLATION_REQUIRED;NO_HEAVY_MACHINE,TRACK_BOTH,TRACK,Engineering;Signal;Traction,4,2208.24,MEDIUM,90.0,0.0,2026-10-07,"{'Signal', 'Traction', 'Engineering'}",{'TRACK'},0.0,0,0.474,0.0,0.0
B000292,C076,L076-05,Dhanuhalli Jn,202.68,243.1,2026-09-24 00:30:00,2026-09-24 03:30:00,180,NIGHT_BLOCK,AVAILABLE,TRACK_ISOLATION_REQUIRED;OHE_ISOLATION_REQUIRED;LIMITED_ACCESS,TRACK_DOWN;OHE,TRACK+OHE,Signal;Traction,1,4731.18,MEDIUM,180.0,0.0,2026-09-24,"{'Signal', 'Traction'}","{'TRACK', 'OHE'}",0.5030249999999999,3,0.475,0.0,0.0
B000293,C077,L077-02,Ashoknagar Cantt,80.66,125.22,2026-09-26 23:30:00,2026-09-27 01:30:00,120,NIGHT_BLOCK,AVAILABLE,TRACK_ISOLATION_REQUIRED;NIGHT_ONLY,TRACK_UP,TRACK,Engineering,3,4627.94,MEDIUM,120.0,0.0,2026-09-26,{'Engineering'},{'TRACK'},0.15116449999999998,3,0.39,0.0,0.0
B000295,C078,L078-04,Chitrapalli Road,8.34,61.3,2026-10-14 10:30:00,2026-10-14 13:30:00,180,CORRIDOR_BLOCK,AVAILABLE,LIMITED_ACCESS,TRACK_DOWN,NONE,Signal,3,8331.17,MEDIUM,180.0,0.0,2026-10-14,{'Signal'},set(),0.42552675,6,0.517,0.0,0.0
B000296,C078,L078-04,Chitrapalli Road,0.0,79.58,2026-09-15 09:00:00,2026-09-15 11:00:00,120,CORRIDOR_BLOCK,AVAILABLE,SIGNAL_ISOLATION_REQUIRED;NO_HEAVY_MACHINE,SIGNALLING,SIGNAL,Engineering;Signal;Traction,4,6996.78,MEDIUM,120.0,0.0,2026-09-15,"{'Signal', 'Traction', 'Engineering'}",{'SIGNAL'},0.081718,1,0.273,0.0,0.0
B000297,C079,L079-03,Rohtakkot,41.09,71.33,2026-09-25 10:30:00,2026-09-25 12:30:00,120,CORRIDOR_BLOCK,AVAILABLE,NONE,TRACK_UP,NONE,Engineering;Signal,2,6210.22,MEDIUM,120.0,0.0,2026-09-25,"{'Signal', 'Engineering'}",set(),0.08264083333333333,5,0.217,0.0,0.0
B000298,C079,L079-04,Gangapur,91.09,136.7,2026-09-04 22:30:00,2026-09-05 00:30:00,120,CORRIDOR_BLOCK,AVAILABLE,TRACK_ISOLATION_REQUIRED,TRACK_DOWN,TRACK,Signal,3,3870.44,MEDIUM,120.0,0.0,2026-09-04,{'Signal'},{'TRACK'},0.0666465,1,0.314,0.0,0.0
B000299,C080,L080-06,Ambapur,309.28,340.94,2026-09-20 15:00:00,2026-09-20 16:00:00,60,TRAFFIC_BLOCK,AVAILABLE,TRACK_ISOLATION_REQUIRED,TRACK_DOWN,TRACK,Engineering,5,4011.48,LOW,60.0,0.0,2026-09-20,{'Engineering'},{'TRACK'},0.0,0,0.232,0.0,0.0
B000300,C080,L080-06,Ambapur,278.9,348.9,2026-09-23 15:00:00,2026-09-23 16:00:00,60,TRAFFIC_BLOCK,AVAILABLE,TRACK_ISOLATION_REQUIRED;LIMITED_ACCESS,TRACK_UP,TRACK,Engineering;Signal,5,3600.29,LOW,60.0,0.0,2026-09-23,"{'Signal', 'Engineering'}",{'TRACK'},0.0,0,0.049,0.0,0.0
B000301,C081,L081-05,Palanipalli,237.97,285.2,2026-09-16 22:30:00,2026-09-17 00:30:00,120,NIGHT_BLOCK,AVAILABLE,TRACK_ISOLATION_REQUIRED;NIGHT_ONLY,TRACK_DOWN,TRACK,Engineering;Signal;Traction,1,4631.41,MEDIUM,120.0,0.0,2026-09-16,"{'Signal', 'Traction', 'Engineering'}",{'TRACK'},2.193192,20,0.856,0.0,0.0
B000302,C081,L081-05,Palanipalli,247.67,285.2,2026-09-24 01:30:00,2026-09-24 03:00:00,90,NIGHT_BLOCK,AVAILABLE,TRACK_ISOLATION_REQUIRED;OHE_ISOLATION_REQUIRED;SIGNAL_ISOLATION_REQUIRED;LIMITED_ACCESS,TRACK_UP;OHE;SIGNALLING,ALL,Signal;Traction,2,3570.92,MEDIUM,90.0,0.0,2026-09-24,"{'Signal', 'Traction'}","{'TRACK', 'OHE', 'SIGNAL'}",1.9183990000000002,14,0.799,0.0,0.0
B000303,C082,L082-01,Kaverikheda,38.89,129.47,2026-09-29 02:30:00,2026-09-29 04:00:00,90,CORRIDOR_BLOCK,AVAILABLE,TRACK_ISOLATION_REQUIRED;OHE_ISOLATION_REQUIRED;SIGNAL_ISOLATION_REQUIRED,TRACK_BOTH;OHE;SIGNALLING,ALL,Engineering;Signal;Traction,2,3836.85,MEDIUM,90.0,0.0,2026-09-29,"{'Signal', 'Traction', 'Engineering'}","{'TRACK', 'OHE', 'SIGNAL'}",1.2693599999999998,9,0.688,0.0,0.0
B000304,C082,L082-01,Kaverikheda,38.34,130.02,2026-09-20 10:30:00,2026-09-20 11:30:00,60,ROLLING_BLOCK,AVAILABLE,SIGNAL_ISOLATION_REQUIRED;NO_HEAVY_MACHINE,SIGNALLING,SIGNAL,Engineering;Signal;Traction,1,6011.94,MEDIUM,60.0,0.0,2026-09-20,"{'Signal', 'Traction', 'Engineering'}",{'SIGNAL'},0.03457966666666667,1,0.227,0.0,0.0
B000306,C083,L083-08,Sundarhalli,292.88,350.94,2026-09-23 02:30:00,2026-09-23 06:30:00,240,TRAFFIC_BLOCK,AVAILABLE,TRACK_ISOLATION_REQUIRED;OHE_ISOLATION_REQUIRED;SIGNAL_ISOLATION_REQUIRED;NO_HEAVY_MACHINE,TRACK_BOTH;OHE;SIGNALLING,ALL,Engineering;Signal;Traction,1,5557.16,LOW,240.0,0.0,2026-09-23,"{'Signal', 'Traction', 'Engineering'}","{'TRACK', 'OHE', 'SIGNAL'}",0.63724325,3,0.449,0.0,0.0
B000307,C084,L084-08,Bharathalli,123.44,229.82,2026-09-15 02:30:00,2026-09-15 04:00:00,90,NIGHT_BLOCK,PROVISIONAL,TRACK_ISOLATION_REQUIRED;OHE_ISOLATION_REQUIRED;SIGNAL_ISOLATION_REQUIRED;NO_HEAVY_MACHINE,TRACK_UP;OHE;SIGNALLING,ALL,Engineering;Signal;Traction,4,4369.64,HIGH,90.0,0.0,2026-09-15,"{'Signal', 'Traction', 'Engineering'}","{'TRACK', 'OHE', 'SIGNAL'}",1.14615,6,0.9,0.0,0.0
B000308,C084,L084-09,Bharatkheda Jn,154.19,216.03,2026-10-02 03:00:00,2026-10-02 06:00:00,180,CORRIDOR_BLOCK,AVAILABLE,OHE_ISOLATION_REQUIRED,OHE,OHE,Signal,3,8815.6,HIGH,180.0,0.0,2026-10-02,{'Signal'},{'OHE'},8.62,20,1.0,0.0,0.0
B000309,C085,L085-04,Devgarhpalli,78.11,124.43,2026-10-05 02:30:00,2026-10-05 04:00:00,90,NIGHT_BLOCK,AVAILABLE,SIGNAL_ISOLATION_REQUIRED;LIMITED_ACCESS,SIGNALLING,SIGNAL,Engineering;Signal;Traction,3,4208.27,HIGH,90.0,0.0,2026-10-05,"{'Signal', 'Traction', 'Engineering'}",{'SIGNAL'},1.9485,9,1.0,0.0,0.0
B000310,C085,L085-04,Devgarhpalli,85.91,116.63,2026-10-03 01:30:00,2026-10-03 02:00:00,30,TRAFFIC_BLOCK,AVAILABLE,TRACK_ISOLATION_REQUIRED;SIGNAL_ISOLATION_REQUIRED;NO_HEAVY_MACHINE,TRACK_UP;SIGNALLING,TRACK+SIGNAL,Engineering;Signal,5,2330.78,HIGH,30.0,0.0,2026-10-03,"{'Signal', 'Engineering'}","{'TRACK', 'SIGNAL'}",0.15993133333333331,4,0.602,0.0,0.0
B000311,C086,L086-04,Rohtakgarh,44.36,81.7,2026-09-29 19:00:00,2026-09-29 21:00:00,120,CORRIDOR_BLOCK,AVAILABLE,TRACK_ISOLATION_REQUIRED;OHE_ISOLATION_REQUIRED;SIGNAL_ISOLATION_REQUIRED,TRACK_BOTH;OHE;SIGNALLING,ALL,Engineering,1,9011.26,HIGH,120.0,0.0,2026-09-29,{'Engineering'},"{'TRACK', 'OHE', 'SIGNAL'}",1.60776,6,0.924,0.0,0.0
B000312,C086,L086-04,Rohtakgarh,34.68,91.38,2026-09-18 23:30:00,2026-09-19 01:00:00,90,NIGHT_BLOCK,AVAILABLE,OHE_ISOLATION_REQUIRED;NIGHT_ONLY,OHE,OHE,Engineering;Signal;Traction,1,4005.05,HIGH,90.0,0.0,2026-09-18,"{'Signal', 'Traction', 'Engineering'}",{'OHE'},1.275042,18,0.826,0.0,0.0
B000313,C087,L087-05,Chandranagar Road,179.47,255.87,2026-10-15 14:30:00,2026-10-15 18:30:00,240,TRAFFIC_BLOCK,AVAILABLE,OHE_ISOLATION_REQUIRED,OHE,OHE,Engineering;Signal;Traction,5,7828.1,LOW,240.0,0.0,2026-10-15,"{'Signal', 'Traction', 'Engineering'}",{'OHE'},0.3204415000000001,3,0.366,0.0,0.0
B000314,C087,L087-05,Chandranagar Road,198.31,237.03,2026-10-15 07:00:00,2026-10-15 10:00:00,180,TRAFFIC_BLOCK,AVAILABLE,OHE_ISOLATION_REQUIRED;NO_HEAVY_MACHINE,OHE,OHE,Engineering;Signal;Traction,1,7234.26,LOW,180.0,0.0,2026-10-15,"{'Signal', 'Traction', 'Engineering'}",{'OHE'},0.441194,4,0.239,0.0,0.0
B000316,C088,L088-06,Taraabad Jn,60.36,107.32,2026-10-08 00:30:00,2026-10-08 03:30:00,180,CORRIDOR_BLOCK,AVAILABLE,OHE_ISOLATION_REQUIRED,OHE,OHE,Engineering,5,6231.76,MEDIUM,180.0,0.0,2026-10-08,{'Engineering'},{'OHE'},0.3111,2,0.366,0.0,0.0
B000318,C089,L089-05,Chitrapalli Road,245.36,271.42,2026-10-13 14:30:00,2026-10-13 15:30:00,60,TRAFFIC_BLOCK,AVAILABLE,OHE_ISOLATION_REQUIRED,OHE,OHE,Engineering;Signal;Traction,2,7815.43,HIGH,60.0,0.0,2026-10-13,"{'Signal', 'Traction', 'Engineering'}",{'OHE'},0.08488199999999999,1,0.602,0.0,0.0
B000319,C090,L090-02,Malwakot Road,63.37,122.23,2026-10-09 01:00:00,2026-10-09 02:30:00,90,NIGHT_BLOCK,PROVISIONAL,TRACK_ISOLATION_REQUIRED;NIGHT_ONLY;LIMITED_ACCESS,TRACK_DOWN,TRACK,Engineering;Signal;Traction,1,3165.61,MEDIUM,90.0,0.0,2026-10-09,"{'Signal', 'Traction', 'Engineering'}",{'TRACK'},0.32175,3,0.5,0.0,0.0
B000320,C090,L090-02,Malwakot Road,62.01,123.59,2026-09-05 10:00:00,2026-09-05 12:00:00,120,TRAFFIC_BLOCK,AVAILABLE,TRACK_ISOLATION_REQUIRED;LIMITED_ACCESS,TRACK_BOTH,TRACK,Engineering;Signal;Traction,2,4634.31,MEDIUM,120.0,0.0,2026-09-05,"{'Signal', 'Traction', 'Engineering'}",{'TRACK'},0.0,0,0.146,0.0,0.0
B000321,C091,L091-11,Satpurapalli Cantt,27.97,79.7,2026-09-06 00:30:00,2026-09-06 03:30:00,180,NIGHT_BLOCK,AVAILABLE,TRACK_ISOLATION_REQUIRED;SIGNAL_ISOLATION_REQUIRED;NIGHT_ONLY,TRACK_DOWN;SIGNALLING,TRACK+SIGNAL,Engineering,2,8339.38,HIGH,180.0,0.0,2026-09-06,{'Engineering'},"{'TRACK', 'SIGNAL'}",3.18087,10,0.714,0.0,0.0
B000322,C091,L091-11,Satpurapalli Cantt,36.61,79.7,2026-09-04 11:00:00,2026-09-04 12:30:00,90,CORRIDOR_BLOCK,AVAILABLE,TRACK_ISOLATION_REQUIRED;NO_ELECTRICAL_WORK,TRACK_DOWN,TRACK,Engineering;Signal;Traction,5,10080.68,HIGH,90.0,0.0,2026-09-04,"{'Signal', 'Traction', 'Engineering'}",{'TRACK'},0.8799180000000001,12,0.675,0.0,0.0
B000323,C092,L092-03,Dhanugarh,0.0,89.01,2026-09-11 23:00:00,2026-09-12 01:00:00,120,NIGHT_BLOCK,AVAILABLE,SIGNAL_ISOLATION_REQUIRED;NIGHT_ONLY,SIGNALLING,SIGNAL,Engineering;Signal;Traction,2,3412.09,MEDIUM,120.0,0.0,2026-09-11,"{'Signal', 'Traction', 'Engineering'}",{'SIGNAL'},0.0717795,2,0.269,0.0,0.0
B000324,C092,L092-03,Dhanugarh,0.0,71.21,2026-09-06 11:00:00,2026-09-06 12:30:00,90,TRAFFIC_BLOCK,PROVISIONAL,OHE_ISOLATION_REQUIRED,OHE,OHE,Engineering;Signal,5,4704.29,MEDIUM,90.0,0.0,2026-09-06,"{'Signal', 'Engineering'}",{'OHE'},0.114708,2,0.396,0.0,0.0
B000325,C093,L093-04,Lalithalli Road,212.03,261.77,2026-09-14 22:30:00,2026-09-15 01:30:00,180,ROLLING_BLOCK,AVAILABLE,TRACK_ISOLATION_REQUIRED,TRACK_BOTH,TRACK,Engineering;Signal;Traction,2,5251.22,MEDIUM,180.0,0.0,2026-09-14,"{'Signal', 'Traction', 'Engineering'}",{'TRACK'},0.149016,2,0.336,0.0,0.0
B000326,C093,L093-04,Lalithalli Road,194.61,279.19,2026-09-08 02:00:00,2026-09-08 03:00:00,60,CORRIDOR_BLOCK,AVAILABLE,SIGNAL_ISOLATION_REQUIRED;NO_HEAVY_MACHINE,SIGNALLING,SIGNAL,Engineering;Traction,3,1898.45,MEDIUM,60.0,0.0,2026-09-08,"{'Traction', 'Engineering'}",{'SIGNAL'},0.075075,2,0.273,0.0,0.0
B000327,C094,L094-08,Pushkarnagar Jn,200.19,266.2,2026-10-09 23:00:00,2026-10-10 01:00:00,120,ROLLING_BLOCK,AVAILABLE,TRACK_ISOLATION_REQUIRED;OHE_ISOLATION_REQUIRED;SIGNAL_ISOLATION_REQUIRED,TRACK_UP;OHE;SIGNALLING,ALL,Engineering;Signal;Traction,5,4621.76,MEDIUM,120.0,0.0,2026-10-09,"{'Signal', 'Traction', 'Engineering'}","{'TRACK', 'OHE', 'SIGNAL'}",0.33514499999999997,7,0.417,0.0,0.0
B000328,C094,L094-08,Pushkarnagar Jn,218.93,251.07,2026-09-16 01:00:00,2026-09-16 01:45:00,45,CORRIDOR_BLOCK,PROVISIONAL,TRACK_ISOLATION_REQUIRED;NO_HEAVY_MACHINE;NO_ELECTRICAL_WORK,TRACK_DOWN,TRACK,Engineering;Signal;Traction,5,1629.62,MEDIUM,45.0,0.0,2026-09-16,"{'Signal', 'Traction', 'Engineering'}",{'TRACK'},0.152208,4,0.336,0.0,0.0
B000329,C095,L095-05,Chandrapalli Jn,88.5,132.9,2026-09-05 02:00:00,2026-09-05 05:00:00,180,NIGHT_BLOCK,AVAILABLE,OHE_ISOLATION_REQUIRED;NIGHT_ONLY,OHE,OHE,Engineering;Signal;Traction,4,6644.85,MEDIUM,180.0,0.0,2026-09-05,"{'Signal', 'Traction', 'Engineering'}",{'OHE'},3.171636,12,0.702,0.0,0.0
B000330,C095,L095-05,Chandrapalli Jn,72.25,149.15,2026-09-23 11:00:00,2026-09-23 12:30:00,90,CORRIDOR_BLOCK,AVAILABLE,TRACK_ISOLATION_REQUIRED;OHE_ISOLATION_REQUIRED;SIGNAL_ISOLATION_REQUIRED;NO_HEAVY_MACHINE,TRACK_BOTH;OHE;SIGNALLING,ALL,Traction,1,5952.34,MEDIUM,90.0,0.0,2026-09-23,{'Traction'},"{'TRACK', 'OHE', 'SIGNAL'}",0.345962,9,0.428,0.0,0.0
B000331,C096,L096-02,Chitraganj Jn,0.0,41.86,2026-09-28 13:00:00,2026-09-28 14:30:00,90,ROLLING_BLOCK,AVAILABLE,TRACK_ISOLATION_REQUIRED;SIGNAL_ISOLATION_REQUIRED;NO_ELECTRICAL_WORK,TRACK_BOTH;SIGNALLING,TRACK+SIGNAL,Engineering;Signal;Traction,5,5269.34,MEDIUM,90.0,0.0,2026-09-28,"{'Signal', 'Traction', 'Engineering'}","{'TRACK', 'SIGNAL'}",0.0,0,0.11,0.0,0.0
B000332,C096,L096-09,Vindhyanagar Road,152.29,200.6,2026-09-12 02:00:00,2026-09-12 04:00:00,120,TRAFFIC_BLOCK,PROVISIONAL,NONE,TRACK_UP,NONE,Engineering;Signal;Traction,2,4757.71,MEDIUM,120.0,0.0,2026-09-12,"{'Signal', 'Traction', 'Engineering'}",set(),0.16799933333333333,2,0.341,0.0,0.0
B000333,C097,L097-02,Bilasnagar Road,39.63,78.11,2026-10-03 14:00:00,2026-10-03 14:30:00,30,TRAFFIC_BLOCK,AVAILABLE,SIGNAL_ISOLATION_REQUIRED;NO_HEAVY_MACHINE;LIMITED_ACCESS,SIGNALLING,SIGNAL,Engineering;Signal;Traction,3,3152.09,MEDIUM,30.0,0.0,2026-10-03,"{'Signal', 'Traction', 'Engineering'}",{'SIGNAL'},0.07416,5,0.206,0.0,0.0
B000334,C097,L097-02,Bilasnagar Road,22.17,95.57,2026-09-08 15:00:00,2026-09-08 19:00:00,240,TRAFFIC_BLOCK,AVAILABLE,SIGNAL_ISOLATION_REQUIRED,SIGNALLING,SIGNAL,Engineering;Signal;Traction,3,8624.84,MEDIUM,240.0,0.0,2026-09-08,"{'Signal', 'Traction', 'Engineering'}",{'SIGNAL'},0.24046666666666666,3,0.392,0.0,0.0
B000336,C098,L098-09,Sabarkheda Cantt,2.19,41.2,2026-09-16 03:00:00,2026-09-16 04:30:00,90,NIGHT_BLOCK,AVAILABLE,TRACK_ISOLATION_REQUIRED;NIGHT_ONLY;LIMITED_ACCESS,TRACK_UP,TRACK,Engineering;Signal;Traction,3,4419.31,HIGH,90.0,0.0,2026-09-16,"{'Signal', 'Traction', 'Engineering'}",{'TRACK'},3.757,17,1.0,1.0,2.0
B000337,C099,L099-02,Gangaganj Jn,0.0,46.97,2026-10-14 11:00:00,2026-10-14 15:00:00,240,ROLLING_BLOCK,AVAILABLE,TRACK_ISOLATION_REQUIRED,TRACK_UP,TRACK,Engineering;Signal,4,15113.07,HIGH,240.0,0.0,2026-10-14,"{'Signal', 'Engineering'}",{'TRACK'},0.974316,7,0.521,0.0,0.0
B000338,C099,L099-02,Gangaganj Jn,0.0,47.96,2026-09-10 02:00:00,2026-09-10 03:30:00,90,NIGHT_BLOCK,AVAILABLE,TRACK_ISOLATION_REQUIRED;OHE_ISOLATION_REQUIRED;SIGNAL_ISOLATION_REQUIRED;NIGHT_ONLY,TRACK_BOTH;OHE;SIGNALLING,ALL,Engineering;Signal;Traction,3,4643.18,HIGH,90.0,0.0,2026-09-10,"{'Signal', 'Traction', 'Engineering'}","{'TRACK', 'OHE', 'SIGNAL'}",2.733,12,1.0,0.0,0.0
B000339,C100,L100-02,Yamunakot Jn,213.12,300.84,2026-09-05 10:30:00,2026-09-05 13:30:00,180,TRAFFIC_BLOCK,AVAILABLE,TRACK_ISOLATION_REQUIRED;OHE_ISOLATION_REQUIRED;SIGNAL_ISOLATION_REQUIRED;LIMITED_ACCESS,TRACK_BOTH;OHE;SIGNALLING,ALL,Signal,3,7228.12,LOW,180.0,0.0,2026-09-05,{'Signal'},"{'TRACK', 'OHE', 'SIGNAL'}",0.026619999999999998,1,0.196,0.0,0.0
B000340,C100,L100-01,Chitraganj,213.12,263.28,2026-09-10 14:00:00,2026-09-10 15:30:00,90,CORRIDOR_BLOCK,AVAILABLE,SIGNAL_ISOLATION_REQUIRED,SIGNALLING,SIGNAL,Engineering;Signal;Traction,4,5148.57,LOW,90.0,0.0,2026-09-10,"{'Signal', 'Traction', 'Engineering'}",{'SIGNAL'},0.0,0,0.092,0.0,0.0
B000341,C101,L101-07,Bilaskheda Jn,167.51,215.6,2026-10-12 23:30:00,2026-10-13 01:00:00,90,NIGHT_BLOCK,AVAILABLE,TRACK_ISOLATION_REQUIRED;NIGHT_ONLY;NO_ELECTRICAL_WORK,TRACK_DOWN,TRACK,Engineering;Signal;Traction,3,2634.74,LOW,90.0,0.0,2026-10-12,"{'Signal', 'Traction', 'Engineering'}",{'TRACK'},0.0657475,3,0.255,0.0,0.0
B000342,C101,L101-02,Pushkarnagar Cantt,6.29,104.07,2026-10-06 02:30:00,2026-10-06 06:30:00,240,ROLLING_BLOCK,AVAILABLE,SIGNAL_ISOLATION_REQUIRED,SIGNALLING,SIGNAL,Engineering,3,6694.22,LOW,240.0,0.0,2026-10-06,{'Engineering'},{'SIGNAL'},0.0,0,0.254,0.0,0.0
B000343,C102,L102-04,Pushkarkheda Road,79.01,118.53,2026-09-25 14:30:00,2026-09-25 17:30:00,180,ROLLING_BLOCK,AVAILABLE,NO_ELECTRICAL_WORK,PLATFORM_LINE,NONE,Signal,1,9303.26,MEDIUM,180.0,0.0,2026-09-25,{'Signal'},set(),0.5843050000000001,5,0.274,0.0,0.0
B000344,C102,L102-04,Pushkarkheda Road,71.7,125.84,2026-10-10 15:00:00,2026-10-10 18:00:00,180,CORRIDOR_BLOCK,PROVISIONAL,OHE_ISOLATION_REQUIRED;SIGNAL_ISOLATION_REQUIRED,OHE;SIGNALLING,OHE+SIGNAL,Engineering;Traction,5,9619.96,MEDIUM,180.0,0.0,2026-10-10,"{'Traction', 'Engineering'}","{'OHE', 'SIGNAL'}",0.149568,2,0.164,0.0,0.0
B000345,C103,L103-10,Yamunahalli Jn,125.64,167.52,2026-09-25 22:30:00,2026-09-26 00:30:00,120,TRAFFIC_BLOCK,AVAILABLE,TRACK_ISOLATION_REQUIRED;SIGNAL_ISOLATION_REQUIRED;NO_HEAVY_MACHINE,TRACK_BOTH;SIGNALLING,TRACK+SIGNAL,Engineering;Signal;Traction,5,4010.58,MEDIUM,120.0,0.0,2026-09-25,"{'Signal', 'Traction', 'Engineering'}","{'TRACK', 'SIGNAL'}",0.21733025,3,0.449,0.0,0.0
B000346,C103,L103-10,Yamunahalli Jn,120.89,172.27,2026-09-10 14:30:00,2026-09-10 16:30:00,120,TRAFFIC_BLOCK,AVAILABLE,TRACK_ISOLATION_REQUIRED;OHE_ISOLATION_REQUIRED;LIMITED_ACCESS,TRACK_DOWN;OHE,TRACK+OHE,Engineering;Signal;Traction,2,7427.42,MEDIUM,120.0,0.0,2026-09-10,"{'Signal', 'Traction', 'Engineering'}","{'TRACK', 'OHE'}",0.06467999999999999,1,0.231,0.0,0.0
B000348,C104,L104-05,Nilgirihalli,171.92,237.2,2026-10-09 14:00:00,2026-10-09 15:00:00,60,TRAFFIC_BLOCK,AVAILABLE,TRACK_ISOLATION_REQUIRED;NO_HEAVY_MACHINE,TRACK_UP,TRACK,Engineering;Signal;Traction,4,5014.07,LOW,60.0,0.0,2026-10-09,"{'Signal', 'Traction', 'Engineering'}",{'TRACK'},0.208488,3,0.438,0.0,0.0
B000349,C105,L105-06,Pushkarnagar Road,178.82,259.04,2026-09-01 13:00:00,2026-09-01 16:00:00,180,TRAFFIC_BLOCK,PROVISIONAL,SIGNAL_ISOLATION_REQUIRED;NO_HEAVY_MACHINE,SIGNALLING,SIGNAL,Engineering;Signal;Traction,2,4391.07,LOW,180.0,0.0,2026-09-01,"{'Signal', 'Traction', 'Engineering'}",{'SIGNAL'},0.166656,2,0.224,0.0,0.0
B000350,C105,L105-05,Gangaganj,181.44,253.04,2026-10-11 13:00:00,2026-10-11 17:00:00,240,TRAFFIC_BLOCK,AVAILABLE,TRACK_ISOLATION_REQUIRED;SIGNAL_ISOLATION_REQUIRED,TRACK_UP;SIGNALLING,TRACK+SIGNAL,Signal,5,5632.15,LOW,240.0,0.0,2026-10-11,{'Signal'},"{'TRACK', 'SIGNAL'}",0.0,0,0.144,0.0,0.0
B000351,C106,L106-03,Malwahalli Road,131.69,167.93,2026-10-10 02:00:00,2026-10-10 03:30:00,90,CORRIDOR_BLOCK,AVAILABLE,TRACK_ISOLATION_REQUIRED;OHE_ISOLATION_REQUIRED;SIGNAL_ISOLATION_REQUIRED;LIMITED_ACCESS,TRACK_DOWN;OHE;SIGNALLING,ALL,Engineering,3,2943.59,LOW,90.0,0.0,2026-10-10,{'Engineering'},"{'TRACK', 'OHE', 'SIGNAL'}",0.524875,5,0.494,0.0,0.0
B000353,C107,L107-01,Malwagunj Jn,212.98,267.26,2026-09-18 23:30:00,2026-09-19 01:30:00,120,NIGHT_BLOCK,AVAILABLE,TRACK_ISOLATION_REQUIRED,TRACK_DOWN,TRACK,Engineering;Signal;Traction,1,4000.62,MEDIUM,120.0,0.0,2026-09-18,"{'Signal', 'Traction', 'Engineering'}",{'TRACK'},0.38082,6,0.502,0.0,0.0
B000422,C141,L141-01,Narmadapalli Jn,0.0,63.21,2026-09-25 19:00:00,2026-09-25 19:30:00,30,TRAFFIC_BLOCK,AVAILABLE,NO_HEAVY_MACHINE,LOOP_LINE,NONE,Engineering;Signal,3,5555.38,MEDIUM,30.0,0.0,2026-09-25,"{'Signal', 'Engineering'}",set(),0.08918000000000001,3,0.392,0.0,0.0
B000355,C108,L108-02,Charangunj Cantt,118.05,186.53,2026-10-06 11:00:00,2026-10-06 15:00:00,240,TRAFFIC_BLOCK,AVAILABLE,TRACK_ISOLATION_REQUIRED;OHE_ISOLATION_REQUIRED,TRACK_BOTH;OHE,TRACK+OHE,Signal,3,10140.46,MEDIUM,240.0,0.0,2026-10-06,{'Signal'},"{'TRACK', 'OHE'}",0.24473100000000003,3,0.256,0.0,0.0
B000356,C108,L108-02,Charangunj Cantt,122.17,182.41,2026-09-12 02:30:00,2026-09-12 04:30:00,120,CORRIDOR_BLOCK,AVAILABLE,TRACK_ISOLATION_REQUIRED,TRACK_BOTH,TRACK,Engineering;Signal;Traction,4,4233.33,MEDIUM,120.0,0.0,2026-09-12,"{'Signal', 'Traction', 'Engineering'}",{'TRACK'},0.0,0,0.118,0.0,0.0
B000357,C109,L109-01,Bilasabad Cantt,0.0,20.91,2026-10-07 16:30:00,2026-10-07 19:30:00,180,CORRIDOR_BLOCK,AVAILABLE,TRACK_ISOLATION_REQUIRED;NO_HEAVY_MACHINE,TRACK_BOTH,TRACK,Engineering;Signal;Traction,3,11792.74,HIGH,180.0,0.0,2026-10-07,"{'Signal', 'Traction', 'Engineering'}",{'TRACK'},4.23588,25,0.912,0.0,0.0
B000358,C109,L109-05,Veerkot,46.34,82.8,2026-09-08 23:30:00,2026-09-09 03:30:00,240,NIGHT_BLOCK,AVAILABLE,TRACK_ISOLATION_REQUIRED;NIGHT_ONLY,TRACK_UP,TRACK,Engineering;Signal;Traction,5,9524.29,HIGH,240.0,0.0,2026-09-08,"{'Signal', 'Traction', 'Engineering'}",{'TRACK'},8.669386666666666,25,1.0,0.0,0.0
B000359,C110,L110-05,Indranagar,30.19,92.1,2026-09-09 11:00:00,2026-09-09 13:00:00,120,TRAFFIC_BLOCK,AVAILABLE,OHE_ISOLATION_REQUIRED;NO_HEAVY_MACHINE;LIMITED_ACCESS,OHE,OHE,Engineering;Signal;Traction,2,4099.09,LOW,120.0,0.0,2026-09-09,"{'Signal', 'Traction', 'Engineering'}",{'OHE'},0.09669633333333333,2,0.395,0.0,0.0
B000360,C110,L110-05,Indranagar,55.13,85.23,2026-09-19 10:00:00,2026-09-19 10:45:00,45,TRAFFIC_BLOCK,AVAILABLE,TRACK_ISOLATION_REQUIRED;NO_HEAVY_MACHINE,TRACK_UP,TRACK,Engineering;Signal;Traction,5,2526.41,LOW,45.0,0.0,2026-09-19,"{'Signal', 'Traction', 'Engineering'}",{'TRACK'},0.0,0,0.171,0.0,0.0
B000361,C111,L111-04,Krishnanagar Cantt,74.75,109.69,2026-10-02 01:00:00,2026-10-02 03:00:00,120,NIGHT_BLOCK,PROVISIONAL,NIGHT_ONLY;NO_HEAVY_MACHINE;LIMITED_ACCESS,TRACK_DOWN,NONE,Engineering;Signal;Traction,5,4087.75,MEDIUM,120.0,0.0,2026-10-02,"{'Signal', 'Traction', 'Engineering'}",set(),0.935256,7,0.456,0.0,0.0
B000362,C111,L111-04,Krishnanagar Cantt,48.23,136.21,2026-09-17 00:30:00,2026-09-17 04:30:00,240,NIGHT_BLOCK,AVAILABLE,SIGNAL_ISOLATION_REQUIRED;NIGHT_ONLY,SIGNALLING,SIGNAL,Engineering;Signal;Traction,1,8180.23,MEDIUM,240.0,0.0,2026-09-17,"{'Signal', 'Traction', 'Engineering'}",{'SIGNAL'},3.2329440000000003,11,0.468,0.0,0.0
B000363,C112,L112-02,Lalitabad,0.0,67.88,2026-09-18 10:30:00,2026-09-18 12:00:00,90,CORRIDOR_BLOCK,AVAILABLE,TRACK_ISOLATION_REQUIRED;OHE_ISOLATION_REQUIRED,TRACK_BOTH;OHE,TRACK+OHE,Engineering;Signal;Traction,1,7274.58,HIGH,90.0,0.0,2026-09-18,"{'Signal', 'Traction', 'Engineering'}","{'TRACK', 'OHE'}",0.45714999999999995,5,0.446,0.0,0.0
B000364,C112,L112-02,Lalitabad,0.0,38.84,2026-10-02 10:30:00,2026-10-02 11:30:00,60,TRAFFIC_BLOCK,AVAILABLE,TRACK_ISOLATION_REQUIRED;NO_ELECTRICAL_WORK,TRACK_BOTH,TRACK,Engineering;Signal;Traction,1,6292.98,HIGH,60.0,0.0,2026-10-02,"{'Signal', 'Traction', 'Engineering'}",{'TRACK'},0.10614199999999999,2,0.438,0.0,0.0
B000365,C113,L113-05,Krishnaabad,117.15,168.85,2026-10-15 23:30:00,2026-10-16 01:00:00,90,CORRIDOR_BLOCK,AVAILABLE,TRACK_ISOLATION_REQUIRED;LIMITED_ACCESS,TRACK_UP,TRACK,Signal,5,3844.37,MEDIUM,90.0,0.0,2026-10-15,{'Signal'},{'TRACK'},0.12111,4,0.495,0.0,0.0
B000366,C113,L113-05,Krishnaabad,104.09,181.91,2026-09-28 14:00:00,2026-09-28 17:00:00,180,TRAFFIC_BLOCK,AVAILABLE,TRACK_ISOLATION_REQUIRED,TRACK_DOWN,TRACK,Engineering;Signal;Traction,1,9555.76,MEDIUM,180.0,0.0,2026-09-28,"{'Signal', 'Traction', 'Engineering'}",{'TRACK'},1.1748480000000001,6,0.422,0.0,0.0
B000367,C114,L114-02,Rohtakhalli Cantt,71.17,123.03,2026-10-03 10:00:00,2026-10-03 12:00:00,120,TRAFFIC_BLOCK,AVAILABLE,OHE_ISOLATION_REQUIRED,OHE,OHE,Engineering,2,7357.25,MEDIUM,120.0,0.0,2026-10-03,{'Engineering'},{'OHE'},0.17088000000000003,3,0.192,0.0,0.0
B000368,C114,L114-04,Sundarganj Road,180.04,212.76,2026-09-18 02:00:00,2026-09-18 06:00:00,240,TRAFFIC_BLOCK,AVAILABLE,TRACK_ISOLATION_REQUIRED;LIMITED_ACCESS,TRACK_DOWN,TRACK,Engineering,1,8473.92,MEDIUM,240.0,0.0,2026-09-18,{'Engineering'},{'TRACK'},2.1315,7,0.525,0.0,0.0
B000369,C115,L115-06,Sundarganj Road,167.6,272.02,2026-09-26 01:30:00,2026-09-26 05:30:00,240,TRAFFIC_BLOCK,AVAILABLE,TRACK_ISOLATION_REQUIRED;NO_HEAVY_MACHINE,TRACK_UP,TRACK,Engineering;Signal,5,7681.54,HIGH,240.0,0.0,2026-09-26,"{'Signal', 'Engineering'}",{'TRACK'},1.0856559999999997,3,0.572,0.0,0.0
B000371,C116,L116-06,Nilgirinagar,295.86,335.6,2026-09-28 14:30:00,2026-09-28 17:30:00,180,TRAFFIC_BLOCK,AVAILABLE,TRACK_ISOLATION_REQUIRED;NO_ELECTRICAL_WORK,TRACK_BOTH,TRACK,Engineering;Signal;Traction,4,5801.09,LOW,180.0,0.0,2026-09-28,"{'Signal', 'Traction', 'Engineering'}",{'TRACK'},0.0,0,0.259,0.0,0.0
B000373,C117,L117-01,Palaninagar,0.0,27.4,2026-09-14 15:00:00,2026-09-14 18:00:00,180,TRAFFIC_BLOCK,PROVISIONAL,SIGNAL_ISOLATION_REQUIRED,SIGNALLING,SIGNAL,Engineering;Signal;Traction,3,6449.58,LOW,180.0,0.0,2026-09-14,"{'Signal', 'Traction', 'Engineering'}",{'SIGNAL'},0.0,0,0.115,0.0,0.0
B000374,C117,L117-01,Palaninagar,0.0,27.4,2026-10-08 16:30:00,2026-10-08 18:30:00,120,CORRIDOR_BLOCK,AVAILABLE,TRACK_ISOLATION_REQUIRED,TRACK_UP,TRACK,Engineering,4,5328.23,LOW,120.0,0.0,2026-10-08,{'Engineering'},{'TRACK'},0.102942,2,0.341,0.0,0.0
B000375,C118,L118-03,Ranagarh,121.04,171.0,2026-10-13 10:30:00,2026-10-13 12:30:00,120,TRAFFIC_BLOCK,AVAILABLE,OHE_ISOLATION_REQUIRED,OHE,OHE,Engineering;Signal,5,3132.86,LOW,120.0,0.0,2026-10-13,"{'Signal', 'Engineering'}",{'OHE'},0.0,0,0.091,0.0,0.0
B000376,C118,L118-01,Gangagarh Jn,79.8,158.74,2026-09-17 13:00:00,2026-09-17 15:00:00,120,ROLLING_BLOCK,AVAILABLE,TRACK_ISOLATION_REQUIRED;OHE_ISOLATION_REQUIRED;NO_HEAVY_MACHINE,TRACK_DOWN;OHE,TRACK+OHE,Engineering;Signal;Traction,4,3423.4,LOW,120.0,0.0,2026-09-17,"{'Signal', 'Traction', 'Engineering'}","{'TRACK', 'OHE'}",0.0,0,0.12,0.0,0.0
B000377,C119,L119-02,Lalitnagar,179.58,231.02,2026-10-01 02:30:00,2026-10-01 05:30:00,180,NIGHT_BLOCK,AVAILABLE,SIGNAL_ISOLATION_REQUIRED;NIGHT_ONLY;NO_HEAVY_MACHINE,SIGNALLING,SIGNAL,Engineering;Signal;Traction,4,6730.99,MEDIUM,180.0,0.0,2026-10-01,"{'Signal', 'Traction', 'Engineering'}",{'SIGNAL'},2.834865,10,0.621,0.0,0.0
B000379,C120,L120-01,Udayganj,0.0,22.26,2026-10-10 10:30:00,2026-10-10 12:30:00,120,TRAFFIC_BLOCK,AVAILABLE,TRACK_ISOLATION_REQUIRED;NO_HEAVY_MACHINE,TRACK_UP,TRACK,Engineering;Signal;Traction,1,8027.81,MEDIUM,120.0,0.0,2026-10-10,"{'Signal', 'Traction', 'Engineering'}",{'TRACK'},0.2142633333333333,5,0.504,0.0,0.0
B000380,C120,L120-07,Palaniganj Cantt,82.4,138.02,2026-09-02 03:00:00,2026-09-02 05:00:00,120,NIGHT_BLOCK,AVAILABLE,TRACK_ISOLATION_REQUIRED;NO_ELECTRICAL_WORK,TRACK_UP,TRACK,Engineering;Signal;Traction,1,5271.73,MEDIUM,120.0,0.0,2026-09-02,"{'Signal', 'Traction', 'Engineering'}",{'TRACK'},4.9799999999999995,18,1.0,0.0,0.0
B000381,C121,L121-04,Omkarkot Jn,188.14,214.82,2026-09-16 02:00:00,2026-09-16 03:00:00,60,TRAFFIC_BLOCK,AVAILABLE,TRACK_ISOLATION_REQUIRED;SIGNAL_ISOLATION_REQUIRED;NO_HEAVY_MACHINE;NO_ELECTRICAL_WORK,TRACK_UP;SIGNALLING,TRACK+SIGNAL,Engineering;Signal;Traction,1,2929.03,MEDIUM,60.0,0.0,2026-09-16,"{'Signal', 'Traction', 'Engineering'}","{'TRACK', 'SIGNAL'}",0.195552,3,0.448,0.0,0.0
B000382,C121,L121-04,Omkarkot Jn,166.79,236.17,2026-09-28 22:30:00,2026-09-29 01:30:00,180,NIGHT_BLOCK,AVAILABLE,OHE_ISOLATION_REQUIRED;SIGNAL_ISOLATION_REQUIRED;NO_HEAVY_MACHINE;LIMITED_ACCESS,OHE;SIGNALLING,OHE+SIGNAL,Engineering;Signal;Traction,1,7363.41,MEDIUM,180.0,0.0,2026-09-28,"{'Signal', 'Traction', 'Engineering'}","{'OHE', 'SIGNAL'}",1.2260520000000001,10,0.696,0.0,0.0
B000383,C122,L122-05,Devgarhganj Cantt,32.66,120.24,2026-10-02 02:00:00,2026-10-02 03:00:00,60,NIGHT_BLOCK,AVAILABLE,TRACK_ISOLATION_REQUIRED;NO_HEAVY_MACHINE,TRACK_BOTH,TRACK,Engineering;Signal;Traction,2,2894.88,MEDIUM,60.0,0.0,2026-10-02,"{'Signal', 'Traction', 'Engineering'}",{'TRACK'},0.8273333333333333,8,0.73,0.0,0.0
B000384,C122,L122-04,Omkargunj Road,37.7,79.9,2026-10-15 02:30:00,2026-10-15 05:30:00,180,ROLLING_BLOCK,AVAILABLE,TRACK_ISOLATION_REQUIRED;OHE_ISOLATION_REQUIRED;LIMITED_ACCESS,TRACK_BOTH;OHE,TRACK+OHE,Traction,4,6958.24,MEDIUM,180.0,0.0,2026-10-15,{'Traction'},"{'TRACK', 'OHE'}",1.4127925000000001,5,0.607,0.0,0.0
B000385,C123,L123-07,Chandrakot,58.94,129.62,2026-09-12 02:30:00,2026-09-12 04:00:00,90,NIGHT_BLOCK,AVAILABLE,TRACK_ISOLATION_REQUIRED;SIGNAL_ISOLATION_REQUIRED;NIGHT_ONLY;NO_HEAVY_MACHINE,TRACK_BOTH;SIGNALLING,TRACK+SIGNAL,Engineering;Signal;Traction,5,4048.35,HIGH,90.0,0.0,2026-09-12,"{'Signal', 'Traction', 'Engineering'}","{'TRACK', 'SIGNAL'}",1.14626925,7,0.777,0.0,0.0
B000386,C123,L123-02,Kaverikot Cantt,0.0,38.14,2026-10-12 16:30:00,2026-10-12 19:30:00,180,CORRIDOR_BLOCK,PROVISIONAL,TRACK_ISOLATION_REQUIRED;OHE_ISOLATION_REQUIRED,TRACK_BOTH;OHE,TRACK+OHE,Engineering;Signal;Traction,5,10182.72,HIGH,180.0,0.0,2026-10-12,"{'Signal', 'Traction', 'Engineering'}","{'TRACK', 'OHE'}",3.1020785,19,0.95,1.0,4.0
B000387,C124,L124-01,Chandrakot Road,18.37,94.29,2026-10-11 15:00:00,2026-10-11 16:00:00,60,ROLLING_BLOCK,AVAILABLE,NONE,LOOP_LINE,NONE,Signal,5,4976.85,MEDIUM,60.0,0.0,2026-10-11,{'Signal'},set(),0.0,0,0.089,0.0,0.0
B000389,C125,L125-10,Taptipur Road,63.48,128.24,2026-09-13 02:00:00,2026-09-13 04:00:00,120,NIGHT_BLOCK,AVAILABLE,TRACK_ISOLATION_REQUIRED;OHE_ISOLATION_REQUIRED;SIGNAL_ISOLATION_REQUIRED;NIGHT_ONLY;NO_HEAVY_MACHINE,TRACK_BOTH;OHE;SIGNALLING,ALL,Engineering,2,5222.72,HIGH,120.0,0.0,2026-09-13,{'Engineering'},"{'TRACK', 'OHE', 'SIGNAL'}",1.3896959999999998,7,0.704,0.0,0.0
B000390,C125,L125-10,Taptipur Road,69.67,122.05,2026-09-08 00:30:00,2026-09-08 01:00:00,30,NIGHT_BLOCK,AVAILABLE,NIGHT_ONLY;NO_HEAVY_MACHINE,PLATFORM_LINE,NONE,Signal;Traction,4,2377.46,HIGH,30.0,0.0,2026-09-08,"{'Signal', 'Traction'}",set(),0.3955,6,0.875,0.0,0.0
B000391,C126,L126-02,Konkankot,40.6,67.1,2026-09-09 10:00:00,2026-09-09 11:30:00,90,ROLLING_BLOCK,AVAILABLE,TRACK_ISOLATION_REQUIRED,TRACK_DOWN,TRACK,Engineering;Signal;Traction,3,5954.15,MEDIUM,90.0,0.0,2026-09-09,"{'Signal', 'Traction', 'Engineering'}",{'TRACK'},0.08169900000000001,1,0.339,0.0,0.0
B000393,C127,L127-06,Satpuranagar Road,188.67,258.41,2026-09-22 13:00:00,2026-09-22 16:00:00,180,TRAFFIC_BLOCK,PROVISIONAL,TRACK_ISOLATION_REQUIRED,TRACK_DOWN,TRACK,Engineering,1,7997.99,MEDIUM,180.0,0.0,2026-09-22,{'Engineering'},{'TRACK'},0.0,0,0.074,0.0,0.0
B000394,C127,L127-06,Satpuranagar Road,201.2,245.88,2026-09-27 08:00:00,2026-09-27 08:45:00,45,TRAFFIC_BLOCK,AVAILABLE,TRACK_ISOLATION_REQUIRED;NO_HEAVY_MACHINE,TRACK_DOWN,TRACK,Engineering;Signal;Traction,3,4606.39,MEDIUM,45.0,0.0,2026-09-27,"{'Signal', 'Traction', 'Engineering'}",{'TRACK'},0.0,0,0.08,0.0,0.0
B000395,C128,L128-05,Haldigarh,72.96,145.8,2026-09-20 13:00:00,2026-09-20 16:00:00,180,TRAFFIC_BLOCK,AVAILABLE,TRACK_ISOLATION_REQUIRED;NO_HEAVY_MACHINE,TRACK_BOTH,TRACK,Engineering;Signal;Traction,1,11168.07,HIGH,180.0,0.0,2026-09-20,"{'Signal', 'Traction', 'Engineering'}",{'TRACK'},0.0,0,0.194,0.0,0.0
B000396,C128,L128-05,Haldigarh,83.43,145.8,2026-09-29 19:00:00,2026-09-29 20:00:00,60,CORRIDOR_BLOCK,AVAILABLE,TRACK_ISOLATION_REQUIRED,TRACK_DOWN,TRACK,Engineering;Traction,4,6290.94,HIGH,60.0,0.0,2026-09-29,"{'Traction', 'Engineering'}",{'TRACK'},0.41586750000000006,5,0.549,0.0,0.0
B000398,C129,L129-05,Charankot,22.06,84.8,2026-09-25 23:00:00,2026-09-26 00:00:00,60,CORRIDOR_BLOCK,AVAILABLE,TRACK_ISOLATION_REQUIRED;OHE_ISOLATION_REQUIRED;SIGNAL_ISOLATION_REQUIRED;NO_HEAVY_MACHINE,TRACK_DOWN;OHE;SIGNALLING,ALL,Engineering;Signal;Traction,4,3236.43,HIGH,60.0,0.0,2026-09-25,"{'Signal', 'Traction', 'Engineering'}","{'TRACK', 'OHE', 'SIGNAL'}",1.6649880000000001,13,0.936,0.0,0.0
B000399,C130,L130-05,Jaisalpalli,0.74,90.94,2026-09-05 11:00:00,2026-09-05 11:30:00,30,CORRIDOR_BLOCK,AVAILABLE,TRACK_ISOLATION_REQUIRED;NO_HEAVY_MACHINE,TRACK_BOTH,TRACK,Engineering;Signal;Traction,4,5645.26,MEDIUM,30.0,0.0,2026-09-05,"{'Signal', 'Traction', 'Engineering'}",{'TRACK'},0.016256916666666666,1,0.217,0.0,0.0
B000400,C130,L130-04,Bhimakheda,18.38,62.04,2026-09-17 01:30:00,2026-09-17 04:30:00,180,NIGHT_BLOCK,AVAILABLE,OHE_ISOLATION_REQUIRED,OHE,OHE,Engineering;Signal;Traction,1,6724.26,MEDIUM,180.0,0.0,2026-09-17,"{'Signal', 'Traction', 'Engineering'}",{'OHE'},2.97528,11,0.644,0.0,0.0
B000401,C131,L131-08,Kaverinagar Cantt,200.42,248.2,2026-10-11 14:00:00,2026-10-11 17:00:00,180,TRAFFIC_BLOCK,AVAILABLE,TRACK_ISOLATION_REQUIRED;OHE_ISOLATION_REQUIRED;SIGNAL_ISOLATION_REQUIRED;NO_HEAVY_MACHINE,TRACK_DOWN;OHE;SIGNALLING,ALL,Traction,1,11113.24,HIGH,180.0,0.0,2026-10-11,{'Traction'},"{'TRACK', 'OHE', 'SIGNAL'}",0.9690825,5,0.471,0.0,0.0
B000402,C131,L131-04,Krishnaganj,128.78,168.8,2026-10-01 00:30:00,2026-10-01 02:30:00,120,ROLLING_BLOCK,AVAILABLE,TRACK_ISOLATION_REQUIRED;NO_HEAVY_MACHINE;LIMITED_ACCESS,TRACK_BOTH,TRACK,Engineering;Signal;Traction,3,5438.41,HIGH,120.0,0.0,2026-10-01,"{'Signal', 'Traction', 'Engineering'}",{'TRACK'},3.627,13,1.0,0.0,0.0
B000403,C132,L132-01,Taptiganj Cantt,0.0,32.84,2026-09-28 01:00:00,2026-09-28 05:00:00,240,NIGHT_BLOCK,AVAILABLE,TRACK_ISOLATION_REQUIRED;NIGHT_ONLY;LIMITED_ACCESS,TRACK_DOWN,TRACK,Engineering;Signal;Traction,5,6462.59,LOW,240.0,0.0,2026-09-28,"{'Signal', 'Traction', 'Engineering'}",{'TRACK'},2.2416426666666665,7,0.544,0.0,0.0
B000405,C133,L133-01,Konkankot,58.5,147.1,2026-09-09 03:00:00,2026-09-09 04:30:00,90,NIGHT_BLOCK,AVAILABLE,TRACK_ISOLATION_REQUIRED,TRACK_BOTH,TRACK,Engineering;Signal;Traction,1,3157.72,MEDIUM,90.0,0.0,2026-09-09,"{'Signal', 'Traction', 'Engineering'}",{'TRACK'},0.18232550000000003,2,0.461,0.0,0.0
B000406,C133,L133-01,Konkankot,51.6,154.0,2026-09-05 02:30:00,2026-09-05 05:30:00,180,TRAFFIC_BLOCK,AVAILABLE,TRACK_ISOLATION_REQUIRED;OHE_ISOLATION_REQUIRED;LIMITED_ACCESS,TRACK_DOWN;OHE,TRACK+OHE,Traction,4,6148.94,MEDIUM,180.0,0.0,2026-09-05,{'Traction'},"{'TRACK', 'OHE'}",0.25547549999999997,3,0.203,0.0,0.0
B000407,C134,L134-07,Gangapalli Jn,77.15,118.55,2026-10-04 11:00:00,2026-10-04 12:30:00,90,TRAFFIC_BLOCK,PROVISIONAL,TRACK_ISOLATION_REQUIRED;OHE_ISOLATION_REQUIRED;SIGNAL_ISOLATION_REQUIRED;LIMITED_ACCESS,TRACK_BOTH;OHE;SIGNALLING,ALL,Signal,1,6327.17,MEDIUM,90.0,0.0,2026-10-04,{'Signal'},"{'TRACK', 'OHE', 'SIGNAL'}",0.006239999999999999,2,0.045,0.0,0.0
B000408,C134,L134-01,Pushkarganj,0.0,53.36,2026-09-17 14:00:00,2026-09-17 15:00:00,60,CORRIDOR_BLOCK,AVAILABLE,TRACK_ISOLATION_REQUIRED;OHE_ISOLATION_REQUIRED;SIGNAL_ISOLATION_REQUIRED;NO_HEAVY_MACHINE;LIMITED_ACCESS,TRACK_BOTH;OHE;SIGNALLING,ALL,Signal;Traction,4,5857.79,MEDIUM,60.0,0.0,2026-09-17,"{'Signal', 'Traction'}","{'TRACK', 'OHE', 'SIGNAL'}",0.0,0,0.063,0.0,0.0
B000409,C135,L135-02,Taragarh,0.0,88.03,2026-09-20 10:30:00,2026-09-20 12:30:00,120,TRAFFIC_BLOCK,PROVISIONAL,TRACK_ISOLATION_REQUIRED;OHE_ISOLATION_REQUIRED;SIGNAL_ISOLATION_REQUIRED,TRACK_BOTH;OHE;SIGNALLING,ALL,Signal;Traction,4,7578.52,MEDIUM,120.0,0.0,2026-09-20,"{'Signal', 'Traction'}","{'TRACK', 'OHE', 'SIGNAL'}",0.038236250000000006,1,0.169,0.0,0.0
B000410,C135,L135-05,Satpurakheda,89.52,134.64,2026-09-29 11:00:00,2026-09-29 12:30:00,90,CORRIDOR_BLOCK,AVAILABLE,TRACK_ISOLATION_REQUIRED;OHE_ISOLATION_REQUIRED;SIGNAL_ISOLATION_REQUIRED;NO_HEAVY_MACHINE;LIMITED_ACCESS,TRACK_BOTH;OHE;SIGNALLING,ALL,Engineering;Signal;Traction,4,6317.25,MEDIUM,90.0,0.0,2026-09-29,"{'Signal', 'Traction', 'Engineering'}","{'TRACK', 'OHE', 'SIGNAL'}",0.2101773333333333,7,0.287,0.0,0.0
B000411,C136,L136-14,Sabarabad Road,135.62,194.5,2026-10-07 01:30:00,2026-10-07 02:30:00,60,TRAFFIC_BLOCK,AVAILABLE,OHE_ISOLATION_REQUIRED;SIGNAL_ISOLATION_REQUIRED;NO_HEAVY_MACHINE,OHE;SIGNALLING,OHE+SIGNAL,Engineering;Signal;Traction,1,3293.38,HIGH,60.0,0.0,2026-10-07,"{'Signal', 'Traction', 'Engineering'}","{'OHE', 'SIGNAL'}",1.2788066666666664,10,0.818,0.0,0.0
B000412,C136,L136-14,Sabarabad Road,166.48,191.1,2026-10-06 14:30:00,2026-10-06 15:15:00,45,TRAFFIC_BLOCK,PROVISIONAL,TRACK_ISOLATION_REQUIRED;NO_HEAVY_MACHINE,TRACK_BOTH,TRACK,Engineering;Signal;Traction,2,6165.61,HIGH,45.0,0.0,2026-10-06,"{'Signal', 'Traction', 'Engineering'}",{'TRACK'},0.0756945,3,0.267,0.0,0.0
B000413,C137,L137-01,Bhimakheda,0.0,94.83,2026-09-01 14:30:00,2026-09-01 16:30:00,120,CORRIDOR_BLOCK,PROVISIONAL,SIGNAL_ISOLATION_REQUIRED,SIGNALLING,SIGNAL,Engineering;Signal;Traction,1,5052.79,LOW,120.0,0.0,2026-09-01,"{'Signal', 'Traction', 'Engineering'}",{'SIGNAL'},0.0,0,0.195,0.0,0.0
B000414,C137,L137-01,Bhimakheda,9.26,72.06,2026-10-07 03:00:00,2026-10-07 04:00:00,60,NIGHT_BLOCK,AVAILABLE,TRACK_ISOLATION_REQUIRED;OHE_ISOLATION_REQUIRED;SIGNAL_ISOLATION_REQUIRED;NIGHT_ONLY;NO_HEAVY_MACHINE,TRACK_BOTH;OHE;SIGNALLING,ALL,Traction,4,1529.27,LOW,60.0,0.0,2026-10-07,{'Traction'},"{'TRACK', 'OHE', 'SIGNAL'}",0.0,0,0.29,0.0,0.0
B000415,C138,L138-05,Udaykot Cantt,53.23,84.5,2026-09-10 23:00:00,2026-09-11 03:00:00,240,CORRIDOR_BLOCK,AVAILABLE,TRACK_ISOLATION_REQUIRED;NO_HEAVY_MACHINE,TRACK_UP,TRACK,Engineering;Signal;Traction,3,7061.4,MEDIUM,240.0,0.0,2026-09-10,"{'Signal', 'Traction', 'Engineering'}",{'TRACK'},3.396735666666667,12,0.745,0.0,0.0
B000417,C139,L139-03,Ashokpur,10.65,47.87,2026-09-24 15:00:00,2026-09-24 17:00:00,120,TRAFFIC_BLOCK,PROVISIONAL,TRACK_ISOLATION_REQUIRED;NO_HEAVY_MACHINE;LIMITED_ACCESS,TRACK_DOWN,TRACK,Engineering;Signal;Traction,3,5252.47,LOW,120.0,0.0,2026-09-24,"{'Signal', 'Traction', 'Engineering'}",{'TRACK'},0.07031266666666666,1,0.266,0.0,0.0
B000418,C139,L139-06,Rohtakpur,5.51,61.1,2026-09-14 13:00:00,2026-09-14 17:00:00,240,TRAFFIC_BLOCK,PROVISIONAL,TRACK_ISOLATION_REQUIRED,TRACK_DOWN,TRACK,Engineering,5,7639.77,LOW,240.0,0.0,2026-09-14,{'Engineering'},{'TRACK'},0.70488,3,0.445,0.0,0.0
B000419,C140,L140-01,Sundarkot Jn,0.0,52.1,2026-09-13 02:00:00,2026-09-13 03:00:00,60,NIGHT_BLOCK,AVAILABLE,OHE_ISOLATION_REQUIRED,OHE,OHE,Signal,1,2716.95,HIGH,60.0,0.0,2026-09-13,{'Signal'},{'OHE'},0.851445,9,0.63,0.0,0.0
B000421,C141,L141-06,Palanipur,325.98,350.88,2026-09-25 01:00:00,2026-09-25 04:00:00,180,NIGHT_BLOCK,AVAILABLE,TRACK_ISOLATION_REQUIRED;OHE_ISOLATION_REQUIRED;SIGNAL_ISOLATION_REQUIRED;NIGHT_ONLY,TRACK_BOTH;OHE;SIGNALLING,ALL,Engineering;Signal;Traction,1,6916.08,MEDIUM,180.0,0.0,2026-09-25,"{'Signal', 'Traction', 'Engineering'}","{'TRACK', 'OHE', 'SIGNAL'}",2.5496100000000004,10,0.639,0.0,0.0
B000423,C142,L142-03,Shantikot Jn,67.92,113.34,2026-09-19 00:30:00,2026-09-19 01:15:00,45,NIGHT_BLOCK,PROVISIONAL,TRACK_ISOLATION_REQUIRED;OHE_ISOLATION_REQUIRED;SIGNAL_ISOLATION_REQUIRED;NIGHT_ONLY;NO_HEAVY_MACHINE;LIMITED_ACCESS,TRACK_UP;OHE;SIGNALLING,ALL,Engineering;Traction,5,2767.83,MEDIUM,45.0,0.0,2026-09-19,"{'Traction', 'Engineering'}","{'TRACK', 'OHE', 'SIGNAL'}",0.34048375000000003,5,0.647,0.0,0.0
B000424,C142,L142-03,Shantikot Jn,56.07,125.19,2026-09-23 02:00:00,2026-09-23 04:00:00,120,NIGHT_BLOCK,AVAILABLE,OHE_ISOLATION_REQUIRED,OHE,OHE,Engineering,4,4339.78,MEDIUM,120.0,0.0,2026-09-23,{'Engineering'},{'OHE'},3.3395460000000003,14,0.921,0.0,0.0
B000425,C143,L143-07,Kaveripur,147.92,223.9,2026-10-14 10:00:00,2026-10-14 14:00:00,240,TRAFFIC_BLOCK,AVAILABLE,OHE_ISOLATION_REQUIRED;SIGNAL_ISOLATION_REQUIRED,OHE;SIGNALLING,OHE+SIGNAL,Engineering;Signal;Traction,3,7806.26,LOW,240.0,0.0,2026-10-14,"{'Signal', 'Traction', 'Engineering'}","{'OHE', 'SIGNAL'}",0.19287500000000002,3,0.321,0.0,0.0
B000426,C143,L143-08,Charangunj Jn,165.6,223.9,2026-09-16 10:00:00,2026-09-16 11:00:00,60,TRAFFIC_BLOCK,AVAILABLE,TRACK_ISOLATION_REQUIRED;NO_HEAVY_MACHINE;LIMITED_ACCESS,TRACK_DOWN,TRACK,Engineering;Signal;Traction,2,3159.47,LOW,60.0,0.0,2026-09-16,"{'Signal', 'Traction', 'Engineering'}",{'TRACK'},0.034486666666666665,1,0.28,0.0,0.0
B000427,C144,L144-03,Devgarhkot Jn,24.79,81.29,2026-10-01 02:30:00,2026-10-01 04:00:00,90,TRAFFIC_BLOCK,AVAILABLE,OHE_ISOLATION_REQUIRED;SIGNAL_ISOLATION_REQUIRED,OHE;SIGNALLING,OHE+SIGNAL,Engineering;Signal,4,4714.87,MEDIUM,90.0,0.0,2026-10-01,"{'Signal', 'Engineering'}","{'OHE', 'SIGNAL'}",2.9315,13,1.0,0.0,0.0
B000428,C144,L144-03,Devgarhkot Jn,39.65,66.43,2026-09-13 02:00:00,2026-09-13 06:00:00,240,EMERGENCY_BLOCK,PROVISIONAL,TRACK_ISOLATION_REQUIRED;OHE_ISOLATION_REQUIRED,TRACK_BOTH;OHE,TRACK+OHE,Traction,2,7909.98,MEDIUM,240.0,0.0,2026-09-13,{'Traction'},"{'TRACK', 'OHE'}",1.6875099999999998,5,0.529,0.0,0.0
B000429,C145,L145-02,Tarakot,85.68,165.72,2026-10-14 15:00:00,2026-10-14 18:00:00,180,TRAFFIC_BLOCK,AVAILABLE,TRACK_ISOLATION_REQUIRED,TRACK_BOTH,TRACK,Engineering;Signal;Traction,2,8028.75,MEDIUM,180.0,0.0,2026-10-14,"{'Signal', 'Traction', 'Engineering'}",{'TRACK'},0.666,4,0.45,0.0,0.0
B000430,C145,L145-02,Tarakot,111.56,139.84,2026-09-14 01:00:00,2026-09-14 01:45:00,45,NIGHT_BLOCK,AVAILABLE,TRACK_ISOLATION_REQUIRED;OHE_ISOLATION_REQUIRED;NIGHT_ONLY;NO_HEAVY_MACHINE;LIMITED_ACCESS,TRACK_BOTH;OHE,TRACK+OHE,Engineering;Signal;Traction,4,2492.59,MEDIUM,45.0,0.0,2026-09-14,"{'Signal', 'Traction', 'Engineering'}","{'TRACK', 'OHE'}",0.5021519999999999,8,0.588,0.0,0.0
B000431,C146,L146-02,Chandrapalli Road,3.87,72.01,2026-09-23 10:30:00,2026-09-23 14:30:00,240,ROLLING_BLOCK,AVAILABLE,TRACK_ISOLATION_REQUIRED;SIGNAL_ISOLATION_REQUIRED,TRACK_BOTH;SIGNALLING,TRACK+SIGNAL,Signal;Traction,5,10734.24,MEDIUM,240.0,0.0,2026-09-23,"{'Signal', 'Traction'}","{'TRACK', 'SIGNAL'}",0.1450875,2,0.239,0.0,0.0
B000432,C146,L146-03,Tarapur,25.67,110.83,2026-09-12 01:00:00,2026-09-12 02:00:00,60,NIGHT_BLOCK,AVAILABLE,TRACK_ISOLATION_REQUIRED;NIGHT_ONLY;NO_HEAVY_MACHINE;LIMITED_ACCESS,TRACK_UP,TRACK,Engineering;Signal;Traction,3,2967.73,MEDIUM,60.0,0.0,2026-09-12,"{'Signal', 'Traction', 'Engineering'}",{'TRACK'},0.05080833333333333,1,0.335,0.0,0.0
B000433,C147,L147-03,Charankot,0.0,62.5,2026-09-17 01:30:00,2026-09-17 03:00:00,90,ROLLING_BLOCK,AVAILABLE,OHE_ISOLATION_REQUIRED,OHE,OHE,Engineering;Signal;Traction,4,2870.18,MEDIUM,90.0,0.0,2026-09-17,"{'Signal', 'Traction', 'Engineering'}",{'OHE'},0.21692300000000003,2,0.466,0.0,0.0
B000434,C147,L147-03,Charankot,0.79,62.5,2026-09-21 15:00:00,2026-09-21 17:00:00,120,TRAFFIC_BLOCK,AVAILABLE,TRACK_ISOLATION_REQUIRED,TRACK_UP,TRACK,Engineering;Signal;Traction,5,6338.9,MEDIUM,120.0,0.0,2026-09-21,"{'Signal', 'Traction', 'Engineering'}",{'TRACK'},0.0,0,0.222,0.0,0.0
B000435,C148,L148-01,Ambagarh,0.0,24.43,2026-09-17 23:00:00,2026-09-18 00:30:00,90,CORRIDOR_BLOCK,AVAILABLE,LIMITED_ACCESS,LOOP_LINE,NONE,Engineering;Signal;Traction,1,3442.98,MEDIUM,90.0,0.0,2026-09-17,"{'Signal', 'Traction', 'Engineering'}",set(),0.5001754999999999,9,0.437,0.0,0.0
B000436,C148,L148-01,Ambagarh,0.0,37.21,2026-09-23 01:30:00,2026-09-23 03:30:00,120,NIGHT_BLOCK,PROVISIONAL,TRACK_ISOLATION_REQUIRED;OHE_ISOLATION_REQUIRED;NIGHT_ONLY,TRACK_BOTH;OHE,TRACK+OHE,Signal,5,4133.71,MEDIUM,120.0,0.0,2026-09-23,{'Signal'},"{'TRACK', 'OHE'}",0.299376,2,0.567,0.0,0.0
B000437,C149,L149-05,Nilgirikot,128.06,154.48,2026-09-03 17:00:00,2026-09-03 18:00:00,60,TRAFFIC_BLOCK,AVAILABLE,TRACK_ISOLATION_REQUIRED;LIMITED_ACCESS,TRACK_DOWN,TRACK,Engineering;Signal;Traction,1,7094.65,MEDIUM,60.0,0.0,2026-09-03,"{'Signal', 'Traction', 'Engineering'}",{'TRACK'},0.15609066666666666,2,0.518,0.0,0.0
B000439,C150,L150-09,Omkarpur Cantt,100.44,172.52,2026-09-10 16:30:00,2026-09-10 19:30:00,180,ROLLING_BLOCK,AVAILABLE,TRACK_ISOLATION_REQUIRED,TRACK_BOTH,TRACK,Signal;Traction,1,11035.83,HIGH,180.0,0.0,2026-09-10,"{'Signal', 'Traction'}",{'TRACK'},3.340609,17,1.0,0.0,0.0
B000440,C150,L150-09,Omkarpur Cantt,85.9,184.4,2026-09-08 10:30:00,2026-09-08 11:30:00,60,TRAFFIC_BLOCK,AVAILABLE,TRACK_ISOLATION_REQUIRED;OHE_ISOLATION_REQUIRED;SIGNAL_ISOLATION_REQUIRED;NO_HEAVY_MACHINE,TRACK_BOTH;OHE;SIGNALLING,ALL,Engineering,2,7469.97,HIGH,60.0,0.0,2026-09-08,{'Engineering'},"{'TRACK', 'OHE', 'SIGNAL'}",0.7702293333333334,8,0.652,0.0,0.0
B000441,C151,L151-06,Palaniganj,145.32,226.74,2026-09-28 02:30:00,2026-09-28 06:30:00,240,TRAFFIC_BLOCK,AVAILABLE,TRACK_ISOLATION_REQUIRED;OHE_ISOLATION_REQUIRED,TRACK_BOTH;OHE,TRACK+OHE,Traction,2,5337.68,LOW,240.0,0.0,2026-09-28,{'Traction'},"{'TRACK', 'OHE'}",0.24776266666666663,4,0.416,0.0,0.0
B000442,C151,L151-06,Palaniganj,140.01,232.05,2026-10-06 23:30:00,2026-10-07 02:30:00,180,TRAFFIC_BLOCK,AVAILABLE,NONE,PLATFORM_LINE,NONE,Engineering;Traction,1,3476.54,LOW,180.0,0.0,2026-10-06,"{'Traction', 'Engineering'}",set(),1.805741,12,0.582,0.0,0.0
B000443,C152,L152-03,Kaverikot,142.06,168.28,2026-09-29 14:00:00,2026-09-29 17:00:00,180,ROLLING_BLOCK,AVAILABLE,TRACK_ISOLATION_REQUIRED,TRACK_UP,TRACK,Engineering;Signal;Traction,2,6634.3,LOW,180.0,0.0,2026-09-29,"{'Signal', 'Traction', 'Engineering'}",{'TRACK'},0.17962699999999998,1,0.383,0.0,0.0
B000444,C152,L152-04,Malwapur,178.73,205.13,2026-10-05 23:00:00,2026-10-06 03:00:00,240,NIGHT_BLOCK,AVAILABLE,OHE_ISOLATION_REQUIRED;NIGHT_ONLY;NO_HEAVY_MACHINE,OHE,OHE,Engineering;Signal;Traction,3,5848.4,LOW,240.0,0.0,2026-10-05,"{'Signal', 'Traction', 'Engineering'}",{'OHE'},3.3253269999999997,19,0.73,0.0,0.0
B000445,C153,L153-09,Konkannagar Jn,68.71,126.63,2026-09-01 01:30:00,2026-09-01 02:30:00,60,CORRIDOR_BLOCK,AVAILABLE,SIGNAL_ISOLATION_REQUIRED,SIGNALLING,SIGNAL,Engineering,3,2638.57,HIGH,60.0,0.0,2026-09-01,{'Engineering'},{'SIGNAL'},0.9077519999999999,9,0.694,0.0,0.0
B000446,C153,L153-01,Veerkot Jn,3.69,52.03,2026-10-15 01:30:00,2026-10-15 03:30:00,120,CORRIDOR_BLOCK,AVAILABLE,TRACK_ISOLATION_REQUIRED;OHE_ISOLATION_REQUIRED;NO_HEAVY_MACHINE,TRACK_DOWN;OHE,TRACK+OHE,Engineering,4,5032.1,HIGH,120.0,0.0,2026-10-15,{'Engineering'},"{'TRACK', 'OHE'}",1.257984,6,0.768,0.0,0.0
B000447,C154,L154-03,Krishnagarh Jn,0.0,65.35,2026-09-05 08:00:00,2026-09-05 08:45:00,45,CORRIDOR_BLOCK,AVAILABLE,TRACK_ISOLATION_REQUIRED;NO_HEAVY_MACHINE,TRACK_UP,TRACK,Engineering;Signal;Traction,2,5132.15,MEDIUM,45.0,0.0,2026-09-05,"{'Signal', 'Traction', 'Engineering'}",{'TRACK'},0.0,0,0.0,0.0,0.0
B000448,C154,L154-03,Krishnagarh Jn,0.0,47.3,2026-09-03 01:00:00,2026-09-03 05:00:00,240,CORRIDOR_BLOCK,AVAILABLE,TRACK_ISOLATION_REQUIRED;OHE_ISOLATION_REQUIRED;SIGNAL_ISOLATION_REQUIRED,TRACK_BOTH;OHE;SIGNALLING,ALL,Engineering,1,8790.62,MEDIUM,240.0,0.0,2026-09-03,{'Engineering'},"{'TRACK', 'OHE', 'SIGNAL'}",0.9260426666666667,4,0.433,0.0,0.0
B000449,C155,L155-06,Taptinagar Jn,1.11,53.87,2026-09-17 00:30:00,2026-09-17 01:15:00,45,NIGHT_BLOCK,AVAILABLE,TRACK_ISOLATION_REQUIRED;OHE_ISOLATION_REQUIRED;NO_HEAVY_MACHINE,TRACK_DOWN;OHE,TRACK+OHE,Engineering;Signal;Traction,2,2381.86,HIGH,45.0,0.0,2026-09-17,"{'Signal', 'Traction', 'Engineering'}","{'TRACK', 'OHE'}",1.0903530000000001,11,0.893,0.0,0.0
B000450,C155,L155-06,Taptinagar Jn,0.0,59.73,2026-09-08 01:00:00,2026-09-08 03:00:00,120,NIGHT_BLOCK,AVAILABLE,SIGNAL_ISOLATION_REQUIRED;NIGHT_ONLY,SIGNALLING,SIGNAL,Signal,2,4563.36,HIGH,120.0,0.0,2026-09-08,{'Signal'},{'SIGNAL'},3.283098,13,0.859,1.0,3.0
B000451,C156,L156-05,Shantikot,4.63,99.57,2026-10-11 15:00:00,2026-10-11 19:00:00,240,TRAFFIC_BLOCK,AVAILABLE,OHE_ISOLATION_REQUIRED,OHE,OHE,Engineering;Traction,5,10510.22,MEDIUM,240.0,0.0,2026-10-11,"{'Traction', 'Engineering'}",{'OHE'},0.16965,2,0.195,0.0,0.0
B000452,C156,L156-05,Shantikot,10.18,94.02,2026-09-05 22:30:00,2026-09-06 00:30:00,120,NIGHT_BLOCK,AVAILABLE,SIGNAL_ISOLATION_REQUIRED;NIGHT_ONLY,SIGNALLING,SIGNAL,Engineering;Signal;Traction,5,4768.66,MEDIUM,120.0,0.0,2026-09-05,"{'Signal', 'Traction', 'Engineering'}",{'SIGNAL'},0.026325,2,0.195,0.0,0.0
B000454,C157,L157-05,Bhimakheda Cantt,145.63,206.25,2026-09-19 02:00:00,2026-09-19 03:00:00,60,TRAFFIC_BLOCK,AVAILABLE,TRACK_ISOLATION_REQUIRED,TRACK_BOTH,TRACK,Signal,2,1594.51,MEDIUM,60.0,0.0,2026-09-19,{'Signal'},{'TRACK'},0.04595033333333333,1,0.329,0.0,0.0
B000455,C158,L158-02,Girnarpalli Road,185.5,285.26,2026-10-01 17:00:00,2026-10-01 19:00:00,120,CORRIDOR_BLOCK,AVAILABLE,TRACK_ISOLATION_REQUIRED;NO_HEAVY_MACHINE;NO_ELECTRICAL_WORK,TRACK_UP,TRACK,Engineering,5,5532.08,MEDIUM,120.0,0.0,2026-10-01,{'Engineering'},{'TRACK'},0.3277686666666667,5,0.625,0.0,0.0
B000456,C158,L158-02,Girnarpalli Road,223.26,247.5,2026-09-25 00:30:00,2026-09-25 03:30:00,180,NIGHT_BLOCK,AVAILABLE,SIGNAL_ISOLATION_REQUIRED;LIMITED_ACCESS,SIGNALLING,SIGNAL,Engineering;Signal;Traction,5,5153.67,MEDIUM,180.0,0.0,2026-09-25,"{'Signal', 'Traction', 'Engineering'}",{'SIGNAL'},4.06794,10,0.898,0.0,0.0
B000457,C159,L159-04,Nilgirigunj,26.94,129.22,2026-09-02 11:00:00,2026-09-02 14:00:00,180,CORRIDOR_BLOCK,AVAILABLE,TRACK_ISOLATION_REQUIRED,TRACK_UP,TRACK,Engineering,1,6367.6,LOW,180.0,0.0,2026-09-02,{'Engineering'},{'TRACK'},0.201238,4,0.327,0.0,0.0
B000458,C159,L159-04,Nilgirigunj,62.9,93.26,2026-09-16 15:00:00,2026-09-16 16:30:00,90,CORRIDOR_BLOCK,AVAILABLE,TRACK_ISOLATION_REQUIRED,TRACK_UP,TRACK,Engineering;Signal;Traction,4,4632.05,LOW,90.0,0.0,2026-09-16,"{'Signal', 'Traction', 'Engineering'}",{'TRACK'},0.06821175,1,0.309,0.0,0.0
B000459,C160,L160-04,Ashokkot,291.29,341.15,2026-09-17 10:00:00,2026-09-17 13:00:00,180,TRAFFIC_BLOCK,AVAILABLE,TRACK_ISOLATION_REQUIRED;NO_HEAVY_MACHINE;LIMITED_ACCESS,TRACK_UP,TRACK,Signal,5,6110.27,LOW,180.0,0.0,2026-09-17,{'Signal'},{'TRACK'},0.779108,6,0.483,0.0,0.0
B000460,C160,L160-04,Ashokkot,298.83,333.61,2026-10-13 10:00:00,2026-10-13 13:00:00,180,ROLLING_BLOCK,AVAILABLE,SIGNAL_ISOLATION_REQUIRED;LIMITED_ACCESS,SIGNALLING,SIGNAL,Engineering;Signal;Traction,1,5687.86,LOW,180.0,0.0,2026-10-13,"{'Signal', 'Traction', 'Engineering'}",{'SIGNAL'},1.7736725,19,0.449,0.0,0.0
B000461,C161,L161-02,Chandrapur Cantt,0.0,53.75,2026-10-13 14:00:00,2026-10-13 16:00:00,120,ROLLING_BLOCK,AVAILABLE,SIGNAL_ISOLATION_REQUIRED,SIGNALLING,SIGNAL,Engineering;Signal;Traction,4,8092.19,HIGH,120.0,0.0,2026-10-13,"{'Signal', 'Traction', 'Engineering'}",{'SIGNAL'},0.2902799999999999,3,0.354,0.0,0.0
B000462,C161,L161-08,Nilgiripur Cantt,122.34,198.34,2026-10-14 23:30:00,2026-10-15 01:30:00,120,TRAFFIC_BLOCK,AVAILABLE,TRACK_ISOLATION_REQUIRED;NO_HEAVY_MACHINE,TRACK_BOTH,TRACK,Engineering;Signal;Traction,4,4612.29,HIGH,120.0,0.0,2026-10-14,"{'Signal', 'Traction', 'Engineering'}",{'TRACK'},2.0038252500000002,13,0.773,0.0,0.0
B000463,C162,L162-04,Taptipur,68.92,156.1,2026-09-18 02:00:00,2026-09-18 05:00:00,180,TRAFFIC_BLOCK,PROVISIONAL,TRACK_ISOLATION_REQUIRED,TRACK_UP,TRACK,Traction,2,4960.52,LOW,180.0,0.0,2026-09-18,{'Traction'},{'TRACK'},0.351657,2,0.369,0.0,0.0
B000464,C162,L162-01,Indraganj,0.0,57.71,2026-09-23 10:30:00,2026-09-23 11:30:00,60,ROLLING_BLOCK,AVAILABLE,TRACK_ISOLATION_REQUIRED;OHE_ISOLATION_REQUIRED,TRACK_BOTH;OHE,TRACK+OHE,Engineering;Signal;Traction,4,3337.37,LOW,60.0,0.0,2026-09-23,"{'Signal', 'Traction', 'Engineering'}","{'TRACK', 'OHE'}",0.0,0,0.224,0.0,0.0
B000465,C163,L163-01,Dhanuganj Cantt,0.0,46.91,2026-09-02 23:00:00,2026-09-03 00:00:00,60,NIGHT_BLOCK,AVAILABLE,TRACK_ISOLATION_REQUIRED;OHE_ISOLATION_REQUIRED,TRACK_DOWN;OHE,TRACK+OHE,Engineering;Signal;Traction,3,3563.6,HIGH,60.0,0.0,2026-09-02,"{'Signal', 'Traction', 'Engineering'}","{'TRACK', 'OHE'}",2.0599999999999996,15,1.0,0.0,0.0
B000466,C163,L163-01,Dhanuganj Cantt,0.0,43.16,2026-09-07 11:00:00,2026-09-07 11:45:00,45,CORRIDOR_BLOCK,AVAILABLE,OHE_ISOLATION_REQUIRED;NO_HEAVY_MACHINE,OHE,OHE,Signal,2,6559.05,HIGH,45.0,0.0,2026-09-07,{'Signal'},{'OHE'},0.9335100000000001,10,0.841,0.0,0.0
B000467,C164,L164-03,Charanpalli,81.95,172.61,2026-10-10 23:30:00,2026-10-11 00:30:00,60,CORRIDOR_BLOCK,AVAILABLE,SIGNAL_ISOLATION_REQUIRED,SIGNALLING,SIGNAL,Traction,3,3474.27,HIGH,60.0,0.0,2026-10-10,{'Traction'},{'SIGNAL'},0.8899629999999998,17,0.7,0.0,0.0
B000468,C164,L164-09,Sagarnagar Cantt,305.9,344.68,2026-09-28 14:00:00,2026-09-28 17:00:00,180,TRAFFIC_BLOCK,AVAILABLE,SIGNAL_ISOLATION_REQUIRED,SIGNALLING,SIGNAL,Engineering;Traction,1,11664.27,HIGH,180.0,0.0,2026-09-28,"{'Traction', 'Engineering'}",{'SIGNAL'},1.87152,8,0.557,0.0,0.0
B000469,C165,L165-02,Narmadagunj,0.0,69.15,2026-09-06 01:30:00,2026-09-06 04:30:00,180,NIGHT_BLOCK,PROVISIONAL,TRACK_ISOLATION_REQUIRED;NIGHT_ONLY;NO_HEAVY_MACHINE,TRACK_DOWN,TRACK,Signal;Traction,5,5020.8,MEDIUM,180.0,0.0,2026-09-06,"{'Signal', 'Traction'}",{'TRACK'},1.784592,8,0.486,0.0,0.0
B000470,C165,L165-02,Narmadagunj,0.0,73.57,2026-09-09 11:00:00,2026-09-09 14:00:00,180,TRAFFIC_BLOCK,AVAILABLE,TRACK_ISOLATION_REQUIRED;NO_HEAVY_MACHINE;NO_ELECTRICAL_WORK;LIMITED_ACCESS,TRACK_UP,TRACK,Engineering,5,6462.03,MEDIUM,180.0,0.0,2026-09-09,{'Engineering'},{'TRACK'},0.5230400000000001,6,0.422,0.0,0.0
B000471,C166,L166-04,Bharatganj,115.06,216.78,2026-10-05 22:30:00,2026-10-06 00:30:00,120,NIGHT_BLOCK,AVAILABLE,NIGHT_ONLY;NO_HEAVY_MACHINE;LIMITED_ACCESS,TRACK_DOWN,NONE,Engineering,4,4724.05,MEDIUM,120.0,0.0,2026-10-05,{'Engineering'},set(),0.6159938333333332,10,0.637,0.0,0.0
B000472,C166,L166-05,Omkargarh,155.84,257.4,2026-09-05 10:00:00,2026-09-05 13:00:00,180,TRAFFIC_BLOCK,AVAILABLE,OHE_ISOLATION_REQUIRED,OHE,OHE,Signal,1,9548.53,MEDIUM,180.0,0.0,2026-09-05,{'Signal'},{'OHE'},0.026991999999999995,1,0.112,0.0,0.0
B000473,C167,L167-02,Kanhagarh,1.72,34.14,2026-09-04 03:00:00,2026-09-04 04:30:00,90,TRAFFIC_BLOCK,AVAILABLE,TRACK_ISOLATION_REQUIRED,TRACK_UP,TRACK,Engineering;Signal;Traction,5,2055.49,LOW,90.0,0.0,2026-09-04,"{'Signal', 'Traction', 'Engineering'}",{'TRACK'},0.48487499999999994,5,0.431,0.0,0.0
B000474,C167,L167-02,Kanhagarh,0.0,61.94,2026-09-29 02:30:00,2026-09-29 06:30:00,240,NIGHT_BLOCK,AVAILABLE,OHE_ISOLATION_REQUIRED;NO_HEAVY_MACHINE;LIMITED_ACCESS,OHE,OHE,Signal;Traction,3,5769.22,LOW,240.0,0.0,2026-09-29,"{'Signal', 'Traction'}",{'OHE'},1.6236854166666665,7,0.561,0.0,0.0
B000475,C168,L168-03,Jaisalkheda Road,30.13,136.45,2026-09-09 19:00:00,2026-09-09 21:00:00,120,CORRIDOR_BLOCK,AVAILABLE,TRACK_ISOLATION_REQUIRED,TRACK_BOTH,TRACK,Engineering;Signal,1,4303.94,LOW,120.0,0.0,2026-09-09,"{'Signal', 'Engineering'}",{'TRACK'},0.30203100000000005,3,0.333,0.0,0.0
B000476,C168,L168-03,Jaisalkheda Road,67.26,99.32,2026-10-11 14:00:00,2026-10-11 17:00:00,180,CORRIDOR_BLOCK,AVAILABLE,TRACK_ISOLATION_REQUIRED,TRACK_BOTH,TRACK,Engineering;Signal,2,6286.75,LOW,180.0,0.0,2026-10-11,"{'Signal', 'Engineering'}",{'TRACK'},0.0,0,0.072,0.0,0.0
B000478,C169,L169-05,Sabarkot,98.75,208.27,2026-09-25 22:30:00,2026-09-26 00:30:00,120,TRAFFIC_BLOCK,AVAILABLE,TRACK_ISOLATION_REQUIRED;OHE_ISOLATION_REQUIRED;SIGNAL_ISOLATION_REQUIRED,TRACK_BOTH;OHE;SIGNALLING,ALL,Engineering;Signal;Traction,3,3905.73,MEDIUM,120.0,0.0,2026-09-25,"{'Signal', 'Traction', 'Engineering'}","{'TRACK', 'OHE', 'SIGNAL'}",1.2117238333333336,13,0.617,0.0,0.0
B000479,C170,L170-05,Bharatnagar,1.92,39.76,2026-09-12 02:00:00,2026-09-12 04:00:00,120,CORRIDOR_BLOCK,AVAILABLE,TRACK_ISOLATION_REQUIRED,TRACK_UP,TRACK,Engineering;Signal;Traction,2,3529.46,LOW,120.0,0.0,2026-09-12,"{'Signal', 'Traction', 'Engineering'}",{'TRACK'},0.20829333333333333,2,0.428,0.0,0.0
B000480,C170,L170-05,Bharatnagar,0.0,40.2,2026-10-04 15:00:00,2026-10-04 19:00:00,240,TRAFFIC_BLOCK,AVAILABLE,OHE_ISOLATION_REQUIRED;SIGNAL_ISOLATION_REQUIRED,OHE;SIGNALLING,OHE+SIGNAL,Engineering;Traction,5,8488.79,LOW,240.0,0.0,2026-10-04,"{'Traction', 'Engineering'}","{'OHE', 'SIGNAL'}",0.9064176666666668,9,0.326,0.0,0.0
B000481,C171,L171-02,Malwapur Jn,0.0,26.38,2026-09-16 01:00:00,2026-09-16 01:30:00,30,CORRIDOR_BLOCK,AVAILABLE,TRACK_ISOLATION_REQUIRED;NO_HEAVY_MACHINE;LIMITED_ACCESS,TRACK_UP,TRACK,Engineering;Signal;Traction,3,1644.54,MEDIUM,30.0,0.0,2026-09-16,"{'Signal', 'Traction', 'Engineering'}",{'TRACK'},0.839,12,1.0,0.0,0.0
B000482,C171,L171-01,Yamunakot Cantt,0.0,27.5,2026-09-04 10:30:00,2026-09-04 13:30:00,180,ROLLING_BLOCK,AVAILABLE,TRACK_ISOLATION_REQUIRED;NO_HEAVY_MACHINE,TRACK_UP,TRACK,Engineering;Signal,1,9369.45,MEDIUM,180.0,0.0,2026-09-04,"{'Signal', 'Engineering'}",{'TRACK'},1.0045972500000002,9,0.553,0.0,0.0
B000483,C172,L172-04,Vindhyanagar,255.55,323.01,2026-10-13 13:00:00,2026-10-13 14:00:00,60,TRAFFIC_BLOCK,PROVISIONAL,OHE_ISOLATION_REQUIRED;SIGNAL_ISOLATION_REQUIRED,OHE;SIGNALLING,OHE+SIGNAL,Engineering,3,6427.86,MEDIUM,60.0,0.0,2026-10-13,{'Engineering'},"{'OHE', 'SIGNAL'}",0.20160099999999997,3,0.449,0.0,0.0
B000484,C172,L172-04,Vindhyanagar,263.08,315.48,2026-09-13 23:30:00,2026-09-14 00:15:00,45,CORRIDOR_BLOCK,PROVISIONAL,OHE_ISOLATION_REQUIRED;NO_HEAVY_MACHINE,OHE,OHE,Engineering;Signal;Traction,1,2709.93,MEDIUM,45.0,0.0,2026-09-13,"{'Signal', 'Traction', 'Engineering'}",{'OHE'},0.08983937499999997,4,0.643,0.0,0.0
B000485,C173,L173-09,Pushkarnagar,0.0,43.9,2026-10-07 10:30:00,2026-10-07 12:00:00,90,TRAFFIC_BLOCK,PROVISIONAL,TRACK_ISOLATION_REQUIRED,TRACK_BOTH,TRACK,Engineering;Signal;Traction,4,4455.21,MEDIUM,90.0,0.0,2026-10-07,"{'Signal', 'Traction', 'Engineering'}",{'TRACK'},0.10289200000000001,2,0.232,0.0,0.0
B000486,C173,L173-09,Pushkarnagar,0.0,43.9,2026-09-26 00:30:00,2026-09-26 01:00:00,30,TRAFFIC_BLOCK,AVAILABLE,OHE_ISOLATION_REQUIRED;NO_HEAVY_MACHINE,OHE,OHE,Signal,4,1781.31,MEDIUM,30.0,0.0,2026-09-26,{'Signal'},{'OHE'},0.048621000000000004,2,0.342,0.0,0.0
B000487,C174,L174-01,Kaverigarh,0.0,49.25,2026-10-01 10:00:00,2026-10-01 14:00:00,240,TRAFFIC_BLOCK,AVAILABLE,SIGNAL_ISOLATION_REQUIRED,SIGNALLING,SIGNAL,Engineering;Signal;Traction,3,7616.42,LOW,240.0,0.0,2026-10-01,"{'Signal', 'Traction', 'Engineering'}",{'SIGNAL'},0.16293066666666664,3,0.213,0.0,0.0
B000488,C174,L174-01,Kaverigarh,0.0,56.58,2026-09-24 02:30:00,2026-09-24 06:30:00,240,NIGHT_BLOCK,AVAILABLE,SIGNAL_ISOLATION_REQUIRED,SIGNALLING,SIGNAL,Engineering;Signal;Traction,1,6156.35,LOW,240.0,0.0,2026-09-24,"{'Signal', 'Traction', 'Engineering'}",{'SIGNAL'},0.38411666666666666,3,0.364,0.0,0.0
B000489,C175,L175-03,Vindhyapur Cantt,188.91,216.59,2026-09-15 00:30:00,2026-09-15 02:00:00,90,NIGHT_BLOCK,AVAILABLE,OHE_ISOLATION_REQUIRED;SIGNAL_ISOLATION_REQUIRED;NIGHT_ONLY;LIMITED_ACCESS,OHE;SIGNALLING,OHE+SIGNAL,Engineering;Signal;Traction,1,3734.95,HIGH,90.0,0.0,2026-09-15,"{'Signal', 'Traction', 'Engineering'}","{'OHE', 'SIGNAL'}",2.6955899999999997,12,0.982,0.0,0.0
B000490,C175,L175-03,Vindhyapur Cantt,179.85,225.65,2026-09-24 14:00:00,2026-09-24 17:00:00,180,CORRIDOR_BLOCK,AVAILABLE,OHE_ISOLATION_REQUIRED,OHE,OHE,Engineering;Signal;Traction,1,9795.68,HIGH,180.0,0.0,2026-09-24,"{'Signal', 'Traction', 'Engineering'}",{'OHE'},1.4129520000000002,6,0.521,0.0,0.0
B000491,C176,L176-06,Girnarabad Jn,47.16,146.22,2026-10-12 22:30:00,2026-10-12 23:15:00,45,CORRIDOR_BLOCK,AVAILABLE,OHE_ISOLATION_REQUIRED;SIGNAL_ISOLATION_REQUIRED;NO_HEAVY_MACHINE,OHE;SIGNALLING,OHE+SIGNAL,Engineering;Signal,2,2838.41,HIGH,45.0,0.0,2026-10-12,"{'Signal', 'Engineering'}","{'OHE', 'SIGNAL'}",0.8583142500000001,9,0.881,0.0,0.0
B000492,C176,L176-06,Girnarabad Jn,70.72,122.66,2026-09-07 14:00:00,2026-09-07 16:00:00,120,TRAFFIC_BLOCK,AVAILABLE,TRACK_ISOLATION_REQUIRED;OHE_ISOLATION_REQUIRED;SIGNAL_ISOLATION_REQUIRED,TRACK_UP;OHE;SIGNALLING,ALL,Signal;Traction,3,9999.12,HIGH,120.0,0.0,2026-09-07,"{'Signal', 'Traction'}","{'TRACK', 'OHE', 'SIGNAL'}",0.28903466666666666,2,0.632,0.0,0.0
B000493,C177,L177-03,Palaninagar Cantt,0.0,60.4,2026-09-12 14:00:00,2026-09-12 18:00:00,240,ROLLING_BLOCK,AVAILABLE,TRACK_ISOLATION_REQUIRED;LIMITED_ACCESS,TRACK_BOTH,TRACK,Signal;Traction,1,11591.16,MEDIUM,240.0,0.0,2026-09-12,"{'Signal', 'Traction'}",{'TRACK'},0.0,0,0.279,0.0,0.0
B000494,C177,L177-02,Konkannagar,0.0,55.25,2026-09-16 18:00:00,2026-09-16 19:30:00,90,ROLLING_BLOCK,AVAILABLE,TRACK_ISOLATION_REQUIRED,TRACK_BOTH,TRACK,Engineering;Signal;Traction,3,7438.82,MEDIUM,90.0,0.0,2026-09-16,"{'Signal', 'Traction', 'Engineering'}",{'TRACK'},1.11456675,9,0.561,0.0,0.0
B000495,C178,L178-03,Charanabad,11.72,57.5,2026-10-08 00:30:00,2026-10-08 01:30:00,60,CORRIDOR_BLOCK,PROVISIONAL,TRACK_ISOLATION_REQUIRED;OHE_ISOLATION_REQUIRED;NO_HEAVY_MACHINE,TRACK_UP;OHE,TRACK+OHE,Engineering,1,1876.77,LOW,60.0,0.0,2026-10-08,{'Engineering'},"{'TRACK', 'OHE'}",0.151125,3,0.403,0.0,0.0
B000496,C178,L178-02,Girnarkheda Jn,0.0,42.75,2026-09-27 10:00:00,2026-09-27 11:30:00,90,TRAFFIC_BLOCK,AVAILABLE,TRACK_ISOLATION_REQUIRED;OHE_ISOLATION_REQUIRED;SIGNAL_ISOLATION_REQUIRED;LIMITED_ACCESS,TRACK_DOWN;OHE;SIGNALLING,ALL,Signal;Traction,5,4488.93,LOW,90.0,0.0,2026-09-27,"{'Signal', 'Traction'}","{'TRACK', 'OHE', 'SIGNAL'}",0.013668749999999999,1,0.075,0.0,0.0
B000498,C179,L179-03,Lalitnagar Road,156.34,261.62,2026-09-04 01:00:00,2026-09-04 04:00:00,180,NIGHT_BLOCK,AVAILABLE,OHE_ISOLATION_REQUIRED;NIGHT_ONLY,OHE,OHE,Engineering;Signal;Traction,1,6957.53,LOW,180.0,0.0,2026-09-04,"{'Signal', 'Traction', 'Engineering'}",{'OHE'},1.097896,4,0.589,0.0,0.0
B000499,C180,L180-06,Konkanganj Cantt,207.42,242.76,2026-10-04 02:30:00,2026-10-04 04:30:00,120,NIGHT_BLOCK,AVAILABLE,SIGNAL_ISOLATION_REQUIRED;NIGHT_ONLY;NO_HEAVY_MACHINE,SIGNALLING,SIGNAL,Engineering;Signal;Traction,1,2827.72,LOW,120.0,0.0,2026-10-04,"{'Signal', 'Traction', 'Engineering'}",{'SIGNAL'},0.09538100000000001,1,0.319,0.0,0.0
B000500,C180,L180-06,Konkanganj Cantt,183.53,266.65,2026-09-29 07:30:00,2026-09-29 10:30:00,180,TRAFFIC_BLOCK,AVAILABLE,NONE,TRACK_UP,NONE,Traction,4,5492.74,LOW,180.0,0.0,2026-09-29,{'Traction'},set(),0.141783,1,0.334,0.0,0.0
B000501,C181,L181-01,Konkanabad,93.35,172.53,2026-10-01 22:30:00,2026-10-02 01:30:00,180,TRAFFIC_BLOCK,AVAILABLE,TRACK_ISOLATION_REQUIRED,TRACK_UP,TRACK,Engineering;Signal;Traction,4,5349.81,LOW,180.0,0.0,2026-10-01,"{'Signal', 'Traction', 'Engineering'}",{'TRACK'},0.7174192500000001,8,0.432,0.0,0.0
B000502,C181,L181-04,Sagarpalli Jn,148.44,231.44,2026-09-01 11:00:00,2026-09-01 13:00:00,120,ROLLING_BLOCK,AVAILABLE,SIGNAL_ISOLATION_REQUIRED;LIMITED_ACCESS,SIGNALLING,SIGNAL,Engineering;Signal;Traction,1,5580.67,LOW,120.0,0.0,2026-09-01,"{'Signal', 'Traction', 'Engineering'}",{'SIGNAL'},0.07458133333333333,2,0.256,0.0,0.0
B000503,C182,L182-04,Devgarhhalli Cantt,24.87,81.7,2026-09-10 14:00:00,2026-09-10 18:00:00,240,TRAFFIC_BLOCK,AVAILABLE,TRACK_ISOLATION_REQUIRED;NO_HEAVY_MACHINE,TRACK_BOTH,TRACK,Engineering;Signal;Traction,5,7771.73,LOW,240.0,0.0,2026-09-10,"{'Signal', 'Traction', 'Engineering'}",{'TRACK'},0.11750400000000001,1,0.272,0.0,0.0
B000504,C182,L182-04,Devgarhhalli Cantt,26.2,81.7,2026-09-24 11:00:00,2026-09-24 15:00:00,240,TRAFFIC_BLOCK,AVAILABLE,TRACK_ISOLATION_REQUIRED,TRACK_BOTH,TRACK,Engineering;Signal;Traction,4,7325.47,LOW,240.0,0.0,2026-09-24,"{'Signal', 'Traction', 'Engineering'}",{'TRACK'},0.3268763333333333,3,0.344,0.0,0.0
B000505,C183,L183-04,Ambakot Jn,88.7,106.2,2026-09-16 10:00:00,2026-09-16 14:00:00,240,TRAFFIC_BLOCK,AVAILABLE,TRACK_ISOLATION_REQUIRED;OHE_ISOLATION_REQUIRED;SIGNAL_ISOLATION_REQUIRED,TRACK_DOWN;OHE;SIGNALLING,ALL,Engineering;Signal;Traction,3,10900.32,MEDIUM,240.0,0.0,2026-09-16,"{'Signal', 'Traction', 'Engineering'}","{'TRACK', 'OHE', 'SIGNAL'}",0.41634699999999997,3,0.489,0.0,0.0
B000506,C183,L183-03,Palanigarh Jn,59.54,106.2,2026-10-14 16:30:00,2026-10-14 18:30:00,120,TRAFFIC_BLOCK,AVAILABLE,NO_HEAVY_MACHINE;NO_ELECTRICAL_WORK,TRACK_UP,NONE,Engineering;Signal;Traction,1,7919.71,MEDIUM,120.0,0.0,2026-10-14,"{'Signal', 'Traction', 'Engineering'}",set(),0.81674325,12,0.546,0.0,0.0
B000507,C184,L184-01,Charangunj,0.0,48.33,2026-09-09 23:00:00,2026-09-10 00:00:00,60,NIGHT_BLOCK,AVAILABLE,TRACK_ISOLATION_REQUIRED;OHE_ISOLATION_REQUIRED;SIGNAL_ISOLATION_REQUIRED;NIGHT_ONLY;LIMITED_ACCESS,TRACK_DOWN;OHE;SIGNALLING,ALL,Engineering;Signal;Traction,4,2049.13,MEDIUM,60.0,0.0,2026-09-09,"{'Signal', 'Traction', 'Engineering'}","{'TRACK', 'OHE', 'SIGNAL'}",0.0666705,1,0.507,0.0,0.0
B000508,C184,L184-01,Charangunj,0.0,59.29,2026-10-03 02:00:00,2026-10-03 02:45:00,45,NIGHT_BLOCK,AVAILABLE,TRACK_ISOLATION_REQUIRED;NO_HEAVY_MACHINE,TRACK_UP,TRACK,Engineering;Signal;Traction,5,2081.52,MEDIUM,45.0,0.0,2026-10-03,"{'Signal', 'Traction', 'Engineering'}",{'TRACK'},0.0,0,0.475,0.0,0.0
B000509,C185,L185-09,Vindhyaganj Jn,285.17,311.89,2026-09-26 23:30:00,2026-09-27 02:30:00,180,CORRIDOR_BLOCK,AVAILABLE,TRACK_ISOLATION_REQUIRED;OHE_ISOLATION_REQUIRED;SIGNAL_ISOLATION_REQUIRED,TRACK_DOWN;OHE;SIGNALLING,ALL,Traction,4,5114.37,LOW,180.0,0.0,2026-09-26,{'Traction'},"{'TRACK', 'OHE', 'SIGNAL'}",0.0,0,0.239,0.0,0.0
B000510,C185,L185-09,Vindhyaganj Jn,245.82,338.7,2026-09-14 23:30:00,2026-09-15 03:30:00,240,NIGHT_BLOCK,PROVISIONAL,TRACK_ISOLATION_REQUIRED;NIGHT_ONLY,TRACK_UP,TRACK,Signal,4,6903.49,LOW,240.0,0.0,2026-09-14,{'Signal'},{'TRACK'},0.11672450000000001,2,0.217,0.0,0.0
B000511,C186,L186-03,Palaninagar Jn,50.89,84.85,2026-09-30 02:30:00,2026-09-30 04:30:00,120,TRAFFIC_BLOCK,AVAILABLE,OHE_ISOLATION_REQUIRED,OHE,OHE,Engineering,4,3489.12,MEDIUM,120.0,0.0,2026-09-30,{'Engineering'},{'OHE'},0.4018466666666667,4,0.395,0.0,0.0
B000512,C186,L186-02,Veergarh,0.0,50.78,2026-10-06 23:30:00,2026-10-07 01:00:00,90,NIGHT_BLOCK,AVAILABLE,TRACK_ISOLATION_REQUIRED;OHE_ISOLATION_REQUIRED;NO_HEAVY_MACHINE,TRACK_DOWN;OHE,TRACK+OHE,Engineering;Signal;Traction,2,2753.05,MEDIUM,90.0,0.0,2026-10-06,"{'Signal', 'Traction', 'Engineering'}","{'TRACK', 'OHE'}",0.019563999999999998,1,0.268,0.0,0.0
B000513,C187,L187-07,Sabarhalli,5.51,36.8,2026-09-05 23:00:00,2026-09-06 02:00:00,180,ROLLING_BLOCK,AVAILABLE,TRACK_ISOLATION_REQUIRED;NO_HEAVY_MACHINE,TRACK_DOWN,TRACK,Engineering,1,5963.62,MEDIUM,180.0,0.0,2026-09-05,{'Engineering'},{'TRACK'},0.380851,6,0.306,0.0,0.0
B000514,C187,L187-07,Sabarhalli,0.0,36.8,2026-10-09 23:00:00,2026-10-10 00:30:00,90,CORRIDOR_BLOCK,AVAILABLE,TRACK_ISOLATION_REQUIRED;SIGNAL_ISOLATION_REQUIRED;NO_HEAVY_MACHINE,TRACK_BOTH;SIGNALLING,TRACK+SIGNAL,Engineering;Signal;Traction,1,3013.47,MEDIUM,90.0,0.0,2026-10-09,"{'Signal', 'Traction', 'Engineering'}","{'TRACK', 'SIGNAL'}",0.2972201666666666,6,0.392,0.0,0.0
B000515,C188,L188-08,Indrakheda,129.15,153.69,2026-09-08 17:00:00,2026-09-08 19:00:00,120,ROLLING_BLOCK,AVAILABLE,TRACK_ISOLATION_REQUIRED;SIGNAL_ISOLATION_REQUIRED,TRACK_DOWN;SIGNALLING,TRACK+SIGNAL,Engineering,1,9808.4,HIGH,120.0,0.0,2026-09-08,{'Engineering'},"{'TRACK', 'SIGNAL'}",0.8408866666666666,10,0.56,0.0,0.0
B000516,C188,L188-07,Gangaganj Road,114.87,148.73,2026-09-27 14:00:00,2026-09-27 15:30:00,90,CORRIDOR_BLOCK,PROVISIONAL,TRACK_ISOLATION_REQUIRED;OHE_ISOLATION_REQUIRED;SIGNAL_ISOLATION_REQUIRED,TRACK_UP;OHE;SIGNALLING,ALL,Engineering;Signal;Traction,4,8653.72,HIGH,90.0,0.0,2026-09-27,"{'Signal', 'Traction', 'Engineering'}","{'TRACK', 'OHE', 'SIGNAL'}",0.040602000000000006,1,0.201,0.0,0.0
B000517,C189,L189-04,Bharathalli,64.93,134.15,2026-09-07 23:00:00,2026-09-08 02:00:00,180,NIGHT_BLOCK,PROVISIONAL,TRACK_ISOLATION_REQUIRED;OHE_ISOLATION_REQUIRED;SIGNAL_ISOLATION_REQUIRED;NIGHT_ONLY,TRACK_UP;OHE;SIGNALLING,ALL,Engineering;Signal;Traction,3,5121.45,LOW,180.0,0.0,2026-09-07,"{'Signal', 'Traction', 'Engineering'}","{'TRACK', 'OHE', 'SIGNAL'}",0.8414408333333334,12,0.385,0.0,0.0
B000518,C189,L189-02,Palanikheda,34.54,88.16,2026-09-30 14:00:00,2026-09-30 18:00:00,240,CORRIDOR_BLOCK,AVAILABLE,SIGNAL_ISOLATION_REQUIRED;NO_HEAVY_MACHINE,SIGNALLING,SIGNAL,Engineering;Signal;Traction,2,8075.35,LOW,240.0,0.0,2026-09-30,"{'Signal', 'Traction', 'Engineering'}",{'SIGNAL'},0.44824,2,0.39,0.0,0.0
B000519,C190,L190-04,Kaveriganj Jn,0.0,36.67,2026-09-18 02:30:00,2026-09-18 03:15:00,45,TRAFFIC_BLOCK,AVAILABLE,TRACK_ISOLATION_REQUIRED;NO_HEAVY_MACHINE;LIMITED_ACCESS,TRACK_DOWN,TRACK,Signal,5,1910.08,MEDIUM,45.0,0.0,2026-09-18,{'Signal'},{'TRACK'},0.592368,8,0.656,0.0,0.0
B000520,C190,L190-04,Kaveriganj Jn,0.01,26.67,2026-09-10 11:00:00,2026-09-10 12:30:00,90,TRAFFIC_BLOCK,AVAILABLE,TRACK_ISOLATION_REQUIRED;NO_ELECTRICAL_WORK,TRACK_UP,TRACK,Engineering,4,5680.56,MEDIUM,90.0,0.0,2026-09-10,{'Engineering'},{'TRACK'},0.16151966666666667,4,0.365,0.0,0.0
B000521,C191,L191-04,Nilgiripur Jn,141.66,173.58,2026-09-13 17:00:00,2026-09-13 19:00:00,120,ROLLING_BLOCK,AVAILABLE,TRACK_ISOLATION_REQUIRED;SIGNAL_ISOLATION_REQUIRED;NO_HEAVY_MACHINE;LIMITED_ACCESS,TRACK_UP;SIGNALLING,TRACK+SIGNAL,Engineering;Signal;Traction,4,4036.54,LOW,120.0,0.0,2026-09-13,"{'Signal', 'Traction', 'Engineering'}","{'TRACK', 'SIGNAL'}",0.46001833333333336,8,0.466,0.0,0.0
B000522,C191,L191-04,Nilgiripur Jn,104.37,210.87,2026-09-15 14:30:00,2026-09-15 15:15:00,45,TRAFFIC_BLOCK,AVAILABLE,TRACK_ISOLATION_REQUIRED;OHE_ISOLATION_REQUIRED;NO_HEAVY_MACHINE,TRACK_BOTH;OHE,TRACK+OHE,Engineering;Signal,3,3310.58,LOW,45.0,0.0,2026-09-15,"{'Signal', 'Engineering'}","{'TRACK', 'OHE'}",0.11936999999999999,3,0.346,0.0,0.0
B000523,C192,L192-10,Devgarhgarh,76.52,133.6,2026-09-07 19:00:00,2026-09-07 20:30:00,90,ROLLING_BLOCK,AVAILABLE,TRACK_ISOLATION_REQUIRED,TRACK_DOWN,TRACK,Engineering;Signal;Traction,2,8715.64,HIGH,90.0,0.0,2026-09-07,"{'Signal', 'Traction', 'Engineering'}",{'TRACK'},1.0710675,6,0.905,0.0,0.0
B000524,C192,L192-10,Devgarhgarh,106.73,133.6,2026-10-10 03:00:00,2026-10-10 04:30:00,90,NIGHT_BLOCK,AVAILABLE,TRACK_ISOLATION_REQUIRED;OHE_ISOLATION_REQUIRED;SIGNAL_ISOLATION_REQUIRED,TRACK_DOWN;OHE;SIGNALLING,ALL,Engineering;Signal;Traction,1,4155.31,HIGH,90.0,0.0,2026-10-10,"{'Signal', 'Traction', 'Engineering'}","{'TRACK', 'OHE', 'SIGNAL'}",0.9738855000000001,6,0.719,0.0,0.0
B000525,C193,L193-01,Bilaskheda Jn,63.5,95.74,2026-09-08 23:30:00,2026-09-09 00:30:00,60,EMERGENCY_BLOCK,AVAILABLE,OHE_ISOLATION_REQUIRED;NO_HEAVY_MACHINE,OHE,OHE,Signal;Traction,2,3265.76,HIGH,60.0,0.0,2026-09-08,"{'Signal', 'Traction'}",{'OHE'},0.2104515,6,0.459,0.0,0.0
B000526,C193,L193-01,Bilaskheda Jn,51.19,108.05,2026-09-08 23:30:00,2026-09-09 00:30:00,60,NIGHT_BLOCK,AVAILABLE,TRACK_ISOLATION_REQUIRED;NO_HEAVY_MACHINE;LIMITED_ACCESS,TRACK_BOTH,TRACK,Engineering;Signal;Traction,5,2970.53,HIGH,60.0,0.0,2026-09-08,"{'Signal', 'Traction', 'Engineering'}",{'TRACK'},0.2104515,6,0.459,0.0,0.0
B000527,C194,L194-04,Devgarhgunj Cantt,47.39,77.8,2026-10-14 23:30:00,2026-10-15 01:30:00,120,NIGHT_BLOCK,AVAILABLE,OHE_ISOLATION_REQUIRED;NIGHT_ONLY;NO_HEAVY_MACHINE;LIMITED_ACCESS,OHE,OHE,Engineering;Traction,1,3321.78,LOW,120.0,0.0,2026-10-14,"{'Traction', 'Engineering'}",{'OHE'},0.24285066666666666,5,0.464,0.0,0.0
B000528,C194,L194-04,Devgarhgunj Cantt,30.02,77.8,2026-09-14 13:00:00,2026-09-14 16:00:00,180,CORRIDOR_BLOCK,AVAILABLE,OHE_ISOLATION_REQUIRED,OHE,OHE,Engineering;Signal;Traction,5,5104.7,LOW,180.0,0.0,2026-09-14,"{'Signal', 'Traction', 'Engineering'}",{'OHE'},0.0,0,0.18,0.0,0.0
B000529,C195,L195-06,Devgarhnagar Jn,80.02,117.16,2026-09-27 22:30:00,2026-09-28 00:00:00,90,TRAFFIC_BLOCK,AVAILABLE,TRACK_ISOLATION_REQUIRED;NO_HEAVY_MACHINE,TRACK_DOWN,TRACK,Engineering;Traction,2,4887.13,HIGH,90.0,0.0,2026-09-27,"{'Traction', 'Engineering'}",{'TRACK'},1.07695,7,0.68,0.0,0.0
B000530,C195,L195-01,Bharatgunj,0.0,75.8,2026-09-30 00:30:00,2026-09-30 02:30:00,120,NIGHT_BLOCK,AVAILABLE,TRACK_ISOLATION_REQUIRED;OHE_ISOLATION_REQUIRED;SIGNAL_ISOLATION_REQUIRED,TRACK_DOWN;OHE;SIGNALLING,ALL,Engineering;Signal;Traction,5,6318.76,HIGH,120.0,0.0,2026-09-30,"{'Signal', 'Traction', 'Engineering'}","{'TRACK', 'OHE', 'SIGNAL'}",2.6879999999999997,9,1.0,1.0,4.0
B000531,C196,L196-04,Veerabad Cantt,42.55,147.17,2026-09-26 22:30:00,2026-09-27 00:30:00,120,CORRIDOR_BLOCK,AVAILABLE,SIGNAL_ISOLATION_REQUIRED,SIGNALLING,SIGNAL,Engineering;Signal;Traction,3,4637.4,HIGH,120.0,0.0,2026-09-26,"{'Signal', 'Traction', 'Engineering'}",{'SIGNAL'},0.11010899999999998,2,0.361,0.0,0.0
B000532,C196,L196-04,Veerabad Cantt,53.94,135.78,2026-09-06 07:00:00,2026-09-06 09:00:00,120,CORRIDOR_BLOCK,AVAILABLE,TRACK_ISOLATION_REQUIRED;NO_ELECTRICAL_WORK,TRACK_DOWN,TRACK,Engineering;Signal,1,7431.72,HIGH,120.0,0.0,2026-09-06,"{'Signal', 'Engineering'}",{'TRACK'},0.269,4,0.269,0.0,0.0
B000533,C197,L197-03,Gangakheda,153.43,220.9,2026-09-08 02:30:00,2026-09-08 06:30:00,240,NIGHT_BLOCK,AVAILABLE,TRACK_ISOLATION_REQUIRED;NO_HEAVY_MACHINE,TRACK_BOTH,TRACK,Engineering;Signal;Traction,5,6842.32,MEDIUM,240.0,0.0,2026-09-08,"{'Signal', 'Traction', 'Engineering'}",{'TRACK'},0.658952,4,0.328,0.0,0.0
B000534,C197,L197-03,Gangakheda,162.12,220.9,2026-09-28 23:00:00,2026-09-29 01:00:00,120,NIGHT_BLOCK,AVAILABLE,OHE_ISOLATION_REQUIRED;NIGHT_ONLY,OHE,OHE,Engineering;Traction,1,3978.78,MEDIUM,120.0,0.0,2026-09-28,"{'Traction', 'Engineering'}",{'OHE'},0.07056666666666665,2,0.292,0.0,0.0
B000535,C198,L198-03,Sagarpalli Cantt,32.59,79.49,2026-10-04 14:30:00,2026-10-04 17:30:00,180,CORRIDOR_BLOCK,AVAILABLE,TRACK_ISOLATION_REQUIRED;OHE_ISOLATION_REQUIRED;SIGNAL_ISOLATION_REQUIRED;LIMITED_ACCESS,TRACK_UP;OHE;SIGNALLING,ALL,Engineering;Signal;Traction,2,8633.02,LOW,180.0,0.0,2026-10-04,"{'Signal', 'Traction', 'Engineering'}","{'TRACK', 'OHE', 'SIGNAL'}",0.052731,1,0.126,0.0,0.0
B000536,C198,L198-01,Chandragarh,0.0,27.46,2026-10-11 15:00:00,2026-10-11 15:45:00,45,TRAFFIC_BLOCK,AVAILABLE,TRACK_ISOLATION_REQUIRED;NO_HEAVY_MACHINE,TRACK_BOTH,TRACK,Engineering;Traction,5,4929.59,LOW,45.0,0.0,2026-10-11,"{'Traction', 'Engineering'}",{'TRACK'},0.012711,1,0.152,0.0,0.0
B000537,C199,L199-05,Shantikot Road,130.69,156.65,2026-10-05 23:00:00,2026-10-06 02:00:00,180,TRAFFIC_BLOCK,AVAILABLE,OHE_ISOLATION_REQUIRED,OHE,OHE,Engineering;Signal;Traction,1,6579.58,HIGH,180.0,0.0,2026-10-05,"{'Signal', 'Traction', 'Engineering'}",{'OHE'},4.173361666666667,20,1.0,1.0,2.0
B000538,C199,L199-05,Shantikot Road,97.47,189.87,2026-09-28 01:30:00,2026-09-28 03:30:00,120,NIGHT_BLOCK,AVAILABLE,TRACK_ISOLATION_REQUIRED;NO_ELECTRICAL_WORK,TRACK_DOWN,TRACK,Engineering;Signal;Traction,5,5160.45,HIGH,120.0,0.0,2026-09-28,"{'Signal', 'Traction', 'Engineering'}",{'TRACK'},4.26,15,1.0,0.0,0.0
B000539,C200,L200-03,Haldihalli Cantt,41.61,85.21,2026-09-14 02:00:00,2026-09-14 05:00:00,180,NIGHT_BLOCK,AVAILABLE,TRACK_ISOLATION_REQUIRED;OHE_ISOLATION_REQUIRED;SIGNAL_ISOLATION_REQUIRED,TRACK_UP;OHE;SIGNALLING,ALL,Engineering;Signal;Traction,2,6013.76,MEDIUM,180.0,0.0,2026-09-14,"{'Signal', 'Traction', 'Engineering'}","{'TRACK', 'OHE', 'SIGNAL'}",2.1113015,7,0.899,0.0,0.0
B000540,C200,L200-03,Haldihalli Cantt,22.49,104.33,2026-09-07 02:00:00,2026-09-07 05:00:00,180,NIGHT_BLOCK,AVAILABLE,TRACK_ISOLATION_REQUIRED;OHE_ISOLATION_REQUIRED;SIGNAL_ISOLATION_REQUIRED;NIGHT_ONLY,TRACK_BOTH;OHE;SIGNALLING,ALL,Engineering;Traction,5,5749.09,MEDIUM,180.0,0.0,2026-09-07,"{'Traction', 'Engineering'}","{'TRACK', 'OHE', 'SIGNAL'}",4.7765640000000005,12,0.871,0.0,0.0
B000541,C091,L091-11,Satpurapalli Cantt,43.67,79.7,2026-10-05 01:00:00,2026-10-05 03:00:00,120,NIGHT_BLOCK,AVAILABLE,TRACK_ISOLATION_REQUIRED;OHE_ISOLATION_REQUIRED;SIGNAL_ISOLATION_REQUIRED,TRACK_BOTH;OHE;SIGNALLING,ALL,Engineering;Signal;Traction,6,6518.11,HIGH,120.0,0.0,2026-10-05,"{'Signal', 'Traction', 'Engineering'}","{'TRACK', 'OHE', 'SIGNAL'}",3.9899999999999993,14,1.0,0.0,0.0
B000542,C089,L089-05,Chitrapalli Road,210.75,306.03,2026-10-15 01:00:00,2026-10-15 05:00:00,240,NIGHT_BLOCK,AVAILABLE,TRACK_ISOLATION_REQUIRED;OHE_ISOLATION_REQUIRED;SIGNAL_ISOLATION_REQUIRED,TRACK_BOTH;OHE;SIGNALLING,ALL,Engineering;Signal;Traction,6,10231.22,HIGH,240.0,0.0,2026-10-15,"{'Signal', 'Traction', 'Engineering'}","{'TRACK', 'OHE', 'SIGNAL'}",7.801322666666666,14,0.952,0.0,0.0
B000543,C123,L123-02,Kaverikot Cantt,0.0,37.58,2026-10-09 02:30:00,2026-10-09 04:30:00,120,NIGHT_BLOCK,PROVISIONAL,TRACK_ISOLATION_REQUIRED;OHE_ISOLATION_REQUIRED;SIGNAL_ISOLATION_REQUIRED;NIGHT_ONLY,TRACK_BOTH;OHE;SIGNALLING,ALL,Engineering;Signal;Traction,6,4656.06,HIGH,120.0,0.0,2026-10-09,"{'Signal', 'Traction', 'Engineering'}","{'TRACK', 'OHE', 'SIGNAL'}",4.6850000000000005,15,1.0,0.0,0.0
B000544,C071,L071-03,Devgarhabad,18.31,65.55,2026-09-16 02:00:00,2026-09-16 04:00:00,120,CORRIDOR_BLOCK,AVAILABLE,TRACK_ISOLATION_REQUIRED;OHE_ISOLATION_REQUIRED;SIGNAL_ISOLATION_REQUIRED,TRACK_DOWN;OHE;SIGNALLING,ALL,Engineering;Signal;Traction,3,5412.08,HIGH,120.0,0.0,2026-09-16,"{'Signal', 'Traction', 'Engineering'}","{'TRACK', 'OHE', 'SIGNAL'}",2.9699999999999998,11,1.0,0.0,0.0
B000545,C060,L060-03,Rohtakpur,55.15,82.41,2026-10-09 01:30:00,2026-10-09 04:30:00,180,NIGHT_BLOCK,AVAILABLE,TRACK_ISOLATION_REQUIRED;OHE_ISOLATION_REQUIRED;SIGNAL_ISOLATION_REQUIRED,TRACK_DOWN;OHE;SIGNALLING,ALL,Engineering;Signal;Traction,6,6460.42,HIGH,180.0,0.0,2026-10-09,"{'Signal', 'Traction', 'Engineering'}","{'TRACK', 'OHE', 'SIGNAL'}",2.711709,7,0.903,0.0,0.0
B000546,C136,L136-14,Sabarabad Road,130.38,194.5,2026-09-12 02:00:00,2026-09-12 04:00:00,120,NIGHT_BLOCK,AVAILABLE,TRACK_ISOLATION_REQUIRED;OHE_ISOLATION_REQUIRED;SIGNAL_ISOLATION_REQUIRED,TRACK_UP;OHE;SIGNALLING,ALL,Engineering;Signal;Traction,4,5670.14,HIGH,120.0,0.0,2026-09-12,"{'Signal', 'Traction', 'Engineering'}","{'TRACK', 'OHE', 'SIGNAL'}",0.24624666666666664,2,0.43,0.0,0.0
B000547,C131,L131-11,Narmadagarh Cantt,238.98,303.44,2026-10-09 03:00:00,2026-10-09 05:00:00,120,CORRIDOR_BLOCK,PROVISIONAL,TRACK_ISOLATION_REQUIRED;OHE_ISOLATION_REQUIRED;SIGNAL_ISOLATION_REQUIRED,TRACK_UP;OHE;SIGNALLING,ALL,Engineering;Signal;Traction,5,4964.6,HIGH,120.0,0.0,2026-10-09,"{'Signal', 'Traction', 'Engineering'}","{'TRACK', 'OHE', 'SIGNAL'}",2.7329999999999997,9,1.0,1.0,1.0
B000549,C161,L161-06,Krishnagunj Road,46.79,75.39,2026-09-11 01:00:00,2026-09-11 05:00:00,240,NIGHT_BLOCK,AVAILABLE,TRACK_ISOLATION_REQUIRED;OHE_ISOLATION_REQUIRED;SIGNAL_ISOLATION_REQUIRED,TRACK_DOWN;OHE;SIGNALLING,ALL,Engineering;Signal;Traction,5,8275.3,HIGH,240.0,0.0,2026-09-11,"{'Signal', 'Traction', 'Engineering'}","{'TRACK', 'OHE', 'SIGNAL'}",4.4103959999999995,9,0.842,0.0,0.0
B000550,C128,L128-06,Ashokpur Jn,104.49,145.8,2026-09-03 23:00:00,2026-09-04 02:00:00,180,NIGHT_BLOCK,AVAILABLE,TRACK_ISOLATION_REQUIRED;OHE_ISOLATION_REQUIRED;SIGNAL_ISOLATION_REQUIRED,TRACK_BOTH;OHE;SIGNALLING,ALL,Engineering;Signal;Traction,3,8168.09,HIGH,180.0,0.0,2026-09-03,"{'Signal', 'Traction', 'Engineering'}","{'TRACK', 'OHE', 'SIGNAL'}",1.264363,9,0.631,0.0,0.0
B000551,C155,L155-06,Taptinagar Jn,11.39,43.59,2026-10-06 01:30:00,2026-10-06 03:30:00,120,CORRIDOR_BLOCK,AVAILABLE,TRACK_ISOLATION_REQUIRED;OHE_ISOLATION_REQUIRED;SIGNAL_ISOLATION_REQUIRED,TRACK_DOWN;OHE;SIGNALLING,ALL,Engineering;Signal;Traction,5,4604.04,HIGH,120.0,0.0,2026-10-06,"{'Signal', 'Traction', 'Engineering'}","{'TRACK', 'OHE', 'SIGNAL'}",4.2885333333333335,16,0.935,0.0,0.0
B000552,C018,L018-03,Indraabad Cantt,28.15,125.03,2026-09-18 02:00:00,2026-09-18 04:00:00,120,CORRIDOR_BLOCK,PROVISIONAL,TRACK_ISOLATION_REQUIRED;OHE_ISOLATION_REQUIRED;SIGNAL_ISOLATION_REQUIRED;NIGHT_ONLY,TRACK_UP;OHE;SIGNALLING,ALL,Engineering;Signal;Traction,4,4461.48,HIGH,120.0,0.0,2026-09-18,"{'Signal', 'Traction', 'Engineering'}","{'TRACK', 'OHE', 'SIGNAL'}",4.020951999999999,13,0.984,0.0,0.0
B000553,C040,L040-02,Jaisalkot,0.0,67.19,2026-09-18 03:00:00,2026-09-18 06:00:00,180,CORRIDOR_BLOCK,AVAILABLE,TRACK_ISOLATION_REQUIRED;OHE_ISOLATION_REQUIRED;SIGNAL_ISOLATION_REQUIRED,TRACK_DOWN;OHE;SIGNALLING,ALL,Engineering;Signal;Traction,6,7814.51,MEDIUM,180.0,0.0,2026-09-18,"{'Signal', 'Traction', 'Engineering'}","{'TRACK', 'OHE', 'SIGNAL'}",1.2331750000000001,5,0.535,0.0,0.0
B000554,C153,L153-09,Konkannagar Jn,78.74,116.6,2026-09-17 01:30:00,2026-09-17 05:30:00,240,CORRIDOR_BLOCK,AVAILABLE,TRACK_ISOLATION_REQUIRED;OHE_ISOLATION_REQUIRED;SIGNAL_ISOLATION_REQUIRED;NIGHT_ONLY,TRACK_DOWN;OHE;SIGNALLING,ALL,Engineering;Signal;Traction,3,9337.98,HIGH,240.0,0.0,2026-09-17,"{'Signal', 'Traction', 'Engineering'}","{'TRACK', 'OHE', 'SIGNAL'}",2.9880106666666664,7,0.748,0.0,0.0
B000556,C196,L196-04,Veerabad Cantt,64.57,125.15,2026-09-02 02:00:00,2026-09-02 05:00:00,180,NIGHT_BLOCK,AVAILABLE,TRACK_ISOLATION_REQUIRED;OHE_ISOLATION_REQUIRED;SIGNAL_ISOLATION_REQUIRED,TRACK_BOTH;OHE;SIGNALLING,ALL,Engineering;Signal;Traction,5,6053.81,HIGH,180.0,0.0,2026-09-02,"{'Signal', 'Traction', 'Engineering'}","{'TRACK', 'OHE', 'SIGNAL'}",1.9363050000000004,7,0.683,0.0,0.0
B000558,C112,L112-02,Lalitabad,0.0,55.19,2026-10-11 03:00:00,2026-10-11 05:00:00,120,NIGHT_BLOCK,AVAILABLE,TRACK_ISOLATION_REQUIRED;OHE_ISOLATION_REQUIRED;SIGNAL_ISOLATION_REQUIRED,TRACK_DOWN;OHE;SIGNALLING,ALL,Engineering;Signal;Traction,3,5156.2,HIGH,120.0,0.0,2026-10-11,"{'Signal', 'Traction', 'Engineering'}","{'TRACK', 'OHE', 'SIGNAL'}",1.82436,9,0.661,0.0,0.0
B000559,C115,L115-06,Sundarganj Road,182.4,257.22,2026-09-12 01:30:00,2026-09-12 04:30:00,180,CORRIDOR_BLOCK,AVAILABLE,TRACK_ISOLATION_REQUIRED;OHE_ISOLATION_REQUIRED;SIGNAL_ISOLATION_REQUIRED,TRACK_DOWN;OHE;SIGNALLING,ALL,Engineering;Signal;Traction,5,6453.11,HIGH,180.0,0.0,2026-09-12,"{'Signal', 'Traction', 'Engineering'}","{'TRACK', 'OHE', 'SIGNAL'}",2.5840980000000005,11,0.558,0.0,0.0
B000560,C084,L084-08,Bharathalli,154.9,198.36,2026-10-06 01:00:00,2026-10-06 05:00:00,240,CORRIDOR_BLOCK,AVAILABLE,TRACK_ISOLATION_REQUIRED;OHE_ISOLATION_REQUIRED;SIGNAL_ISOLATION_REQUIRED,TRACK_BOTH;OHE;SIGNALLING,ALL,Engineering;Signal;Traction,5,10617.12,HIGH,240.0,0.0,2026-10-06,"{'Signal', 'Traction', 'Engineering'}","{'TRACK', 'OHE', 'SIGNAL'}",8.76,15,1.0,0.0,0.0
B000561,C164,L164-05,Devgarhkheda Jn,132.66,238.94,2026-10-07 23:30:00,2026-10-08 02:30:00,180,NIGHT_BLOCK,AVAILABLE,TRACK_ISOLATION_REQUIRED;OHE_ISOLATION_REQUIRED;SIGNAL_ISOLATION_REQUIRED,TRACK_BOTH;OHE;SIGNALLING,ALL,Engineering;Signal;Traction,4,7000.71,HIGH,180.0,0.0,2026-10-07,"{'Signal', 'Traction', 'Engineering'}","{'TRACK', 'OHE', 'SIGNAL'}",5.7306740000000005,26,1.0,0.0,0.0
B000562,C141,L141-04,Palanipur Road,252.45,297.15,2026-09-06 22:30:00,2026-09-07 01:30:00,180,CORRIDOR_BLOCK,AVAILABLE,TRACK_ISOLATION_REQUIRED;OHE_ISOLATION_REQUIRED;SIGNAL_ISOLATION_REQUIRED,TRACK_DOWN;OHE;SIGNALLING,ALL,Engineering;Signal;Traction,4,6963.72,MEDIUM,180.0,0.0,2026-09-06,"{'Signal', 'Traction', 'Engineering'}","{'TRACK', 'OHE', 'SIGNAL'}",0.386702,4,0.547,0.0,0.0
B000563,C195,L195-06,Devgarhnagar Jn,69.95,127.23,2026-10-15 01:00:00,2026-10-15 03:00:00,120,CORRIDOR_BLOCK,AVAILABLE,TRACK_ISOLATION_REQUIRED;OHE_ISOLATION_REQUIRED;SIGNAL_ISOLATION_REQUIRED;NIGHT_ONLY,TRACK_BOTH;OHE;SIGNALLING,ALL,Engineering;Signal;Traction,6,6179.99,HIGH,120.0,0.0,2026-10-15,"{'Signal', 'Traction', 'Engineering'}","{'TRACK', 'OHE', 'SIGNAL'}",5.508,18,1.0,0.0,0.0
B000564,C074,L074-06,Kaveripur Cantt,56.32,107.98,2026-10-06 22:30:00,2026-10-07 01:30:00,180,CORRIDOR_BLOCK,AVAILABLE,TRACK_ISOLATION_REQUIRED;OHE_ISOLATION_REQUIRED;SIGNAL_ISOLATION_REQUIRED,TRACK_UP;OHE;SIGNALLING,ALL,Engineering;Signal;Traction,5,7621.94,HIGH,180.0,0.0,2026-10-06,"{'Signal', 'Traction', 'Engineering'}","{'TRACK', 'OHE', 'SIGNAL'}",2.4846079999999997,16,0.754,0.0,0.0
B000565,C029,L029-07,Vindhyakheda,89.5,121.6,2026-10-13 22:30:00,2026-10-14 02:30:00,240,NIGHT_BLOCK,PROVISIONAL,TRACK_ISOLATION_REQUIRED;OHE_ISOLATION_REQUIRED;SIGNAL_ISOLATION_REQUIRED,TRACK_DOWN;OHE;SIGNALLING,ALL,Engineering;Signal;Traction,5,8672.92,HIGH,240.0,0.0,2026-10-13,"{'Signal', 'Traction', 'Engineering'}","{'TRACK', 'OHE', 'SIGNAL'}",3.5939625,15,0.849,0.0,0.0
B000566,C169,L169-03,Konkanpur Road,111.28,136.4,2026-09-28 22:30:00,2026-09-29 00:30:00,120,CORRIDOR_BLOCK,AVAILABLE,TRACK_ISOLATION_REQUIRED;OHE_ISOLATION_REQUIRED;SIGNAL_ISOLATION_REQUIRED,TRACK_DOWN;OHE;SIGNALLING,ALL,Engineering;Signal;Traction,4,4760.21,MEDIUM,120.0,0.0,2026-09-28,"{'Signal', 'Traction', 'Engineering'}","{'TRACK', 'OHE', 'SIGNAL'}",0.8564413333333334,12,0.701,0.0,0.0
B000567,C005,L005-11,Konkankot Jn,116.99,164.23,2026-09-09 03:00:00,2026-09-09 06:00:00,180,CORRIDOR_BLOCK,AVAILABLE,TRACK_ISOLATION_REQUIRED;OHE_ISOLATION_REQUIRED;SIGNAL_ISOLATION_REQUIRED,TRACK_BOTH;OHE;SIGNALLING,ALL,Engineering;Signal;Traction,4,6727.31,HIGH,180.0,0.0,2026-09-09,"{'Signal', 'Traction', 'Engineering'}","{'TRACK', 'OHE', 'SIGNAL'}",1.37538,5,0.648,0.0,0.0
B000568,C099,L099-02,Gangaganj Jn,0.0,30.67,2026-10-14 22:30:00,2026-10-15 02:30:00,240,CORRIDOR_BLOCK,AVAILABLE,TRACK_ISOLATION_REQUIRED;OHE_ISOLATION_REQUIRED;SIGNAL_ISOLATION_REQUIRED,TRACK_BOTH;OHE;SIGNALLING,ALL,Engineering;Signal;Traction,3,10076.45,HIGH,240.0,0.0,2026-10-14,"{'Signal', 'Traction', 'Engineering'}","{'TRACK', 'OHE', 'SIGNAL'}",6.610586666666666,27,0.976,0.0,0.0
B000569,C140,L140-01,Sundarkot Jn,0.0,52.1,2026-09-14 01:00:00,2026-09-14 05:00:00,240,NIGHT_BLOCK,AVAILABLE,TRACK_ISOLATION_REQUIRED;OHE_ISOLATION_REQUIRED;SIGNAL_ISOLATION_REQUIRED,TRACK_UP;OHE;SIGNALLING,ALL,Engineering;Signal;Traction,4,8333.23,HIGH,240.0,0.0,2026-09-14,"{'Signal', 'Traction', 'Engineering'}","{'TRACK', 'OHE', 'SIGNAL'}",9.36,18,1.0,0.0,0.0
B000571,C040,L040-01,Sundargarh Cantt,0.0,52.19,2026-09-27 23:30:00,2026-09-28 03:30:00,240,CORRIDOR_BLOCK,AVAILABLE,TRACK_ISOLATION_REQUIRED;OHE_ISOLATION_REQUIRED;SIGNAL_ISOLATION_REQUIRED,TRACK_BOTH;OHE;SIGNALLING,ALL,Engineering;Signal;Traction,4,9325.72,MEDIUM,240.0,0.0,2026-09-27,"{'Signal', 'Traction', 'Engineering'}","{'TRACK', 'OHE', 'SIGNAL'}",0.8865528333333333,7,0.574,0.0,0.0
B000572,C199,L199-04,Bhimapur Road,122.13,149.71,2026-09-06 03:00:00,2026-09-06 07:00:00,240,CORRIDOR_BLOCK,AVAILABLE,TRACK_ISOLATION_REQUIRED;OHE_ISOLATION_REQUIRED;SIGNAL_ISOLATION_REQUIRED,TRACK_DOWN;OHE;SIGNALLING,ALL,Engineering;Signal;Traction,4,8298.41,HIGH,240.0,0.0,2026-09-06,"{'Signal', 'Traction', 'Engineering'}","{'TRACK', 'OHE', 'SIGNAL'}",3.537678166666667,11,0.774,0.0,0.0
B000573,C039,L039-12,Palaninagar,197.31,217.6,2026-09-06 01:00:00,2026-09-06 05:00:00,240,NIGHT_BLOCK,AVAILABLE,TRACK_ISOLATION_REQUIRED;OHE_ISOLATION_REQUIRED;SIGNAL_ISOLATION_REQUIRED,TRACK_DOWN;OHE;SIGNALLING,ALL,Engineering;Signal;Traction,3,8977.64,HIGH,240.0,0.0,2026-09-06,"{'Signal', 'Traction', 'Engineering'}","{'TRACK', 'OHE', 'SIGNAL'}",1.3682239999999999,4,0.598,0.0,0.0
B000574,C131,L131-04,Krishnaganj,127.9,169.68,2026-09-29 23:00:00,2026-09-30 02:00:00,180,NIGHT_BLOCK,AVAILABLE,TRACK_ISOLATION_REQUIRED;OHE_ISOLATION_REQUIRED;SIGNAL_ISOLATION_REQUIRED;NIGHT_ONLY,TRACK_UP;OHE;SIGNALLING,ALL,Engineering;Signal;Traction,6,7361.32,HIGH,180.0,0.0,2026-09-29,"{'Signal', 'Traction', 'Engineering'}","{'TRACK', 'OHE', 'SIGNAL'}",5.676313333333333,25,1.0,0.0,0.0
B000575,C069,L069-04,Sundarnagar,116.89,212.41,2026-09-23 23:00:00,2026-09-24 01:00:00,120,NIGHT_BLOCK,AVAILABLE,TRACK_ISOLATION_REQUIRED;OHE_ISOLATION_REQUIRED;SIGNAL_ISOLATION_REQUIRED,TRACK_UP;OHE;SIGNALLING,ALL,Engineering;Signal;Traction,3,5039.99,HIGH,120.0,0.0,2026-09-23,"{'Signal', 'Traction', 'Engineering'}","{'TRACK', 'OHE', 'SIGNAL'}",5.5584999999999996,37,1.0,0.0,0.0
B000576,C155,L155-09,Satpuraganj,0.0,82.6,2026-09-09 22:30:00,2026-09-10 01:30:00,180,NIGHT_BLOCK,AVAILABLE,TRACK_ISOLATION_REQUIRED;OHE_ISOLATION_REQUIRED;SIGNAL_ISOLATION_REQUIRED,TRACK_DOWN;OHE;SIGNALLING,ALL,Engineering;Signal;Traction,3,7085.59,HIGH,180.0,0.0,2026-09-09,"{'Signal', 'Traction', 'Engineering'}","{'TRACK', 'OHE', 'SIGNAL'}",2.9398875,16,0.894,1.0,1.0
B000578,C033,L033-05,Gangahalli,55.5,84.54,2026-10-15 02:00:00,2026-10-15 06:00:00,240,NIGHT_BLOCK,AVAILABLE,TRACK_ISOLATION_REQUIRED;OHE_ISOLATION_REQUIRED;SIGNAL_ISOLATION_REQUIRED;NIGHT_ONLY,TRACK_DOWN;OHE;SIGNALLING,ALL,Engineering;Signal;Traction,6,6307.58,MEDIUM,240.0,0.0,2026-10-15,"{'Signal', 'Traction', 'Engineering'}","{'TRACK', 'OHE', 'SIGNAL'}",1.97401,5,0.643,0.0,0.0
B000579,C029,L029-06,Taptikheda,50.05,116.37,2026-09-27 23:00:00,2026-09-28 03:00:00,240,NIGHT_BLOCK,AVAILABLE,TRACK_ISOLATION_REQUIRED;OHE_ISOLATION_REQUIRED;SIGNAL_ISOLATION_REQUIRED;NIGHT_ONLY,TRACK_BOTH;OHE;SIGNALLING,ALL,Engineering;Signal;Traction,6,8890.22,HIGH,240.0,0.0,2026-09-27,"{'Signal', 'Traction', 'Engineering'}","{'TRACK', 'OHE', 'SIGNAL'}",4.675036,16,0.925,0.0,0.0
B000580,C005,L005-12,Udaykheda Cantt,118.67,165.7,2026-10-12 03:00:00,2026-10-12 07:00:00,240,CORRIDOR_BLOCK,AVAILABLE,TRACK_ISOLATION_REQUIRED;OHE_ISOLATION_REQUIRED;SIGNAL_ISOLATION_REQUIRED,TRACK_UP;OHE;SIGNALLING,ALL,Engineering;Signal;Traction,4,8922.89,HIGH,240.0,0.0,2026-10-12,"{'Signal', 'Traction', 'Engineering'}","{'TRACK', 'OHE', 'SIGNAL'}",0.6017355,6,0.369,0.0,0.0
B000581,C050,L050-01,Taragunj,0.0,42.44,2026-09-22 01:30:00,2026-09-22 03:30:00,120,CORRIDOR_BLOCK,AVAILABLE,TRACK_ISOLATION_REQUIRED;OHE_ISOLATION_REQUIRED;SIGNAL_ISOLATION_REQUIRED,TRACK_BOTH;OHE;SIGNALLING,ALL,Engineering;Signal;Traction,6,5639.62,HIGH,120.0,0.0,2026-09-22,"{'Signal', 'Traction', 'Engineering'}","{'TRACK', 'OHE', 'SIGNAL'}",3.690353333333333,13,0.98,0.0,0.0
B000582,C184,L184-01,Charangunj,0.0,48.4,2026-09-13 23:30:00,2026-09-14 03:30:00,240,NIGHT_BLOCK,AVAILABLE,TRACK_ISOLATION_REQUIRED;OHE_ISOLATION_REQUIRED;SIGNAL_ISOLATION_REQUIRED,TRACK_DOWN;OHE;SIGNALLING,ALL,Engineering;Signal;Traction,5,6589.13,MEDIUM,240.0,0.0,2026-09-13,"{'Signal', 'Traction', 'Engineering'}","{'TRACK', 'OHE', 'SIGNAL'}",6.1404950000000005,18,0.756,0.0,0.0
B000583,C199,L199-05,Shantikot Road,101.4,185.94,2026-09-13 03:00:00,2026-09-13 07:00:00,240,NIGHT_BLOCK,AVAILABLE,TRACK_ISOLATION_REQUIRED;OHE_ISOLATION_REQUIRED;SIGNAL_ISOLATION_REQUIRED,TRACK_UP;OHE;SIGNALLING,ALL,Engineering;Signal;Traction,6,8446.13,HIGH,240.0,0.0,2026-09-13,"{'Signal', 'Traction', 'Engineering'}","{'TRACK', 'OHE', 'SIGNAL'}",4.721864999999999,15,0.727,0.0,0.0
B000584,C036,L036-10,Kanhaganj,135.78,172.22,2026-09-14 01:30:00,2026-09-14 05:30:00,240,NIGHT_BLOCK,AVAILABLE,TRACK_ISOLATION_REQUIRED;OHE_ISOLATION_REQUIRED;SIGNAL_ISOLATION_REQUIRED;NIGHT_ONLY,TRACK_UP;OHE;SIGNALLING,ALL,Engineering;Signal;Traction,5,8407.0,HIGH,240.0,0.0,2026-09-14,"{'Signal', 'Traction', 'Engineering'}","{'TRACK', 'OHE', 'SIGNAL'}",2.5826986666666665,8,0.592,0.0,0.0
B000585,C009,L009-01,Konkanganj,0.0,59.48,2026-09-25 23:00:00,2026-09-26 01:00:00,120,NIGHT_BLOCK,AVAILABLE,TRACK_ISOLATION_REQUIRED;OHE_ISOLATION_REQUIRED;SIGNAL_ISOLATION_REQUIRED,TRACK_UP;OHE;SIGNALLING,ALL,Engineering;Signal;Traction,5,5292.39,HIGH,120.0,0.0,2026-09-25,"{'Signal', 'Traction', 'Engineering'}","{'TRACK', 'OHE', 'SIGNAL'}",3.1436666666666664,24,1.0,0.0,0.0
B000586,C057,L057-03,Chitrapur,70.09,141.01,2026-10-14 01:30:00,2026-10-14 05:30:00,240,NIGHT_BLOCK,AVAILABLE,TRACK_ISOLATION_REQUIRED;OHE_ISOLATION_REQUIRED;SIGNAL_ISOLATION_REQUIRED,TRACK_DOWN;OHE;SIGNALLING,ALL,Engineering;Signal;Traction,5,7615.72,MEDIUM,240.0,0.0,2026-10-14,"{'Signal', 'Traction', 'Engineering'}","{'TRACK', 'OHE', 'SIGNAL'}",4.1899,10,0.715,0.0,0.0
B000587,C036,L036-02,Girnarkheda Jn,0.0,44.15,2026-09-06 02:30:00,2026-09-06 04:30:00,120,NIGHT_BLOCK,AVAILABLE,TRACK_ISOLATION_REQUIRED;OHE_ISOLATION_REQUIRED;SIGNAL_ISOLATION_REQUIRED,TRACK_DOWN;OHE;SIGNALLING,ALL,Engineering;Signal;Traction,4,5301.97,HIGH,120.0,0.0,2026-09-06,"{'Signal', 'Traction', 'Engineering'}","{'TRACK', 'OHE', 'SIGNAL'}",0.12447,1,0.461,0.0,0.0
B000588,C128,L128-05,Haldigarh,70.73,145.8,2026-10-07 02:00:00,2026-10-07 05:00:00,180,NIGHT_BLOCK,AVAILABLE,TRACK_ISOLATION_REQUIRED;OHE_ISOLATION_REQUIRED;SIGNAL_ISOLATION_REQUIRED,TRACK_UP;OHE;SIGNALLING,ALL,Engineering;Signal;Traction,3,7073.51,HIGH,180.0,0.0,2026-10-07,"{'Signal', 'Traction', 'Engineering'}","{'TRACK', 'OHE', 'SIGNAL'}",1.4511900000000002,5,0.732,0.0,0.0
B000589,C049,L049-04,Ranagunj,25.4,115.18,2026-10-13 01:30:00,2026-10-13 04:30:00,180,CORRIDOR_BLOCK,AVAILABLE,TRACK_ISOLATION_REQUIRED;OHE_ISOLATION_REQUIRED;SIGNAL_ISOLATION_REQUIRED;NIGHT_ONLY,TRACK_BOTH;OHE;SIGNALLING,ALL,Engineering;Signal;Traction,5,5586.05,MEDIUM,180.0,0.0,2026-10-13,"{'Signal', 'Traction', 'Engineering'}","{'TRACK', 'OHE', 'SIGNAL'}",2.002035,6,0.805,0.0,0.0
B000590,C086,L086-04,Rohtakgarh,35.05,91.01,2026-10-13 22:30:00,2026-10-14 00:30:00,120,CORRIDOR_BLOCK,AVAILABLE,TRACK_ISOLATION_REQUIRED;OHE_ISOLATION_REQUIRED;SIGNAL_ISOLATION_REQUIRED;NIGHT_ONLY,TRACK_UP;OHE;SIGNALLING,ALL,Engineering;Signal;Traction,5,6100.75,HIGH,120.0,0.0,2026-10-13,"{'Signal', 'Traction', 'Engineering'}","{'TRACK', 'OHE', 'SIGNAL'}",3.1172105000000006,29,1.0,0.0,0.0
B000591,C016,L016-03,Rohtaknagar Cantt,0.0,60.82,2026-09-08 00:30:00,2026-09-08 04:30:00,240,NIGHT_BLOCK,AVAILABLE,TRACK_ISOLATION_REQUIRED;OHE_ISOLATION_REQUIRED;SIGNAL_ISOLATION_REQUIRED,TRACK_UP;OHE;SIGNALLING,ALL,Engineering;Signal;Traction,6,8611.34,HIGH,240.0,0.0,2026-09-08,"{'Signal', 'Traction', 'Engineering'}","{'TRACK', 'OHE', 'SIGNAL'}",1.9899040000000001,7,0.489,0.0,0.0
B000592,C141,L141-06,Palanipur,300.15,376.71,2026-09-21 03:00:00,2026-09-21 05:00:00,120,CORRIDOR_BLOCK,AVAILABLE,TRACK_ISOLATION_REQUIRED;OHE_ISOLATION_REQUIRED;SIGNAL_ISOLATION_REQUIRED,TRACK_DOWN;OHE;SIGNALLING,ALL,Engineering;Signal;Traction,6,4947.54,MEDIUM,120.0,0.0,2026-09-21,"{'Signal', 'Traction', 'Engineering'}","{'TRACK', 'OHE', 'SIGNAL'}",1.05164,6,0.61,0.0,0.0
B000593,C050,L050-02,Devgarhpur Road,6.22,54.18,2026-09-24 22:30:00,2026-09-25 00:30:00,120,NIGHT_BLOCK,AVAILABLE,TRACK_ISOLATION_REQUIRED;OHE_ISOLATION_REQUIRED;SIGNAL_ISOLATION_REQUIRED;NIGHT_ONLY,TRACK_BOTH;OHE;SIGNALLING,ALL,Engineering;Signal;Traction,4,5227.4,HIGH,120.0,0.0,2026-09-24,"{'Signal', 'Traction', 'Engineering'}","{'TRACK', 'OHE', 'SIGNAL'}",2.0904685,19,0.833,0.0,0.0
B000594,C131,L131-06,Indrapur,147.82,187.7,2026-09-21 23:00:00,2026-09-22 02:00:00,180,CORRIDOR_BLOCK,AVAILABLE,TRACK_ISOLATION_REQUIRED;OHE_ISOLATION_REQUIRED;SIGNAL_ISOLATION_REQUIRED;NIGHT_ONLY,TRACK_DOWN;OHE;SIGNALLING,ALL,Engineering;Signal;Traction,4,7655.96,HIGH,180.0,0.0,2026-09-21,"{'Signal', 'Traction', 'Engineering'}","{'TRACK', 'OHE', 'SIGNAL'}",6.464666666666666,29,1.0,0.0,0.0
B000595,C157,L157-05,Bhimakheda Cantt,121.12,230.76,2026-09-19 00:30:00,2026-09-19 02:30:00,120,NIGHT_BLOCK,AVAILABLE,TRACK_ISOLATION_REQUIRED;OHE_ISOLATION_REQUIRED;SIGNAL_ISOLATION_REQUIRED,TRACK_BOTH;OHE;SIGNALLING,ALL,Engineering;Signal;Traction,4,4295.01,MEDIUM,120.0,0.0,2026-09-19,"{'Signal', 'Traction', 'Engineering'}","{'TRACK', 'OHE', 'SIGNAL'}",0.09190066666666666,1,0.329,0.0,0.0
B000596,C115,L115-07,Omkargarh,198.19,284.53,2026-09-27 03:00:00,2026-09-27 07:00:00,240,NIGHT_BLOCK,PROVISIONAL,TRACK_ISOLATION_REQUIRED;OHE_ISOLATION_REQUIRED;SIGNAL_ISOLATION_REQUIRED,TRACK_UP;OHE;SIGNALLING,ALL,Engineering;Signal;Traction,6,8081.94,HIGH,240.0,0.0,2026-09-27,"{'Signal', 'Traction', 'Engineering'}","{'TRACK', 'OHE', 'SIGNAL'}",0.8252100000000001,4,0.519,0.0,0.0
B000597,C146,L146-03,Tarapur,44.94,91.56,2026-09-21 22:30:00,2026-09-22 01:30:00,180,NIGHT_BLOCK,AVAILABLE,TRACK_ISOLATION_REQUIRED;OHE_ISOLATION_REQUIRED;SIGNAL_ISOLATION_REQUIRED,TRACK_DOWN;OHE;SIGNALLING,ALL,Engineering;Signal;Traction,3,5651.5,MEDIUM,180.0,0.0,2026-09-21,"{'Signal', 'Traction', 'Engineering'}","{'TRACK', 'OHE', 'SIGNAL'}",1.35081,12,0.516,0.0,0.0
B000598,C097,L097-02,Bilasnagar Road,19.65,98.09,2026-10-09 03:00:00,2026-10-09 05:00:00,120,NIGHT_BLOCK,PROVISIONAL,TRACK_ISOLATION_REQUIRED;OHE_ISOLATION_REQUIRED;SIGNAL_ISOLATION_REQUIRED,TRACK_UP;OHE;SIGNALLING,ALL,Engineering;Signal;Traction,3,3609.78,MEDIUM,120.0,0.0,2026-10-09,"{'Signal', 'Traction', 'Engineering'}","{'TRACK', 'OHE', 'SIGNAL'}",0.17156399999999997,2,0.306,0.0,0.0
B000599,C183,L183-04,Ambakot Jn,88.59,106.2,2026-09-03 02:30:00,2026-09-03 04:30:00,120,NIGHT_BLOCK,AVAILABLE,TRACK_ISOLATION_REQUIRED;OHE_ISOLATION_REQUIRED;SIGNAL_ISOLATION_REQUIRED,TRACK_DOWN;OHE;SIGNALLING,ALL,Engineering;Signal;Traction,5,4714.34,MEDIUM,120.0,0.0,2026-09-03,"{'Signal', 'Traction', 'Engineering'}","{'TRACK', 'OHE', 'SIGNAL'}",1.397694,6,0.829,0.0,0.0
B000600,C071,L071-01,Jaisalhalli Cantt,0.0,67.44,2026-09-12 01:00:00,2026-09-12 05:00:00,240,CORRIDOR_BLOCK,AVAILABLE,TRACK_ISOLATION_REQUIRED;OHE_ISOLATION_REQUIRED;SIGNAL_ISOLATION_REQUIRED,TRACK_DOWN;OHE;SIGNALLING,ALL,Engineering;Signal;Traction,5,8776.6,HIGH,240.0,0.0,2026-09-12,"{'Signal', 'Traction', 'Engineering'}","{'TRACK', 'OHE', 'SIGNAL'}",1.0909620000000002,3,0.681,0.0,0.0
B000601,C048,L048-03,Taranagar Cantt,17.68,88.7,2026-10-02 23:30:00,2026-10-03 02:30:00,180,NIGHT_BLOCK,PROVISIONAL,TRACK_ISOLATION_REQUIRED;OHE_ISOLATION_REQUIRED;SIGNAL_ISOLATION_REQUIRED,TRACK_DOWN;OHE;SIGNALLING,ALL,Engineering;Signal;Traction,5,6088.57,MEDIUM,180.0,0.0,2026-10-02,"{'Signal', 'Traction', 'Engineering'}","{'TRACK', 'OHE', 'SIGNAL'}",0.561796,8,0.412,0.0,0.0
B000602,C066,L066-05,Indragunj Road,22.32,115.16,2026-09-15 22:30:00,2026-09-16 02:30:00,240,NIGHT_BLOCK,AVAILABLE,TRACK_ISOLATION_REQUIRED;OHE_ISOLATION_REQUIRED;SIGNAL_ISOLATION_REQUIRED,TRACK_BOTH;OHE;SIGNALLING,ALL,Engineering;Signal;Traction,4,10183.45,MEDIUM,240.0,0.0,2026-09-15,"{'Signal', 'Traction', 'Engineering'}","{'TRACK', 'OHE', 'SIGNAL'}",3.94639175,17,0.727,0.0,0.0
B000603,C112,L112-04,Rohtakgunj Cantt,14.04,77.26,2026-09-27 03:00:00,2026-09-27 05:00:00,120,NIGHT_BLOCK,AVAILABLE,TRACK_ISOLATION_REQUIRED;OHE_ISOLATION_REQUIRED;SIGNAL_ISOLATION_REQUIRED,TRACK_BOTH;OHE;SIGNALLING,ALL,Engineering;Signal;Traction,3,4475.55,HIGH,120.0,0.0,2026-09-27,"{'Signal', 'Traction', 'Engineering'}","{'TRACK', 'OHE', 'SIGNAL'}",0.6709959999999999,4,0.619,0.0,0.0
B000604,C131,L131-03,Ashokhalli,92.92,147.2,2026-09-19 23:30:00,2026-09-20 02:30:00,180,NIGHT_BLOCK,AVAILABLE,TRACK_ISOLATION_REQUIRED;OHE_ISOLATION_REQUIRED;SIGNAL_ISOLATION_REQUIRED,TRACK_DOWN;OHE;SIGNALLING,ALL,Engineering;Signal;Traction,4,7693.63,HIGH,180.0,0.0,2026-09-19,"{'Signal', 'Traction', 'Engineering'}","{'TRACK', 'OHE', 'SIGNAL'}",4.772585833333333,22,0.926,0.0,0.0
B000605,C044,L044-03,Sabarnagar Road,0.0,61.1,2026-09-16 01:30:00,2026-09-16 05:30:00,240,NIGHT_BLOCK,AVAILABLE,TRACK_ISOLATION_REQUIRED;OHE_ISOLATION_REQUIRED;SIGNAL_ISOLATION_REQUIRED,TRACK_BOTH;OHE;SIGNALLING,ALL,Engineering;Signal;Traction,6,7202.35,MEDIUM,240.0,0.0,2026-09-16,"{'Signal', 'Traction', 'Engineering'}","{'TRACK', 'OHE', 'SIGNAL'}",2.5385733333333333,7,0.59,0.0,0.0
B000607,C017,L017-03,Gangagarh,17.43,104.03,2026-09-13 02:30:00,2026-09-13 05:30:00,180,NIGHT_BLOCK,AVAILABLE,TRACK_ISOLATION_REQUIRED;OHE_ISOLATION_REQUIRED;SIGNAL_ISOLATION_REQUIRED;NIGHT_ONLY,TRACK_BOTH;OHE;SIGNALLING,ALL,Engineering;Signal;Traction,4,6496.88,MEDIUM,180.0,0.0,2026-09-13,"{'Signal', 'Traction', 'Engineering'}","{'TRACK', 'OHE', 'SIGNAL'}",0.19323,2,0.226,0.0,0.0
B000608,C186,L186-02,Veergarh,0.0,64.37,2026-09-25 02:00:00,2026-09-25 06:00:00,240,CORRIDOR_BLOCK,AVAILABLE,TRACK_ISOLATION_REQUIRED;OHE_ISOLATION_REQUIRED;SIGNAL_ISOLATION_REQUIRED,TRACK_DOWN;OHE;SIGNALLING,ALL,Engineering;Signal;Traction,5,7380.79,MEDIUM,240.0,0.0,2026-09-25,"{'Signal', 'Traction', 'Engineering'}","{'TRACK', 'OHE', 'SIGNAL'}",0.346296,2,0.282,0.0,0.0
B000609,C181,L181-01,Konkanabad,108.44,157.44,2026-09-08 23:30:00,2026-09-09 03:30:00,240,CORRIDOR_BLOCK,AVAILABLE,TRACK_ISOLATION_REQUIRED;OHE_ISOLATION_REQUIRED;SIGNAL_ISOLATION_REQUIRED,TRACK_UP;OHE;SIGNALLING,ALL,Engineering;Signal;Traction,5,6321.74,LOW,240.0,0.0,2026-09-08,"{'Signal', 'Traction', 'Engineering'}","{'TRACK', 'OHE', 'SIGNAL'}",1.4527858333333334,5,0.542,0.0,0.0
B000610,C052,L052-09,Omkargunj,167.59,197.23,2026-09-15 02:00:00,2026-09-15 05:00:00,180,NIGHT_BLOCK,AVAILABLE,TRACK_ISOLATION_REQUIRED;OHE_ISOLATION_REQUIRED;SIGNAL_ISOLATION_REQUIRED,TRACK_UP;OHE;SIGNALLING,ALL,Engineering;Signal;Traction,6,6650.35,HIGH,180.0,0.0,2026-09-15,"{'Signal', 'Traction', 'Engineering'}","{'TRACK', 'OHE', 'SIGNAL'}",2.279744,8,0.716,0.0,0.0
B000611,C196,L196-10,Bharatnagar,217.27,265.7,2026-09-20 23:00:00,2026-09-21 02:00:00,180,CORRIDOR_BLOCK,AVAILABLE,TRACK_ISOLATION_REQUIRED;OHE_ISOLATION_REQUIRED;SIGNAL_ISOLATION_REQUIRED,TRACK_UP;OHE;SIGNALLING,ALL,Engineering;Signal;Traction,3,7350.55,HIGH,180.0,0.0,2026-09-20,"{'Signal', 'Traction', 'Engineering'}","{'TRACK', 'OHE', 'SIGNAL'}",2.8912245,14,0.865,0.0,0.0
B000612,C188,L188-08,Indrakheda,126.49,156.35,2026-09-18 22:30:00,2026-09-19 02:30:00,240,NIGHT_BLOCK,AVAILABLE,TRACK_ISOLATION_REQUIRED;OHE_ISOLATION_REQUIRED;SIGNAL_ISOLATION_REQUIRED,TRACK_BOTH;OHE;SIGNALLING,ALL,Engineering;Signal;Traction,3,10087.81,HIGH,240.0,0.0,2026-09-18,"{'Signal', 'Traction', 'Engineering'}","{'TRACK', 'OHE', 'SIGNAL'}",1.9288543333333337,13,0.584,0.0,0.0
B000613,C044,L044-04,Dhanugunj,9.26,61.1,2026-09-07 03:00:00,2026-09-07 06:00:00,180,NIGHT_BLOCK,PROVISIONAL,TRACK_ISOLATION_REQUIRED;OHE_ISOLATION_REQUIRED;SIGNAL_ISOLATION_REQUIRED,TRACK_UP;OHE;SIGNALLING,ALL,Engineering;Signal;Traction,4,6088.86,MEDIUM,180.0,0.0,2026-09-07,"{'Signal', 'Traction', 'Engineering'}","{'TRACK', 'OHE', 'SIGNAL'}",0.64676,4,0.437,0.0,0.0
B000614,C107,L107-01,Malwagunj Jn,188.69,291.55,2026-09-23 02:00:00,2026-09-23 05:00:00,180,NIGHT_BLOCK,AVAILABLE,TRACK_ISOLATION_REQUIRED;OHE_ISOLATION_REQUIRED;SIGNAL_ISOLATION_REQUIRED;NIGHT_ONLY,TRACK_UP;OHE;SIGNALLING,ALL,Engineering;Signal;Traction,5,5914.45,MEDIUM,180.0,0.0,2026-09-23,"{'Signal', 'Traction', 'Engineering'}","{'TRACK', 'OHE', 'SIGNAL'}",0.8398,4,0.475,0.0,0.0
B000615,C048,L048-02,Sagarhalli Road,0.0,75.26,2026-10-04 01:00:00,2026-10-04 04:00:00,180,CORRIDOR_BLOCK,AVAILABLE,TRACK_ISOLATION_REQUIRED;OHE_ISOLATION_REQUIRED;SIGNAL_ISOLATION_REQUIRED,TRACK_BOTH;OHE;SIGNALLING,ALL,Engineering;Signal;Traction,6,6340.27,MEDIUM,180.0,0.0,2026-10-04,"{'Signal', 'Traction', 'Engineering'}","{'TRACK', 'OHE', 'SIGNAL'}",0.30184000000000005,2,0.343,0.0,0.0
B000616,C119,L119-01,Sagarkheda Jn,141.38,201.86,2026-10-14 23:30:00,2026-10-15 03:30:00,240,NIGHT_BLOCK,AVAILABLE,TRACK_ISOLATION_REQUIRED;OHE_ISOLATION_REQUIRED;SIGNAL_ISOLATION_REQUIRED,TRACK_BOTH;OHE;SIGNALLING,ALL,Engineering;Signal;Traction,4,7761.94,MEDIUM,240.0,0.0,2026-10-14,"{'Signal', 'Traction', 'Engineering'}","{'TRACK', 'OHE', 'SIGNAL'}",1.0958226666666666,7,0.612,0.0,0.0
B000617,C125,L125-10,Taptipur Road,82.42,109.3,2026-09-07 22:30:00,2026-09-08 00:30:00,120,NIGHT_BLOCK,PROVISIONAL,TRACK_ISOLATION_REQUIRED;OHE_ISOLATION_REQUIRED;SIGNAL_ISOLATION_REQUIRED;NIGHT_ONLY,TRACK_BOTH;OHE;SIGNALLING,ALL,Engineering;Signal;Traction,4,4698.84,HIGH,120.0,0.0,2026-09-07,"{'Signal', 'Traction', 'Engineering'}","{'TRACK', 'OHE', 'SIGNAL'}",2.3757887500000003,17,0.875,0.0,0.0
B000618,C054,L054-01,Chandrakot,0.0,30.39,2026-10-06 02:00:00,2026-10-06 04:00:00,120,CORRIDOR_BLOCK,AVAILABLE,TRACK_ISOLATION_REQUIRED;OHE_ISOLATION_REQUIRED;SIGNAL_ISOLATION_REQUIRED,TRACK_BOTH;OHE;SIGNALLING,ALL,Engineering;Signal;Traction,3,4577.6,MEDIUM,120.0,0.0,2026-10-06,"{'Signal', 'Traction', 'Engineering'}","{'TRACK', 'OHE', 'SIGNAL'}",0.7831250000000001,7,0.375,0.0,0.0
B000619,C010,L010-04,Meerapalli,0.0,54.9,2026-10-06 01:00:00,2026-10-06 04:00:00,180,NIGHT_BLOCK,AVAILABLE,TRACK_ISOLATION_REQUIRED;OHE_ISOLATION_REQUIRED;SIGNAL_ISOLATION_REQUIRED,TRACK_DOWN;OHE;SIGNALLING,ALL,Engineering;Signal;Traction,3,6974.46,MEDIUM,180.0,0.0,2026-10-06,"{'Signal', 'Traction', 'Engineering'}","{'TRACK', 'OHE', 'SIGNAL'}",4.462776,12,0.852,0.0,0.0
B000620,C051,L051-08,Girnarnagar,148.82,197.72,2026-09-19 00:30:00,2026-09-19 03:30:00,180,NIGHT_BLOCK,AVAILABLE,TRACK_ISOLATION_REQUIRED;OHE_ISOLATION_REQUIRED;SIGNAL_ISOLATION_REQUIRED,TRACK_UP;OHE;SIGNALLING,ALL,Engineering;Signal;Traction,4,7596.68,HIGH,180.0,0.0,2026-09-19,"{'Signal', 'Traction', 'Engineering'}","{'TRACK', 'OHE', 'SIGNAL'}",3.3028829999999996,9,0.821,0.0,0.0
B000621,C164,L164-03,Charanpalli,77.52,177.04,2026-09-15 01:00:00,2026-09-15 03:00:00,120,NIGHT_BLOCK,AVAILABLE,TRACK_ISOLATION_REQUIRED;OHE_ISOLATION_REQUIRED;SIGNAL_ISOLATION_REQUIRED,TRACK_BOTH;OHE;SIGNALLING,ALL,Engineering;Signal;Traction,4,5915.82,HIGH,120.0,0.0,2026-09-15,"{'Signal', 'Traction', 'Engineering'}","{'TRACK', 'OHE', 'SIGNAL'}",4.862,17,1.0,0.0,0.0
B000622,C079,L079-04,Gangapur,79.14,136.7,2026-10-10 02:00:00,2026-10-10 04:00:00,120,CORRIDOR_BLOCK,AVAILABLE,TRACK_ISOLATION_REQUIRED;OHE_ISOLATION_REQUIRED;SIGNAL_ISOLATION_REQUIRED,TRACK_DOWN;OHE;SIGNALLING,ALL,Engineering;Signal;Traction,6,4567.07,MEDIUM,120.0,0.0,2026-10-10,"{'Signal', 'Traction', 'Engineering'}","{'TRACK', 'OHE', 'SIGNAL'}",0.666414,6,0.369,0.0,0.0
B000623,C004,L004-09,Dhanukheda Jn,132.01,160.01,2026-09-01 23:00:00,2026-09-02 03:00:00,240,NIGHT_BLOCK,AVAILABLE,TRACK_ISOLATION_REQUIRED;OHE_ISOLATION_REQUIRED;SIGNAL_ISOLATION_REQUIRED;NIGHT_ONLY,TRACK_DOWN;OHE;SIGNALLING,ALL,Engineering;Signal;Traction,3,7778.85,MEDIUM,240.0,0.0,2026-09-01,"{'Signal', 'Traction', 'Engineering'}","{'TRACK', 'OHE', 'SIGNAL'}",3.504528,14,0.897,0.0,0.0
B000624,C029,L029-03,Narmadahalli,14.19,98.15,2026-09-08 01:00:00,2026-09-08 03:00:00,120,NIGHT_BLOCK,AVAILABLE,TRACK_ISOLATION_REQUIRED;OHE_ISOLATION_REQUIRED;SIGNAL_ISOLATION_REQUIRED,TRACK_DOWN;OHE;SIGNALLING,ALL,Engineering;Signal;Traction,6,5612.94,HIGH,120.0,0.0,2026-09-08,"{'Signal', 'Traction', 'Engineering'}","{'TRACK', 'OHE', 'SIGNAL'}",1.6778879999999998,6,0.971,0.0,0.0
B000625,C098,L098-09,Sabarkheda Cantt,0.0,41.2,2026-09-27 22:30:00,2026-09-28 02:30:00,240,NIGHT_BLOCK,AVAILABLE,TRACK_ISOLATION_REQUIRED;OHE_ISOLATION_REQUIRED;SIGNAL_ISOLATION_REQUIRED;NIGHT_ONLY,TRACK_UP;OHE;SIGNALLING,ALL,Engineering;Signal;Traction,6,10099.24,HIGH,240.0,0.0,2026-09-27,"{'Signal', 'Traction', 'Engineering'}","{'TRACK', 'OHE', 'SIGNAL'}",6.337944666666667,21,1.0,0.0,0.0
B000626,C195,L195-01,Bharatgunj,0.0,59.67,2026-10-01 01:30:00,2026-10-01 03:30:00,120,CORRIDOR_BLOCK,AVAILABLE,TRACK_ISOLATION_REQUIRED;OHE_ISOLATION_REQUIRED;SIGNAL_ISOLATION_REQUIRED;NIGHT_ONLY,TRACK_UP;OHE;SIGNALLING,ALL,Engineering;Signal;Traction,5,6014.84,HIGH,120.0,0.0,2026-10-01,"{'Signal', 'Traction', 'Engineering'}","{'TRACK', 'OHE', 'SIGNAL'}",5.663999999999999,18,1.0,0.0,0.0
B000627,C084,L084-09,Bharatkheda Jn,153.6,216.62,2026-09-30 02:30:00,2026-09-30 05:30:00,180,NIGHT_BLOCK,AVAILABLE,TRACK_ISOLATION_REQUIRED;OHE_ISOLATION_REQUIRED;SIGNAL_ISOLATION_REQUIRED,TRACK_DOWN;OHE;SIGNALLING,ALL,Engineering;Signal;Traction,3,8287.87,HIGH,180.0,0.0,2026-09-30,"{'Signal', 'Traction', 'Engineering'}","{'TRACK', 'OHE', 'SIGNAL'}",4.224781,11,0.887,0.0,0.0
B000628,C085,L085-03,Gangakheda,16.19,123.57,2026-10-08 03:00:00,2026-10-08 06:00:00,180,CORRIDOR_BLOCK,AVAILABLE,TRACK_ISOLATION_REQUIRED;OHE_ISOLATION_REQUIRED;SIGNAL_ISOLATION_REQUIRED,TRACK_BOTH;OHE;SIGNALLING,ALL,Engineering;Signal;Traction,6,6811.01,HIGH,180.0,0.0,2026-10-08,"{'Signal', 'Traction', 'Engineering'}","{'TRACK', 'OHE', 'SIGNAL'}",5.232,12,1.0,0.0,0.0
B000629,C193,L193-01,Bilaskheda Jn,53.56,105.68,2026-09-07 03:00:00,2026-09-07 05:00:00,120,CORRIDOR_BLOCK,AVAILABLE,TRACK_ISOLATION_REQUIRED;OHE_ISOLATION_REQUIRED;SIGNAL_ISOLATION_REQUIRED;NIGHT_ONLY,TRACK_DOWN;OHE;SIGNALLING,ALL,Engineering;Signal;Traction,6,4817.84,HIGH,120.0,0.0,2026-09-07,"{'Signal', 'Traction', 'Engineering'}","{'TRACK', 'OHE', 'SIGNAL'}",0.38534399999999996,4,0.324,0.0,0.0
B000630,C198,L198-03,Sagarpalli Cantt,41.66,70.42,2026-10-11 02:30:00,2026-10-11 04:30:00,120,CORRIDOR_BLOCK,AVAILABLE,TRACK_ISOLATION_REQUIRED;OHE_ISOLATION_REQUIRED;SIGNAL_ISOLATION_REQUIRED,TRACK_UP;OHE;SIGNALLING,ALL,Engineering;Signal;Traction,5,4255.12,LOW,120.0,0.0,2026-10-11,"{'Signal', 'Traction', 'Engineering'}","{'TRACK', 'OHE', 'SIGNAL'}",0.26401199999999997,3,0.294,0.0,0.0
B000631,C082,L082-01,Kaverikheda,63.19,105.17,2026-09-29 23:00:00,2026-09-30 02:00:00,180,CORRIDOR_BLOCK,AVAILABLE,TRACK_ISOLATION_REQUIRED;OHE_ISOLATION_REQUIRED;SIGNAL_ISOLATION_REQUIRED;NIGHT_ONLY,TRACK_UP;OHE;SIGNALLING,ALL,Engineering;Signal;Traction,5,6299.98,MEDIUM,180.0,0.0,2026-09-29,"{'Signal', 'Traction', 'Engineering'}","{'TRACK', 'OHE', 'SIGNAL'}",3.69164,20,0.879,0.0,0.0
B000632,C075,L075-06,Palaniganj,138.97,225.27,2026-09-24 23:00:00,2026-09-25 03:00:00,240,NIGHT_BLOCK,AVAILABLE,TRACK_ISOLATION_REQUIRED;OHE_ISOLATION_REQUIRED;SIGNAL_ISOLATION_REQUIRED,TRACK_BOTH;OHE;SIGNALLING,ALL,Engineering;Signal;Traction,5,9219.37,HIGH,240.0,0.0,2026-09-24,"{'Signal', 'Traction', 'Engineering'}","{'TRACK', 'OHE', 'SIGNAL'}",5.3422,17,1.0,1.0,2.0
B000633,C192,L192-10,Devgarhgarh,78.15,133.6,2026-09-17 03:00:00,2026-09-17 07:00:00,240,NIGHT_BLOCK,PROVISIONAL,TRACK_ISOLATION_REQUIRED;OHE_ISOLATION_REQUIRED;SIGNAL_ISOLATION_REQUIRED,TRACK_DOWN;OHE;SIGNALLING,ALL,Engineering;Signal;Traction,5,10226.69,HIGH,240.0,0.0,2026-09-17,"{'Signal', 'Traction', 'Engineering'}","{'TRACK', 'OHE', 'SIGNAL'}",6.1751955,17,1.0,0.0,0.0
B000635,C111,L111-04,Krishnanagar Cantt,78.41,106.03,2026-10-06 03:00:00,2026-10-06 06:00:00,180,NIGHT_BLOCK,AVAILABLE,TRACK_ISOLATION_REQUIRED;OHE_ISOLATION_REQUIRED;SIGNAL_ISOLATION_REQUIRED,TRACK_UP;OHE;SIGNALLING,ALL,Engineering;Signal;Traction,6,6025.86,MEDIUM,180.0,0.0,2026-10-06,"{'Signal', 'Traction', 'Engineering'}","{'TRACK', 'OHE', 'SIGNAL'}",0.9246920000000001,4,0.529,0.0,0.0
B000636,C131,L131-01,Ashokkot,0.0,67.17,2026-10-13 22:30:00,2026-10-14 01:30:00,180,NIGHT_BLOCK,AVAILABLE,TRACK_ISOLATION_REQUIRED;OHE_ISOLATION_REQUIRED;SIGNAL_ISOLATION_REQUIRED;NIGHT_ONLY,TRACK_UP;OHE;SIGNALLING,ALL,Engineering;Signal;Traction,5,7270.51,HIGH,180.0,0.0,2026-10-13,"{'Signal', 'Traction', 'Engineering'}","{'TRACK', 'OHE', 'SIGNAL'}",5.06676,24,1.0,0.0,0.0
B000637,C161,L161-08,Nilgiripur Cantt,115.29,205.39,2026-09-21 22:30:00,2026-09-22 01:30:00,180,NIGHT_BLOCK,PROVISIONAL,TRACK_ISOLATION_REQUIRED;OHE_ISOLATION_REQUIRED;SIGNAL_ISOLATION_REQUIRED;NIGHT_ONLY,TRACK_UP;OHE;SIGNALLING,ALL,Engineering;Signal;Traction,6,6900.46,HIGH,180.0,0.0,2026-09-21,"{'Signal', 'Traction', 'Engineering'}","{'TRACK', 'OHE', 'SIGNAL'}",1.1678265,8,0.783,0.0,0.0
B000638,C159,L159-04,Nilgirigunj,23.74,132.42,2026-09-29 02:30:00,2026-09-29 05:30:00,180,CORRIDOR_BLOCK,PROVISIONAL,TRACK_ISOLATION_REQUIRED;OHE_ISOLATION_REQUIRED;SIGNAL_ISOLATION_REQUIRED,TRACK_DOWN;OHE;SIGNALLING,ALL,Engineering;Signal;Traction,6,4991.03,LOW,180.0,0.0,2026-09-29,"{'Signal', 'Traction', 'Engineering'}","{'TRACK', 'OHE', 'SIGNAL'}",1.9572315000000002,7,0.651,0.0,0.0
B000640,C134,L134-07,Gangapalli Jn,64.78,130.92,2026-09-30 23:30:00,2026-10-01 02:30:00,180,CORRIDOR_BLOCK,AVAILABLE,TRACK_ISOLATION_REQUIRED;OHE_ISOLATION_REQUIRED;SIGNAL_ISOLATION_REQUIRED,TRACK_DOWN;OHE;SIGNALLING,ALL,Engineering;Signal;Traction,4,6825.69,MEDIUM,180.0,0.0,2026-09-30,"{'Signal', 'Traction', 'Engineering'}","{'TRACK', 'OHE', 'SIGNAL'}",1.6335324999999998,10,0.573,0.0,0.0
B000641,C049,L049-07,Vindhyaganj Jn,142.04,234.82,2026-09-22 00:30:00,2026-09-22 02:30:00,120,CORRIDOR_BLOCK,AVAILABLE,TRACK_ISOLATION_REQUIRED;OHE_ISOLATION_REQUIRED;SIGNAL_ISOLATION_REQUIRED,TRACK_DOWN;OHE;SIGNALLING,ALL,Engineering;Signal;Traction,4,4939.38,MEDIUM,120.0,0.0,2026-09-22,"{'Signal', 'Traction', 'Engineering'}","{'TRACK', 'OHE', 'SIGNAL'}",0.498162,3,0.609,0.0,0.0
B000642,C126,L126-05,Veerpur,149.95,235.09,2026-10-05 00:30:00,2026-10-05 04:30:00,240,CORRIDOR_BLOCK,AVAILABLE,TRACK_ISOLATION_REQUIRED;OHE_ISOLATION_REQUIRED;SIGNAL_ISOLATION_REQUIRED,TRACK_BOTH;OHE;SIGNALLING,ALL,Engineering;Signal;Traction,5,8502.15,MEDIUM,240.0,0.0,2026-10-05,"{'Signal', 'Traction', 'Engineering'}","{'TRACK', 'OHE', 'SIGNAL'}",2.2424639999999996,7,0.564,0.0,0.0
B000643,C036,L036-03,Malwapur Cantt,5.5,95.36,2026-10-08 01:00:00,2026-10-08 03:00:00,120,NIGHT_BLOCK,AVAILABLE,TRACK_ISOLATION_REQUIRED;OHE_ISOLATION_REQUIRED;SIGNAL_ISOLATION_REQUIRED,TRACK_UP;OHE;SIGNALLING,ALL,Engineering;Signal;Traction,4,4359.14,HIGH,120.0,0.0,2026-10-08,"{'Signal', 'Traction', 'Engineering'}","{'TRACK', 'OHE', 'SIGNAL'}",0.9423866666666667,5,0.644,0.0,0.0
B000645,C164,L164-01,Girnarhalli Road,0.0,93.41,2026-09-07 23:00:00,2026-09-08 03:00:00,240,CORRIDOR_BLOCK,AVAILABLE,TRACK_ISOLATION_REQUIRED;OHE_ISOLATION_REQUIRED;SIGNAL_ISOLATION_REQUIRED,TRACK_DOWN;OHE;SIGNALLING,ALL,Engineering;Signal;Traction,5,9495.2,HIGH,240.0,0.0,2026-09-07,"{'Signal', 'Traction', 'Engineering'}","{'TRACK', 'OHE', 'SIGNAL'}",7.380536,27,1.0,0.0,0.0
B000647,C120,L120-01,Udayganj,0.0,24.93,2026-09-21 01:30:00,2026-09-21 03:30:00,120,NIGHT_BLOCK,AVAILABLE,TRACK_ISOLATION_REQUIRED;OHE_ISOLATION_REQUIRED;SIGNAL_ISOLATION_REQUIRED;NIGHT_ONLY,TRACK_UP;OHE;SIGNALLING,ALL,Engineering;Signal;Traction,6,4475.64,MEDIUM,120.0,0.0,2026-09-21,"{'Signal', 'Traction', 'Engineering'}","{'TRACK', 'OHE', 'SIGNAL'}",5.966666666666666,20,1.0,0.0,0.0
B000648,C075,L075-08,Meeraabad,178.52,205.7,2026-09-22 01:30:00,2026-09-22 05:30:00,240,CORRIDOR_BLOCK,AVAILABLE,TRACK_ISOLATION_REQUIRED;OHE_ISOLATION_REQUIRED;SIGNAL_ISOLATION_REQUIRED,TRACK_UP;OHE;SIGNALLING,ALL,Engineering;Signal;Traction,6,9798.51,HIGH,240.0,0.0,2026-09-22,"{'Signal', 'Traction', 'Engineering'}","{'TRACK', 'OHE', 'SIGNAL'}",5.959999999999999,10,1.0,0.0,0.0
B000649,C169,L169-04,Ashokkheda,104.08,191.86,2026-10-15 02:00:00,2026-10-15 05:00:00,180,NIGHT_BLOCK,AVAILABLE,TRACK_ISOLATION_REQUIRED;OHE_ISOLATION_REQUIRED;SIGNAL_ISOLATION_REQUIRED,TRACK_UP;OHE;SIGNALLING,ALL,Engineering;Signal;Traction,5,6691.72,MEDIUM,180.0,0.0,2026-10-15,"{'Signal', 'Traction', 'Engineering'}","{'TRACK', 'OHE', 'SIGNAL'}",1.2146450000000002,5,0.554,0.0,0.0
B000650,C026,L026-04,Ranahalli Jn,0.0,36.2,2026-09-23 03:00:00,2026-09-23 05:00:00,120,NIGHT_BLOCK,AVAILABLE,TRACK_ISOLATION_REQUIRED;OHE_ISOLATION_REQUIRED;SIGNAL_ISOLATION_REQUIRED,TRACK_DOWN;OHE;SIGNALLING,ALL,Engineering;Signal;Traction,5,4472.49,HIGH,120.0,0.0,2026-09-23,"{'Signal', 'Traction', 'Engineering'}","{'TRACK', 'OHE', 'SIGNAL'}",1.348,6,1.0,0.0,0.0
B000651,C077,L077-02,Ashoknagar Cantt,75.64,130.24,2026-09-09 23:00:00,2026-09-10 02:00:00,180,CORRIDOR_BLOCK,AVAILABLE,TRACK_ISOLATION_REQUIRED;OHE_ISOLATION_REQUIRED;SIGNAL_ISOLATION_REQUIRED;NIGHT_ONLY,TRACK_BOTH;OHE;SIGNALLING,ALL,Engineering;Signal;Traction,5,6150.62,MEDIUM,180.0,0.0,2026-09-09,"{'Signal', 'Traction', 'Engineering'}","{'TRACK', 'OHE', 'SIGNAL'}",0.7202093333333334,5,0.559,0.0,0.0
B000652,C053,L053-06,Palanipalli,174.86,251.3,2026-10-12 00:30:00,2026-10-12 04:30:00,240,CORRIDOR_BLOCK,AVAILABLE,TRACK_ISOLATION_REQUIRED;OHE_ISOLATION_REQUIRED;SIGNAL_ISOLATION_REQUIRED;NIGHT_ONLY,TRACK_BOTH;OHE;SIGNALLING,ALL,Engineering;Signal;Traction,4,6127.14,LOW,240.0,0.0,2026-10-12,"{'Signal', 'Traction', 'Engineering'}","{'TRACK', 'OHE', 'SIGNAL'}",0.038094,1,0.063,0.0,0.0
B000653,C068,L068-05,Veergunj Cantt,199.03,296.63,2026-09-07 01:30:00,2026-09-07 04:30:00,180,CORRIDOR_BLOCK,AVAILABLE,TRACK_ISOLATION_REQUIRED;OHE_ISOLATION_REQUIRED;SIGNAL_ISOLATION_REQUIRED;NIGHT_ONLY,TRACK_UP;OHE;SIGNALLING,ALL,Engineering;Signal;Traction,5,6390.43,MEDIUM,180.0,0.0,2026-09-07,"{'Signal', 'Traction', 'Engineering'}","{'TRACK', 'OHE', 'SIGNAL'}",2.9398320000000004,7,0.912,0.0,0.0
B000654,C114,L114-02,Rohtakhalli Cantt,78.21,115.99,2026-09-14 01:00:00,2026-09-14 05:00:00,240,NIGHT_BLOCK,AVAILABLE,TRACK_ISOLATION_REQUIRED;OHE_ISOLATION_REQUIRED;SIGNAL_ISOLATION_REQUIRED;NIGHT_ONLY,TRACK_DOWN;OHE;SIGNALLING,ALL,Engineering;Signal;Traction,3,7928.84,MEDIUM,240.0,0.0,2026-09-14,"{'Signal', 'Traction', 'Engineering'}","{'TRACK', 'OHE', 'SIGNAL'}",1.4757866666666664,4,0.59,0.0,0.0
B000656,C062,L062-04,Devgarhgarh,171.98,222.16,2026-10-11 23:00:00,2026-10-12 03:00:00,240,NIGHT_BLOCK,AVAILABLE,TRACK_ISOLATION_REQUIRED;OHE_ISOLATION_REQUIRED;SIGNAL_ISOLATION_REQUIRED,TRACK_BOTH;OHE;SIGNALLING,ALL,Engineering;Signal;Traction,3,6699.19,MEDIUM,240.0,0.0,2026-10-11,"{'Signal', 'Traction', 'Engineering'}","{'TRACK', 'OHE', 'SIGNAL'}",1.872239,11,0.611,0.0,0.0
B000657,C109,L109-01,Bilasabad Cantt,0.0,31.31,2026-09-25 02:30:00,2026-09-25 06:30:00,240,NIGHT_BLOCK,AVAILABLE,TRACK_ISOLATION_REQUIRED;OHE_ISOLATION_REQUIRED;SIGNAL_ISOLATION_REQUIRED;NIGHT_ONLY,TRACK_DOWN;OHE;SIGNALLING,ALL,Engineering;Signal;Traction,5,10135.67,HIGH,240.0,0.0,2026-09-25,"{'Signal', 'Traction', 'Engineering'}","{'TRACK', 'OHE', 'SIGNAL'}",5.883388,19,1.0,0.0,0.0
B000658,C013,L013-06,Udayganj,184.79,254.39,2026-09-21 01:00:00,2026-09-21 04:00:00,180,CORRIDOR_BLOCK,PROVISIONAL,TRACK_ISOLATION_REQUIRED;OHE_ISOLATION_REQUIRED;SIGNAL_ISOLATION_REQUIRED,TRACK_UP;OHE;SIGNALLING,ALL,Engineering;Signal;Traction,4,5508.83,MEDIUM,180.0,0.0,2026-09-21,"{'Signal', 'Traction', 'Engineering'}","{'TRACK', 'OHE', 'SIGNAL'}",1.3118925,5,0.633,0.0,0.0
B000659,C186,L186-05,Konkangarh,152.34,182.68,2026-10-10 02:00:00,2026-10-10 04:00:00,120,CORRIDOR_BLOCK,AVAILABLE,TRACK_ISOLATION_REQUIRED;OHE_ISOLATION_REQUIRED;SIGNAL_ISOLATION_REQUIRED,TRACK_BOTH;OHE;SIGNALLING,ALL,Engineering;Signal;Traction,3,4168.24,MEDIUM,120.0,0.0,2026-10-10,"{'Signal', 'Traction', 'Engineering'}","{'TRACK', 'OHE', 'SIGNAL'}",0.0,0,0.074,0.0,0.0
B000660,C135,L135-05,Satpurakheda,64.92,159.24,2026-09-21 02:00:00,2026-09-21 06:00:00,240,CORRIDOR_BLOCK,PROVISIONAL,TRACK_ISOLATION_REQUIRED;OHE_ISOLATION_REQUIRED;SIGNAL_ISOLATION_REQUIRED,TRACK_UP;OHE;SIGNALLING,ALL,Engineering;Signal;Traction,3,8468.84,MEDIUM,240.0,0.0,2026-09-21,"{'Signal', 'Traction', 'Engineering'}","{'TRACK', 'OHE', 'SIGNAL'}",0.65156,4,0.273,0.0,0.0
B000661,C147,L147-03,Charankot,18.97,47.25,2026-09-30 01:00:00,2026-09-30 03:00:00,120,NIGHT_BLOCK,AVAILABLE,TRACK_ISOLATION_REQUIRED;OHE_ISOLATION_REQUIRED;SIGNAL_ISOLATION_REQUIRED,TRACK_DOWN;OHE;SIGNALLING,ALL,Engineering;Signal;Traction,5,4696.68,MEDIUM,120.0,0.0,2026-09-30,"{'Signal', 'Traction', 'Engineering'}","{'TRACK', 'OHE', 'SIGNAL'}",0.98928,5,0.648,0.0,0.0
B000662,C067,L067-03,Satpurapur Road,0.0,65.7,2026-09-25 22:30:00,2026-09-26 02:30:00,240,CORRIDOR_BLOCK,AVAILABLE,TRACK_ISOLATION_REQUIRED;OHE_ISOLATION_REQUIRED;SIGNAL_ISOLATION_REQUIRED;NIGHT_ONLY,TRACK_BOTH;OHE;SIGNALLING,ALL,Engineering;Signal;Traction,4,9271.64,MEDIUM,240.0,0.0,2026-09-25,"{'Signal', 'Traction', 'Engineering'}","{'TRACK', 'OHE', 'SIGNAL'}",0.18356166666666668,2,0.345,0.0,0.0
B000663,C094,L094-08,Pushkarnagar Jn,219.49,250.51,2026-09-23 23:00:00,2026-09-24 02:00:00,180,NIGHT_BLOCK,AVAILABLE,TRACK_ISOLATION_REQUIRED;OHE_ISOLATION_REQUIRED;SIGNAL_ISOLATION_REQUIRED;NIGHT_ONLY,TRACK_BOTH;OHE;SIGNALLING,ALL,Engineering;Signal;Traction,5,6059.65,MEDIUM,180.0,0.0,2026-09-23,"{'Signal', 'Traction', 'Engineering'}","{'TRACK', 'OHE', 'SIGNAL'}",0.16007266666666667,3,0.272,0.0,0.0
B000664,C021,L021-04,Indraganj Road,6.73,30.6,2026-10-03 02:00:00,2026-10-03 06:00:00,240,CORRIDOR_BLOCK,AVAILABLE,TRACK_ISOLATION_REQUIRED;OHE_ISOLATION_REQUIRED;SIGNAL_ISOLATION_REQUIRED;NIGHT_ONLY,TRACK_BOTH;OHE;SIGNALLING,ALL,Engineering;Signal;Traction,6,4715.34,LOW,240.0,0.0,2026-10-03,"{'Signal', 'Traction', 'Engineering'}","{'TRACK', 'OHE', 'SIGNAL'}",1.6089760000000002,6,0.454,0.0,0.0
B000665,C122,L122-04,Omkargunj Road,38.89,78.71,2026-09-06 23:30:00,2026-09-07 03:30:00,240,CORRIDOR_BLOCK,AVAILABLE,TRACK_ISOLATION_REQUIRED;OHE_ISOLATION_REQUIRED;SIGNAL_ISOLATION_REQUIRED,TRACK_BOTH;OHE;SIGNALLING,ALL,Engineering;Signal;Traction,4,8908.52,MEDIUM,240.0,0.0,2026-09-06,"{'Signal', 'Traction', 'Engineering'}","{'TRACK', 'OHE', 'SIGNAL'}",2.3163785,11,0.582,0.0,0.0
B000666,C010,L010-01,Jaisalgunj Cantt,0.0,48.34,2026-09-09 23:00:00,2026-09-10 02:00:00,180,CORRIDOR_BLOCK,PROVISIONAL,TRACK_ISOLATION_REQUIRED;OHE_ISOLATION_REQUIRED;SIGNAL_ISOLATION_REQUIRED;NIGHT_ONLY,TRACK_UP;OHE;SIGNALLING,ALL,Engineering;Signal;Traction,6,7677.55,MEDIUM,180.0,0.0,2026-09-09,"{'Signal', 'Traction', 'Engineering'}","{'TRACK', 'OHE', 'SIGNAL'}",2.8605583333333326,17,0.725,0.0,0.0
B000667,C188,L188-07,Gangaganj Road,106.01,157.59,2026-09-14 00:30:00,2026-09-14 03:30:00,180,CORRIDOR_BLOCK,AVAILABLE,TRACK_ISOLATION_REQUIRED;OHE_ISOLATION_REQUIRED;SIGNAL_ISOLATION_REQUIRED;NIGHT_ONLY,TRACK_BOTH;OHE;SIGNALLING,ALL,Engineering;Signal;Traction,3,8098.16,HIGH,180.0,0.0,2026-09-14,"{'Signal', 'Traction', 'Engineering'}","{'TRACK', 'OHE', 'SIGNAL'}",2.528325,10,0.661,0.0,0.0
B000668,C009,L009-02,Bharatkot,24.45,100.37,2026-09-04 00:30:00,2026-09-04 02:30:00,120,CORRIDOR_BLOCK,AVAILABLE,TRACK_ISOLATION_REQUIRED;OHE_ISOLATION_REQUIRED;SIGNAL_ISOLATION_REQUIRED,TRACK_DOWN;OHE;SIGNALLING,ALL,Engineering;Signal;Traction,3,5834.7,HIGH,120.0,0.0,2026-09-04,"{'Signal', 'Traction', 'Engineering'}","{'TRACK', 'OHE', 'SIGNAL'}",2.956,12,1.0,0.0,0.0
B000669,C081,L081-05,Palanipalli,242.94,285.2,2026-09-18 03:00:00,2026-09-18 07:00:00,240,NIGHT_BLOCK,AVAILABLE,TRACK_ISOLATION_REQUIRED;OHE_ISOLATION_REQUIRED;SIGNAL_ISOLATION_REQUIRED,TRACK_UP;OHE;SIGNALLING,ALL,Engineering;Signal;Traction,5,7724.82,MEDIUM,240.0,0.0,2026-09-18,"{'Signal', 'Traction', 'Engineering'}","{'TRACK', 'OHE', 'SIGNAL'}",4.640616,16,0.874,0.0,0.0
B000670,C148,L148-01,Ambagarh,0.0,39.23,2026-09-09 22:30:00,2026-09-10 02:30:00,240,CORRIDOR_BLOCK,AVAILABLE,TRACK_ISOLATION_REQUIRED;OHE_ISOLATION_REQUIRED;SIGNAL_ISOLATION_REQUIRED,TRACK_UP;OHE;SIGNALLING,ALL,Engineering;Signal;Traction,6,8255.12,MEDIUM,240.0,0.0,2026-09-09,"{'Signal', 'Traction', 'Engineering'}","{'TRACK', 'OHE', 'SIGNAL'}",1.5409554166666666,12,0.467,0.0,0.0
B000671,C067,L067-02,Udaykot,0.0,61.73,2026-09-17 02:00:00,2026-09-17 04:00:00,120,CORRIDOR_BLOCK,AVAILABLE,TRACK_ISOLATION_REQUIRED;OHE_ISOLATION_REQUIRED;SIGNAL_ISOLATION_REQUIRED,TRACK_BOTH;OHE;SIGNALLING,ALL,Engineering;Signal;Traction,3,4325.06,MEDIUM,120.0,0.0,2026-09-17,"{'Signal', 'Traction', 'Engineering'}","{'TRACK', 'OHE', 'SIGNAL'}",0.30385,2,0.515,0.0,0.0
B000672,C175,L175-03,Vindhyapur Cantt,177.38,228.12,2026-10-06 00:30:00,2026-10-06 04:30:00,240,CORRIDOR_BLOCK,AVAILABLE,TRACK_ISOLATION_REQUIRED;OHE_ISOLATION_REQUIRED;SIGNAL_ISOLATION_REQUIRED,TRACK_BOTH;OHE;SIGNALLING,ALL,Engineering;Signal;Traction,5,8753.09,HIGH,240.0,0.0,2026-10-06,"{'Signal', 'Traction', 'Engineering'}","{'TRACK', 'OHE', 'SIGNAL'}",8.328213333333332,16,0.958,2.0,5.0
B000673,C076,L076-07,Malwapalli Cantt,343.59,369.71,2026-09-19 03:00:00,2026-09-19 05:00:00,120,CORRIDOR_BLOCK,PROVISIONAL,TRACK_ISOLATION_REQUIRED;OHE_ISOLATION_REQUIRED;SIGNAL_ISOLATION_REQUIRED;NIGHT_ONLY,TRACK_UP;OHE;SIGNALLING,ALL,Engineering;Signal;Traction,6,3688.38,MEDIUM,120.0,0.0,2026-09-19,"{'Signal', 'Traction', 'Engineering'}","{'TRACK', 'OHE', 'SIGNAL'}",0.16153999999999996,3,0.197,0.0,0.0
B000674,C147,L147-02,Veerkot Jn,0.0,62.5,2026-10-08 03:00:00,2026-10-08 05:00:00,120,NIGHT_BLOCK,AVAILABLE,TRACK_ISOLATION_REQUIRED;OHE_ISOLATION_REQUIRED;SIGNAL_ISOLATION_REQUIRED,TRACK_UP;OHE;SIGNALLING,ALL,Engineering;Signal;Traction,5,3850.45,MEDIUM,120.0,0.0,2026-10-08,"{'Signal', 'Traction', 'Engineering'}","{'TRACK', 'OHE', 'SIGNAL'}",2.094186666666667,10,0.677,0.0,0.0
B000676,C072,L072-03,Sundargunj Jn,65.69,126.19,2026-09-05 01:30:00,2026-09-05 03:30:00,120,CORRIDOR_BLOCK,PROVISIONAL,TRACK_ISOLATION_REQUIRED;OHE_ISOLATION_REQUIRED;SIGNAL_ISOLATION_REQUIRED,TRACK_UP;OHE;SIGNALLING,ALL,Engineering;Signal;Traction,3,4083.09,MEDIUM,120.0,0.0,2026-09-05,"{'Signal', 'Traction', 'Engineering'}","{'TRACK', 'OHE', 'SIGNAL'}",0.333268,3,0.377,0.0,0.0
B000677,C060,L060-04,Ambaabad,76.34,104.88,2026-09-23 22:30:00,2026-09-24 00:30:00,120,NIGHT_BLOCK,AVAILABLE,TRACK_ISOLATION_REQUIRED;OHE_ISOLATION_REQUIRED;SIGNAL_ISOLATION_REQUIRED,TRACK_BOTH;OHE;SIGNALLING,ALL,Engineering;Signal;Traction,6,5513.15,HIGH,120.0,0.0,2026-09-23,"{'Signal', 'Traction', 'Engineering'}","{'TRACK', 'OHE', 'SIGNAL'}",2.57175075,21,0.759,0.0,0.0
B000678,C101,L101-08,Udaygunj,160.36,215.6,2026-10-10 00:30:00,2026-10-10 03:30:00,180,CORRIDOR_BLOCK,AVAILABLE,TRACK_ISOLATION_REQUIRED;OHE_ISOLATION_REQUIRED;SIGNAL_ISOLATION_REQUIRED,TRACK_UP;OHE;SIGNALLING,ALL,Engineering;Signal;Traction,3,4401.43,LOW,180.0,0.0,2026-10-10,"{'Signal', 'Traction', 'Engineering'}","{'TRACK', 'OHE', 'SIGNAL'}",0.3857685,3,0.271,0.0,0.0
B000679,C122,L122-05,Devgarhganj Cantt,31.27,121.63,2026-10-07 00:30:00,2026-10-07 02:30:00,120,CORRIDOR_BLOCK,AVAILABLE,TRACK_ISOLATION_REQUIRED;OHE_ISOLATION_REQUIRED;SIGNAL_ISOLATION_REQUIRED;NIGHT_ONLY,TRACK_BOTH;OHE;SIGNALLING,ALL,Engineering;Signal;Traction,6,4663.3,MEDIUM,120.0,0.0,2026-10-07,"{'Signal', 'Traction', 'Engineering'}","{'TRACK', 'OHE', 'SIGNAL'}",2.0184999999999995,10,0.734,0.0,0.0
B000680,C062,L062-06,Ambahalli Cantt,317.32,382.08,2026-09-12 22:30:00,2026-09-13 01:30:00,180,CORRIDOR_BLOCK,AVAILABLE,TRACK_ISOLATION_REQUIRED;OHE_ISOLATION_REQUIRED;SIGNAL_ISOLATION_REQUIRED,TRACK_UP;OHE;SIGNALLING,ALL,Engineering;Signal;Traction,6,4978.07,MEDIUM,180.0,0.0,2026-09-12,"{'Signal', 'Traction', 'Engineering'}","{'TRACK', 'OHE', 'SIGNAL'}",0.813061,8,0.476,0.0,0.0
B000681,C058,L058-10,Konkangunj Road,0.0,46.9,2026-10-10 23:00:00,2026-10-11 03:00:00,240,NIGHT_BLOCK,PROVISIONAL,TRACK_ISOLATION_REQUIRED;OHE_ISOLATION_REQUIRED;SIGNAL_ISOLATION_REQUIRED;NIGHT_ONLY,TRACK_BOTH;OHE;SIGNALLING,ALL,Engineering;Signal;Traction,5,6420.47,MEDIUM,240.0,0.0,2026-10-10,"{'Signal', 'Traction', 'Engineering'}","{'TRACK', 'OHE', 'SIGNAL'}",0.3490445,5,0.347,0.0,0.0
B000682,C102,L102-02,Girnarganj,59.92,100.3,2026-09-26 22:30:00,2026-09-27 00:30:00,120,NIGHT_BLOCK,AVAILABLE,TRACK_ISOLATION_REQUIRED;OHE_ISOLATION_REQUIRED;SIGNAL_ISOLATION_REQUIRED,TRACK_UP;OHE;SIGNALLING,ALL,Engineering;Signal;Traction,5,5033.65,MEDIUM,120.0,0.0,2026-09-26,"{'Signal', 'Traction', 'Engineering'}","{'TRACK', 'OHE', 'SIGNAL'}",0.040711333333333335,2,0.316,0.0,0.0
B000683,C017,L017-02,Taragarh,0.0,78.17,2026-09-08 02:30:00,2026-09-08 06:30:00,240,NIGHT_BLOCK,AVAILABLE,TRACK_ISOLATION_REQUIRED;OHE_ISOLATION_REQUIRED;SIGNAL_ISOLATION_REQUIRED;NIGHT_ONLY,TRACK_BOTH;OHE;SIGNALLING,ALL,Engineering;Signal;Traction,6,8696.49,MEDIUM,240.0,0.0,2026-09-08,"{'Signal', 'Traction', 'Engineering'}","{'TRACK', 'OHE', 'SIGNAL'}",0.783569,6,0.48,0.0,0.0
B000685,C169,L169-05,Sabarkot,125.12,181.9,2026-09-21 22:30:00,2026-09-22 01:30:00,180,CORRIDOR_BLOCK,AVAILABLE,TRACK_ISOLATION_REQUIRED;OHE_ISOLATION_REQUIRED;SIGNAL_ISOLATION_REQUIRED,TRACK_UP;OHE;SIGNALLING,ALL,Engineering;Signal;Traction,3,6011.21,MEDIUM,180.0,0.0,2026-09-21,"{'Signal', 'Traction', 'Engineering'}","{'TRACK', 'OHE', 'SIGNAL'}",1.10174025,11,0.573,0.0,0.0
B000686,C047,L047-02,Ashokganj Jn,0.0,74.94,2026-10-13 00:30:00,2026-10-13 04:30:00,240,CORRIDOR_BLOCK,AVAILABLE,TRACK_ISOLATION_REQUIRED;OHE_ISOLATION_REQUIRED;SIGNAL_ISOLATION_REQUIRED,TRACK_UP;OHE;SIGNALLING,ALL,Engineering;Signal;Traction,3,7960.17,MEDIUM,240.0,0.0,2026-10-13,"{'Signal', 'Traction', 'Engineering'}","{'TRACK', 'OHE', 'SIGNAL'}",6.6025866666666655,14,0.868,0.0,0.0
B000687,C140,L140-04,Sundarkheda,0.0,52.1,2026-10-11 23:00:00,2026-10-12 03:00:00,240,CORRIDOR_BLOCK,PROVISIONAL,TRACK_ISOLATION_REQUIRED;OHE_ISOLATION_REQUIRED;SIGNAL_ISOLATION_REQUIRED,TRACK_BOTH;OHE;SIGNALLING,ALL,Engineering;Signal;Traction,6,8920.5,HIGH,240.0,0.0,2026-10-11,"{'Signal', 'Traction', 'Engineering'}","{'TRACK', 'OHE', 'SIGNAL'}",5.63945,18,1.0,1.0,2.0
B000688,C110,L110-05,Indranagar,31.84,92.1,2026-09-17 23:30:00,2026-09-18 02:30:00,180,NIGHT_BLOCK,AVAILABLE,TRACK_ISOLATION_REQUIRED;OHE_ISOLATION_REQUIRED;SIGNAL_ISOLATION_REQUIRED;NIGHT_ONLY,TRACK_UP;OHE;SIGNALLING,ALL,Engineering;Signal;Traction,5,3284.3,LOW,180.0,0.0,2026-09-17,"{'Signal', 'Traction', 'Engineering'}","{'TRACK', 'OHE', 'SIGNAL'}",2.1311333333333335,15,0.645,0.0,0.0
B000689,C175,L175-01,Devgarhnagar Jn,0.0,22.75,2026-09-26 03:00:00,2026-09-26 07:00:00,240,NIGHT_BLOCK,AVAILABLE,TRACK_ISOLATION_REQUIRED;OHE_ISOLATION_REQUIRED;SIGNAL_ISOLATION_REQUIRED,TRACK_UP;OHE;SIGNALLING,ALL,Engineering;Signal;Traction,4,8129.81,HIGH,240.0,0.0,2026-09-26,"{'Signal', 'Traction', 'Engineering'}","{'TRACK', 'OHE', 'SIGNAL'}",1.666626,8,0.586,0.0,0.0
B000690,C173,L173-09,Pushkarnagar,4.59,43.9,2026-09-30 01:00:00,2026-09-30 05:00:00,240,NIGHT_BLOCK,AVAILABLE,TRACK_ISOLATION_REQUIRED;OHE_ISOLATION_REQUIRED;SIGNAL_ISOLATION_REQUIRED,TRACK_UP;OHE;SIGNALLING,ALL,Engineering;Signal;Traction,5,6313.76,MEDIUM,240.0,0.0,2026-09-30,"{'Signal', 'Traction', 'Engineering'}","{'TRACK', 'OHE', 'SIGNAL'}",0.4966613333333333,2,0.496,0.0,0.0
B000691,C135,L135-08,Malwaabad,215.59,235.8,2026-10-15 02:30:00,2026-10-15 04:30:00,120,CORRIDOR_BLOCK,AVAILABLE,OHE_ISOLATION_REQUIRED,OHE,OHE,Signal;Traction,5,4561.09,MEDIUM,120.0,0.0,2026-10-15,"{'Signal', 'Traction'}",{'OHE'},0.10254399999999998,1,0.348,0.0,0.0
B000692,C192,L192-10,Devgarhgarh,106.39,133.6,2026-10-12 01:00:00,2026-10-12 02:00:00,60,TRAFFIC_BLOCK,AVAILABLE,TRACK_ISOLATION_REQUIRED;NO_ELECTRICAL_WORK;LIMITED_ACCESS,TRACK_BOTH,TRACK,Engineering;Signal;Traction,3,3135.98,HIGH,60.0,0.0,2026-10-12,"{'Signal', 'Traction', 'Engineering'}",{'TRACK'},1.4129999999999998,9,1.0,0.0,0.0
B000693,C009,L009-01,Konkanganj,0.0,50.95,2026-09-30 19:00:00,2026-09-30 20:00:00,60,CORRIDOR_BLOCK,AVAILABLE,TRACK_ISOLATION_REQUIRED,TRACK_UP,TRACK,Traction,3,7785.03,HIGH,60.0,0.0,2026-09-30,{'Traction'},{'TRACK'},2.7600000000000002,18,1.0,0.0,0.0
B000694,C155,L155-09,Satpuraganj,7.26,82.6,2026-09-02 10:00:00,2026-09-02 11:30:00,90,CORRIDOR_BLOCK,AVAILABLE,SIGNAL_ISOLATION_REQUIRED,SIGNALLING,SIGNAL,Engineering,5,7295.25,HIGH,90.0,0.0,2026-09-02,{'Engineering'},{'SIGNAL'},0.41646150000000004,3,0.678,0.0,0.0
B000695,C169,L169-05,Sabarkot,99.1,207.92,2026-09-16 01:00:00,2026-09-16 04:00:00,180,ROLLING_BLOCK,AVAILABLE,TRACK_ISOLATION_REQUIRED;NO_HEAVY_MACHINE;NO_ELECTRICAL_WORK,TRACK_DOWN,TRACK,Engineering;Signal;Traction,2,6625.57,MEDIUM,180.0,0.0,2026-09-16,"{'Signal', 'Traction', 'Engineering'}",{'TRACK'},2.1775880000000005,7,0.664,0.0,0.0
B000696,C067,L067-03,Satpurapur Road,0.0,65.7,2026-09-29 17:00:00,2026-09-29 18:00:00,60,TRAFFIC_BLOCK,AVAILABLE,TRACK_ISOLATION_REQUIRED,TRACK_UP,TRACK,Engineering;Signal;Traction,2,5661.73,MEDIUM,60.0,0.0,2026-09-29,"{'Signal', 'Traction', 'Engineering'}",{'TRACK'},0.23099466666666663,4,0.412,0.0,0.0
B000697,C164,L164-08,Indranagar,261.05,292.73,2026-09-05 00:30:00,2026-09-05 01:15:00,45,NIGHT_BLOCK,AVAILABLE,SIGNAL_ISOLATION_REQUIRED;NO_HEAVY_MACHINE;LIMITED_ACCESS,SIGNALLING,SIGNAL,Engineering;Signal;Traction,4,3124.99,HIGH,45.0,0.0,2026-09-05,"{'Signal', 'Traction', 'Engineering'}",{'SIGNAL'},0.7324525,10,0.727,0.0,0.0
B000698,C050,L050-01,Taragunj,0.0,70.36,2026-10-07 03:00:00,2026-10-07 04:00:00,60,CORRIDOR_BLOCK,AVAILABLE,TRACK_ISOLATION_REQUIRED;OHE_ISOLATION_REQUIRED;SIGNAL_ISOLATION_REQUIRED,TRACK_UP;OHE;SIGNALLING,ALL,Engineering;Signal;Traction,4,2608.85,HIGH,60.0,0.0,2026-10-07,"{'Signal', 'Traction', 'Engineering'}","{'TRACK', 'OHE', 'SIGNAL'}",2.1717226666666667,16,0.892,0.0,0.0
B000699,C123,L123-02,Kaverikot Cantt,0.0,38.12,2026-10-11 03:00:00,2026-10-11 04:30:00,90,NIGHT_BLOCK,AVAILABLE,TRACK_ISOLATION_REQUIRED;NO_HEAVY_MACHINE,TRACK_DOWN,TRACK,Engineering;Signal;Traction,5,3645.85,HIGH,90.0,0.0,2026-10-11,"{'Signal', 'Traction', 'Engineering'}",{'TRACK'},0.37902149999999996,3,0.589,0.0,0.0
B000700,C150,L150-09,Omkarpur Cantt,112.76,160.2,2026-10-05 01:30:00,2026-10-05 03:30:00,120,TRAFFIC_BLOCK,AVAILABLE,TRACK_ISOLATION_REQUIRED;NO_HEAVY_MACHINE;LIMITED_ACCESS,TRACK_DOWN,TRACK,Signal,4,5174.42,HIGH,120.0,0.0,2026-10-05,{'Signal'},{'TRACK'},2.712,9,1.0,0.0,0.0
B000701,C146,L146-03,Tarapur,53.49,83.01,2026-10-13 02:30:00,2026-10-13 04:30:00,120,NIGHT_BLOCK,AVAILABLE,TRACK_ISOLATION_REQUIRED;NIGHT_ONLY,TRACK_DOWN,TRACK,Engineering;Traction,4,4002.9,MEDIUM,120.0,0.0,2026-10-13,"{'Traction', 'Engineering'}",{'TRACK'},0.7686166666666667,5,0.535,0.0,0.0
B000702,C059,L059-05,Vindhyakheda,296.77,368.95,2026-09-29 22:30:00,2026-09-30 00:30:00,120,TRAFFIC_BLOCK,AVAILABLE,OHE_ISOLATION_REQUIRED,OHE,OHE,Engineering;Signal;Traction,2,4817.89,HIGH,120.0,0.0,2026-09-29,"{'Signal', 'Traction', 'Engineering'}",{'OHE'},1.1428915000000002,14,0.691,0.0,0.0
B000703,C089,L089-05,Chitrapalli Road,234.2,282.58,2026-09-04 15:00:00,2026-09-04 17:00:00,120,TRAFFIC_BLOCK,AVAILABLE,SIGNAL_ISOLATION_REQUIRED;NO_HEAVY_MACHINE;NO_ELECTRICAL_WORK,SIGNALLING,SIGNAL,Engineering;Signal;Traction,1,10145.32,HIGH,120.0,0.0,2026-09-04,"{'Signal', 'Traction', 'Engineering'}",{'SIGNAL'},0.9285300000000001,6,0.513,0.0,0.0
B000704,C010,L010-04,Meerapalli,0.0,54.9,2026-10-03 22:30:00,2026-10-04 00:00:00,90,NIGHT_BLOCK,AVAILABLE,SIGNAL_ISOLATION_REQUIRED;NIGHT_ONLY,SIGNALLING,SIGNAL,Engineering;Signal;Traction,5,3981.71,MEDIUM,90.0,0.0,2026-10-03,"{'Signal', 'Traction', 'Engineering'}",{'SIGNAL'},0.24291525,3,0.419,0.0,0.0
B000705,C147,L147-03,Charankot,0.0,62.5,2026-10-12 19:00:00,2026-10-12 19:45:00,45,CORRIDOR_BLOCK,AVAILABLE,TRACK_ISOLATION_REQUIRED;NO_HEAVY_MACHINE,TRACK_BOTH,TRACK,Signal,4,4258.96,MEDIUM,45.0,0.0,2026-10-12,{'Signal'},{'TRACK'},0.257427625,7,0.371,0.0,0.0
B000706,C175,L175-01,Devgarhnagar Jn,0.0,50.93,2026-10-10 06:30:00,2026-10-10 08:00:00,90,CORRIDOR_BLOCK,AVAILABLE,TRACK_ISOLATION_REQUIRED,TRACK_UP,TRACK,Engineering;Signal;Traction,5,7640.64,HIGH,90.0,0.0,2026-10-10,"{'Signal', 'Traction', 'Engineering'}",{'TRACK'},0.166195,2,0.43,0.0,0.0
B000707,C067,L067-02,Udaykot,3.51,38.97,2026-09-02 22:30:00,2026-09-03 01:30:00,180,CORRIDOR_BLOCK,AVAILABLE,TRACK_ISOLATION_REQUIRED;OHE_ISOLATION_REQUIRED;SIGNAL_ISOLATION_REQUIRED;NO_HEAVY_MACHINE,TRACK_BOTH;OHE;SIGNALLING,ALL,Engineering;Signal;Traction,2,6547.85,MEDIUM,180.0,0.0,2026-09-02,"{'Signal', 'Traction', 'Engineering'}","{'TRACK', 'OHE', 'SIGNAL'}",1.1777125,13,0.478,0.0,0.0
B000708,C091,L091-11,Satpurapalli Cantt,51.49,79.7,2026-10-04 22:30:00,2026-10-05 00:30:00,120,EMERGENCY_BLOCK,AVAILABLE,OHE_ISOLATION_REQUIRED;NO_HEAVY_MACHINE,OHE,OHE,Engineering;Signal;Traction,2,5977.96,HIGH,120.0,0.0,2026-10-04,"{'Signal', 'Traction', 'Engineering'}",{'OHE'},1.7108999999999999,19,1.0,0.0,0.0
B000709,C060,L060-02,Tarakot Road,16.75,63.57,2026-09-18 22:30:00,2026-09-19 00:00:00,90,CORRIDOR_BLOCK,PROVISIONAL,OHE_ISOLATION_REQUIRED;NO_HEAVY_MACHINE,OHE,OHE,Engineering;Signal;Traction,3,4259.03,HIGH,90.0,0.0,2026-09-18,"{'Signal', 'Traction', 'Engineering'}",{'OHE'},0.7738740000000001,6,0.562,0.0,0.0
B000710,C150,L150-09,Omkarpur Cantt,111.51,161.45,2026-10-04 02:00:00,2026-10-04 03:30:00,90,TRAFFIC_BLOCK,PROVISIONAL,OHE_ISOLATION_REQUIRED;SIGNAL_ISOLATION_REQUIRED,OHE;SIGNALLING,OHE+SIGNAL,Signal;Traction,2,4438.61,HIGH,90.0,0.0,2026-10-04,"{'Signal', 'Traction'}","{'OHE', 'SIGNAL'}",2.877,14,1.0,0.0,0.0
B000711,C140,L140-04,Sundarkheda,11.76,46.38,2026-10-07 08:00:00,2026-10-07 09:00:00,60,ROLLING_BLOCK,AVAILABLE,TRACK_ISOLATION_REQUIRED;NO_ELECTRICAL_WORK,TRACK_BOTH,TRACK,Engineering;Traction,2,5756.04,HIGH,60.0,0.0,2026-10-07,"{'Traction', 'Engineering'}",{'TRACK'},0.58344,6,0.624,0.0,0.0
B000713,C057,L057-03,Chitrapur,53.21,157.89,2026-10-05 14:30:00,2026-10-05 17:30:00,180,TRAFFIC_BLOCK,PROVISIONAL,NO_ELECTRICAL_WORK,LOOP_LINE,NONE,Engineering,3,9209.63,MEDIUM,180.0,0.0,2026-10-05,{'Engineering'},set(),0.536199,3,0.437,0.0,0.0
B000714,C069,L069-04,Sundarnagar,145.87,183.43,2026-09-01 17:00:00,2026-09-01 19:00:00,120,ROLLING_BLOCK,AVAILABLE,TRACK_ISOLATION_REQUIRED;OHE_ISOLATION_REQUIRED;SIGNAL_ISOLATION_REQUIRED,TRACK_DOWN;OHE;SIGNALLING,ALL,Engineering;Signal;Traction,5,8853.49,HIGH,120.0,0.0,2026-09-01,"{'Signal', 'Traction', 'Engineering'}","{'TRACK', 'OHE', 'SIGNAL'}",2.4451405,20,1.0,0.0,0.0
B000715,C150,L150-09,Omkarpur Cantt,83.42,184.4,2026-09-28 18:00:00,2026-09-28 21:00:00,180,ROLLING_BLOCK,AVAILABLE,TRACK_ISOLATION_REQUIRED;NO_HEAVY_MACHINE;NO_ELECTRICAL_WORK,TRACK_DOWN,TRACK,Engineering;Signal;Traction,2,10727.58,HIGH,180.0,0.0,2026-09-28,"{'Signal', 'Traction', 'Engineering'}",{'TRACK'},6.122999999999999,13,1.0,0.0,0.0
B000716,C148,L148-01,Ambagarh,0.0,21.92,2026-10-15 14:00:00,2026-10-15 14:45:00,45,TRAFFIC_BLOCK,AVAILABLE,TRACK_ISOLATION_REQUIRED;SIGNAL_ISOLATION_REQUIRED;NO_HEAVY_MACHINE,TRACK_BOTH;SIGNALLING,TRACK+SIGNAL,Engineering;Signal;Traction,4,5351.09,MEDIUM,45.0,0.0,2026-10-15,"{'Signal', 'Traction', 'Engineering'}","{'TRACK', 'SIGNAL'}",0.0,0,0.148,0.0,0.0
B000717,C135,L135-08,Malwaabad,176.58,235.8,2026-09-06 23:00:00,2026-09-07 00:00:00,60,TRAFFIC_BLOCK,AVAILABLE,TRACK_ISOLATION_REQUIRED;NO_HEAVY_MACHINE;LIMITED_ACCESS,TRACK_UP,TRACK,Traction,4,2533.46,MEDIUM,60.0,0.0,2026-09-06,{'Traction'},{'TRACK'},0.032853,1,0.233,0.0,0.0
B000718,C192,L192-10,Devgarhgarh,102.8,133.6,2026-10-11 07:00:00,2026-10-11 11:00:00,240,TRAFFIC_BLOCK,AVAILABLE,OHE_ISOLATION_REQUIRED,OHE,OHE,Engineering;Signal,4,14714.04,HIGH,240.0,0.0,2026-10-11,"{'Signal', 'Engineering'}",{'OHE'},1.03796,5,0.462,0.0,0.0
B000719,C018,L018-03,Indraabad Cantt,32.9,120.28,2026-09-17 18:00:00,2026-09-17 18:45:00,45,TRAFFIC_BLOCK,AVAILABLE,NO_HEAVY_MACHINE,TRACK_UP,NONE,Engineering;Signal;Traction,2,5657.91,HIGH,45.0,0.0,2026-09-17,"{'Signal', 'Traction', 'Engineering'}",set(),0.621499,8,0.739,1.0,4.0
B000720,C020,L020-02,Lalithalli,79.57,105.73,2026-09-12 23:30:00,2026-09-13 02:30:00,180,NIGHT_BLOCK,AVAILABLE,TRACK_ISOLATION_REQUIRED;OHE_ISOLATION_REQUIRED;SIGNAL_ISOLATION_REQUIRED;NIGHT_ONLY,TRACK_UP;OHE;SIGNALLING,ALL,Engineering,1,5713.77,MEDIUM,180.0,0.0,2026-09-12,{'Engineering'},"{'TRACK', 'OHE', 'SIGNAL'}",0.8595050000000001,7,0.447,0.0,0.0
B000721,C050,L050-02,Devgarhpur Road,0.0,77.74,2026-09-30 17:30:00,2026-09-30 19:00:00,90,ROLLING_BLOCK,AVAILABLE,TRACK_ISOLATION_REQUIRED;NO_HEAVY_MACHINE;NO_ELECTRICAL_WORK,TRACK_UP,TRACK,Engineering,3,8385.96,HIGH,90.0,0.0,2026-09-30,{'Engineering'},{'TRACK'},0.5727599999999999,9,0.801,0.0,0.0
B000722,C047,L047-03,Charankot Jn,11.97,75.41,2026-10-07 14:30:00,2026-10-07 15:30:00,60,ROLLING_BLOCK,AVAILABLE,TRACK_ISOLATION_REQUIRED;OHE_ISOLATION_REQUIRED;SIGNAL_ISOLATION_REQUIRED,TRACK_DOWN;OHE;SIGNALLING,ALL,Engineering;Signal;Traction,4,6136.24,MEDIUM,60.0,0.0,2026-10-07,"{'Signal', 'Traction', 'Engineering'}","{'TRACK', 'OHE', 'SIGNAL'}",0.11732,2,0.42,0.0,0.0
B000723,C192,L192-09,Palanikot,55.84,133.6,2026-09-14 13:00:00,2026-09-14 15:00:00,120,CORRIDOR_BLOCK,AVAILABLE,OHE_ISOLATION_REQUIRED;SIGNAL_ISOLATION_REQUIRED,OHE;SIGNALLING,OHE+SIGNAL,Engineering;Signal;Traction,2,10078.25,HIGH,120.0,0.0,2026-09-14,"{'Signal', 'Traction', 'Engineering'}","{'OHE', 'SIGNAL'}",0.6737626666666665,4,0.614,0.0,0.0
B000724,C050,L050-01,Taragunj,0.0,41.93,2026-09-14 17:00:00,2026-09-14 19:00:00,120,CORRIDOR_BLOCK,AVAILABLE,TRACK_ISOLATION_REQUIRED;NO_HEAVY_MACHINE,TRACK_DOWN,TRACK,Signal;Traction,4,9303.24,HIGH,120.0,0.0,2026-09-14,"{'Signal', 'Traction'}",{'TRACK'},1.0979495,11,0.763,0.0,0.0
B000725,C050,L050-02,Devgarhpur Road,0.0,84.13,2026-09-30 09:00:00,2026-09-30 11:00:00,120,TRAFFIC_BLOCK,AVAILABLE,OHE_ISOLATION_REQUIRED,OHE,OHE,Signal,4,8680.93,HIGH,120.0,0.0,2026-09-30,{'Signal'},{'OHE'},0.7894933333333334,4,0.655,0.0,0.0
B000726,C107,L107-01,Malwagunj Jn,213.64,266.6,2026-09-19 22:30:00,2026-09-19 23:30:00,60,NIGHT_BLOCK,AVAILABLE,SIGNAL_ISOLATION_REQUIRED;NIGHT_ONLY;NO_ELECTRICAL_WORK,SIGNALLING,SIGNAL,Engineering;Signal;Traction,5,2321.36,MEDIUM,60.0,0.0,2026-09-19,"{'Signal', 'Traction', 'Engineering'}",{'SIGNAL'},0.443408,7,0.444,0.0,0.0
B000727,C048,L048-03,Taranagar Cantt,25.19,81.19,2026-09-30 14:30:00,2026-09-30 17:30:00,180,TRAFFIC_BLOCK,AVAILABLE,OHE_ISOLATION_REQUIRED;NO_HEAVY_MACHINE,OHE,OHE,Engineering;Signal;Traction,4,8858.23,MEDIUM,180.0,0.0,2026-09-30,"{'Signal', 'Traction', 'Engineering'}",{'OHE'},0.6351125,5,0.341,0.0,0.0
B000728,C030,L030-02,Narmadagunj Road,66.66,96.54,2026-09-01 02:30:00,2026-09-01 04:30:00,120,NIGHT_BLOCK,AVAILABLE,SIGNAL_ISOLATION_REQUIRED;NIGHT_ONLY,SIGNALLING,SIGNAL,Engineering;Signal;Traction,2,3365.22,MEDIUM,120.0,0.0,2026-09-01,"{'Signal', 'Traction', 'Engineering'}",{'SIGNAL'},0.6700160000000001,4,0.551,0.0,0.0
B000729,C153,L153-09,Konkannagar Jn,57.7,128.9,2026-09-16 06:30:00,2026-09-16 08:30:00,120,TRAFFIC_BLOCK,AVAILABLE,OHE_ISOLATION_REQUIRED;NO_HEAVY_MACHINE,OHE,OHE,Engineering,4,8969.33,HIGH,120.0,0.0,2026-09-16,{'Engineering'},{'OHE'},0.22027333333333332,2,0.37,0.0,0.0
B000730,C047,L047-02,Ashokganj Jn,5.49,62.57,2026-09-25 23:00:00,2026-09-26 03:00:00,240,NIGHT_BLOCK,AVAILABLE,TRACK_ISOLATION_REQUIRED;NIGHT_ONLY,TRACK_UP,TRACK,Engineering;Signal;Traction,3,8764.36,MEDIUM,240.0,0.0,2026-09-25,"{'Signal', 'Traction', 'Engineering'}",{'TRACK'},0.6664483333333333,6,0.67,0.0,0.0
B000731,C166,L166-05,Omkargarh,190.14,231.52,2026-10-09 22:30:00,2026-10-10 02:30:00,240,TRAFFIC_BLOCK,AVAILABLE,TRACK_ISOLATION_REQUIRED,TRACK_DOWN,TRACK,Engineering;Signal;Traction,4,8230.83,MEDIUM,240.0,0.0,2026-10-09,"{'Signal', 'Traction', 'Engineering'}",{'TRACK'},0.0,0,0.549,0.0,0.0
B000732,C119,L119-01,Sagarkheda Jn,120.78,222.46,2026-10-10 10:30:00,2026-10-10 12:00:00,90,ROLLING_BLOCK,AVAILABLE,OHE_ISOLATION_REQUIRED;SIGNAL_ISOLATION_REQUIRED,OHE;SIGNALLING,OHE+SIGNAL,Engineering;Signal;Traction,1,6690.73,MEDIUM,90.0,0.0,2026-10-10,"{'Signal', 'Traction', 'Engineering'}","{'OHE', 'SIGNAL'}",0.3726,4,0.414,0.0,0.0
B000733,C148,L148-01,Ambagarh,0.0,31.25,2026-10-01 23:00:00,2026-10-02 03:00:00,240,TRAFFIC_BLOCK,AVAILABLE,NO_ELECTRICAL_WORK;LIMITED_ACCESS,LOOP_LINE,NONE,Engineering;Signal;Traction,1,7941.23,MEDIUM,240.0,0.0,2026-10-01,"{'Signal', 'Traction', 'Engineering'}",set(),0.4126375,5,0.365,0.0,0.0
B000734,C030,L030-04,Kanhahalli Jn,170.79,271.05,2026-09-15 13:00:00,2026-09-15 16:00:00,180,TRAFFIC_BLOCK,AVAILABLE,OHE_ISOLATION_REQUIRED,OHE,OHE,Engineering;Signal;Traction,5,6100.88,MEDIUM,180.0,0.0,2026-09-15,"{'Signal', 'Traction', 'Engineering'}",{'OHE'},0.313803,2,0.357,0.0,0.0
B000737,C165,L165-02,Narmadagunj,0.0,49.38,2026-09-20 14:30:00,2026-09-20 17:30:00,180,TRAFFIC_BLOCK,AVAILABLE,TRACK_ISOLATION_REQUIRED;NO_HEAVY_MACHINE,TRACK_UP,TRACK,Signal,3,6656.5,MEDIUM,180.0,0.0,2026-09-20,{'Signal'},{'TRACK'},0.12311,1,0.26,0.0,0.0
B000738,C196,L196-10,Bharatnagar,194.65,265.7,2026-10-09 10:00:00,2026-10-09 11:30:00,90,TRAFFIC_BLOCK,PROVISIONAL,TRACK_ISOLATION_REQUIRED;OHE_ISOLATION_REQUIRED,TRACK_DOWN;OHE,TRACK+OHE,Signal,3,7241.34,HIGH,90.0,0.0,2026-10-09,{'Signal'},"{'TRACK', 'OHE'}",0.22224,2,0.48,0.0,0.0
B000739,C062,L062-04,Devgarhgarh,153.82,240.32,2026-09-22 22:30:00,2026-09-22 23:30:00,60,TRAFFIC_BLOCK,AVAILABLE,TRACK_ISOLATION_REQUIRED,TRACK_UP,TRACK,Engineering;Signal,3,2685.31,MEDIUM,60.0,0.0,2026-09-22,"{'Signal', 'Engineering'}",{'TRACK'},0.0502875,1,0.405,0.0,0.0
B000740,C098,L098-09,Sabarkheda Cantt,0.0,41.2,2026-09-23 15:00:00,2026-09-23 16:30:00,90,TRAFFIC_BLOCK,AVAILABLE,OHE_ISOLATION_REQUIRED;NO_HEAVY_MACHINE,OHE,OHE,Engineering;Signal;Traction,5,8224.74,HIGH,90.0,0.0,2026-09-23,"{'Signal', 'Traction', 'Engineering'}",{'OHE'},0.588945,5,0.553,0.0,0.0
B000741,C160,L160-04,Ashokkot,293.73,338.71,2026-10-09 13:00:00,2026-10-09 15:00:00,120,CORRIDOR_BLOCK,AVAILABLE,OHE_ISOLATION_REQUIRED;NO_HEAVY_MACHINE,OHE,OHE,Engineering;Signal;Traction,1,5262.39,LOW,120.0,0.0,2026-10-09,"{'Signal', 'Traction', 'Engineering'}",{'OHE'},0.29985666666666666,2,0.497,0.0,0.0
B000744,C076,L076-06,Taptinagar Jn,307.59,353.87,2026-09-12 10:30:00,2026-09-12 12:00:00,90,ROLLING_BLOCK,AVAILABLE,TRACK_ISOLATION_REQUIRED;OHE_ISOLATION_REQUIRED;SIGNAL_ISOLATION_REQUIRED,TRACK_UP;OHE;SIGNALLING,ALL,Engineering;Signal;Traction,2,4150.76,MEDIUM,90.0,0.0,2026-09-12,"{'Signal', 'Traction', 'Engineering'}","{'TRACK', 'OHE', 'SIGNAL'}",0.0,0,0.0,0.0,0.0
B000746,C033,L033-03,Bharatgarh,41.05,66.35,2026-09-06 00:30:00,2026-09-06 01:00:00,30,TRAFFIC_BLOCK,AVAILABLE,TRACK_ISOLATION_REQUIRED;NO_HEAVY_MACHINE;LIMITED_ACCESS,TRACK_BOTH,TRACK,Engineering,2,2106.28,MEDIUM,30.0,0.0,2026-09-06,{'Engineering'},{'TRACK'},0.12292650000000001,3,0.531,0.0,0.0
B000747,C199,L199-04,Bhimapur Road,100.65,171.19,2026-10-11 19:00:00,2026-10-11 20:00:00,60,TRAFFIC_BLOCK,AVAILABLE,OHE_ISOLATION_REQUIRED,OHE,OHE,Engineering;Signal;Traction,2,6215.67,HIGH,60.0,0.0,2026-10-11,"{'Signal', 'Traction', 'Engineering'}",{'OHE'},0.520114,6,0.679,0.0,0.0
B000748,C009,L009-04,Ambagarh Road,183.38,220.58,2026-10-08 02:30:00,2026-10-08 05:30:00,180,NIGHT_BLOCK,AVAILABLE,TRACK_ISOLATION_REQUIRED;OHE_ISOLATION_REQUIRED;SIGNAL_ISOLATION_REQUIRED;NIGHT_ONLY;NO_HEAVY_MACHINE,TRACK_DOWN;OHE;SIGNALLING,ALL,Engineering;Signal;Traction,5,7969.52,HIGH,180.0,0.0,2026-10-08,"{'Signal', 'Traction', 'Engineering'}","{'TRACK', 'OHE', 'SIGNAL'}",7.272,16,1.0,0.0,0.0
B000749,C155,L155-09,Satpuraganj,27.42,77.16,2026-09-12 16:30:00,2026-09-12 18:00:00,90,TRAFFIC_BLOCK,AVAILABLE,OHE_ISOLATION_REQUIRED;SIGNAL_ISOLATION_REQUIRED;LIMITED_ACCESS,OHE;SIGNALLING,OHE+SIGNAL,Signal;Traction,2,6910.79,HIGH,90.0,0.0,2026-09-12,"{'Signal', 'Traction'}","{'OHE', 'SIGNAL'}",0.129195,3,0.198,0.0,0.0
B000750,C085,L085-01,Malwapur,0.0,56.88,2026-09-17 01:30:00,2026-09-17 03:00:00,90,NIGHT_BLOCK,AVAILABLE,OHE_ISOLATION_REQUIRED;SIGNAL_ISOLATION_REQUIRED;NIGHT_ONLY,OHE;SIGNALLING,OHE+SIGNAL,Signal;Traction,3,4161.93,HIGH,90.0,0.0,2026-09-17,"{'Signal', 'Traction'}","{'OHE', 'SIGNAL'}",2.5614225,13,0.945,0.0,0.0
B000752,C144,L144-03,Devgarhkot Jn,5.52,100.56,2026-10-05 09:00:00,2026-10-05 13:00:00,240,TRAFFIC_BLOCK,AVAILABLE,SIGNAL_ISOLATION_REQUIRED,SIGNALLING,SIGNAL,Signal;Traction,5,11265.7,MEDIUM,240.0,0.0,2026-10-05,"{'Signal', 'Traction'}",{'SIGNAL'},1.3960020000000002,7,0.777,0.0,0.0
B000753,C075,L075-06,Palaniganj,143.48,220.76,2026-09-04 15:00:00,2026-09-04 19:00:00,240,CORRIDOR_BLOCK,AVAILABLE,TRACK_ISOLATION_REQUIRED;SIGNAL_ISOLATION_REQUIRED,TRACK_UP;SIGNALLING,TRACK+SIGNAL,Engineering;Signal;Traction,3,13526.24,HIGH,240.0,0.0,2026-09-04,"{'Signal', 'Traction', 'Engineering'}","{'TRACK', 'SIGNAL'}",1.9617219999999995,14,0.841,0.0,0.0
B000754,C030,L030-04,Kanhahalli Jn,181.07,260.77,2026-09-27 07:00:00,2026-09-27 07:45:00,45,TRAFFIC_BLOCK,AVAILABLE,SIGNAL_ISOLATION_REQUIRED;NO_HEAVY_MACHINE,SIGNALLING,SIGNAL,Engineering;Signal,1,3374.83,MEDIUM,45.0,0.0,2026-09-27,"{'Signal', 'Engineering'}",{'SIGNAL'},0.06131375000000001,2,0.271,0.0,0.0
B000755,C099,L099-02,Gangaganj Jn,0.0,37.03,2026-10-02 13:00:00,2026-10-02 14:30:00,90,CORRIDOR_BLOCK,AVAILABLE,TRACK_ISOLATION_REQUIRED,TRACK_DOWN,TRACK,Signal;Traction,4,8829.14,HIGH,90.0,0.0,2026-10-02,"{'Signal', 'Traction'}",{'TRACK'},0.5451575000000001,5,0.499,0.0,0.0
B000756,C051,L051-08,Girnarnagar,118.85,220.2,2026-10-06 03:00:00,2026-10-06 04:00:00,60,ROLLING_BLOCK,AVAILABLE,TRACK_ISOLATION_REQUIRED;OHE_ISOLATION_REQUIRED;SIGNAL_ISOLATION_REQUIRED,TRACK_UP;OHE;SIGNALLING,ALL,Engineering;Signal;Traction,2,4505.66,HIGH,60.0,0.0,2026-10-06,"{'Signal', 'Traction', 'Engineering'}","{'TRACK', 'OHE', 'SIGNAL'}",1.1039999999999999,8,1.0,1.0,1.0
B000757,C103,L103-10,Yamunahalli Jn,130.55,162.61,2026-10-01 00:30:00,2026-10-01 02:30:00,120,CORRIDOR_BLOCK,AVAILABLE,OHE_ISOLATION_REQUIRED,OHE,OHE,Engineering;Signal,5,4250.1,MEDIUM,120.0,0.0,2026-10-01,"{'Signal', 'Engineering'}",{'OHE'},0.6176426666666667,4,0.517,0.0,0.0
B000758,C040,L040-02,Jaisalkot,13.14,50.5,2026-10-01 17:30:00,2026-10-01 18:30:00,60,TRAFFIC_BLOCK,AVAILABLE,TRACK_ISOLATION_REQUIRED;OHE_ISOLATION_REQUIRED;SIGNAL_ISOLATION_REQUIRED;NO_HEAVY_MACHINE;LIMITED_ACCESS,TRACK_UP;OHE;SIGNALLING,ALL,Engineering;Signal;Traction,5,6517.3,MEDIUM,60.0,0.0,2026-10-01,"{'Signal', 'Traction', 'Engineering'}","{'TRACK', 'OHE', 'SIGNAL'}",0.09697499999999999,3,0.431,0.0,0.0
B000759,C057,L057-03,Chitrapur,70.95,140.15,2026-09-09 03:00:00,2026-09-09 04:30:00,90,NIGHT_BLOCK,AVAILABLE,SIGNAL_ISOLATION_REQUIRED;NIGHT_ONLY,SIGNALLING,SIGNAL,Engineering;Signal;Traction,1,3390.88,MEDIUM,90.0,0.0,2026-09-09,"{'Signal', 'Traction', 'Engineering'}",{'SIGNAL'},1.14114,7,0.76,0.0,0.0
B000761,C060,L060-03,Rohtakpur,31.01,106.55,2026-10-05 22:30:00,2026-10-05 23:30:00,60,NIGHT_BLOCK,AVAILABLE,OHE_ISOLATION_REQUIRED;SIGNAL_ISOLATION_REQUIRED,OHE;SIGNALLING,OHE+SIGNAL,Signal,5,3134.16,HIGH,60.0,0.0,2026-10-05,{'Signal'},"{'OHE', 'SIGNAL'}",0.8727899999999998,9,0.619,0.0,0.0
B000762,C050,L050-01,Taragunj,0.0,60.51,2026-09-05 14:30:00,2026-09-05 15:15:00,45,CORRIDOR_BLOCK,AVAILABLE,TRACK_ISOLATION_REQUIRED;NO_HEAVY_MACHINE;LIMITED_ACCESS,TRACK_DOWN,TRACK,Engineering;Signal,4,6150.11,HIGH,45.0,0.0,2026-09-05,"{'Signal', 'Engineering'}",{'TRACK'},0.047730375,1,0.399,0.0,0.0
B000763,C071,L071-03,Devgarhabad,24.78,59.08,2026-09-07 23:30:00,2026-09-08 02:30:00,180,NIGHT_BLOCK,AVAILABLE,OHE_ISOLATION_REQUIRED;NIGHT_ONLY;LIMITED_ACCESS,OHE,OHE,Engineering;Signal;Traction,1,7928.79,HIGH,180.0,0.0,2026-09-07,"{'Signal', 'Traction', 'Engineering'}",{'OHE'},4.876973333333333,24,0.966,0.0,0.0
B000764,C186,L186-02,Veergarh,0.0,59.6,2026-09-20 03:00:00,2026-09-20 04:00:00,60,TRAFFIC_BLOCK,AVAILABLE,TRACK_ISOLATION_REQUIRED;OHE_ISOLATION_REQUIRED;SIGNAL_ISOLATION_REQUIRED;LIMITED_ACCESS,TRACK_UP;OHE;SIGNALLING,ALL,Engineering;Signal;Traction,5,1900.76,MEDIUM,60.0,0.0,2026-09-20,"{'Signal', 'Traction', 'Engineering'}","{'TRACK', 'OHE', 'SIGNAL'}",0.16589600000000002,4,0.267,0.0,0.0
B000765,C069,L069-02,Krishnakot Road,0.0,86.5,2026-09-20 01:00:00,2026-09-20 02:30:00,90,TRAFFIC_BLOCK,AVAILABLE,TRACK_ISOLATION_REQUIRED;OHE_ISOLATION_REQUIRED,TRACK_UP;OHE,TRACK+OHE,Engineering,3,4038.75,HIGH,90.0,0.0,2026-09-20,{'Engineering'},"{'TRACK', 'OHE'}",2.2802849999999997,12,0.889,0.0,0.0
B000766,C060,L060-03,Rohtakpur,55.44,82.12,2026-09-12 14:00:00,2026-09-12 18:00:00,240,TRAFFIC_BLOCK,AVAILABLE,TRACK_ISOLATION_REQUIRED;NO_HEAVY_MACHINE;LIMITED_ACCESS,TRACK_DOWN,TRACK,Engineering;Signal;Traction,5,13071.96,HIGH,240.0,0.0,2026-09-12,"{'Signal', 'Traction', 'Engineering'}",{'TRACK'},0.0,0,0.271,0.0,0.0
B000768,C051,L051-08,Girnarnagar,120.17,220.2,2026-10-03 22:30:00,2026-10-03 23:30:00,60,ROLLING_BLOCK,AVAILABLE,TRACK_ISOLATION_REQUIRED,TRACK_DOWN,TRACK,Engineering;Signal;Traction,1,3711.7,HIGH,60.0,0.0,2026-10-03,"{'Signal', 'Traction', 'Engineering'}",{'TRACK'},0.957435,10,0.639,0.0,0.0
B000769,C131,L131-04,Krishnaganj,106.94,190.64,2026-09-29 23:30:00,2026-09-30 00:15:00,45,TRAFFIC_BLOCK,AVAILABLE,TRACK_ISOLATION_REQUIRED;NO_HEAVY_MACHINE,TRACK_BOTH,TRACK,Engineering;Signal;Traction,1,3366.5,HIGH,45.0,0.0,2026-09-29,"{'Signal', 'Traction', 'Engineering'}",{'TRACK'},1.4130316666666665,25,1.0,0.0,0.0
B000770,C009,L009-02,Bharatkot,31.08,93.74,2026-09-06 22:30:00,2026-09-07 00:30:00,120,NIGHT_BLOCK,AVAILABLE,TRACK_ISOLATION_REQUIRED;OHE_ISOLATION_REQUIRED;SIGNAL_ISOLATION_REQUIRED,TRACK_BOTH;OHE;SIGNALLING,ALL,Engineering;Signal;Traction,3,5886.05,HIGH,120.0,0.0,2026-09-06,"{'Signal', 'Traction', 'Engineering'}","{'TRACK', 'OHE', 'SIGNAL'}",2.608129,21,1.0,0.0,0.0
B000771,C132,L132-01,Taptiganj Cantt,0.0,26.46,2026-10-15 10:00:00,2026-10-15 12:00:00,120,TRAFFIC_BLOCK,AVAILABLE,TRACK_ISOLATION_REQUIRED;OHE_ISOLATION_REQUIRED;SIGNAL_ISOLATION_REQUIRED,TRACK_BOTH;OHE;SIGNALLING,ALL,Engineering;Signal;Traction,3,5105.98,LOW,120.0,0.0,2026-10-15,"{'Signal', 'Traction', 'Engineering'}","{'TRACK', 'OHE', 'SIGNAL'}",1.045737,7,0.503,0.0,0.0
B000772,C121,L121-04,Omkarkot Jn,179.99,222.97,2026-09-03 23:00:00,2026-09-03 23:45:00,45,TRAFFIC_BLOCK,AVAILABLE,TRACK_ISOLATION_REQUIRED;OHE_ISOLATION_REQUIRED;SIGNAL_ISOLATION_REQUIRED;NO_HEAVY_MACHINE,TRACK_UP;OHE;SIGNALLING,ALL,Engineering;Signal;Traction,3,2226.8,MEDIUM,45.0,0.0,2026-09-03,"{'Signal', 'Traction', 'Engineering'}","{'TRACK', 'OHE', 'SIGNAL'}",0.1003395,2,0.453,0.0,0.0
B000773,C119,L119-01,Sagarkheda Jn,146.99,196.25,2026-09-02 15:00:00,2026-09-02 16:30:00,90,TRAFFIC_BLOCK,AVAILABLE,NO_HEAVY_MACHINE;LIMITED_ACCESS,PLATFORM_LINE,NONE,Engineering;Signal;Traction,1,6540.56,MEDIUM,90.0,0.0,2026-09-02,"{'Signal', 'Traction', 'Engineering'}",set(),0.069242,1,0.356,0.0,0.0
B000774,C130,L130-05,Jaisalpalli,32.67,59.01,2026-10-10 23:30:00,2026-10-11 02:30:00,180,NIGHT_BLOCK,AVAILABLE,TRACK_ISOLATION_REQUIRED;OHE_ISOLATION_REQUIRED,TRACK_BOTH;OHE,TRACK+OHE,Signal;Traction,2,6233.78,MEDIUM,180.0,0.0,2026-10-10,"{'Signal', 'Traction'}","{'TRACK', 'OHE'}",0.2702665,3,0.354,0.0,0.0
B000809,C039,L039-12,Palaninagar,197.53,217.6,2026-09-18 14:30:00,2026-09-18 18:30:00,240,CORRIDOR_BLOCK,PROVISIONAL,OHE_ISOLATION_REQUIRED;LIMITED_ACCESS,OHE,OHE,Engineering;Traction,5,12963.66,HIGH,240.0,0.0,2026-09-18,"{'Traction', 'Engineering'}",{'OHE'},1.7481129166666667,14,0.728,0.0,0.0
B000775,C043,L043-05,Palaniabad,152.75,242.09,2026-09-26 14:00:00,2026-09-26 17:00:00,180,ROLLING_BLOCK,AVAILABLE,OHE_ISOLATION_REQUIRED;SIGNAL_ISOLATION_REQUIRED;LIMITED_ACCESS,OHE;SIGNALLING,OHE+SIGNAL,Signal;Traction,1,7902.19,LOW,180.0,0.0,2026-09-26,"{'Signal', 'Traction'}","{'OHE', 'SIGNAL'}",0.11926199999999998,1,0.286,0.0,0.0
B000776,C039,L039-12,Palaninagar,189.33,217.6,2026-10-03 10:00:00,2026-10-03 12:00:00,120,TRAFFIC_BLOCK,AVAILABLE,TRACK_ISOLATION_REQUIRED;OHE_ISOLATION_REQUIRED;SIGNAL_ISOLATION_REQUIRED;LIMITED_ACCESS,TRACK_UP;OHE;SIGNALLING,ALL,Engineering;Signal;Traction,1,8800.05,HIGH,120.0,0.0,2026-10-03,"{'Signal', 'Traction', 'Engineering'}","{'TRACK', 'OHE', 'SIGNAL'}",0.5161149999999999,5,0.327,0.0,0.0
B000777,C119,L119-01,Sagarkheda Jn,124.65,218.59,2026-10-08 00:30:00,2026-10-08 04:30:00,240,NIGHT_BLOCK,PROVISIONAL,SIGNAL_ISOLATION_REQUIRED;LIMITED_ACCESS,SIGNALLING,SIGNAL,Signal,2,8182.29,MEDIUM,240.0,0.0,2026-10-08,{'Signal'},{'SIGNAL'},0.0,0,0.386,0.0,0.0
B000778,C196,L196-04,Veerabad Cantt,66.51,123.21,2026-10-03 02:30:00,2026-10-03 03:30:00,60,NIGHT_BLOCK,AVAILABLE,SIGNAL_ISOLATION_REQUIRED,SIGNALLING,SIGNAL,Engineering,4,3594.63,HIGH,60.0,0.0,2026-10-03,{'Engineering'},{'SIGNAL'},0.2923253333333333,4,0.472,0.0,0.0
B000779,C123,L123-02,Kaverikot Cantt,0.0,44.21,2026-09-15 06:30:00,2026-09-15 07:15:00,45,TRAFFIC_BLOCK,AVAILABLE,TRACK_ISOLATION_REQUIRED;NO_HEAVY_MACHINE,TRACK_BOTH,TRACK,Engineering,3,5758.65,HIGH,45.0,0.0,2026-09-15,{'Engineering'},{'TRACK'},0.42319462499999994,7,0.567,0.0,0.0
B000780,C071,L071-03,Devgarhabad,8.14,75.72,2026-09-09 00:30:00,2026-09-09 02:00:00,90,NIGHT_BLOCK,AVAILABLE,TRACK_ISOLATION_REQUIRED;NIGHT_ONLY;LIMITED_ACCESS,TRACK_DOWN,TRACK,Engineering;Signal;Traction,1,3995.14,HIGH,90.0,0.0,2026-09-09,"{'Signal', 'Traction', 'Engineering'}",{'TRACK'},4.03067425,19,0.961,0.0,0.0
B000783,C150,L150-09,Omkarpur Cantt,118.41,154.55,2026-09-30 17:30:00,2026-09-30 19:00:00,90,TRAFFIC_BLOCK,AVAILABLE,OHE_ISOLATION_REQUIRED;SIGNAL_ISOLATION_REQUIRED,OHE;SIGNALLING,OHE+SIGNAL,Engineering;Signal;Traction,1,7994.57,HIGH,90.0,0.0,2026-09-30,"{'Signal', 'Traction', 'Engineering'}","{'OHE', 'SIGNAL'}",2.539262833333333,22,1.0,3.0,8.0
B000784,C164,L164-01,Girnarhalli Road,0.0,100.68,2026-09-12 02:30:00,2026-09-12 04:30:00,120,ROLLING_BLOCK,AVAILABLE,TRACK_ISOLATION_REQUIRED,TRACK_DOWN,TRACK,Engineering,2,5440.55,HIGH,120.0,0.0,2026-09-12,{'Engineering'},{'TRACK'},2.296,10,0.8,0.0,0.0
B000785,C131,L131-11,Narmadagarh Cantt,253.74,288.68,2026-09-11 03:00:00,2026-09-11 04:30:00,90,NIGHT_BLOCK,AVAILABLE,TRACK_ISOLATION_REQUIRED;SIGNAL_ISOLATION_REQUIRED;NIGHT_ONLY;NO_ELECTRICAL_WORK,TRACK_BOTH;SIGNALLING,TRACK+SIGNAL,Engineering;Signal;Traction,5,3849.49,HIGH,90.0,0.0,2026-09-11,"{'Signal', 'Traction', 'Engineering'}","{'TRACK', 'SIGNAL'}",2.0549999999999997,10,1.0,0.0,0.0
B000786,C131,L131-03,Ashokhalli,69.07,171.05,2026-09-08 01:30:00,2026-09-08 04:30:00,180,TRAFFIC_BLOCK,AVAILABLE,TRACK_ISOLATION_REQUIRED;NO_HEAVY_MACHINE,TRACK_UP,TRACK,Engineering,5,7295.13,HIGH,180.0,0.0,2026-09-08,{'Engineering'},{'TRACK'},4.741,11,1.0,0.0,0.0
B000787,C052,L052-09,Omkargunj,148.01,216.81,2026-09-09 01:00:00,2026-09-09 04:00:00,180,CORRIDOR_BLOCK,AVAILABLE,TRACK_ISOLATION_REQUIRED;OHE_ISOLATION_REQUIRED;SIGNAL_ISOLATION_REQUIRED,TRACK_BOTH;OHE;SIGNALLING,ALL,Engineering;Signal;Traction,4,6727.95,HIGH,180.0,0.0,2026-09-09,"{'Signal', 'Traction', 'Engineering'}","{'TRACK', 'OHE', 'SIGNAL'}",1.011114,3,0.754,0.0,0.0
B000788,C115,L115-06,Sundarganj Road,203.89,235.73,2026-09-30 22:30:00,2026-10-01 01:30:00,180,NIGHT_BLOCK,AVAILABLE,TRACK_ISOLATION_REQUIRED;OHE_ISOLATION_REQUIRED;SIGNAL_ISOLATION_REQUIRED;NIGHT_ONLY,TRACK_BOTH;OHE;SIGNALLING,ALL,Engineering,3,6643.51,HIGH,180.0,0.0,2026-09-30,{'Engineering'},"{'TRACK', 'OHE', 'SIGNAL'}",3.6072620000000004,18,1.0,0.0,0.0
B000789,C091,L091-11,Satpurapalli Cantt,27.29,79.7,2026-09-02 14:00:00,2026-09-02 14:30:00,30,TRAFFIC_BLOCK,AVAILABLE,TRACK_ISOLATION_REQUIRED;OHE_ISOLATION_REQUIRED;SIGNAL_ISOLATION_REQUIRED;NO_HEAVY_MACHINE,TRACK_BOTH;OHE;SIGNALLING,ALL,Engineering;Signal;Traction,3,7956.92,HIGH,30.0,0.0,2026-09-02,"{'Signal', 'Traction', 'Engineering'}","{'TRACK', 'OHE', 'SIGNAL'}",0.22381999999999996,5,0.589,0.0,0.0
B000790,C005,L005-11,Konkankot Jn,123.28,157.94,2026-10-03 01:00:00,2026-10-03 02:30:00,90,NIGHT_BLOCK,AVAILABLE,TRACK_ISOLATION_REQUIRED;OHE_ISOLATION_REQUIRED;SIGNAL_ISOLATION_REQUIRED;NIGHT_ONLY;LIMITED_ACCESS,TRACK_UP;OHE;SIGNALLING,ALL,Engineering;Signal;Traction,3,3934.02,HIGH,90.0,0.0,2026-10-03,"{'Signal', 'Traction', 'Engineering'}","{'TRACK', 'OHE', 'SIGNAL'}",0.0592245,1,0.246,0.0,0.0
B000791,C069,L069-04,Sundarnagar,112.06,217.24,2026-10-09 15:00:00,2026-10-09 16:30:00,90,CORRIDOR_BLOCK,AVAILABLE,OHE_ISOLATION_REQUIRED;SIGNAL_ISOLATION_REQUIRED,OHE;SIGNALLING,OHE+SIGNAL,Engineering;Signal;Traction,3,7467.76,HIGH,90.0,0.0,2026-10-09,"{'Signal', 'Traction', 'Engineering'}","{'OHE', 'SIGNAL'}",4.024428,19,0.912,0.0,0.0
B000792,C035,L035-01,Jaisalkot Cantt,0.0,26.64,2026-09-10 23:30:00,2026-09-11 01:00:00,90,ROLLING_BLOCK,AVAILABLE,TRACK_ISOLATION_REQUIRED,TRACK_BOTH,TRACK,Engineering;Signal;Traction,3,2580.67,MEDIUM,90.0,0.0,2026-09-10,"{'Signal', 'Traction', 'Engineering'}",{'TRACK'},0.2639833333333333,9,0.365,0.0,0.0
B000793,C044,L044-04,Dhanugunj,9.37,61.1,2026-10-09 13:00:00,2026-10-09 15:00:00,120,TRAFFIC_BLOCK,AVAILABLE,SIGNAL_ISOLATION_REQUIRED;LIMITED_ACCESS,SIGNALLING,SIGNAL,Signal,5,6293.85,MEDIUM,120.0,0.0,2026-10-09,{'Signal'},{'SIGNAL'},0.10460399999999999,1,0.414,0.0,0.0
B000794,C195,L195-06,Devgarhnagar Jn,44.24,152.94,2026-10-12 23:00:00,2026-10-13 00:30:00,90,TRAFFIC_BLOCK,AVAILABLE,SIGNAL_ISOLATION_REQUIRED,SIGNALLING,SIGNAL,Engineering;Signal;Traction,3,5035.37,HIGH,90.0,0.0,2026-10-12,"{'Signal', 'Traction', 'Engineering'}",{'SIGNAL'},1.7891619999999997,21,1.0,0.0,0.0
B000795,C053,L053-05,Rohtakgunj Road,125.31,232.91,2026-09-02 10:00:00,2026-09-02 13:00:00,180,TRAFFIC_BLOCK,AVAILABLE,TRACK_ISOLATION_REQUIRED;NO_HEAVY_MACHINE,TRACK_DOWN,TRACK,Engineering,3,5923.13,LOW,180.0,0.0,2026-09-02,{'Engineering'},{'TRACK'},0.0,0,0.167,0.0,0.0
B000796,C091,L091-11,Satpurapalli Cantt,51.04,79.7,2026-09-24 10:30:00,2026-09-24 11:00:00,30,TRAFFIC_BLOCK,AVAILABLE,TRACK_ISOLATION_REQUIRED;NO_HEAVY_MACHINE,TRACK_BOTH,TRACK,Traction,2,7886.07,HIGH,30.0,0.0,2026-09-24,{'Traction'},{'TRACK'},0.30105000000000004,6,0.675,0.0,0.0
B000797,C069,L069-04,Sundarnagar,120.28,209.02,2026-09-03 22:30:00,2026-09-03 23:00:00,30,TRAFFIC_BLOCK,AVAILABLE,OHE_ISOLATION_REQUIRED;NO_HEAVY_MACHINE,OHE,OHE,Engineering;Signal;Traction,3,2538.74,HIGH,30.0,0.0,2026-09-03,"{'Signal', 'Traction', 'Engineering'}",{'OHE'},1.2,16,1.0,0.0,0.0
B000798,C109,L109-01,Bilasabad Cantt,0.0,54.8,2026-10-07 10:30:00,2026-10-07 13:30:00,180,CORRIDOR_BLOCK,AVAILABLE,TRACK_ISOLATION_REQUIRED;NO_ELECTRICAL_WORK,TRACK_DOWN,TRACK,Signal,1,11974.25,HIGH,180.0,0.0,2026-10-07,{'Signal'},{'TRACK'},2.2863879999999996,16,0.697,0.0,0.0
B000799,C148,L148-01,Ambagarh,0.0,13.41,2026-09-23 10:30:00,2026-09-23 12:00:00,90,TRAFFIC_BLOCK,AVAILABLE,OHE_ISOLATION_REQUIRED;SIGNAL_ISOLATION_REQUIRED;NO_HEAVY_MACHINE,OHE;SIGNALLING,OHE+SIGNAL,Engineering;Signal;Traction,2,6514.76,MEDIUM,90.0,0.0,2026-09-23,"{'Signal', 'Traction', 'Engineering'}","{'OHE', 'SIGNAL'}",0.0,0,0.323,0.0,0.0
B000800,C140,L140-04,Sundarkheda,0.0,52.1,2026-09-13 06:30:00,2026-09-13 07:00:00,30,TRAFFIC_BLOCK,AVAILABLE,OHE_ISOLATION_REQUIRED;NO_HEAVY_MACHINE,OHE,OHE,Signal,1,5370.01,HIGH,30.0,0.0,2026-09-13,{'Signal'},{'OHE'},0.0,0,0.347,0.0,0.0
B000801,C150,L150-09,Omkarpur Cantt,117.68,155.28,2026-09-28 02:00:00,2026-09-28 03:00:00,60,CORRIDOR_BLOCK,AVAILABLE,TRACK_ISOLATION_REQUIRED;OHE_ISOLATION_REQUIRED;SIGNAL_ISOLATION_REQUIRED;NO_HEAVY_MACHINE;LIMITED_ACCESS,TRACK_UP;OHE;SIGNALLING,ALL,Signal,4,3272.51,HIGH,60.0,0.0,2026-09-28,{'Signal'},"{'TRACK', 'OHE', 'SIGNAL'}",0.566,4,1.0,1.0,2.0
B000802,C067,L067-03,Satpurapur Road,23.09,54.13,2026-09-26 00:30:00,2026-09-26 01:30:00,60,CORRIDOR_BLOCK,AVAILABLE,OHE_ISOLATION_REQUIRED,OHE,OHE,Engineering;Signal,4,2955.01,MEDIUM,60.0,0.0,2026-09-26,"{'Signal', 'Engineering'}",{'OHE'},0.042581666666666664,1,0.29,0.0,0.0
B000804,C142,L142-06,Ranapalli Road,240.32,321.5,2026-09-03 11:00:00,2026-09-03 15:00:00,240,CORRIDOR_BLOCK,AVAILABLE,TRACK_ISOLATION_REQUIRED;OHE_ISOLATION_REQUIRED;SIGNAL_ISOLATION_REQUIRED,TRACK_BOTH;OHE;SIGNALLING,ALL,Engineering;Signal;Traction,4,10288.96,MEDIUM,240.0,0.0,2026-09-03,"{'Signal', 'Traction', 'Engineering'}","{'TRACK', 'OHE', 'SIGNAL'}",0.37692749999999997,4,0.464,0.0,0.0
B000805,C174,L174-01,Kaverigarh,0.0,41.21,2026-10-01 01:30:00,2026-10-01 05:30:00,240,NIGHT_BLOCK,AVAILABLE,OHE_ISOLATION_REQUIRED;SIGNAL_ISOLATION_REQUIRED,OHE;SIGNALLING,OHE+SIGNAL,Engineering;Signal;Traction,2,6493.47,LOW,240.0,0.0,2026-10-01,"{'Signal', 'Traction', 'Engineering'}","{'OHE', 'SIGNAL'}",0.0,0,0.121,0.0,0.0
B000807,C069,L069-12,Girnarkheda Road,350.8,383.7,2026-09-26 17:30:00,2026-09-26 18:30:00,60,CORRIDOR_BLOCK,AVAILABLE,TRACK_ISOLATION_REQUIRED;NO_HEAVY_MACHINE;NO_ELECTRICAL_WORK;LIMITED_ACCESS,TRACK_BOTH,TRACK,Engineering;Signal;Traction,2,6779.35,HIGH,60.0,0.0,2026-09-26,"{'Signal', 'Traction', 'Engineering'}",{'TRACK'},0.6732985,13,0.801,0.0,0.0
B000808,C003,L003-05,Konkanabad,138.84,189.2,2026-09-05 15:00:00,2026-09-05 18:00:00,180,CORRIDOR_BLOCK,AVAILABLE,TRACK_ISOLATION_REQUIRED;LIMITED_ACCESS,TRACK_UP,TRACK,Engineering;Signal;Traction,3,6133.59,LOW,180.0,0.0,2026-09-05,"{'Signal', 'Traction', 'Engineering'}",{'TRACK'},0.44059200000000004,4,0.274,0.0,0.0
B000810,C155,L155-06,Taptinagar Jn,0.0,79.77,2026-09-13 03:00:00,2026-09-13 04:30:00,90,CORRIDOR_BLOCK,PROVISIONAL,OHE_ISOLATION_REQUIRED,OHE,OHE,Traction,1,3410.93,HIGH,90.0,0.0,2026-09-13,{'Traction'},{'OHE'},0.6763374999999999,5,0.61,0.0,0.0
B000811,C172,L172-04,Vindhyanagar,263.43,315.13,2026-09-23 08:00:00,2026-09-23 12:00:00,240,TRAFFIC_BLOCK,AVAILABLE,NONE,TRACK_UP,NONE,Engineering;Signal;Traction,3,11283.53,MEDIUM,240.0,0.0,2026-09-23,"{'Signal', 'Traction', 'Engineering'}",set(),0.852992,4,0.384,0.0,0.0
B000812,C192,L192-10,Devgarhgarh,78.7,133.6,2026-09-23 02:00:00,2026-09-23 03:00:00,60,NIGHT_BLOCK,AVAILABLE,TRACK_ISOLATION_REQUIRED,TRACK_DOWN,TRACK,Engineering;Signal;Traction,1,3655.06,HIGH,60.0,0.0,2026-09-23,"{'Signal', 'Traction', 'Engineering'}",{'TRACK'},1.2253333333333334,8,1.0,0.0,0.0
B000813,C161,L161-06,Krishnagunj Road,31.65,90.53,2026-10-15 00:30:00,2026-10-15 02:00:00,90,NIGHT_BLOCK,AVAILABLE,TRACK_ISOLATION_REQUIRED;NIGHT_ONLY,TRACK_UP,TRACK,Engineering;Signal;Traction,1,4031.19,HIGH,90.0,0.0,2026-10-15,"{'Signal', 'Traction', 'Engineering'}",{'TRACK'},1.92380375,11,0.773,0.0,0.0
B000814,C200,L200-03,Haldihalli Cantt,9.76,117.06,2026-09-15 18:00:00,2026-09-15 19:30:00,90,ROLLING_BLOCK,PROVISIONAL,TRACK_ISOLATION_REQUIRED,TRACK_DOWN,TRACK,Signal,1,6492.82,MEDIUM,90.0,0.0,2026-09-15,{'Signal'},{'TRACK'},0.6388469999999999,6,0.478,0.0,0.0
B000817,C005,L005-11,Konkankot Jn,126.93,154.29,2026-10-13 10:30:00,2026-10-13 12:30:00,120,CORRIDOR_BLOCK,AVAILABLE,TRACK_ISOLATION_REQUIRED;SIGNAL_ISOLATION_REQUIRED,TRACK_DOWN;SIGNALLING,TRACK+SIGNAL,Engineering,2,7732.74,HIGH,120.0,0.0,2026-10-13,{'Engineering'},"{'TRACK', 'SIGNAL'}",0.19505475000000003,3,0.333,0.0,0.0
B000818,C080,L080-06,Ambapur,308.59,341.63,2026-10-12 15:00:00,2026-10-12 18:00:00,180,TRAFFIC_BLOCK,AVAILABLE,TRACK_ISOLATION_REQUIRED;OHE_ISOLATION_REQUIRED;SIGNAL_ISOLATION_REQUIRED,TRACK_UP;OHE;SIGNALLING,ALL,Engineering;Signal;Traction,4,6914.71,LOW,180.0,0.0,2026-10-12,"{'Signal', 'Traction', 'Engineering'}","{'TRACK', 'OHE', 'SIGNAL'}",0.0,0,0.103,0.0,0.0
B000819,C071,L071-03,Devgarhabad,7.73,76.13,2026-09-12 17:30:00,2026-09-12 18:15:00,45,TRAFFIC_BLOCK,AVAILABLE,TRACK_ISOLATION_REQUIRED;OHE_ISOLATION_REQUIRED;SIGNAL_ISOLATION_REQUIRED;NO_HEAVY_MACHINE,TRACK_BOTH;OHE;SIGNALLING,ALL,Signal,2,6886.76,HIGH,45.0,0.0,2026-09-12,{'Signal'},"{'TRACK', 'OHE', 'SIGNAL'}",0.10971495833333335,4,0.436,0.0,0.0
B000820,C140,L140-04,Sundarkheda,5.55,52.1,2026-10-08 02:00:00,2026-10-08 03:30:00,90,NIGHT_BLOCK,AVAILABLE,TRACK_ISOLATION_REQUIRED;SIGNAL_ISOLATION_REQUIRED,TRACK_BOTH;SIGNALLING,TRACK+SIGNAL,Signal,1,3844.03,HIGH,90.0,0.0,2026-10-08,{'Signal'},"{'TRACK', 'SIGNAL'}",4.10125,17,1.0,2.0,3.0
B000821,C044,L044-04,Dhanugunj,40.16,61.1,2026-09-07 23:00:00,2026-09-08 02:00:00,180,CORRIDOR_BLOCK,AVAILABLE,TRACK_ISOLATION_REQUIRED;OHE_ISOLATION_REQUIRED;SIGNAL_ISOLATION_REQUIRED,TRACK_DOWN;OHE;SIGNALLING,ALL,Engineering;Traction,5,5895.2,MEDIUM,180.0,0.0,2026-09-07,"{'Traction', 'Engineering'}","{'TRACK', 'OHE', 'SIGNAL'}",0.9822839999999998,10,0.472,0.0,0.0
B000822,C085,L085-06,Rohtakpalli,103.3,193.82,2026-10-13 19:00:00,2026-10-13 20:30:00,90,CORRIDOR_BLOCK,AVAILABLE,TRACK_ISOLATION_REQUIRED;OHE_ISOLATION_REQUIRED;SIGNAL_ISOLATION_REQUIRED,TRACK_BOTH;OHE;SIGNALLING,ALL,Engineering,5,7790.41,HIGH,90.0,0.0,2026-10-13,{'Engineering'},"{'TRACK', 'OHE', 'SIGNAL'}",0.653496,4,0.746,0.0,0.0
B000825,C150,L150-09,Omkarpur Cantt,94.41,178.55,2026-09-25 15:00:00,2026-09-25 16:30:00,90,TRAFFIC_BLOCK,AVAILABLE,OHE_ISOLATION_REQUIRED;SIGNAL_ISOLATION_REQUIRED;NO_HEAVY_MACHINE,OHE;SIGNALLING,OHE+SIGNAL,Engineering;Signal;Traction,3,8002.54,HIGH,90.0,0.0,2026-09-25,"{'Signal', 'Traction', 'Engineering'}","{'OHE', 'SIGNAL'}",0.687705,5,0.722,0.0,0.0
B000827,C009,L009-01,Konkanganj,0.0,69.87,2026-10-08 01:00:00,2026-10-08 02:30:00,90,TRAFFIC_BLOCK,AVAILABLE,TRACK_ISOLATION_REQUIRED;OHE_ISOLATION_REQUIRED,TRACK_DOWN;OHE,TRACK+OHE,Engineering;Signal;Traction,1,4419.02,HIGH,90.0,0.0,2026-10-08,"{'Signal', 'Traction', 'Engineering'}","{'TRACK', 'OHE'}",3.636,16,1.0,0.0,0.0
B000829,C147,L147-03,Charankot,0.0,62.5,2026-09-27 14:30:00,2026-09-27 15:30:00,60,TRAFFIC_BLOCK,AVAILABLE,TRACK_ISOLATION_REQUIRED,TRACK_UP,TRACK,Engineering;Signal;Traction,1,5098.63,MEDIUM,60.0,0.0,2026-09-27,"{'Signal', 'Traction', 'Engineering'}",{'TRACK'},0.017621333333333333,1,0.112,0.0,0.0
B000830,C071,L071-03,Devgarhabad,0.0,90.4,2026-09-26 01:00:00,2026-09-26 02:30:00,90,NIGHT_BLOCK,AVAILABLE,TRACK_ISOLATION_REQUIRED;NO_HEAVY_MACHINE,TRACK_BOTH,TRACK,Engineering;Signal;Traction,4,4415.87,HIGH,90.0,0.0,2026-09-26,"{'Signal', 'Traction', 'Engineering'}",{'TRACK'},0.3679935,3,0.694,0.0,0.0
B000831,C123,L123-02,Kaverikot Cantt,0.0,67.91,2026-09-03 07:30:00,2026-09-03 08:30:00,60,TRAFFIC_BLOCK,AVAILABLE,NONE,TRACK_DOWN,NONE,Engineering;Signal;Traction,2,6155.04,HIGH,60.0,0.0,2026-09-03,"{'Signal', 'Traction', 'Engineering'}",set(),0.493504,6,0.704,1.0,3.0
B000832,C060,L060-04,Ambaabad,38.83,142.39,2026-10-02 23:00:00,2026-10-03 02:00:00,180,NIGHT_BLOCK,AVAILABLE,OHE_ISOLATION_REQUIRED;NIGHT_ONLY;NO_HEAVY_MACHINE,OHE,OHE,Engineering;Traction,1,7510.05,HIGH,180.0,0.0,2026-10-02,"{'Traction', 'Engineering'}",{'OHE'},0.9526193333333334,8,0.536,0.0,0.0
B000833,C027,L027-01,Krishnapur Jn,0.0,42.94,2026-09-12 02:00:00,2026-09-12 03:30:00,90,CORRIDOR_BLOCK,AVAILABLE,TRACK_ISOLATION_REQUIRED;NO_HEAVY_MACHINE,TRACK_BOTH,TRACK,Signal;Traction,4,2862.42,MEDIUM,90.0,0.0,2026-09-12,"{'Signal', 'Traction'}",{'TRACK'},0.11483499999999999,2,0.238,0.0,0.0
B000834,C028,L028-04,Ranakot Cantt,65.44,137.72,2026-09-09 23:30:00,2026-09-10 01:30:00,120,NIGHT_BLOCK,AVAILABLE,NONE,PLATFORM_LINE,NONE,Signal,2,5004.66,HIGH,120.0,0.0,2026-09-09,{'Signal'},set(),3.0514296666666665,23,1.0,0.0,0.0
B000835,C164,L164-03,Charanpalli,104.76,149.8,2026-10-02 16:30:00,2026-10-02 18:30:00,120,TRAFFIC_BLOCK,AVAILABLE,TRACK_ISOLATION_REQUIRED;NO_HEAVY_MACHINE;LIMITED_ACCESS,TRACK_UP,TRACK,Engineering;Signal,5,8435.5,HIGH,120.0,0.0,2026-10-02,"{'Signal', 'Engineering'}",{'TRACK'},2.1257792500000003,23,0.917,0.0,0.0
B000836,C140,L140-01,Sundarkot Jn,0.0,33.49,2026-09-24 18:00:00,2026-09-24 18:30:00,30,CORRIDOR_BLOCK,AVAILABLE,SIGNAL_ISOLATION_REQUIRED;NO_HEAVY_MACHINE,SIGNALLING,SIGNAL,Signal,2,4850.99,HIGH,30.0,0.0,2026-09-24,{'Signal'},{'SIGNAL'},0.37400999999999995,7,0.78,0.0,0.0
B000837,C148,L148-01,Ambagarh,0.0,32.65,2026-10-13 02:00:00,2026-10-13 03:30:00,90,NIGHT_BLOCK,AVAILABLE,TRACK_ISOLATION_REQUIRED;NIGHT_ONLY,TRACK_DOWN,TRACK,Engineering;Signal;Traction,4,3677.49,MEDIUM,90.0,0.0,2026-10-13,"{'Signal', 'Traction', 'Engineering'}",{'TRACK'},0.852432,8,0.472,0.0,0.0
B000838,C026,L026-03,Charanpalli Cantt,0.0,36.2,2026-10-09 03:00:00,2026-10-09 05:00:00,120,TRAFFIC_BLOCK,AVAILABLE,TRACK_ISOLATION_REQUIRED;NO_HEAVY_MACHINE,TRACK_DOWN,TRACK,Engineering;Signal;Traction,1,3828.53,HIGH,120.0,0.0,2026-10-09,"{'Signal', 'Traction', 'Engineering'}",{'TRACK'},1.3784959999999997,7,0.816,0.0,0.0
B000839,C112,L112-04,Rohtakgunj Cantt,19.24,72.06,2026-09-25 18:00:00,2026-09-25 18:45:00,45,TRAFFIC_BLOCK,AVAILABLE,SIGNAL_ISOLATION_REQUIRED;NO_HEAVY_MACHINE,SIGNALLING,SIGNAL,Engineering,5,6152.28,HIGH,45.0,0.0,2026-09-25,{'Engineering'},{'SIGNAL'},0.424186875,7,0.729,0.0,0.0
B000840,C171,L171-01,Yamunakot Cantt,0.0,22.93,2026-09-04 13:00:00,2026-09-04 14:30:00,90,TRAFFIC_BLOCK,AVAILABLE,TRACK_ISOLATION_REQUIRED;OHE_ISOLATION_REQUIRED,TRACK_UP;OHE,TRACK+OHE,Engineering;Signal,1,6907.07,MEDIUM,90.0,0.0,2026-09-04,"{'Signal', 'Engineering'}","{'TRACK', 'OHE'}",0.26634225,3,0.379,0.0,0.0
B000841,C074,L074-06,Kaveripur Cantt,69.42,94.88,2026-10-07 17:00:00,2026-10-07 19:00:00,120,CORRIDOR_BLOCK,AVAILABLE,TRACK_ISOLATION_REQUIRED;OHE_ISOLATION_REQUIRED;SIGNAL_ISOLATION_REQUIRED;NO_HEAVY_MACHINE,TRACK_UP;OHE;SIGNALLING,ALL,Engineering;Signal;Traction,4,9497.02,HIGH,120.0,0.0,2026-10-07,"{'Signal', 'Traction', 'Engineering'}","{'TRACK', 'OHE', 'SIGNAL'}",0.3920159999999999,7,0.47,0.0,0.0
B000842,C082,L082-01,Kaverikheda,59.85,108.51,2026-09-20 07:30:00,2026-09-20 08:15:00,45,CORRIDOR_BLOCK,AVAILABLE,TRACK_ISOLATION_REQUIRED;NO_HEAVY_MACHINE,TRACK_DOWN,TRACK,Signal;Traction,2,5989.84,MEDIUM,45.0,0.0,2026-09-20,"{'Signal', 'Traction'}",{'TRACK'},0.025934750000000003,1,0.227,0.0,0.0
B000843,C121,L121-04,Omkarkot Jn,186.05,216.91,2026-09-05 10:30:00,2026-09-05 13:30:00,180,TRAFFIC_BLOCK,AVAILABLE,NO_HEAVY_MACHINE,TRACK_DOWN,NONE,Signal,2,9494.73,MEDIUM,180.0,0.0,2026-09-05,{'Signal'},set(),0.16182675,3,0.282,0.0,0.0
B000844,C086,L086-08,Girnarhalli Cantt,210.65,239.07,2026-09-22 10:30:00,2026-09-22 12:30:00,120,TRAFFIC_BLOCK,AVAILABLE,NONE,LOOP_LINE,NONE,Engineering;Signal,3,9377.2,HIGH,120.0,0.0,2026-09-22,"{'Signal', 'Engineering'}",set(),0.94102325,14,0.557,0.0,0.0
B000881,C069,L069-11,Kaverinagar,316.35,350.79,2026-10-07 11:00:00,2026-10-07 15:00:00,240,TRAFFIC_BLOCK,PROVISIONAL,TRACK_ISOLATION_REQUIRED,TRACK_DOWN,TRACK,Signal,4,12192.92,HIGH,240.0,0.0,2026-10-07,{'Signal'},{'TRACK'},2.8322,15,1.0,0.0,0.0
B000845,C098,L098-09,Sabarkheda Cantt,0.0,41.2,2026-09-08 19:00:00,2026-09-08 19:30:00,30,TRAFFIC_BLOCK,AVAILABLE,TRACK_ISOLATION_REQUIRED;OHE_ISOLATION_REQUIRED;SIGNAL_ISOLATION_REQUIRED;NO_HEAVY_MACHINE,TRACK_DOWN;OHE;SIGNALLING,ALL,Engineering;Signal;Traction,2,6187.07,HIGH,30.0,0.0,2026-09-08,"{'Signal', 'Traction', 'Engineering'}","{'TRACK', 'OHE', 'SIGNAL'}",0.489474,9,0.852,0.0,0.0
B000846,C042,L042-05,Jaisalhalli Cantt,193.09,233.71,2026-10-10 07:00:00,2026-10-10 11:00:00,240,TRAFFIC_BLOCK,PROVISIONAL,OHE_ISOLATION_REQUIRED;SIGNAL_ISOLATION_REQUIRED,OHE;SIGNALLING,OHE+SIGNAL,Engineering,4,8498.03,LOW,240.0,0.0,2026-10-10,{'Engineering'},"{'OHE', 'SIGNAL'}",0.18074933333333332,2,0.161,0.0,0.0
B000847,C098,L098-09,Sabarkheda Cantt,0.0,41.2,2026-10-13 14:30:00,2026-10-13 16:00:00,90,TRAFFIC_BLOCK,PROVISIONAL,OHE_ISOLATION_REQUIRED,OHE,OHE,Engineering;Signal;Traction,3,7995.92,HIGH,90.0,0.0,2026-10-13,"{'Signal', 'Traction', 'Engineering'}",{'OHE'},0.83641425,7,0.509,0.0,0.0
B000848,C010,L010-06,Veergarh Road,38.05,54.9,2026-10-04 13:00:00,2026-10-04 14:00:00,60,CORRIDOR_BLOCK,AVAILABLE,TRACK_ISOLATION_REQUIRED,TRACK_UP,TRACK,Engineering;Signal;Traction,1,7551.01,MEDIUM,60.0,0.0,2026-10-04,"{'Signal', 'Traction', 'Engineering'}",{'TRACK'},0.06294333333333332,2,0.23,0.0,0.0
B000849,C105,L105-05,Gangaganj,170.51,263.97,2026-10-09 10:30:00,2026-10-09 13:30:00,180,TRAFFIC_BLOCK,AVAILABLE,OHE_ISOLATION_REQUIRED,OHE,OHE,Engineering;Signal;Traction,4,5214.73,LOW,180.0,0.0,2026-10-09,"{'Signal', 'Traction', 'Engineering'}",{'OHE'},0.075337,2,0.236,0.0,0.0
B000850,C035,L035-01,Jaisalkot Cantt,0.0,41.1,2026-09-17 01:30:00,2026-09-17 03:30:00,120,NIGHT_BLOCK,PROVISIONAL,TRACK_ISOLATION_REQUIRED;NIGHT_ONLY,TRACK_BOTH,TRACK,Engineering,5,3290.75,MEDIUM,120.0,0.0,2026-09-17,{'Engineering'},{'TRACK'},0.27665999999999996,3,0.318,0.0,0.0
B000851,C119,L119-02,Lalitnagar,189.45,221.15,2026-09-27 11:00:00,2026-09-27 13:00:00,120,ROLLING_BLOCK,PROVISIONAL,TRACK_ISOLATION_REQUIRED,TRACK_UP,TRACK,Engineering;Signal;Traction,3,7652.35,MEDIUM,120.0,0.0,2026-09-27,"{'Signal', 'Traction', 'Engineering'}",{'TRACK'},0.025012,1,0.169,0.0,0.0
B000852,C114,L114-02,Rohtakhalli Cantt,57.38,136.82,2026-09-22 13:00:00,2026-09-22 16:00:00,180,TRAFFIC_BLOCK,AVAILABLE,OHE_ISOLATION_REQUIRED,OHE,OHE,Signal,3,9577.46,MEDIUM,180.0,0.0,2026-09-22,{'Signal'},{'OHE'},0.0779385,1,0.223,0.0,0.0
B000853,C028,L028-01,Girnarpalli,0.0,39.23,2026-10-04 22:30:00,2026-10-05 01:30:00,180,NIGHT_BLOCK,AVAILABLE,TRACK_ISOLATION_REQUIRED;NIGHT_ONLY,TRACK_UP,TRACK,Signal;Traction,3,7219.24,HIGH,180.0,0.0,2026-10-04,"{'Signal', 'Traction'}",{'TRACK'},3.360445,18,1.0,0.0,0.0
B000854,C083,L083-08,Sundarhalli,308.7,335.12,2026-09-03 13:00:00,2026-09-03 17:00:00,240,TRAFFIC_BLOCK,AVAILABLE,SIGNAL_ISOLATION_REQUIRED;LIMITED_ACCESS,SIGNALLING,SIGNAL,Engineering;Signal,4,8117.35,LOW,240.0,0.0,2026-09-03,"{'Signal', 'Engineering'}",{'SIGNAL'},0.0,0,0.238,0.0,0.0
B000855,C088,L088-06,Taraabad Jn,41.86,125.82,2026-09-27 02:00:00,2026-09-27 03:30:00,90,NIGHT_BLOCK,AVAILABLE,OHE_ISOLATION_REQUIRED,OHE,OHE,Engineering;Signal;Traction,1,3352.45,MEDIUM,90.0,0.0,2026-09-27,"{'Signal', 'Traction', 'Engineering'}",{'OHE'},0.026419500000000002,1,0.114,0.0,0.0
B000856,C193,L193-01,Bilaskheda Jn,31.13,128.11,2026-09-11 16:30:00,2026-09-11 17:30:00,60,TRAFFIC_BLOCK,AVAILABLE,TRACK_ISOLATION_REQUIRED,TRACK_DOWN,TRACK,Signal;Traction,2,5846.41,HIGH,60.0,0.0,2026-09-11,"{'Signal', 'Traction'}",{'TRACK'},0.0,0,0.31,0.0,0.0
B000857,C174,L174-01,Kaverigarh,0.0,29.07,2026-09-04 15:00:00,2026-09-04 17:00:00,120,CORRIDOR_BLOCK,AVAILABLE,NONE,LOOP_LINE,NONE,Engineering;Signal;Traction,2,5554.69,LOW,120.0,0.0,2026-09-04,"{'Signal', 'Traction', 'Engineering'}",set(),0.0,0,0.286,0.0,0.0
B000858,C163,L163-04,Jaisalhalli Jn,7.46,65.34,2026-10-04 22:30:00,2026-10-04 23:30:00,60,NIGHT_BLOCK,PROVISIONAL,TRACK_ISOLATION_REQUIRED,TRACK_UP,TRACK,Engineering;Signal;Traction,5,3012.76,HIGH,60.0,0.0,2026-10-04,"{'Signal', 'Traction', 'Engineering'}",{'TRACK'},1.8821066666666664,16,0.815,1.0,3.0
B000860,C150,L150-09,Omkarpur Cantt,104.93,168.03,2026-09-06 03:00:00,2026-09-06 04:30:00,90,TRAFFIC_BLOCK,AVAILABLE,NONE,TRACK_DOWN,NONE,Signal,2,4167.15,HIGH,90.0,0.0,2026-09-06,{'Signal'},set(),2.472435,14,0.835,0.0,0.0
B000861,C115,L115-06,Sundarganj Road,176.29,263.33,2026-09-25 22:30:00,2026-09-26 01:30:00,180,NIGHT_BLOCK,AVAILABLE,TRACK_ISOLATION_REQUIRED;LIMITED_ACCESS,TRACK_DOWN,TRACK,Engineering;Signal;Traction,3,6219.77,HIGH,180.0,0.0,2026-09-25,"{'Signal', 'Traction', 'Engineering'}",{'TRACK'},1.2086204999999999,9,0.643,0.0,0.0
B000862,C086,L086-04,Rohtakgarh,11.8,114.26,2026-09-24 09:00:00,2026-09-24 10:30:00,90,CORRIDOR_BLOCK,AVAILABLE,TRACK_ISOLATION_REQUIRED,TRACK_UP,TRACK,Engineering;Signal;Traction,2,7832.6,HIGH,90.0,0.0,2026-09-24,"{'Signal', 'Traction', 'Engineering'}",{'TRACK'},0.29738099999999995,3,0.476,0.0,0.0
B000863,C059,L059-05,Vindhyakheda,315.55,350.17,2026-09-28 10:00:00,2026-09-28 12:00:00,120,CORRIDOR_BLOCK,AVAILABLE,NONE,TRACK_UP,NONE,Signal;Traction,4,9053.12,HIGH,120.0,0.0,2026-09-28,"{'Signal', 'Traction'}",set(),0.7435999999999999,5,0.528,0.0,0.0
B000864,C129,L129-05,Charankot,33.39,73.47,2026-09-22 13:00:00,2026-09-22 14:30:00,90,CORRIDOR_BLOCK,AVAILABLE,TRACK_ISOLATION_REQUIRED;OHE_ISOLATION_REQUIRED;SIGNAL_ISOLATION_REQUIRED;LIMITED_ACCESS,TRACK_UP;OHE;SIGNALLING,ALL,Traction,2,8151.96,HIGH,90.0,0.0,2026-09-22,{'Traction'},"{'TRACK', 'OHE', 'SIGNAL'}",1.2344045,7,0.734,0.0,0.0
B000865,C181,L181-01,Konkanabad,90.82,175.06,2026-10-08 03:00:00,2026-10-08 04:30:00,90,NIGHT_BLOCK,AVAILABLE,TRACK_ISOLATION_REQUIRED;OHE_ISOLATION_REQUIRED;SIGNAL_ISOLATION_REQUIRED;NIGHT_ONLY,TRACK_DOWN;OHE;SIGNALLING,ALL,Engineering;Signal;Traction,5,3094.22,LOW,90.0,0.0,2026-10-08,"{'Signal', 'Traction', 'Engineering'}","{'TRACK', 'OHE', 'SIGNAL'}",0.24414675,3,0.367,0.0,0.0
B000866,C097,L097-02,Bilasnagar Road,38.35,79.39,2026-10-03 00:30:00,2026-10-03 02:00:00,90,TRAFFIC_BLOCK,AVAILABLE,OHE_ISOLATION_REQUIRED,OHE,OHE,Engineering;Signal;Traction,5,3163.17,MEDIUM,90.0,0.0,2026-10-03,"{'Signal', 'Traction', 'Engineering'}",{'OHE'},0.5997180000000001,7,0.393,0.0,0.0
B000867,C009,L009-02,Bharatkot,34.08,90.74,2026-09-15 23:00:00,2026-09-16 02:00:00,180,TRAFFIC_BLOCK,AVAILABLE,OHE_ISOLATION_REQUIRED;NO_HEAVY_MACHINE,OHE,OHE,Engineering;Signal;Traction,2,6985.47,HIGH,180.0,0.0,2026-09-15,"{'Signal', 'Traction', 'Engineering'}",{'OHE'},3.8746666666666663,19,1.0,0.0,0.0
B000868,C054,L054-01,Chandrakot,0.0,31.39,2026-09-02 00:30:00,2026-09-02 02:00:00,90,TRAFFIC_BLOCK,AVAILABLE,TRACK_ISOLATION_REQUIRED,TRACK_UP,TRACK,Engineering;Signal;Traction,4,3217.28,MEDIUM,90.0,0.0,2026-09-02,"{'Signal', 'Traction', 'Engineering'}",{'TRACK'},0.58936,5,0.556,0.0,0.0
B000869,C161,L161-06,Krishnagunj Road,23.22,98.96,2026-09-26 14:30:00,2026-09-26 15:30:00,60,CORRIDOR_BLOCK,AVAILABLE,TRACK_ISOLATION_REQUIRED;OHE_ISOLATION_REQUIRED;SIGNAL_ISOLATION_REQUIRED;NO_HEAVY_MACHINE,TRACK_DOWN;OHE;SIGNALLING,ALL,Signal;Traction,5,6402.25,HIGH,60.0,0.0,2026-09-26,"{'Signal', 'Traction'}","{'TRACK', 'OHE', 'SIGNAL'}",0.12425900000000001,3,0.274,0.0,0.0
B000870,C079,L079-04,Gangapur,101.04,136.7,2026-10-14 02:00:00,2026-10-14 04:00:00,120,NIGHT_BLOCK,AVAILABLE,TRACK_ISOLATION_REQUIRED;OHE_ISOLATION_REQUIRED;SIGNAL_ISOLATION_REQUIRED;NO_HEAVY_MACHINE;LIMITED_ACCESS,TRACK_DOWN;OHE;SIGNALLING,ALL,Engineering;Traction,1,4255.28,MEDIUM,120.0,0.0,2026-10-14,"{'Traction', 'Engineering'}","{'TRACK', 'OHE', 'SIGNAL'}",0.38448,4,0.324,0.0,0.0
B000871,C062,L062-05,Ashokhalli Road,158.03,240.21,2026-10-02 11:00:00,2026-10-02 13:00:00,120,CORRIDOR_BLOCK,PROVISIONAL,TRACK_ISOLATION_REQUIRED,TRACK_DOWN,TRACK,Traction,1,6214.97,MEDIUM,120.0,0.0,2026-10-02,{'Traction'},{'TRACK'},0.1264853333333333,3,0.304,0.0,0.0
B000872,C112,L112-04,Rohtakgunj Cantt,20.84,70.46,2026-10-11 11:00:00,2026-10-11 12:00:00,60,TRAFFIC_BLOCK,AVAILABLE,TRACK_ISOLATION_REQUIRED;LIMITED_ACCESS,TRACK_DOWN,TRACK,Engineering,3,6404.01,HIGH,60.0,0.0,2026-10-11,{'Engineering'},{'TRACK'},0.27051,5,0.426,0.0,0.0
B000873,C158,L158-04,Sundarpur Road,244.35,331.83,2026-09-26 01:30:00,2026-09-26 02:30:00,60,NIGHT_BLOCK,AVAILABLE,OHE_ISOLATION_REQUIRED;SIGNAL_ISOLATION_REQUIRED;NIGHT_ONLY;NO_HEAVY_MACHINE,OHE;SIGNALLING,OHE+SIGNAL,Engineering;Signal;Traction,3,1931.38,MEDIUM,60.0,0.0,2026-09-26,"{'Signal', 'Traction', 'Engineering'}","{'OHE', 'SIGNAL'}",0.32543333333333335,5,0.52,0.0,0.0
B000874,C037,L037-05,Veerhalli,146.21,180.17,2026-09-27 02:00:00,2026-09-27 03:30:00,90,NIGHT_BLOCK,AVAILABLE,NONE,LOOP_LINE,NONE,Engineering;Signal;Traction,4,3898.85,HIGH,90.0,0.0,2026-09-27,"{'Signal', 'Traction', 'Engineering'}",set(),0.319194,3,0.514,0.0,0.0
B000875,C049,L049-04,Ranagunj,17.6,122.98,2026-09-01 14:30:00,2026-09-01 16:30:00,120,TRAFFIC_BLOCK,AVAILABLE,TRACK_ISOLATION_REQUIRED,TRACK_BOTH,TRACK,Engineering;Signal;Traction,3,6703.42,MEDIUM,120.0,0.0,2026-09-01,"{'Signal', 'Traction', 'Engineering'}",{'TRACK'},0.261924,2,0.438,0.0,0.0
B000876,C055,L055-04,Sabarpur,36.53,105.2,2026-10-03 02:00:00,2026-10-03 04:00:00,120,CORRIDOR_BLOCK,AVAILABLE,TRACK_ISOLATION_REQUIRED;OHE_ISOLATION_REQUIRED;SIGNAL_ISOLATION_REQUIRED,TRACK_BOTH;OHE;SIGNALLING,ALL,Engineering;Signal;Traction,4,3201.21,LOW,120.0,0.0,2026-10-03,"{'Signal', 'Traction', 'Engineering'}","{'TRACK', 'OHE', 'SIGNAL'}",0.24154,3,0.26,0.0,0.0
B000877,C051,L051-08,Girnarnagar,139.95,206.59,2026-09-20 02:00:00,2026-09-20 02:30:00,30,NIGHT_BLOCK,AVAILABLE,SIGNAL_ISOLATION_REQUIRED;NIGHT_ONLY;NO_HEAVY_MACHINE;LIMITED_ACCESS,SIGNALLING,SIGNAL,Engineering;Signal;Traction,2,1880.41,HIGH,30.0,0.0,2026-09-20,"{'Signal', 'Traction', 'Engineering'}",{'SIGNAL'},0.19660566666666662,4,0.703,0.0,0.0
B000878,C054,L054-05,Palaniganj,50.29,116.99,2026-09-23 15:00:00,2026-09-23 19:00:00,240,CORRIDOR_BLOCK,AVAILABLE,TRACK_ISOLATION_REQUIRED;NO_ELECTRICAL_WORK,TRACK_DOWN,TRACK,Signal,1,9029.81,MEDIUM,240.0,0.0,2026-09-23,{'Signal'},{'TRACK'},0.248156,3,0.354,0.0,0.0
B000880,C071,L071-03,Devgarhabad,0.0,87.17,2026-10-11 14:00:00,2026-10-11 17:00:00,180,TRAFFIC_BLOCK,PROVISIONAL,TRACK_ISOLATION_REQUIRED,TRACK_UP,TRACK,Signal;Traction,2,10179.02,HIGH,180.0,0.0,2026-10-11,"{'Signal', 'Traction'}",{'TRACK'},0.668542,4,0.371,0.0,0.0
B000882,C030,L030-04,Kanhahalli Jn,174.09,267.75,2026-09-04 13:00:00,2026-09-04 14:00:00,60,ROLLING_BLOCK,AVAILABLE,TRACK_ISOLATION_REQUIRED;OHE_ISOLATION_REQUIRED;SIGNAL_ISOLATION_REQUIRED,TRACK_DOWN;OHE;SIGNALLING,ALL,Engineering;Signal;Traction,1,4021.93,MEDIUM,60.0,0.0,2026-09-04,"{'Signal', 'Traction', 'Engineering'}","{'TRACK', 'OHE', 'SIGNAL'}",0.0,0,0.155,0.0,0.0
B000883,C130,L130-05,Jaisalpalli,0.56,91.12,2026-09-27 15:00:00,2026-09-27 19:00:00,240,TRAFFIC_BLOCK,PROVISIONAL,TRACK_ISOLATION_REQUIRED,TRACK_UP,TRACK,Engineering;Signal;Traction,4,10950.29,MEDIUM,240.0,0.0,2026-09-27,"{'Signal', 'Traction', 'Engineering'}",{'TRACK'},0.048417999999999996,2,0.274,0.0,0.0
B000884,C054,L054-01,Chandrakot,0.0,53.04,2026-10-10 10:00:00,2026-10-10 10:45:00,45,TRAFFIC_BLOCK,AVAILABLE,SIGNAL_ISOLATION_REQUIRED;NO_HEAVY_MACHINE;LIMITED_ACCESS,SIGNALLING,SIGNAL,Signal;Traction,5,4366.02,MEDIUM,45.0,0.0,2026-10-10,"{'Signal', 'Traction'}",{'SIGNAL'},0.0,0,0.072,0.0,0.0
B000885,C196,L196-10,Bharatnagar,231.75,257.01,2026-10-02 00:30:00,2026-10-02 02:00:00,90,NIGHT_BLOCK,AVAILABLE,TRACK_ISOLATION_REQUIRED,TRACK_BOTH,TRACK,Engineering;Signal,4,3748.38,HIGH,90.0,0.0,2026-10-02,"{'Signal', 'Engineering'}",{'TRACK'},0.932715,7,0.63,0.0,0.0
B000886,C055,L055-04,Sabarpur,61.47,100.37,2026-09-28 02:30:00,2026-09-28 03:30:00,60,NIGHT_BLOCK,AVAILABLE,TRACK_ISOLATION_REQUIRED;OHE_ISOLATION_REQUIRED;SIGNAL_ISOLATION_REQUIRED;NIGHT_ONLY,TRACK_DOWN;OHE;SIGNALLING,ALL,Engineering;Signal;Traction,4,1903.81,LOW,60.0,0.0,2026-09-28,"{'Signal', 'Traction', 'Engineering'}","{'TRACK', 'OHE', 'SIGNAL'}",0.4341913333333334,7,0.421,0.0,0.0
B000887,C113,L113-07,Krishnapalli,232.06,263.64,2026-10-09 22:30:00,2026-10-09 23:30:00,60,NIGHT_BLOCK,AVAILABLE,NIGHT_ONLY,TRACK_UP,NONE,Engineering;Signal;Traction,5,3186.01,MEDIUM,60.0,0.0,2026-10-09,"{'Signal', 'Traction', 'Engineering'}",set(),0.3991079999999999,6,0.474,0.0,0.0
B000888,C159,L159-04,Nilgirigunj,24.63,131.53,2026-10-02 10:00:00,2026-10-02 12:00:00,120,TRAFFIC_BLOCK,PROVISIONAL,SIGNAL_ISOLATION_REQUIRED,SIGNALLING,SIGNAL,Engineering,5,5430.28,LOW,120.0,0.0,2026-10-02,{'Engineering'},{'SIGNAL'},0.8213333333333335,7,0.4,0.0,0.0
B000889,C005,L005-11,Konkankot Jn,90.56,165.7,2026-10-11 23:00:00,2026-10-12 00:00:00,60,NIGHT_BLOCK,PROVISIONAL,SIGNAL_ISOLATION_REQUIRED;NIGHT_ONLY,SIGNALLING,SIGNAL,Engineering;Signal;Traction,1,2390.1,HIGH,60.0,0.0,2026-10-11,"{'Signal', 'Traction', 'Engineering'}",{'SIGNAL'},0.06768633333333333,2,0.251,0.0,0.0
B000890,C155,L155-09,Satpuraganj,32.53,72.05,2026-09-30 03:00:00,2026-09-30 04:30:00,90,ROLLING_BLOCK,AVAILABLE,TRACK_ISOLATION_REQUIRED;OHE_ISOLATION_REQUIRED;LIMITED_ACCESS,TRACK_BOTH;OHE,TRACK+OHE,Engineering;Signal;Traction,1,4400.79,HIGH,90.0,0.0,2026-09-30,"{'Signal', 'Traction', 'Engineering'}","{'TRACK', 'OHE'}",1.3624800000000001,8,0.84,0.0,0.0
B000891,C055,L055-04,Sabarpur,57.61,104.23,2026-09-26 14:30:00,2026-09-26 16:00:00,90,TRAFFIC_BLOCK,AVAILABLE,TRACK_ISOLATION_REQUIRED;OHE_ISOLATION_REQUIRED;SIGNAL_ISOLATION_REQUIRED,TRACK_UP;OHE;SIGNALLING,ALL,Engineering;Signal;Traction,2,4707.87,LOW,90.0,0.0,2026-09-26,"{'Signal', 'Traction', 'Engineering'}","{'TRACK', 'OHE', 'SIGNAL'}",0.0,0,0.075,0.0,0.0
B000892,C164,L164-03,Charanpalli,94.16,160.4,2026-09-12 17:30:00,2026-09-12 19:30:00,120,TRAFFIC_BLOCK,AVAILABLE,TRACK_ISOLATION_REQUIRED;OHE_ISOLATION_REQUIRED;NO_HEAVY_MACHINE,TRACK_DOWN;OHE,TRACK+OHE,Engineering;Signal;Traction,5,9963.75,HIGH,120.0,0.0,2026-09-12,"{'Signal', 'Traction', 'Engineering'}","{'TRACK', 'OHE'}",0.6637074999999999,6,0.564,1.0,3.0
B000893,C195,L195-06,Devgarhnagar Jn,64.62,132.56,2026-10-02 19:00:00,2026-10-02 20:30:00,90,TRAFFIC_BLOCK,AVAILABLE,TRACK_ISOLATION_REQUIRED;NO_HEAVY_MACHINE,TRACK_UP,TRACK,Engineering;Signal;Traction,3,9167.72,HIGH,90.0,0.0,2026-10-02,"{'Signal', 'Traction', 'Engineering'}",{'TRACK'},0.9455112499999999,5,0.971,0.0,0.0
B000894,C140,L140-04,Sundarkheda,0.0,52.1,2026-10-01 00:30:00,2026-10-01 02:30:00,120,NIGHT_BLOCK,AVAILABLE,TRACK_ISOLATION_REQUIRED;NIGHT_ONLY,TRACK_DOWN,TRACK,Engineering,2,4339.41,HIGH,120.0,0.0,2026-10-01,{'Engineering'},{'TRACK'},2.9433333333333334,10,1.0,1.0,1.0
B000895,C077,L077-07,Ashokkot Jn,138.22,164.64,2026-09-30 13:00:00,2026-09-30 15:00:00,120,ROLLING_BLOCK,AVAILABLE,TRACK_ISOLATION_REQUIRED;SIGNAL_ISOLATION_REQUIRED,TRACK_UP;SIGNALLING,TRACK+SIGNAL,Engineering;Signal;Traction,3,7211.31,MEDIUM,120.0,0.0,2026-09-30,"{'Signal', 'Traction', 'Engineering'}","{'TRACK', 'SIGNAL'}",0.20076666666666665,2,0.317,0.0,0.0
B000896,C153,L153-09,Konkannagar Jn,73.2,122.14,2026-09-02 23:30:00,2026-09-03 00:30:00,60,TRAFFIC_BLOCK,AVAILABLE,TRACK_ISOLATION_REQUIRED,TRACK_UP,TRACK,Engineering,3,2944.53,HIGH,60.0,0.0,2026-09-02,{'Engineering'},{'TRACK'},0.9259650833333333,17,0.835,0.0,0.0
B000898,C142,L142-01,Konkangunj,23.85,132.21,2026-09-23 23:30:00,2026-09-24 00:00:00,30,TRAFFIC_BLOCK,AVAILABLE,NO_HEAVY_MACHINE,TRACK_DOWN,NONE,Engineering;Signal;Traction,1,1822.49,MEDIUM,30.0,0.0,2026-09-23,"{'Signal', 'Traction', 'Engineering'}",set(),0.329331,6,0.727,0.0,0.0
B000899,C062,L062-05,Ashokhalli Road,183.78,214.46,2026-10-10 03:00:00,2026-10-10 04:00:00,60,NIGHT_BLOCK,AVAILABLE,OHE_ISOLATION_REQUIRED;NIGHT_ONLY,OHE,OHE,Engineering,5,2266.96,MEDIUM,60.0,0.0,2026-10-10,{'Engineering'},{'OHE'},0.21075999999999998,3,0.479,0.0,0.0
B000900,C060,L060-04,Ambaabad,46.81,134.41,2026-09-13 22:30:00,2026-09-14 00:00:00,90,TRAFFIC_BLOCK,AVAILABLE,OHE_ISOLATION_REQUIRED;SIGNAL_ISOLATION_REQUIRED,OHE;SIGNALLING,OHE+SIGNAL,Engineering;Signal;Traction,5,3545.23,HIGH,90.0,0.0,2026-09-13,"{'Signal', 'Traction', 'Engineering'}","{'OHE', 'SIGNAL'}",0.71232525,7,0.497,0.0,0.0
B000901,C157,L157-04,Haldipur,103.25,174.59,2026-09-03 23:30:00,2026-09-04 01:30:00,120,TRAFFIC_BLOCK,AVAILABLE,SIGNAL_ISOLATION_REQUIRED;LIMITED_ACCESS,SIGNALLING,SIGNAL,Engineering,4,3837.93,MEDIUM,120.0,0.0,2026-09-03,{'Engineering'},{'SIGNAL'},0.7314216666666666,9,0.565,0.0,0.0
B000902,C099,L099-03,Narmadaabad,0.0,54.57,2026-09-21 09:00:00,2026-09-21 10:00:00,60,TRAFFIC_BLOCK,AVAILABLE,NONE,LOOP_LINE,NONE,Engineering;Signal;Traction,3,8162.12,HIGH,60.0,0.0,2026-09-21,"{'Signal', 'Traction', 'Engineering'}",set(),0.24724999999999997,3,0.575,0.0,0.0
B000904,C094,L094-07,Ashokhalli Jn,115.24,203.02,2026-09-29 08:00:00,2026-09-29 11:00:00,180,TRAFFIC_BLOCK,PROVISIONAL,SIGNAL_ISOLATION_REQUIRED,SIGNALLING,SIGNAL,Signal,5,9252.57,MEDIUM,180.0,0.0,2026-09-29,{'Signal'},{'SIGNAL'},0.0,0,0.18,0.0,0.0
B000905,C069,L069-04,Sundarnagar,118.44,210.86,2026-10-12 10:30:00,2026-10-12 12:00:00,90,TRAFFIC_BLOCK,AVAILABLE,TRACK_ISOLATION_REQUIRED;OHE_ISOLATION_REQUIRED,TRACK_UP;OHE,TRACK+OHE,Engineering;Signal;Traction,5,7689.9,HIGH,90.0,0.0,2026-10-12,"{'Signal', 'Traction', 'Engineering'}","{'TRACK', 'OHE'}",3.3701399999999997,15,0.948,0.0,0.0
B000906,C049,L049-07,Vindhyaganj Jn,169.01,207.85,2026-09-24 13:00:00,2026-09-24 13:30:00,30,ROLLING_BLOCK,AVAILABLE,OHE_ISOLATION_REQUIRED;NO_HEAVY_MACHINE,OHE,OHE,Engineering;Signal;Traction,5,5240.8,MEDIUM,30.0,0.0,2026-09-24,"{'Signal', 'Traction', 'Engineering'}",{'OHE'},0.1515,4,0.505,0.0,0.0
B000907,C072,L072-03,Sundargunj Jn,52.71,139.17,2026-10-12 22:30:00,2026-10-13 00:30:00,120,TRAFFIC_BLOCK,AVAILABLE,TRACK_ISOLATION_REQUIRED;NO_ELECTRICAL_WORK;LIMITED_ACCESS,TRACK_UP,TRACK,Engineering;Signal;Traction,1,3615.09,MEDIUM,120.0,0.0,2026-10-12,"{'Signal', 'Traction', 'Engineering'}",{'TRACK'},0.6595726666666667,10,0.469,0.0,0.0
B000909,C155,L155-07,Udaypalli Road,0.0,62.72,2026-09-17 10:30:00,2026-09-17 14:30:00,240,TRAFFIC_BLOCK,AVAILABLE,SIGNAL_ISOLATION_REQUIRED,SIGNALLING,SIGNAL,Engineering;Signal;Traction,3,11870.94,HIGH,240.0,0.0,2026-09-17,"{'Signal', 'Traction', 'Engineering'}",{'SIGNAL'},1.3957050000000002,12,0.51,0.0,0.0
B000910,C059,L059-05,Vindhyakheda,314.85,350.87,2026-09-28 22:30:00,2026-09-28 23:30:00,60,NIGHT_BLOCK,AVAILABLE,TRACK_ISOLATION_REQUIRED;OHE_ISOLATION_REQUIRED;SIGNAL_ISOLATION_REQUIRED;NIGHT_ONLY;LIMITED_ACCESS,TRACK_BOTH;OHE;SIGNALLING,ALL,Engineering;Signal;Traction,4,2762.16,HIGH,60.0,0.0,2026-09-28,"{'Signal', 'Traction', 'Engineering'}","{'TRACK', 'OHE', 'SIGNAL'}",0.47098833333333334,5,0.613,0.0,0.0
B000912,C186,L186-03,Palaninagar Jn,27.76,107.98,2026-09-17 13:00:00,2026-09-17 14:30:00,90,TRAFFIC_BLOCK,AVAILABLE,TRACK_ISOLATION_REQUIRED;LIMITED_ACCESS,TRACK_BOTH,TRACK,Signal,4,4819.05,MEDIUM,90.0,0.0,2026-09-17,{'Signal'},{'TRACK'},0.025004000000000002,1,0.112,0.0,0.0
B000913,C195,L195-01,Bharatgunj,0.0,65.17,2026-09-21 19:00:00,2026-09-21 20:30:00,90,TRAFFIC_BLOCK,AVAILABLE,TRACK_ISOLATION_REQUIRED;NO_ELECTRICAL_WORK,TRACK_BOTH,TRACK,Engineering,5,9562.61,HIGH,90.0,0.0,2026-09-21,{'Engineering'},{'TRACK'},2.4730875,13,0.95,0.0,0.0
B000915,C069,L069-04,Sundarnagar,114.1,215.2,2026-09-30 07:00:00,2026-09-30 07:45:00,45,TRAFFIC_BLOCK,AVAILABLE,SIGNAL_ISOLATION_REQUIRED;NO_HEAVY_MACHINE;NO_ELECTRICAL_WORK,SIGNALLING,SIGNAL,Engineering;Signal;Traction,3,5640.26,HIGH,45.0,0.0,2026-09-30,"{'Signal', 'Traction', 'Engineering'}",{'SIGNAL'},0.9377225,13,0.86,0.0,0.0
B000916,C075,L075-02,Ashokkheda Cantt,0.0,69.77,2026-09-01 10:00:00,2026-09-01 12:00:00,120,ROLLING_BLOCK,AVAILABLE,OHE_ISOLATION_REQUIRED;NO_HEAVY_MACHINE,OHE,OHE,Engineering;Traction,5,9252.78,HIGH,120.0,0.0,2026-09-01,"{'Traction', 'Engineering'}",{'OHE'},1.2109119999999998,6,0.632,0.0,0.0
B000917,C157,L157-04,Haldipur,97.67,180.17,2026-09-15 23:30:00,2026-09-16 01:00:00,90,TRAFFIC_BLOCK,AVAILABLE,TRACK_ISOLATION_REQUIRED;OHE_ISOLATION_REQUIRED;SIGNAL_ISOLATION_REQUIRED,TRACK_BOTH;OHE;SIGNALLING,ALL,Engineering;Signal;Traction,5,2770.45,MEDIUM,90.0,0.0,2026-09-15,"{'Signal', 'Traction', 'Engineering'}","{'TRACK', 'OHE', 'SIGNAL'}",0.1833985,5,0.555,0.0,0.0
B000918,C062,L062-04,Devgarhgarh,158.72,235.42,2026-09-14 01:00:00,2026-09-14 03:00:00,120,NIGHT_BLOCK,AVAILABLE,SIGNAL_ISOLATION_REQUIRED;NIGHT_ONLY,SIGNALLING,SIGNAL,Engineering;Signal;Traction,5,3777.86,MEDIUM,120.0,0.0,2026-09-14,"{'Signal', 'Traction', 'Engineering'}",{'SIGNAL'},1.376528,8,0.681,0.0,0.0
B000919,C186,L186-05,Konkangarh,112.88,222.14,2026-09-21 23:30:00,2026-09-22 03:30:00,240,ROLLING_BLOCK,AVAILABLE,TRACK_ISOLATION_REQUIRED,TRACK_UP,TRACK,Engineering;Signal;Traction,5,7337.57,MEDIUM,240.0,0.0,2026-09-21,"{'Signal', 'Traction', 'Engineering'}",{'TRACK'},0.776671,7,0.35,0.0,0.0
B000920,C130,L130-05,Jaisalpalli,0.0,93.92,2026-09-09 01:30:00,2026-09-09 03:30:00,120,ROLLING_BLOCK,AVAILABLE,SIGNAL_ISOLATION_REQUIRED,SIGNALLING,SIGNAL,Engineering;Traction,2,5071.69,MEDIUM,120.0,0.0,2026-09-09,"{'Traction', 'Engineering'}",{'SIGNAL'},1.589364,9,0.588,0.0,0.0
B000921,C054,L054-08,Yamunanagar Jn,39.21,134.5,2026-10-14 02:30:00,2026-10-14 04:00:00,90,NIGHT_BLOCK,AVAILABLE,TRACK_ISOLATION_REQUIRED;SIGNAL_ISOLATION_REQUIRED;NIGHT_ONLY,TRACK_UP;SIGNALLING,TRACK+SIGNAL,Signal,3,3474.93,MEDIUM,90.0,0.0,2026-10-14,{'Signal'},"{'TRACK', 'SIGNAL'}",0.17938849999999998,2,0.437,0.0,0.0
B000922,C075,L075-09,Chandrakheda,174.81,242.81,2026-09-05 10:30:00,2026-09-05 12:30:00,120,CORRIDOR_BLOCK,AVAILABLE,TRACK_ISOLATION_REQUIRED,TRACK_UP,TRACK,Engineering;Signal,1,8899.67,HIGH,120.0,0.0,2026-09-05,"{'Signal', 'Engineering'}",{'TRACK'},0.5055525000000001,9,0.453,0.0,0.0
B000923,C162,L162-02,Udaypur,11.61,67.05,2026-10-02 02:30:00,2026-10-02 04:00:00,90,TRAFFIC_BLOCK,AVAILABLE,TRACK_ISOLATION_REQUIRED;OHE_ISOLATION_REQUIRED;NO_HEAVY_MACHINE,TRACK_UP;OHE,TRACK+OHE,Engineering;Signal;Traction,2,2834.26,LOW,90.0,0.0,2026-10-02,"{'Signal', 'Traction', 'Engineering'}","{'TRACK', 'OHE'}",0.6285510000000001,6,0.462,0.0,0.0
B000924,C131,L131-05,Pushkargunj,109.72,208.18,2026-10-07 14:00:00,2026-10-07 15:00:00,60,TRAFFIC_BLOCK,PROVISIONAL,TRACK_ISOLATION_REQUIRED,TRACK_BOTH,TRACK,Engineering;Signal;Traction,4,6984.23,HIGH,60.0,0.0,2026-10-07,"{'Signal', 'Traction', 'Engineering'}",{'TRACK'},0.956766,9,0.724,0.0,0.0
B000925,C121,L121-04,Omkarkot Jn,179.59,223.37,2026-09-10 10:00:00,2026-09-10 12:00:00,120,CORRIDOR_BLOCK,AVAILABLE,OHE_ISOLATION_REQUIRED,OHE,OHE,Engineering;Signal;Traction,5,8174.89,MEDIUM,120.0,0.0,2026-09-10,"{'Signal', 'Traction', 'Engineering'}",{'OHE'},0.056242,1,0.183,0.0,0.0
B000927,C046,L046-03,Haldikheda Jn,48.77,116.33,2026-10-12 09:00:00,2026-10-12 11:00:00,120,TRAFFIC_BLOCK,AVAILABLE,OHE_ISOLATION_REQUIRED;LIMITED_ACCESS,OHE,OHE,Signal,1,4775.53,LOW,120.0,0.0,2026-10-12,{'Signal'},{'OHE'},0.22192499999999998,3,0.269,0.0,0.0
B000928,C050,L050-02,Devgarhpur Road,0.0,79.0,2026-10-06 01:00:00,2026-10-06 02:30:00,90,TRAFFIC_BLOCK,AVAILABLE,OHE_ISOLATION_REQUIRED;SIGNAL_ISOLATION_REQUIRED;LIMITED_ACCESS,OHE;SIGNALLING,OHE+SIGNAL,Engineering;Signal;Traction,4,4725.91,HIGH,90.0,0.0,2026-10-06,"{'Signal', 'Traction', 'Engineering'}","{'OHE', 'SIGNAL'}",1.735204,8,0.922,0.0,0.0
B000929,C195,L195-01,Bharatgunj,0.0,63.42,2026-10-04 18:00:00,2026-10-04 18:45:00,45,CORRIDOR_BLOCK,AVAILABLE,TRACK_ISOLATION_REQUIRED;NO_HEAVY_MACHINE,TRACK_BOTH,TRACK,Signal;Traction,4,7872.55,HIGH,45.0,0.0,2026-10-04,"{'Signal', 'Traction'}",{'TRACK'},0.761178,11,0.607,0.0,0.0
B000930,C123,L123-02,Kaverikot Cantt,0.0,68.55,2026-10-09 03:00:00,2026-10-09 05:00:00,120,NIGHT_BLOCK,PROVISIONAL,OHE_ISOLATION_REQUIRED,OHE,OHE,Engineering;Signal;Traction,5,5232.93,HIGH,120.0,0.0,2026-10-09,"{'Signal', 'Traction', 'Engineering'}",{'OHE'},4.6850000000000005,15,1.0,0.0,0.0
B000931,C009,L009-01,Konkanganj,0.0,35.87,2026-10-11 16:30:00,2026-10-11 18:00:00,90,CORRIDOR_BLOCK,AVAILABLE,TRACK_ISOLATION_REQUIRED;OHE_ISOLATION_REQUIRED;SIGNAL_ISOLATION_REQUIRED,TRACK_UP;OHE;SIGNALLING,ALL,Engineering;Signal;Traction,2,9099.46,HIGH,90.0,0.0,2026-10-11,"{'Signal', 'Traction', 'Engineering'}","{'TRACK', 'OHE', 'SIGNAL'}",0.25768499999999994,3,0.419,0.0,0.0
B000932,C009,L009-01,Konkanganj,0.0,41.96,2026-10-15 01:00:00,2026-10-15 02:00:00,60,TRAFFIC_BLOCK,AVAILABLE,OHE_ISOLATION_REQUIRED;NO_HEAVY_MACHINE,OHE,OHE,Engineering;Signal;Traction,1,2986.39,HIGH,60.0,0.0,2026-10-15,"{'Signal', 'Traction', 'Engineering'}",{'OHE'},1.4099999999999997,10,1.0,0.0,0.0
B000934,C088,L088-06,Taraabad Jn,37.29,130.39,2026-09-10 02:30:00,2026-09-10 04:00:00,90,NIGHT_BLOCK,AVAILABLE,TRACK_ISOLATION_REQUIRED;OHE_ISOLATION_REQUIRED;SIGNAL_ISOLATION_REQUIRED,TRACK_UP;OHE;SIGNALLING,ALL,Engineering,2,3151.43,MEDIUM,90.0,0.0,2026-09-10,{'Engineering'},"{'TRACK', 'OHE', 'SIGNAL'}",0.1395315,2,0.303,0.0,0.0
B000935,C062,L062-05,Ashokhalli Road,149.92,248.32,2026-10-09 22:30:00,2026-10-10 00:30:00,120,NIGHT_BLOCK,AVAILABLE,TRACK_ISOLATION_REQUIRED;NIGHT_ONLY;LIMITED_ACCESS,TRACK_DOWN,TRACK,Engineering;Traction,5,3792.71,MEDIUM,120.0,0.0,2026-10-09,"{'Traction', 'Engineering'}",{'TRACK'},0.3529595,5,0.511,0.0,0.0
B000936,C026,L026-03,Charanpalli Cantt,0.0,36.2,2026-09-17 00:30:00,2026-09-17 02:00:00,90,NIGHT_BLOCK,AVAILABLE,SIGNAL_ISOLATION_REQUIRED,SIGNALLING,SIGNAL,Engineering;Signal;Traction,5,3976.56,HIGH,90.0,0.0,2026-09-17,"{'Signal', 'Traction', 'Engineering'}",{'SIGNAL'},2.61807,13,0.98,0.0,0.0
B000937,C124,L124-02,Indrakot,46.14,101.28,2026-10-05 01:30:00,2026-10-05 04:30:00,180,NIGHT_BLOCK,AVAILABLE,TRACK_ISOLATION_REQUIRED,TRACK_BOTH,TRACK,Traction,5,5533.4,MEDIUM,180.0,0.0,2026-10-05,{'Traction'},{'TRACK'},1.5890455,7,0.553,0.0,0.0
B000938,C124,L124-02,Indrakot,24.7,122.72,2026-09-14 00:30:00,2026-09-14 02:00:00,90,CORRIDOR_BLOCK,AVAILABLE,SIGNAL_ISOLATION_REQUIRED,SIGNALLING,SIGNAL,Engineering;Traction,3,3166.58,MEDIUM,90.0,0.0,2026-09-14,"{'Traction', 'Engineering'}",{'SIGNAL'},0.47545199999999993,4,0.564,0.0,0.0
B000939,C069,L069-04,Sundarnagar,110.16,219.14,2026-09-05 17:00:00,2026-09-05 17:30:00,30,ROLLING_BLOCK,AVAILABLE,OHE_ISOLATION_REQUIRED;NO_HEAVY_MACHINE,OHE,OHE,Engineering;Signal;Traction,4,5410.89,HIGH,30.0,0.0,2026-09-05,"{'Signal', 'Traction', 'Engineering'}",{'OHE'},0.1696823333333333,4,0.601,1.0,4.0
B000940,C014,L014-06,Omkargarh,238.42,306.44,2026-09-25 14:30:00,2026-09-25 18:30:00,240,TRAFFIC_BLOCK,AVAILABLE,TRACK_ISOLATION_REQUIRED;LIMITED_ACCESS,TRACK_DOWN,TRACK,Engineering;Signal;Traction,3,5880.77,LOW,240.0,0.0,2026-09-25,"{'Signal', 'Traction', 'Engineering'}",{'TRACK'},0.09993941666666667,3,0.209,0.0,0.0
B000942,C069,L069-04,Sundarnagar,120.24,209.06,2026-09-03 22:30:00,2026-09-04 00:30:00,120,TRAFFIC_BLOCK,AVAILABLE,OHE_ISOLATION_REQUIRED;NO_HEAVY_MACHINE,OHE,OHE,Engineering;Signal;Traction,2,5116.78,HIGH,120.0,0.0,2026-09-03,"{'Signal', 'Traction', 'Engineering'}",{'OHE'},4.3225,26,1.0,0.0,0.0
B000943,C075,L075-06,Palaniganj,158.55,205.69,2026-09-19 23:00:00,2026-09-20 00:30:00,90,NIGHT_BLOCK,PROVISIONAL,TRACK_ISOLATION_REQUIRED;NIGHT_ONLY,TRACK_DOWN,TRACK,Traction,3,4454.74,HIGH,90.0,0.0,2026-09-19,{'Traction'},{'TRACK'},1.2316029999999998,18,0.809,0.0,0.0
B000944,C072,L072-05,Kaverihalli Cantt,100.49,145.21,2026-09-16 22:30:00,2026-09-17 01:30:00,180,EMERGENCY_BLOCK,AVAILABLE,TRACK_ISOLATION_REQUIRED;OHE_ISOLATION_REQUIRED;SIGNAL_ISOLATION_REQUIRED,TRACK_UP;OHE;SIGNALLING,ALL,Engineering;Signal;Traction,2,5007.7,MEDIUM,180.0,0.0,2026-09-16,"{'Signal', 'Traction', 'Engineering'}","{'TRACK', 'OHE', 'SIGNAL'}",0.8379719999999999,8,0.477,0.0,0.0
B000945,C069,L069-11,Kaverinagar,306.64,360.5,2026-10-06 10:30:00,2026-10-06 11:15:00,45,TRAFFIC_BLOCK,AVAILABLE,OHE_ISOLATION_REQUIRED;NO_HEAVY_MACHINE;LIMITED_ACCESS,OHE,OHE,Engineering;Signal;Traction,1,5986.92,HIGH,45.0,0.0,2026-10-06,"{'Signal', 'Traction', 'Engineering'}",{'OHE'},0.76609,8,0.83,0.0,0.0
B000946,C075,L075-06,Palaniganj,142.1,222.14,2026-09-27 09:00:00,2026-09-27 10:00:00,60,ROLLING_BLOCK,AVAILABLE,OHE_ISOLATION_REQUIRED;SIGNAL_ISOLATION_REQUIRED;LIMITED_ACCESS,OHE;SIGNALLING,OHE+SIGNAL,Signal;Traction,4,7765.01,HIGH,60.0,0.0,2026-09-27,"{'Signal', 'Traction'}","{'OHE', 'SIGNAL'}",0.11523633333333333,2,0.377,0.0,0.0
B000947,C195,L195-06,Devgarhnagar Jn,81.74,115.44,2026-09-19 14:30:00,2026-09-19 16:00:00,90,TRAFFIC_BLOCK,AVAILABLE,TRACK_ISOLATION_REQUIRED,TRACK_DOWN,TRACK,Engineering;Signal;Traction,4,9295.29,HIGH,90.0,0.0,2026-09-19,"{'Signal', 'Traction', 'Engineering'}",{'TRACK'},0.274725,3,0.444,0.0,0.0
B000948,C069,L069-04,Sundarnagar,139.24,190.06,2026-09-18 08:00:00,2026-09-18 12:00:00,240,TRAFFIC_BLOCK,AVAILABLE,SIGNAL_ISOLATION_REQUIRED,SIGNALLING,SIGNAL,Engineering;Signal;Traction,1,11708.0,HIGH,240.0,0.0,2026-09-18,"{'Signal', 'Traction', 'Engineering'}",{'SIGNAL'},8.803754666666666,16,0.904,0.0,0.0
B000950,C003,L003-05,Konkanabad,131.71,189.2,2026-09-08 10:30:00,2026-09-08 12:30:00,120,TRAFFIC_BLOCK,AVAILABLE,OHE_ISOLATION_REQUIRED;SIGNAL_ISOLATION_REQUIRED,OHE;SIGNALLING,OHE+SIGNAL,Engineering;Signal;Traction,2,5096.27,LOW,120.0,0.0,2026-09-08,"{'Signal', 'Traction', 'Engineering'}","{'OHE', 'SIGNAL'}",0.322218,4,0.351,0.0,0.0
B000952,C149,L149-05,Nilgirikot,100.49,182.05,2026-09-28 14:00:00,2026-09-28 16:00:00,120,CORRIDOR_BLOCK,AVAILABLE,TRACK_ISOLATION_REQUIRED;NO_HEAVY_MACHINE,TRACK_BOTH,TRACK,Engineering,2,8222.63,MEDIUM,120.0,0.0,2026-09-28,{'Engineering'},{'TRACK'},0.9866159999999998,6,0.579,0.0,0.0
B000953,C089,L089-05,Chitrapalli Road,219.49,297.29,2026-09-11 02:00:00,2026-09-11 02:45:00,45,NIGHT_BLOCK,AVAILABLE,TRACK_ISOLATION_REQUIRED;OHE_ISOLATION_REQUIRED;NO_HEAVY_MACHINE,TRACK_UP;OHE,TRACK+OHE,Engineering;Signal;Traction,4,3271.2,HIGH,45.0,0.0,2026-09-11,"{'Signal', 'Traction', 'Engineering'}","{'TRACK', 'OHE'}",1.5537525,15,0.929,0.0,0.0
B000954,C051,L051-08,Girnarnagar,133.74,212.8,2026-09-05 09:00:00,2026-09-05 10:30:00,90,TRAFFIC_BLOCK,AVAILABLE,TRACK_ISOLATION_REQUIRED,TRACK_DOWN,TRACK,Signal;Traction,3,9158.47,HIGH,90.0,0.0,2026-09-05,"{'Signal', 'Traction'}",{'TRACK'},0.085746,1,0.372,0.0,0.0
B000956,C009,L009-03,Gangapur Road,149.1,216.16,2026-09-25 19:00:00,2026-09-25 20:30:00,90,TRAFFIC_BLOCK,AVAILABLE,OHE_ISOLATION_REQUIRED;NO_HEAVY_MACHINE,OHE,OHE,Engineering;Signal;Traction,3,8821.31,HIGH,90.0,0.0,2026-09-25,"{'Signal', 'Traction', 'Engineering'}",{'OHE'},2.90875,13,1.0,0.0,0.0
B000957,C195,L195-01,Bharatgunj,9.24,34.64,2026-10-03 15:00:00,2026-10-03 16:30:00,90,TRAFFIC_BLOCK,AVAILABLE,TRACK_ISOLATION_REQUIRED;SIGNAL_ISOLATION_REQUIRED;NO_HEAVY_MACHINE,TRACK_BOTH;SIGNALLING,TRACK+SIGNAL,Signal,3,9443.15,HIGH,90.0,0.0,2026-10-03,{'Signal'},"{'TRACK', 'SIGNAL'}",0.6307805,7,0.458,0.0,0.0
B000958,C131,L131-03,Ashokhalli,96.78,143.34,2026-10-05 17:00:00,2026-10-05 18:00:00,60,TRAFFIC_BLOCK,AVAILABLE,TRACK_ISOLATION_REQUIRED;SIGNAL_ISOLATION_REQUIRED,TRACK_UP;SIGNALLING,TRACK+SIGNAL,Engineering;Traction,1,7781.16,HIGH,60.0,0.0,2026-10-05,"{'Traction', 'Engineering'}","{'TRACK', 'SIGNAL'}",0.5224733333333332,5,0.719,0.0,0.0
B000959,C187,L187-02,Haldigarh,0.0,36.8,2026-09-14 06:30:00,2026-09-14 08:00:00,90,TRAFFIC_BLOCK,AVAILABLE,TRACK_ISOLATION_REQUIRED;OHE_ISOLATION_REQUIRED,TRACK_BOTH;OHE,TRACK+OHE,Engineering;Signal;Traction,4,5846.41,MEDIUM,90.0,0.0,2026-09-14,"{'Signal', 'Traction', 'Engineering'}","{'TRACK', 'OHE'}",0.296476,4,0.332,0.0,0.0
B000962,C049,L049-07,Vindhyaganj Jn,134.03,242.83,2026-10-11 23:00:00,2026-10-12 00:30:00,90,NIGHT_BLOCK,AVAILABLE,TRACK_ISOLATION_REQUIRED;NIGHT_ONLY,TRACK_UP,TRACK,Engineering;Signal;Traction,3,3718.88,MEDIUM,90.0,0.0,2026-10-11,"{'Signal', 'Traction', 'Engineering'}",{'TRACK'},1.6148539166666667,25,0.947,0.0,0.0
B000963,C075,L075-06,Palaniganj,168.87,195.37,2026-09-25 23:30:00,2026-09-26 02:30:00,180,CORRIDOR_BLOCK,AVAILABLE,OHE_ISOLATION_REQUIRED,OHE,OHE,Signal,3,6586.82,HIGH,180.0,0.0,2026-09-25,{'Signal'},{'OHE'},2.485249,20,0.969,0.0,0.0
B000964,C195,L195-06,Devgarhnagar Jn,61.92,135.26,2026-09-28 07:30:00,2026-09-28 08:15:00,45,CORRIDOR_BLOCK,AVAILABLE,NO_HEAVY_MACHINE;LIMITED_ACCESS,TRACK_DOWN,NONE,Signal;Traction,3,7258.43,HIGH,45.0,0.0,2026-09-28,"{'Signal', 'Traction'}",set(),0.624996,9,0.643,0.0,0.0
B000965,C155,L155-09,Satpuraganj,16.69,82.6,2026-09-27 15:00:00,2026-09-27 16:00:00,60,TRAFFIC_BLOCK,AVAILABLE,TRACK_ISOLATION_REQUIRED;SIGNAL_ISOLATION_REQUIRED,TRACK_DOWN;SIGNALLING,TRACK+SIGNAL,Signal;Traction,2,6291.09,HIGH,60.0,0.0,2026-09-27,"{'Signal', 'Traction'}","{'TRACK', 'SIGNAL'}",0.11721300000000001,3,0.267,0.0,0.0
B000966,C013,L013-01,Satpurapur,0.0,27.07,2026-09-21 01:00:00,2026-09-21 01:45:00,45,CORRIDOR_BLOCK,AVAILABLE,TRACK_ISOLATION_REQUIRED;OHE_ISOLATION_REQUIRED;SIGNAL_ISOLATION_REQUIRED;NO_HEAVY_MACHINE,TRACK_BOTH;OHE;SIGNALLING,ALL,Engineering;Signal;Traction,5,2547.7,MEDIUM,45.0,0.0,2026-09-21,"{'Signal', 'Traction', 'Engineering'}","{'TRACK', 'OHE', 'SIGNAL'}",0.327973125,5,0.633,0.0,0.0
B000967,C089,L089-05,Chitrapalli Road,203.76,313.02,2026-10-15 17:00:00,2026-10-15 18:30:00,90,TRAFFIC_BLOCK,AVAILABLE,NO_HEAVY_MACHINE,LOOP_LINE,NONE,Signal;Traction,1,9743.57,HIGH,90.0,0.0,2026-10-15,"{'Signal', 'Traction'}",set(),0.54012525,10,0.789,0.0,0.0
B000969,C155,L155-06,Taptinagar Jn,0.0,77.84,2026-10-15 11:00:00,2026-10-15 12:30:00,90,TRAFFIC_BLOCK,AVAILABLE,TRACK_ISOLATION_REQUIRED;LIMITED_ACCESS,TRACK_BOTH,TRACK,Engineering;Signal;Traction,2,7184.29,HIGH,90.0,0.0,2026-10-15,"{'Signal', 'Traction', 'Engineering'}",{'TRACK'},0.5039875,10,0.507,1.0,3.0
B000970,C190,L190-05,Yamunapur,0.0,49.66,2026-09-11 10:30:00,2026-09-11 14:30:00,240,ROLLING_BLOCK,AVAILABLE,TRACK_ISOLATION_REQUIRED,TRACK_BOTH,TRACK,Engineering;Signal;Traction,4,9433.03,MEDIUM,240.0,0.0,2026-09-11,"{'Signal', 'Traction', 'Engineering'}",{'TRACK'},0.3795941666666667,4,0.412,0.0,0.0
B000971,C150,L150-09,Omkarpur Cantt,115.88,157.08,2026-10-09 16:30:00,2026-10-09 18:30:00,120,TRAFFIC_BLOCK,AVAILABLE,SIGNAL_ISOLATION_REQUIRED,SIGNALLING,SIGNAL,Signal,4,9267.48,HIGH,120.0,0.0,2026-10-09,{'Signal'},{'SIGNAL'},1.8387041666666666,22,1.0,0.0,0.0
B000972,C030,L030-04,Kanhahalli Jn,166.03,275.81,2026-10-10 13:00:00,2026-10-10 16:00:00,180,ROLLING_BLOCK,AVAILABLE,NONE,LOOP_LINE,NONE,Engineering;Signal;Traction,4,5936.73,MEDIUM,180.0,0.0,2026-10-10,"{'Signal', 'Traction', 'Engineering'}",set(),0.0,0,0.232,0.0,0.0
B000975,C086,L086-06,Rohtakgunj Road,152.71,204.45,2026-10-01 22:30:00,2026-10-01 23:30:00,60,TRAFFIC_BLOCK,AVAILABLE,OHE_ISOLATION_REQUIRED;SIGNAL_ISOLATION_REQUIRED,OHE;SIGNALLING,OHE+SIGNAL,Engineering;Signal;Traction,4,4025.66,HIGH,60.0,0.0,2026-10-01,"{'Signal', 'Traction', 'Engineering'}","{'OHE', 'SIGNAL'}",0.8368359999999999,8,0.847,0.0,0.0
B000976,C153,L153-09,Konkannagar Jn,84.84,110.5,2026-09-30 07:00:00,2026-09-30 09:00:00,120,CORRIDOR_BLOCK,PROVISIONAL,OHE_ISOLATION_REQUIRED;NO_HEAVY_MACHINE,OHE,OHE,Engineering;Signal;Traction,1,8936.96,HIGH,120.0,0.0,2026-09-30,"{'Signal', 'Traction', 'Engineering'}",{'OHE'},0.0,0,0.336,0.0,0.0
B000977,C020,L020-01,Lalitabad Jn,27.64,84.2,2026-09-23 23:30:00,2026-09-24 03:30:00,240,CORRIDOR_BLOCK,AVAILABLE,TRACK_ISOLATION_REQUIRED,TRACK_BOTH,TRACK,Engineering;Signal;Traction,2,7909.16,MEDIUM,240.0,0.0,2026-09-23,"{'Signal', 'Traction', 'Engineering'}",{'TRACK'},0.2648566666666667,2,0.5,0.0,0.0
B000978,C114,L114-02,Rohtakhalli Cantt,70.94,123.26,2026-09-24 23:00:00,2026-09-25 00:30:00,90,NIGHT_BLOCK,AVAILABLE,NONE,LOOP_LINE,NONE,Signal,1,3808.44,MEDIUM,90.0,0.0,2026-09-24,{'Signal'},set(),0.35708549999999994,6,0.579,0.0,0.0
B000979,C153,L153-09,Konkannagar Jn,43.85,128.9,2026-09-10 22:30:00,2026-09-10 23:15:00,45,CORRIDOR_BLOCK,AVAILABLE,TRACK_ISOLATION_REQUIRED;NO_HEAVY_MACHINE,TRACK_DOWN,TRACK,Engineering,3,2508.34,HIGH,45.0,0.0,2026-09-10,{'Engineering'},{'TRACK'},0.28697500000000004,4,0.65,0.0,0.0
B000981,C176,L176-06,Girnarabad Jn,49.38,144.0,2026-09-10 11:00:00,2026-09-10 11:45:00,45,TRAFFIC_BLOCK,AVAILABLE,TRACK_ISOLATION_REQUIRED;OHE_ISOLATION_REQUIRED;NO_HEAVY_MACHINE,TRACK_UP;OHE,TRACK+OHE,Signal;Traction,3,6555.38,HIGH,45.0,0.0,2026-09-10,"{'Signal', 'Traction'}","{'TRACK', 'OHE'}",0.265227,4,0.633,0.0,0.0
B000982,C048,L048-03,Taranagar Cantt,0.0,106.68,2026-10-03 16:30:00,2026-10-03 18:00:00,90,ROLLING_BLOCK,AVAILABLE,SIGNAL_ISOLATION_REQUIRED,SIGNALLING,SIGNAL,Engineering;Signal;Traction,5,5772.22,MEDIUM,90.0,0.0,2026-10-03,"{'Signal', 'Traction', 'Engineering'}",{'SIGNAL'},0.048251,2,0.113,0.0,0.0
B000983,C009,L009-03,Gangapur Road,150.09,215.17,2026-09-26 10:00:00,2026-09-26 13:00:00,180,TRAFFIC_BLOCK,AVAILABLE,TRACK_ISOLATION_REQUIRED,TRACK_UP,TRACK,Engineering;Signal,5,11253.51,HIGH,180.0,0.0,2026-09-26,"{'Signal', 'Engineering'}",{'TRACK'},0.684006,5,0.532,0.0,0.0
B000984,C169,L169-02,Chandrapur,18.44,123.1,2026-09-01 00:30:00,2026-09-01 01:15:00,45,NIGHT_BLOCK,AVAILABLE,OHE_ISOLATION_REQUIRED;NO_HEAVY_MACHINE,OHE,OHE,Engineering;Signal;Traction,1,2355.02,MEDIUM,45.0,0.0,2026-09-01,"{'Signal', 'Traction', 'Engineering'}",{'OHE'},0.25363149999999995,4,0.563,0.0,0.0
B000985,C145,L145-02,Tarakot,77.05,174.35,2026-09-02 00:30:00,2026-09-02 02:00:00,90,NIGHT_BLOCK,AVAILABLE,OHE_ISOLATION_REQUIRED;LIMITED_ACCESS,OHE,OHE,Engineering;Signal;Traction,3,3633.71,MEDIUM,90.0,0.0,2026-09-02,"{'Signal', 'Traction', 'Engineering'}",{'OHE'},0.52503,5,0.473,0.0,0.0
B000986,C040,L040-02,Jaisalkot,0.0,64.52,2026-09-09 14:30:00,2026-09-09 15:30:00,60,TRAFFIC_BLOCK,AVAILABLE,TRACK_ISOLATION_REQUIRED;SIGNAL_ISOLATION_REQUIRED,TRACK_DOWN;SIGNALLING,TRACK+SIGNAL,Engineering;Signal;Traction,4,6324.35,MEDIUM,60.0,0.0,2026-09-09,"{'Signal', 'Traction', 'Engineering'}","{'TRACK', 'SIGNAL'}",0.14731499999999997,3,0.345,0.0,0.0
B000987,C145,L145-02,Tarakot,99.61,151.79,2026-09-10 01:30:00,2026-09-10 03:00:00,90,TRAFFIC_BLOCK,PROVISIONAL,OHE_ISOLATION_REQUIRED;NO_HEAVY_MACHINE,OHE,OHE,Engineering;Signal;Traction,4,3149.13,MEDIUM,90.0,0.0,2026-09-10,"{'Signal', 'Traction', 'Engineering'}",{'OHE'},0.946176,6,0.704,0.0,0.0
B000988,C164,L164-05,Devgarhkheda Jn,153.7,217.9,2026-09-30 09:00:00,2026-09-30 10:30:00,90,TRAFFIC_BLOCK,AVAILABLE,SIGNAL_ISOLATION_REQUIRED;NO_HEAVY_MACHINE,SIGNALLING,SIGNAL,Engineering;Signal,4,8083.55,HIGH,90.0,0.0,2026-09-30,"{'Signal', 'Engineering'}",{'SIGNAL'},1.7084375,10,0.781,0.0,0.0
B000989,C076,L076-07,Malwapalli Cantt,317.26,396.04,2026-10-07 23:00:00,2026-10-08 00:00:00,60,NIGHT_BLOCK,AVAILABLE,NIGHT_ONLY;NO_HEAVY_MACHINE,TRACK_UP,NONE,Engineering;Signal;Traction,1,1730.43,MEDIUM,60.0,0.0,2026-10-07,"{'Signal', 'Traction', 'Engineering'}",set(),0.05390083333333333,1,0.355,0.0,0.0
B000990,C136,L136-14,Sabarabad Road,162.52,194.5,2026-09-04 14:30:00,2026-09-04 15:30:00,60,TRAFFIC_BLOCK,AVAILABLE,OHE_ISOLATION_REQUIRED;SIGNAL_ISOLATION_REQUIRED,OHE;SIGNALLING,OHE+SIGNAL,Engineering;Signal;Traction,3,7168.43,HIGH,60.0,0.0,2026-09-04,"{'Signal', 'Traction', 'Engineering'}","{'OHE', 'SIGNAL'}",0.11413333333333334,4,0.2,0.0,0.0
B000991,C069,L069-04,Sundarnagar,144.58,184.72,2026-09-11 19:00:00,2026-09-11 22:00:00,180,TRAFFIC_BLOCK,AVAILABLE,TRACK_ISOLATION_REQUIRED;OHE_ISOLATION_REQUIRED;SIGNAL_ISOLATION_REQUIRED,TRACK_UP;OHE;SIGNALLING,ALL,Signal;Traction,4,10653.61,HIGH,180.0,0.0,2026-09-11,"{'Signal', 'Traction'}","{'TRACK', 'OHE', 'SIGNAL'}",5.2195,11,1.0,1.0,3.0
B000992,C111,L111-04,Krishnanagar Cantt,44.49,139.95,2026-10-10 13:00:00,2026-10-10 17:00:00,240,CORRIDOR_BLOCK,AVAILABLE,TRACK_ISOLATION_REQUIRED;NO_HEAVY_MACHINE,TRACK_BOTH,TRACK,Signal,5,11010.25,MEDIUM,240.0,0.0,2026-10-10,{'Signal'},{'TRACK'},0.142576,1,0.266,0.0,0.0
B000993,C085,L085-09,Shantigarh Cantt,149.05,197.0,2026-10-11 02:30:00,2026-10-11 06:30:00,240,TRAFFIC_BLOCK,AVAILABLE,TRACK_ISOLATION_REQUIRED;SIGNAL_ISOLATION_REQUIRED;NO_ELECTRICAL_WORK,TRACK_DOWN;SIGNALLING,TRACK+SIGNAL,Engineering,1,9109.48,HIGH,240.0,0.0,2026-10-11,{'Engineering'},"{'TRACK', 'SIGNAL'}",3.598978166666667,14,0.623,0.0,0.0
B000994,C005,L005-12,Udaykheda Cantt,131.8,165.7,2026-09-19 15:00:00,2026-09-19 15:45:00,45,TRAFFIC_BLOCK,AVAILABLE,OHE_ISOLATION_REQUIRED;NO_HEAVY_MACHINE,OHE,OHE,Engineering;Signal;Traction,1,5296.93,HIGH,45.0,0.0,2026-09-19,"{'Signal', 'Traction', 'Engineering'}",{'OHE'},0.0,0,0.215,0.0,0.0
B000995,C176,L176-06,Girnarabad Jn,54.33,139.05,2026-09-11 23:00:00,2026-09-12 01:00:00,120,CORRIDOR_BLOCK,AVAILABLE,OHE_ISOLATION_REQUIRED;SIGNAL_ISOLATION_REQUIRED,OHE;SIGNALLING,OHE+SIGNAL,Engineering,4,5417.96,HIGH,120.0,0.0,2026-09-11,{'Engineering'},"{'OHE', 'SIGNAL'}",1.3035475,12,0.771,0.0,0.0
B000996,C069,L069-11,Kaverinagar,307.65,359.49,2026-09-14 18:00:00,2026-09-14 19:00:00,60,ROLLING_BLOCK,PROVISIONAL,OHE_ISOLATION_REQUIRED,OHE,OHE,Engineering;Signal;Traction,1,6764.73,HIGH,60.0,0.0,2026-09-14,"{'Signal', 'Traction', 'Engineering'}",{'OHE'},1.5751666666666666,13,1.0,1.0,3.0
B000997,C124,L124-01,Chandrakot Road,22.61,90.05,2026-09-09 15:00:00,2026-09-09 16:30:00,90,TRAFFIC_BLOCK,AVAILABLE,TRACK_ISOLATION_REQUIRED;NO_HEAVY_MACHINE;LIMITED_ACCESS,TRACK_UP,TRACK,Engineering;Signal;Traction,2,5948.62,MEDIUM,90.0,0.0,2026-09-09,"{'Signal', 'Traction', 'Engineering'}",{'TRACK'},0.0,0,0.142,0.0,0.0
B000998,C128,L128-05,Haldigarh,64.28,145.8,2026-09-05 14:30:00,2026-09-05 15:30:00,60,CORRIDOR_BLOCK,AVAILABLE,TRACK_ISOLATION_REQUIRED;OHE_ISOLATION_REQUIRED;SIGNAL_ISOLATION_REQUIRED;LIMITED_ACCESS,TRACK_UP;OHE;SIGNALLING,ALL,Engineering;Signal;Traction,3,6212.64,HIGH,60.0,0.0,2026-09-05,"{'Signal', 'Traction', 'Engineering'}","{'TRACK', 'OHE', 'SIGNAL'}",0.0,0,0.287,0.0,0.0
B000999,C018,L018-03,Indraabad Cantt,35.5,117.68,2026-10-11 02:30:00,2026-10-11 04:30:00,120,NIGHT_BLOCK,AVAILABLE,OHE_ISOLATION_REQUIRED;SIGNAL_ISOLATION_REQUIRED;NIGHT_ONLY,OHE;SIGNALLING,OHE+SIGNAL,Engineering;Signal;Traction,3,5219.28,HIGH,120.0,0.0,2026-10-11,"{'Signal', 'Traction', 'Engineering'}","{'OHE', 'SIGNAL'}",2.726901333333333,14,0.619,1.0,3.0
B001000,C094,L094-08,Pushkarnagar Jn,205.3,264.7,2026-09-20 02:30:00,2026-09-20 05:30:00,180,CORRIDOR_BLOCK,AVAILABLE,TRACK_ISOLATION_REQUIRED;NO_ELECTRICAL_WORK,TRACK_UP,TRACK,Engineering;Traction,4,6143.62,MEDIUM,180.0,0.0,2026-09-20,"{'Traction', 'Engineering'}",{'TRACK'},1.448818,7,0.433,0.0,0.0
