task_id,block_id,scheduled_start,scheduled_end,estimated_duration_minutes,required_resources,resource_count,max_resources,priority_score,priority_class,final_score
TMS-000370,B000114,2026-09-01 00:30:00,2026-09-01 03:10:00,160,Track_Team_12,1,5,0.4621,MEDIUM,0.7540639575904078
SMMS-000323,B000114,2026-09-01 00:30:00,2026-09-01 01:20:00,50,Signal_Team_12,1,5,0.2782,LOW,0.6072272909237411
SMMS-002682,B000114,2026-09-01 00:30:00,2026-09-01 01:45:00,75,Signal_Team_11,1,5,0.2588,LOW,0.6222406242570744
TDMS-001409,B000114,2026-09-01 00:30:00,2026-09-01 01:35:00,65,OHE_Team_11,1,5,0.1273,LOW,0.5744572909237411
TMS-002487,B000984,2026-09-01 00:30:00,2026-09-01 01:15:00,45,Track_Team_01,1,1,0.1996,LOW,0.6482049267845573
TDMS-002726,B000114,2026-09-01 01:35:00,2026-09-01 03:15:00,100,OHE_Team_11,1,5,0.0762,LOW,0.5882939575904078
SMMS-000112,B000114,2026-09-01 01:45:00,2026-09-01 03:05:00,80,Signal_Team_11,1,5,0.3283,LOW,0.6472572909237411
SMMS-002484,B000058,2026-09-01 02:00:00,2026-09-01 04:30:00,150,Signal_Team_13,1,5,0.8273,CRITICAL,0.6722261712646893
SMMS-002775,B000058,2026-09-01 02:00:00,2026-09-01 04:05:00,125,Signal_Team_14,1,5,0.8922,CRITICAL,0.6760711712646894
TDMS-002408,B000058,2026-09-01 02:00:00,2026-09-01 05:35:00,215,OHE_Team_14;Tower_Wagon_02,2,5,0.8047,CRITICAL,0.6860711712646892
TMS-001894,B000058,2026-09-01 02:00:00,2026-09-01 05:15:00,195,Track_Team_14,1,5,0.84,CRITICAL,0.7041611712646894
SMMS-002693,B000069,2026-09-01 02:00:00,2026-09-01 03:20:00,80,Signal_Team_22,1,4,0.6599,HIGH,0.7333699889796488
SMMS-002158,B000120,2026-09-01 02:00:00,2026-09-01 03:50:00,110,Signal_Team_10,1,5,0.5595,MEDIUM,0.7204088993491045
TMS-001705,B000069,2026-09-01 02:00:00,2026-09-01 04:40:00,160,Track_Team_21;Tamping_Machine_04,2,4,0.6254,MEDIUM,0.7646866556463154
SMMS-002124,B000069,2026-09-01 02:00:00,2026-09-01 02:45:00,45,Signal_Team_21,1,4,0.3155,LOW,0.6008833223129821
TDMS-000218,B000120,2026-09-01 02:00:00,2026-09-01 03:50:00,110,OHE_Team_10,1,5,0.2293,LOW,0.6213488993491045
TDMS-000562,B000120,2026-09-01 02:00:00,2026-09-01 03:10:00,70,OHE_Team_09,1,5,0.1631,LOW,0.5681555660157711
TMS-001079,B000120,2026-09-01 02:00:00,2026-09-01 04:20:00,140,Track_Team_10,1,5,0.3713,LOW,0.6889488993491046
TMS-003820,B000276,2026-09-01 02:00:00,2026-09-01 02:45:00,45,Track_Team_15,1,1,0.4013,LOW,0.6156777632389892
SMMS-000742,B000120,2026-09-01 02:10:00,2026-09-01 04:40:00,150,Signal_Team_09,1,5,0.5548,MEDIUM,0.7523322326824378
TMS-002858,B000728,2026-09-01 02:30:00,2026-09-01 02:55:00,25,Track_Team_11,1,2,0.2997,LOW,0.5929624561787646
SMMS-000828,B000069,2026-09-01 02:45:00,2026-09-01 03:55:00,70,Signal_Team_21,1,4,0.692,HIGH,0.7346666556463155
TMS-003167,B000276,2026-09-01 02:45:00,2026-09-01 03:15:00,30,Track_Team_15,1,1,0.4402,MEDIUM,0.6023477632389891
TDMS-000418,B000120,2026-09-01 03:10:00,2026-09-01 04:00:00,50,OHE_Team_09,1,5,0.5186,MEDIUM,0.6581388993491044
TMS-000225,B000728,2026-09-01 03:10:00,2026-09-01 03:55:00,45,Track_Team_12,1,2,0.135,LOW,0.5685524561787646
SMMS-002103,B000069,2026-09-01 03:20:00,2026-09-01 04:10:00,50,Signal_Team_22,1,4,0.5209,MEDIUM,0.6666699889796488
SMMS-002542,B000120,2026-09-01 03:50:00,2026-09-01 04:35:00,45,Signal_Team_10,1,5,0.4589,MEDIUM,0.6360622326824379
SMMS-000634,B000069,2026-09-01 03:55:00,2026-09-01 04:40:00,45,Signal_Team_21,1,4,0.5383,MEDIUM,0.6677233223129821
TDMS-000978,B000120,2026-09-01 03:55:00,2026-09-01 04:50:00,55,OHE_Team_10,1,5,0.2126,LOW,0.5705055660157712
TMS-003424,B000728,2026-09-01 03:55:00,2026-09-01 04:25:00,30,Track_Team_12,1,2,0.1176,LOW,0.5445824561787647
TMS-002792,B000058,2026-09-01 04:05:00,2026-09-01 05:55:00,110,Track_Team_13,1,5,0.8412,CRITICAL,0.6513961712646892
SMMS-002990,B000069,2026-09-01 04:10:00,2026-09-01 04:45:00,35,Signal_Team_22,1,4,0.3061,LOW,0.5897299889796488
TMS-000933,B000120,2026-09-01 04:20:00,2026-09-01 05:00:00,40,Track_Team_10;Tamping_Machine_02,2,5,0.1595,LOW,0.5220755660157712
SMMS-002691,B000058,2026-09-01 04:30:00,2026-09-01 05:45:00,75,Signal_Team_14,1,5,0.6638,HIGH,0.5763011712646893
TDMS-002493,B000058,2026-09-01 05:15:00,2026-09-01 05:55:00,40,OHE_Team_13,1,5,0.6812,HIGH,0.5596461712646894
TDMS-000803,B000502,2026-09-01 11:00:00,2026-09-01 11:45:00,45,OHE_Team_01,1,1,0.0686,LOW,0.48164841706053985
TDMS-000599,B000502,2026-09-01 11:45:00,2026-09-01 12:30:00,45,OHE_Team_02,1,1,0.1058,LOW,0.4928084170605398
TMS-000102,B000230,2026-09-01 13:00:00,2026-09-01 14:50:00,110,Track_Team_18,1,3,0.086,LOW,0.5982135309017449
TMS-000230,B000230,2026-09-01 13:00:00,2026-09-01 14:25:00,85,Track_Team_17,1,3,0.15,LOW,0.5965801975684116
SMMS-000373,B000262,2026-09-01 14:00:00,2026-09-01 14:45:00,45,Signal_Team_01,1,4,0.4233,LOW,0.6716741864486431
SMMS-001908,B000262,2026-09-01 14:00:00,2026-09-01 14:30:00,30,Signal_Team_02,1,4,0.3253,LOW,0.6172741864486431
TMS-001204,B000349,2026-09-01 14:25:00,2026-09-01 15:25:00,60,Track_Team_17,1,2,0.1155,LOW,0.5514930931624908
SMMS-001608,B000413,2026-09-01 14:30:00,2026-09-01 16:05:00,95,Signal_Team_09,1,1,0.4922,MEDIUM,0.6780374218555822
SMMS-002400,B000262,2026-09-01 14:30:00,2026-09-01 15:05:00,35,Signal_Team_02,1,4,0.4961,MEDIUM,0.6768475197819763
TDMS-000944,B000875,2026-09-01 14:30:00,2026-09-01 15:20:00,50,OHE_Team_02,1,3,0.4775,MEDIUM,0.6623865519661614
TDMS-002639,B000875,2026-09-01 14:30:00,2026-09-01 15:10:00,40,OHE_Team_01,1,3,0.5837,MEDIUM,0.6817465519661614
SMMS-000406,B000262,2026-09-01 14:45:00,2026-09-01 15:20:00,35,Signal_Team_01,1,4,0.403,LOW,0.6489175197819765
TMS-003189,B000230,2026-09-01 14:50:00,2026-09-01 15:40:00,50,Track_Team_18,1,3,0.1001,LOW,0.5524435309017449
TDMS-000550,B000875,2026-09-01 15:10:00,2026-09-01 15:50:00,40,OHE_Team_01;Tower_Wagon_04,2,3,0.6398,MEDIUM,0.6652432186328281
TDMS-001737,B000875,2026-09-01 15:20:00,2026-09-01 15:55:00,35,OHE_Team_02,1,3,0.5099,MEDIUM,0.6533565519661614
TDMS-001315,B000875,2026-09-01 15:50:00,2026-09-01 16:25:00,35,OHE_Team_01,1,3,0.4155,LOW,0.6250365519661614
TDMS-000314,B000875,2026-09-01 15:55:00,2026-09-01 16:30:00,35,OHE_Team_02,1,3,0.4926,MEDIUM,0.6481665519661614
SMMS-001195,B000413,2026-09-01 16:05:00,2026-09-01 16:30:00,25,Signal_Team_09,1,1,0.182,LOW,0.4974774218555822
TDMS-002620,B000714,2026-09-01 17:00:00,2026-09-01 18:55:00,115,OHE_Team_17,1,5,0.7109,HIGH,0.7752732333508445
TDMS-002670,B000714,2026-09-01 17:00:00,2026-09-01 18:55:00,115,OHE_Team_18,1,5,0.7628,HIGH,0.7908432333508444
TMS-001762,B000714,2026-09-01 17:00:00,2026-09-01 18:50:00,110,Track_Team_18;Rail_Grinder_04,2,5,0.629,MEDIUM,0.7244532333508444
TMS-002608,B000714,2026-09-01 17:00:00,2026-09-01 18:10:00,70,Track_Team_17,1,5,0.6341,MEDIUM,0.6959832333508444
TDMS-000549,B000280,2026-09-01 18:00:00,2026-09-01 19:00:00,60,OHE_Team_19,1,2,0.3496,LOW,0.722646537264324
TMS-003046,B000623,2026-09-01 23:00:00,2026-09-02 01:35:00,155,Track_Team_08;Tamping_Machine_04,2,3,0.6659,HIGH,0.6666368911615052
TMS-003180,B000623,2026-09-01 23:10:00,2026-09-02 02:25:00,195,Track_Team_07,1,3,0.6852,HIGH,0.7307602244948386
TMS-000576,B000868,2026-09-02 00:30:00,2026-09-02 01:20:00,50,Track_Team_11,1,4,0.544,MEDIUM,0.7460065527892508
TMS-001276,B000868,2026-09-02 00:30:00,2026-09-02 01:20:00,50,Track_Team_12,1,4,0.4591,MEDIUM,0.7205365527892507
TDMS-001807,B000985,2026-09-02 00:30:00,2026-09-02 01:20:00,50,OHE_Team_02;Tower_Wagon_06,2,3,0.1711,LOW,0.5886701466653403
TDMS-000835,B000260,2026-09-02 01:00:00,2026-09-02 02:15:00,75,OHE_Team_24,1,1,0.6798,HIGH,0.5981407656412582
SMMS-002487,B000132,2026-09-02 01:00:00,2026-09-02 02:25:00,85,Signal_Team_20,1,6,0.1078,LOW,0.5055559198850809
TDMS-000123,B000132,2026-09-02 01:00:00,2026-09-02 03:15:00,135,OHE_Team_20,1,6,0.3112,LOW,0.5978259198850808
TDMS-001835,B000132,2026-09-02 01:00:00,2026-09-02 01:40:00,40,OHE_Team_19,1,6,0.3844,LOW,0.5604109198850808
TMS-003458,B000132,2026-09-02 01:00:00,2026-09-02 01:40:00,40,Track_Team_19,1,6,0.0559,LOW,0.4618609198850808
TMS-001027,B000868,2026-09-02 01:20:00,2026-09-02 01:50:00,30,Track_Team_11,1,4,0.6119,MEDIUM,0.7330432194559173
TMS-003810,B000868,2026-09-02 01:20:00,2026-09-02 02:00:00,40,Track_Team_12;Inspection_Unit_08,2,4,0.4004,LOW,0.661259886122584
TMS-003936,B000623,2026-09-02 01:35:00,2026-09-02 02:10:00,35,Track_Team_08,1,3,0.239,LOW,0.4969002244948385
TDMS-000552,B000132,2026-09-02 01:40:00,2026-09-02 02:20:00,40,OHE_Team_19,1,6,0.1689,LOW,0.49576091988508086
SMMS-000594,B000556,2026-09-02 02:00:00,2026-09-02 03:50:00,110,Signal_Team_07,1,5,0.7,HIGH,0.757477940644433
SMMS-000880,B000556,2026-09-02 02:00:00,2026-09-02 03:30:00,90,Signal_Team_08,1,5,0.7672,HIGH,0.7609712739777663
TMS-001622,B000032,2026-09-02 02:00:00,2026-09-02 05:50:00,230,Track_Team_19,1,5,0.4763,MEDIUM,0.7651618839876437
SMMS-000189,B000032,2026-09-02 02:00:00,2026-09-02 03:20:00,80,Signal_Team_19,1,5,0.3494,LOW,0.6333418839876437
TDMS-001281,B000556,2026-09-02 02:00:00,2026-09-02 02:25:00,25,OHE_Team_07;Tower_Wagon_07,2,5,0.368,LOW,0.5670446073110997
TMS-000966,B000032,2026-09-02 02:00:00,2026-09-02 05:05:00,185,Track_Team_20,1,5,0.3433,LOW,0.6971368839876437
TMS-003797,B000556,2026-09-02 02:10:00,2026-09-02 05:00:00,170,Track_Team_08,1,5,0.6835,HIGH,0.802527940644433
TDMS-002019,B000260,2026-09-02 02:15:00,2026-09-02 03:30:00,75,OHE_Team_24,1,1,0.7568,HIGH,0.6212407656412582
TDMS-000979,B000032,2026-09-02 02:20:00,2026-09-02 04:35:00,135,OHE_Team_19,1,5,0.1921,LOW,0.6205268839876437
TMS-000262,B000556,2026-09-02 02:25:00,2026-09-02 04:50:00,145,Track_Team_07;Crane_04,2,5,0.7735,HIGH,0.7886946073110996
SMMS-000138,B000032,2026-09-02 02:25:00,2026-09-02 03:40:00,75,Signal_Team_20,1,5,0.6128,MEDIUM,0.7092368839876437
SMMS-002490,B000132,2026-09-02 03:20:00,2026-09-02 04:45:00,85,Signal_Team_19,1,6,0.3763,LOW,0.5861059198850808
TDMS-001773,B000032,2026-09-02 03:20:00,2026-09-02 05:00:00,100,OHE_Team_20,1,5,0.1727,LOW,0.5928318839876436
SMMS-001802,B000556,2026-09-02 03:30:00,2026-09-02 04:55:00,85,Signal_Team_08,1,5,0.7625,HIGH,0.7553946073110998
TDMS-000486,B000260,2026-09-02 03:30:00,2026-09-02 03:55:00,25,OHE_Team_23,1,1,0.5932,MEDIUM,0.5304940989745914
SMMS-001605,B000032,2026-09-02 03:40:00,2026-09-02 04:20:00,40,Signal_Team_20,1,5,0.3725,LOW,0.6152718839876437
SMMS-002511,B000556,2026-09-02 03:50:00,2026-09-02 04:40:00,50,Signal_Team_07,1,5,0.5883,MEDIUM,0.673967940644433
TDMS-002838,B000132,2026-09-02 04:35:00,2026-09-02 05:00:00,25,OHE_Team_19,1,6,0.1852,LOW,0.4912759198850808
SMMS-000374,B000032,2026-09-02 04:45:00,2026-09-02 05:40:00,55,Signal_Team_19,1,5,0.5574,MEDIUM,0.6801168839876437
TMS-000139,B000795,2026-09-02 10:00:00,2026-09-02 12:10:00,130,Track_Team_10,1,3,0.4322,MEDIUM,0.706630254228261
TMS-000532,B000694,2026-09-02 10:00:00,2026-09-02 10:45:00,45,Track_Team_22,1,5,0.4446,MEDIUM,0.6698109886989512
TMS-001214,B000694,2026-09-02 10:00:00,2026-09-02 10:45:00,45,Track_Team_21,1,5,0.3592,LOW,0.6441909886989512
TMS-003898,B000795,2026-09-02 10:00:00,2026-09-02 10:35:00,35,Track_Team_09,1,3,0.0909,LOW,0.5250735875615943
TMS-002198,B000795,2026-09-02 10:35:00,2026-09-02 13:00:00,145,Track_Team_09,1,3,0.4089,LOW,0.712140254228261
TMS-002032,B000694,2026-09-02 10:45:00,2026-09-02 11:20:00,35,Track_Team_21,1,5,0.4411,MEDIUM,0.6520943220322846
TMS-003079,B000694,2026-09-02 10:55:00,2026-09-02 11:20:00,25,Track_Team_22,1,5,0.4458,MEDIUM,0.6368376553656179
TMS-002333,B000457,2026-09-02 11:00:00,2026-09-02 13:35:00,155,Track_Team_05,1,1,0.2864,LOW,0.6095571697777045
TMS-000030,B000795,2026-09-02 12:10:00,2026-09-02 12:45:00,35,Track_Team_10,1,3,0.3589,LOW,0.6054735875615943
TDMS-001182,B000789,2026-09-02 14:00:00,2026-09-02 14:30:00,30,OHE_Team_13,1,3,0.4861,MEDIUM,0.7390441369402297
TMS-001818,B000773,2026-09-02 15:00:00,2026-09-02 15:45:00,45,Track_Team_21,1,1,0.4802,MEDIUM,0.6132957501374369
TMS-001080,B000773,2026-09-02 15:45:00,2026-09-02 16:20:00,35,Track_Team_22,1,1,0.4663,MEDIUM,0.5924590834707703
TMS-003865,B000149,2026-09-02 19:00:00,2026-09-02 21:00:00,120,Track_Team_09,1,4,0.689,HIGH,0.8030182032527182
TDMS-000686,B000149,2026-09-02 19:00:00,2026-09-02 20:00:00,60,OHE_Team_09,1,4,0.4444,MEDIUM,0.6546382032527183
TDMS-002444,B000149,2026-09-02 19:05:00,2026-09-02 19:55:00,50,OHE_Team_10,1,4,0.477,MEDIUM,0.6519182032527182
TDMS-002871,B000149,2026-09-02 19:55:00,2026-09-02 21:00:00,65,OHE_Team_10,1,4,0.4859,MEDIUM,0.6733382032527182
TDMS-001922,B000149,2026-09-02 20:00:00,2026-09-02 20:55:00,55,OHE_Team_09,1,4,0.5434,MEDIUM,0.6780882032527182
SMMS-000698,B000707,2026-09-02 22:30:00,2026-09-03 00:45:00,135,Signal_Team_13;Signal_Test_Unit_03,2,2,0.7137,HIGH,0.7066197920103826
SMMS-002551,B000707,2026-09-03 00:45:00,2026-09-03 01:30:00,45,Signal_Team_13,1,2,0.4553,MEDIUM,0.6040997920103827
SMMS-002898,B000707,2026-09-03 00:45:00,2026-09-03 01:30:00,45,Signal_Team_14,1,2,0.4784,MEDIUM,0.6110297920103827
SMMS-000786,B000138,2026-09-03 01:30:00,2026-09-03 03:15:00,105,Signal_Team_07,1,5,0.8306,CRITICAL,0.70936126458115
TMS-002680,B000138,2026-09-03 01:30:00,2026-09-03 05:20:00,230,Track_Team_08,1,5,0.7923,CRITICAL,0.77599626458115
SMMS-001043,B000138,2026-09-03 01:30:00,2026-09-03 03:25:00,115,Signal_Team_08;Signal_Test_Unit_04,2,5,0.751,HIGH,0.67173126458115
TMS-000405,B000138,2026-09-03 01:30:00,2026-09-03 03:15:00,105,Track_Team_07,1,5,0.7154,HIGH,0.6748012645811501
SMMS-000334,B000111,2026-09-03 02:00:00,2026-09-03 03:30:00,90,Signal_Team_06,1,6,0.6982,HIGH,0.7781684779115949
TDMS-001144,B000111,2026-09-03 02:00:00,2026-09-03 03:10:00,70,OHE_Team_05,1,6,0.1312,LOW,0.5914018112449283
TDMS-001531,B000111,2026-09-03 02:00:00,2026-09-03 04:05:00,125,OHE_Team_06,1,6,0.3545,LOW,0.7042251445782616
TMS-000220,B000111,2026-09-03 02:00:00,2026-09-03 04:00:00,120,Track_Team_05;Tamping_Machine_01,2,6,0.1565,LOW,0.6239918112449283
TMS-002241,B000111,2026-09-03 02:00:00,2026-09-03 05:00:00,180,Track_Team_06,1,6,0.2613,LOW,0.722098477911595
SMMS-001087,B000599,2026-09-03 02:40:00,2026-09-03 04:20:00,100,Signal_Team_05,1,5,0.4937,MEDIUM,0.7506569960434082
TDMS-001914,B000111,2026-09-03 03:10:00,2026-09-03 05:00:00,110,OHE_Team_05,1,6,0.1645,LOW,0.6347251445782617
TDMS-001342,B000138,2026-09-03 03:15:00,2026-09-03 04:30:00,75,OHE_Team_08,1,5,0.4376,MEDIUM,0.5727112645811501
TDMS-002038,B000138,2026-09-03 03:15:00,2026-09-03 04:20:00,65,OHE_Team_07,1,5,0.5126,MEDIUM,0.5889612645811502
SMMS-002783,B000138,2026-09-03 03:25:00,2026-09-03 05:15:00,110,Signal_Team_08,1,5,0.8728,CRITICAL,0.7251462645811502
SMMS-001268,B000138,2026-09-03 03:25:00,2026-09-03 04:30:00,65,Signal_Team_07,1,5,0.6552,MEDIUM,0.63174126458115
TDMS-002647,B000111,2026-09-03 04:05:00,2026-09-03 04:55:00,50,OHE_Team_06,1,6,0.1453,LOW,0.5789651445782616
TDMS-002009,B000138,2026-09-03 04:20:00,2026-09-03 05:05:00,45,OHE_Team_07,1,5,0.4762,MEDIUM,0.5655412645811502
SMMS-000805,B000111,2026-09-03 04:20:00,2026-09-03 04:55:00,35,Signal_Team_05,1,6,0.4139,LOW,0.6470451445782617
SMMS-002202,B000138,2026-09-03 04:30:00,2026-09-03 05:30:00,60,Signal_Team_07,1,5,0.5691,MEDIUM,0.6027862645811501
TDMS-001351,B000138,2026-09-03 04:30:00,2026-09-03 05:20:00,50,OHE_Team_08,1,5,0.3777,LOW,0.53911626458115
SMMS-000755,B000831,2026-09-03 07:30:00,2026-09-03 08:15:00,45,Signal_Team_06,1,2,0.4997,MEDIUM,0.651759464269769
TDMS-001003,B000831,2026-09-03 07:30:00,2026-09-03 08:20:00,50,OHE_Team_05,1,2,0.5501,MEDIUM,0.679379464269769
SMMS-000093,B000854,2026-09-03 13:00:00,2026-09-03 14:00:00,60,Signal_Team_21,1,4,0.0674,LOW,0.5103435042785622
SMMS-001762,B000854,2026-09-03 13:00:00,2026-09-03 14:50:00,110,Signal_Team_22,1,4,0.1562,LOW,0.5682335042785622
TMS-002914,B000854,2026-09-03 13:00:00,2026-09-03 13:55:00,55,Track_Team_22,1,4,0.1911,LOW,0.5443285042785622
TMS-002157,B000854,2026-09-03 13:05:00,2026-09-03 13:35:00,30,Track_Team_21,1,4,0.1419,LOW,0.5139435042785623
TMS-000890,B000854,2026-09-03 13:35:00,2026-09-03 14:15:00,40,Track_Team_21,1,4,0.1326,LOW,0.5174035042785623
SMMS-002019,B000854,2026-09-03 14:00:00,2026-09-03 15:40:00,100,Signal_Team_21,1,4,0.0698,LOW,0.5360635042785622
TMS-002512,B000854,2026-09-03 14:05:00,2026-09-03 14:35:00,30,Track_Team_22,1,4,0.1524,LOW,0.5170935042785623
TMS-000802,B000854,2026-09-03 14:15:00,2026-09-03 14:50:00,35,Track_Team_21,1,4,0.1374,LOW,0.5157185042785621
SMMS-001688,B000854,2026-09-03 14:50:00,2026-09-03 16:50:00,120,Signal_Team_22,1,4,0.0923,LOW,0.5553135042785622
SMMS-000263,B000854,2026-09-03 15:40:00,2026-09-03 16:35:00,55,Signal_Team_21,1,4,0.0475,LOW,0.5012485042785622
TMS-003910,B000437,2026-09-03 17:00:00,2026-09-03 17:45:00,45,Track_Team_10,1,1,0.3085,LOW,0.5920293808645326
TDMS-001026,B000942,2026-09-03 22:30:00,2026-09-04 00:10:00,100,OHE_Team_17,1,2,0.7971,CRITICAL,0.7698884540413712
TDMS-001879,B000942,2026-09-03 22:30:00,2026-09-03 23:50:00,80,OHE_Team_18,1,2,0.7492,HIGH,0.7305184540413712
SMMS-000204,B000550,2026-09-03 23:00:00,2026-09-04 00:40:00,100,Signal_Team_16,1,3,0.8796,CRITICAL,0.7748061042585345
SMMS-001725,B000550,2026-09-03 23:00:00,2026-09-04 00:15:00,75,Signal_Team_15,1,3,0.7981,CRITICAL,0.7295227709252011
TMS-002904,B000550,2026-09-03 23:00:00,2026-09-04 01:20:00,140,Track_Team_16,1,3,0.7835,CRITICAL,0.7793094375918678
TDMS-000179,B000772,2026-09-03 23:00:00,2026-09-03 23:40:00,40,OHE_Team_01,1,3,0.4487,MEDIUM,0.7763137797288517
TDMS-000932,B000772,2026-09-03 23:00:00,2026-09-03 23:45:00,45,OHE_Team_02,1,3,0.2235,LOW,0.7254204463955184
TMS-002285,B000901,2026-09-03 23:30:00,2026-09-04 00:30:00,60,Track_Team_01,1,4,0.0727,LOW,0.5875837430029751
TMS-003854,B000901,2026-09-03 23:30:00,2026-09-04 00:05:00,35,Track_Team_02,1,4,0.0739,LOW,0.5566937430029752
TDMS-002676,B000942,2026-09-03 23:50:00,2026-09-04 00:30:00,40,OHE_Team_18,1,2,0.4591,MEDIUM,0.5934884540413711
SMMS-002012,B000550,2026-09-04 00:15:00,2026-09-04 01:30:00,75,Signal_Team_15,1,3,0.7727,HIGH,0.7219027709252012
TMS-003057,B000066,2026-09-04 00:30:00,2026-09-04 03:05:00,155,Track_Team_05,1,7,0.8604,CRITICAL,0.6515797839439859
SMMS-000957,B000066,2026-09-04 00:30:00,2026-09-04 01:20:00,50,Signal_Team_06,1,7,0.7078,HIGH,0.5401747839439858
SMMS-002652,B000668,2026-09-04 00:30:00,2026-09-04 02:00:00,90,Signal_Team_17,1,3,0.7398,HIGH,0.7663369387254116
SMMS-000507,B000668,2026-09-04 00:30:00,2026-09-04 01:20:00,50,Signal_Team_18,1,3,0.4805,MEDIUM,0.6385469387254117
TDMS-000490,B000066,2026-09-04 00:30:00,2026-09-04 01:20:00,50,OHE_Team_05;Tower_Wagon_05,2,7,0.4785,MEDIUM,0.45709906965827146
TDMS-000642,B000150,2026-09-04 00:30:00,2026-09-04 01:30:00,60,OHE_Team_10,1,2,0.4928,MEDIUM,0.6789718661159178
TDMS-001053,B000066,2026-09-04 00:30:00,2026-09-04 01:45:00,75,OHE_Team_06,1,7,0.5213,MEDIUM,0.49984978394398577
TDMS-002318,B000150,2026-09-04 00:30:00,2026-09-04 01:30:00,60,OHE_Team_09,1,2,0.5318,MEDIUM,0.6906718661159178
TMS-000342,B000901,2026-09-04 00:30:00,2026-09-04 01:15:00,45,Track_Team_01,1,4,0.0961,LOW,0.5758537430029751
TMS-003637,B000066,2026-09-04 00:30:00,2026-09-04 01:05:00,35,Track_Team_06,1,7,0.4012,LOW,0.4388197839439858
SMMS-002063,B000550,2026-09-04 00:40:00,2026-09-04 01:45:00,65,Signal_Team_16,1,3,0.7787,HIGH,0.7153694375918678
TMS-003785,B000110,2026-09-04 01:00:00,2026-09-04 03:05:00,125,Track_Team_21,1,5,0.785,CRITICAL,0.6586754646147193
SMMS-000423,B000082,2026-09-04 01:00:00,2026-09-04 02:45:00,105,Signal_Team_05,1,6,0.7372,HIGH,0.6663742353623106
TMS-001189,B000110,2026-09-04 01:00:00,2026-09-04 03:30:00,150,Track_Team_22,1,5,0.6754,HIGH,0.6414204646147195
SMMS-001077,B000110,2026-09-04 01:00:00,2026-09-04 03:50:00,170,Signal_Team_21,1,5,0.607,MEDIUM,0.6334004646147193
SMMS-001873,B000110,2026-09-04 01:00:00,2026-09-04 03:20:00,140,Signal_Team_22,1,5,0.5362,MEDIUM,0.5934104646147194
TDMS-001117,B000110,2026-09-04 01:00:00,2026-09-04 02:55:00,115,OHE_Team_22,1,5,0.3724,LOW,0.5286454646147194
TMS-000991,B000066,2026-09-04 01:05:00,2026-09-04 02:45:00,100,Track_Team_06;Crane_03,2,7,0.6706,HIGH,0.5459790696582715
SMMS-002809,B000082,2026-09-04 01:20:00,2026-09-04 04:30:00,190,Signal_Team_06,1,6,0.8203,CRITICAL,0.7444292353623105
SMMS-000694,B000668,2026-09-04 01:20:00,2026-09-04 02:10:00,50,Signal_Team_18,1,3,0.5699,MEDIUM,0.6653669387254116
TDMS-001241,B000082,2026-09-04 01:20:00,2026-09-04 02:55:00,95,OHE_Team_05,1,6,0.6251,MEDIUM,0.6264942353623105
SMMS-002692,B000150,2026-09-04 01:30:00,2026-09-04 02:20:00,50,Signal_Team_09,1,2,0.4693,MEDIUM,0.6594218661159177
TDMS-001843,B000150,2026-09-04 01:30:00,2026-09-04 02:20:00,50,OHE_Team_09,1,2,0.4905,MEDIUM,0.6657818661159177
TMS-000848,B000020,2026-09-04 01:30:00,2026-09-04 03:45:00,135,Track_Team_20;Rail_Grinder_03,2,6,0.5599,MEDIUM,0.747513274438348
SMMS-000877,B000020,2026-09-04 01:30:00,2026-09-04 02:35:00,65,Signal_Team_20,1,6,0.2842,LOW,0.6231366077716813
SMMS-002855,B000020,2026-09-04 01:30:00,2026-09-04 02:25:00,55,Signal_Team_19,1,6,0.2613,LOW,0.607933274438348
TMS-003315,B000020,2026-09-04 01:30:00,2026-09-04 03:50:00,140,Track_Team_19,1,6,0.3692,LOW,0.7111366077716814
TDMS-001018,B000082,2026-09-04 01:45:00,2026-09-04 03:40:00,115,OHE_Team_06,1,6,0.6805,HIGH,0.6556142353623106
SMMS-002146,B000030,2026-09-04 02:00:00,2026-09-04 02:55:00,55,Signal_Team_17,1,6,0.332,LOW,0.5493248624583467
SMMS-002373,B000030,2026-09-04 02:10:00,2026-09-04 04:55:00,165,Signal_Team_18,1,6,0.6565,MEDIUM,0.7154248624583466
SMMS-000021,B000020,2026-09-04 02:25:00,2026-09-04 03:10:00,45,Signal_Team_19,1,6,0.1703,LOW,0.5722999411050147
SMMS-001389,B000020,2026-09-04 02:35:00,2026-09-04 03:55:00,80,Signal_Team_20,1,6,0.3309,LOW,0.6496466077716814
SMMS-002975,B000066,2026-09-04 02:45:00,2026-09-04 04:30:00,105,Signal_Team_05,1,7,0.876,CRITICAL,0.6250097839439858
TMS-001331,B000082,2026-09-04 02:45:00,2026-09-04 05:00:00,135,Track_Team_06;Crane_05,2,6,0.692,HIGH,0.6548975686956439
TDMS-000504,B000082,2026-09-04 02:55:00,2026-09-04 04:20:00,85,OHE_Team_05,1,6,0.5147,MEDIUM,0.5871242353623106
SMMS-000959,B000030,2026-09-04 02:55:00,2026-09-04 03:30:00,35,Signal_Team_17,1,6,0.3091,LOW,0.5299548624583467
TDMS-002539,B000110,2026-09-04 02:55:00,2026-09-04 04:25:00,90,OHE_Team_22,1,5,0.419,LOW,0.5270004646147193
TDMS-001759,B000473,2026-09-04 03:00:00,2026-09-04 03:55:00,55,OHE_Team_21,1,5,0.1425,LOW,0.6531142626047131
TMS-000869,B000110,2026-09-04 03:05:00,2026-09-04 04:50:00,105,Track_Team_21,1,5,0.6627,HIGH,0.6094854646147194
TMS-001326,B000066,2026-09-04 03:05:00,2026-09-04 03:45:00,40,Track_Team_05,1,7,0.4735,MEDIUM,0.4636347839439858
SMMS-001397,B000110,2026-09-04 03:20:00,2026-09-04 04:55:00,95,Signal_Team_22,1,5,0.6015,MEDIUM,0.5848754646147194
TMS-003921,B000110,2026-09-04 03:30:00,2026-09-04 04:15:00,45,Track_Team_22,1,5,0.4481,MEDIUM,0.5076054646147194
TDMS-001794,B000082,2026-09-04 03:40:00,2026-09-04 05:00:00,80,OHE_Team_06,1,6,0.6712,HIGH,0.6309492353623106
TMS-000031,B000066,2026-09-04 03:45:00,2026-09-04 04:15:00,30,Track_Team_05,1,7,0.4898,MEDIUM,0.46227478394398575
SMMS-001223,B000110,2026-09-04 03:50:00,2026-09-04 04:25:00,35,Signal_Team_21,1,5,0.602,MEDIUM,0.5475254646147194
SMMS-000677,B000020,2026-09-04 03:55:00,2026-09-04 04:30:00,35,Signal_Team_20,1,6,0.2386,LOW,0.5844566077716814
TMS-001540,B000110,2026-09-04 04:15:00,2026-09-04 04:50:00,35,Track_Team_22,1,5,0.4906,MEDIUM,0.5141054646147194
TDMS-002011,B000082,2026-09-04 04:20:00,2026-09-04 04:55:00,35,OHE_Team_05,1,6,0.3262,LOW,0.4993242353623105
SMMS-002164,B000030,2026-09-04 04:55:00,2026-09-04 06:00:00,65,Signal_Team_18,1,6,0.3118,LOW,0.5495148624583466
TDMS-001851,B000151,2026-09-04 06:30:00,2026-09-04 07:20:00,50,OHE_Team_12,1,5,0.1656,LOW,0.6289796740451468
TDMS-002344,B000151,2026-09-04 06:30:00,2026-09-04 07:05:00,35,OHE_Team_11,1,5,0.1947,LOW,0.6127096740451468
TDMS-001490,B000151,2026-09-04 07:05:00,2026-09-04 07:55:00,50,OHE_Team_11,1,5,0.1446,LOW,0.6226796740451468
TDMS-002977,B000151,2026-09-04 07:20:00,2026-09-04 07:50:00,30,OHE_Team_12,1,5,0.3567,LOW,0.6529763407118134
TMS-002309,B000482,2026-09-04 10:30:00,2026-09-04 13:10:00,160,Track_Team_06,1,1,0.5088,MEDIUM,0.6368841615687882
TMS-002270,B000322,2026-09-04 11:00:00,2026-09-04 12:15:00,75,Track_Team_14;Rail_Grinder_01,2,5,0.8481,CRITICAL,0.7840401404203983
SMMS-002766,B000322,2026-09-04 11:00:00,2026-09-04 11:55:00,55,Signal_Team_14,1,5,0.7005,HIGH,0.726426807087065
TDMS-001405,B000322,2026-09-04 11:00:00,2026-09-04 11:55:00,55,OHE_Team_13,1,5,0.6613,HIGH,0.714666807087065
TDMS-002998,B000322,2026-09-04 11:00:00,2026-09-04 11:40:00,40,OHE_Team_14,1,5,0.6555,MEDIUM,0.687926807087065
SMMS-000650,B000322,2026-09-04 11:40:00,2026-09-04 12:20:00,40,Signal_Team_13,1,5,0.6724,HIGH,0.6929968070870649
SMMS-000246,B000840,2026-09-04 13:00:00,2026-09-04 13:45:00,45,Signal_Team_05,1,1,0.4738,MEDIUM,0.6047938333519731
TDMS-001837,B000882,2026-09-04 13:00:00,2026-09-04 13:50:00,50,OHE_Team_12,1,1,0.2052,LOW,0.6096256963463564
SMMS-000692,B000840,2026-09-04 13:45:00,2026-09-04 14:30:00,45,Signal_Team_06,1,1,0.3008,LOW,0.5528938333519732
TDMS-002302,B000990,2026-09-04 14:30:00,2026-09-04 15:30:00,60,OHE_Team_07,1,3,0.7876,CRITICAL,0.8396428081343701
SMMS-002537,B000990,2026-09-04 14:30:00,2026-09-04 15:15:00,45,Signal_Team_07,1,3,0.7099,HIGH,0.7788328081343701
TMS-001673,B000990,2026-09-04 14:30:00,2026-09-04 15:00:00,30,Track_Team_08,1,3,0.6755,HIGH,0.7310128081343701
TMS-000778,B000990,2026-09-04 15:00:00,2026-09-04 15:30:00,30,Track_Team_07,1,3,0.6593,HIGH,0.7261528081343701
TDMS-001639,B000753,2026-09-04 15:00:00,2026-09-04 16:10:00,70,OHE_Team_06,1,3,0.4336,MEDIUM,0.5330705871557349
TMS-000265,B000753,2026-09-04 15:00:00,2026-09-04 17:45:00,165,Track_Team_06;Inspection_Unit_04,2,3,0.5449,MEDIUM,0.5925022538224015
TMS-002654,B000703,2026-09-04 15:00:00,2026-09-04 15:45:00,45,Track_Team_09,1,1,0.6296,MEDIUM,0.5884025719147958
TDMS-001298,B000857,2026-09-04 15:00:00,2026-09-04 16:05:00,65,OHE_Team_12,1,2,0.361,LOW,0.645608411546792
TDMS-002336,B000857,2026-09-04 15:00:00,2026-09-04 16:05:00,65,OHE_Team_11,1,2,0.3943,LOW,0.655598411546792
TDMS-000481,B000703,2026-09-04 15:45:00,2026-09-04 16:25:00,40,OHE_Team_09,1,1,0.4707,MEDIUM,0.5344825719147959
TMS-003929,B000857,2026-09-04 16:05:00,2026-09-04 16:40:00,35,Track_Team_11,1,2,0.1894,LOW,0.556628411546792
TMS-003339,B000753,2026-09-04 16:10:00,2026-09-04 18:40:00,150,Track_Team_05,1,3,0.4885,MEDIUM,0.5995405871557348
TMS-003838,B000703,2026-09-04 16:25:00,2026-09-04 17:00:00,35,Track_Team_09,1,1,0.5995,MEDIUM,0.5668725719147959
TDMS-000771,B000753,2026-09-04 17:45:00,2026-09-04 18:50:00,65,OHE_Team_06,1,3,0.4357,MEDIUM,0.5305755871557348
SMMS-002414,B000057,2026-09-05 00:30:00,2026-09-05 02:00:00,90,Signal_Team_14,1,4,0.7959,CRITICAL,0.6452897510948772
SMMS-002660,B000057,2026-09-05 00:30:00,2026-09-05 03:00:00,150,Signal_Team_13,1,4,0.9187,CRITICAL,0.719629751094877
TMS-001278,B000057,2026-09-05 00:30:00,2026-09-05 02:15:00,105,Track_Team_13,1,4,0.8677,CRITICAL,0.6762047510948772
TDMS-000560,B000057,2026-09-05 00:30:00,2026-09-05 02:20:00,110,OHE_Team_14,1,4,0.6844,HIGH,0.6243397510948772
TMS-002382,B000676,2026-09-05 01:30:00,2026-09-05 03:25:00,115,Track_Team_23;Tamping_Machine_05,2,3,0.6711,HIGH,0.7965476110518727
TDMS-002298,B000279,2026-09-05 01:30:00,2026-09-05 04:00:00,150,OHE_Team_19,1,1,0.3442,LOW,0.6309995178995536
TMS-001322,B000676,2026-09-05 01:30:00,2026-09-05 02:10:00,40,Track_Team_24,1,3,0.2454,LOW,0.608420944385206
TDMS-001971,B000329,2026-09-05 02:00:00,2026-09-05 04:05:00,125,OHE_Team_21,1,4,0.4309,MEDIUM,0.6619259235691914
TDMS-002065,B000078,2026-09-05 02:00:00,2026-09-05 03:50:00,110,OHE_Team_17,1,4,0.496,MEDIUM,0.6929005613624311
TDMS-002563,B000121,2026-09-05 02:00:00,2026-09-05 03:25:00,85,OHE_Team_12,1,4,0.4786,MEDIUM,0.7066598078099049
TMS-000688,B000329,2026-09-05 02:00:00,2026-09-05 03:00:00,60,Track_Team_22,1,4,0.4338,MEDIUM,0.6086292569025249
TMS-003061,B000078,2026-09-05 02:00:00,2026-09-05 05:00:00,180,Track_Team_18,1,4,0.4353,MEDIUM,0.7184405613624312
TMS-003130,B000078,2026-09-05 02:00:00,2026-09-05 04:15:00,135,Track_Team_17;Crane_05,2,4,0.5778,MEDIUM,0.7080655613624312
SMMS-001816,B000121,2026-09-05 02:00:00,2026-09-05 03:55:00,115,Signal_Team_11,1,4,0.3135,LOW,0.6821298078099047
SMMS-002367,B000121,2026-09-05 02:00:00,2026-09-05 04:00:00,120,Signal_Team_12,1,4,0.3225,LOW,0.6889964744765715
SMMS-002779,B000329,2026-09-05 02:00:00,2026-09-05 03:10:00,70,Signal_Team_22,1,4,0.3814,LOW,0.6012425902358582
TDMS-000452,B000121,2026-09-05 02:00:00,2026-09-05 03:55:00,115,OHE_Team_11,1,4,0.3809,LOW,0.7023498078099049
TDMS-001406,B000329,2026-09-05 02:00:00,2026-09-05 02:55:00,55,OHE_Team_22,1,4,0.2903,LOW,0.5614125902358582
TMS-001783,B000057,2026-09-05 02:15:00,2026-09-05 04:25:00,130,Track_Team_13;Tamping_Machine_03,2,4,0.8492,CRITICAL,0.6612797510948771
SMMS-000115,B000057,2026-09-05 02:20:00,2026-09-05 04:25:00,125,Signal_Team_14,1,4,0.8829,CRITICAL,0.6932647510948771
TMS-002734,B000329,2026-09-05 02:55:00,2026-09-05 03:25:00,30,Track_Team_21,1,4,0.3967,LOW,0.5724992569025249
TDMS-001689,B000057,2026-09-05 03:00:00,2026-09-05 04:30:00,90,OHE_Team_14,1,4,0.7267,HIGH,0.6245297510948771
TMS-001957,B000329,2026-09-05 03:00:00,2026-09-05 03:45:00,45,Track_Team_22,1,4,0.4112,LOW,0.5893492569025249
TDMS-002834,B000329,2026-09-05 03:10:00,2026-09-05 05:00:00,110,OHE_Team_22,1,4,0.545,MEDIUM,0.6836559235691915
TDMS-000292,B000121,2026-09-05 03:25:00,2026-09-05 04:40:00,75,OHE_Team_12,1,4,0.4374,MEDIUM,0.6859664744765714
SMMS-002243,B000329,2026-09-05 03:25:00,2026-09-05 04:50:00,85,Signal_Team_22,1,4,0.3041,LOW,0.5905525902358582
TMS-002353,B000329,2026-09-05 03:45:00,2026-09-05 04:30:00,45,Track_Team_22,1,4,0.2068,LOW,0.5280292569025249
TDMS-000024,B000078,2026-09-05 03:50:00,2026-09-05 05:40:00,110,OHE_Team_17,1,4,0.3871,LOW,0.6602305613624311
TDMS-000832,B000121,2026-09-05 03:55:00,2026-09-05 05:00:00,65,OHE_Team_11,1,4,0.5571,MEDIUM,0.7135431411432382
SMMS-001074,B000121,2026-09-05 03:55:00,2026-09-05 05:00:00,65,Signal_Team_11,1,4,0.3194,LOW,0.6422331411432383
TMS-002222,B000121,2026-09-05 04:00:00,2026-09-05 04:45:00,45,Track_Team_11,1,4,0.1923,LOW,0.5874364744765714
TDMS-001293,B000329,2026-09-05 04:05:00,2026-09-05 04:55:00,50,OHE_Team_21,1,4,0.1952,LOW,0.5287159235691914
SMMS-000796,B000078,2026-09-05 04:15:00,2026-09-05 05:40:00,85,Signal_Team_18,1,4,0.0906,LOW,0.5556555613624312
TDMS-001869,B000078,2026-09-05 04:15:00,2026-09-05 05:50:00,95,OHE_Team_18,1,4,0.2166,LOW,0.5997055613624311
TMS-000159,B000329,2026-09-05 04:30:00,2026-09-05 05:00:00,30,Track_Team_22,1,4,0.1999,LOW,0.5134592569025249
SMMS-002694,B000078,2026-09-05 05:00:00,2026-09-05 05:50:00,50,Signal_Team_17,1,4,0.0623,LOW,0.525290561362431
TDMS-001561,B000447,2026-09-05 08:00:00,2026-09-05 08:40:00,40,OHE_Team_20,1,2,0.4343,MEDIUM,0.7243701880279162
TMS-000571,B000247,2026-09-05 08:00:00,2026-09-05 08:45:00,45,Track_Team_12,1,3,0.4489,MEDIUM,0.6845232373463568
TMS-003014,B000247,2026-09-05 08:00:00,2026-09-05 08:50:00,50,Track_Team_11,1,3,0.432,MEDIUM,0.6877865706796901
TDMS-000153,B000447,2026-09-05 08:00:00,2026-09-05 08:40:00,40,OHE_Team_19,1,2,0.3845,LOW,0.7094301880279162
TDMS-002379,B000320,2026-09-05 10:00:00,2026-09-05 10:50:00,50,OHE_Team_11,1,2,0.0571,LOW,0.5459008158265378
TMS-000638,B000320,2026-09-05 10:00:00,2026-09-05 11:00:00,60,Track_Team_12,1,2,0.1042,LOW,0.5725308158265378
TMS-000128,B000922,2026-09-05 10:30:00,2026-09-05 12:10:00,100,Track_Team_06,1,1,0.5403,MEDIUM,0.6495816944444545
SMMS-000141,B000843,2026-09-05 10:30:00,2026-09-05 11:45:00,75,Signal_Team_02,1,2,0.3181,LOW,0.568205240399477
TDMS-001939,B000320,2026-09-05 10:50:00,2026-09-05 11:45:00,55,OHE_Team_12,1,2,0.08,LOW,0.5590208158265378
SMMS-002902,B000399,2026-09-05 11:00:00,2026-09-05 11:30:00,30,Signal_Team_20,1,4,0.232,LOW,0.6994460071221431
TDMS-000312,B000320,2026-09-05 11:00:00,2026-09-05 11:45:00,45,OHE_Team_11,1,2,0.0676,LOW,0.5428008158265378
SMMS-000045,B000843,2026-09-05 11:45:00,2026-09-05 12:40:00,55,Signal_Team_02,1,2,0.3004,LOW,0.5462285737328103
SMMS-002278,B000998,2026-09-05 14:30:00,2026-09-05 15:30:00,60,Signal_Team_16,1,3,0.801,CRITICAL,0.8557245595191598
SMMS-001000,B000998,2026-09-05 14:30:00,2026-09-05 15:15:00,45,Signal_Team_15,1,3,0.5902,MEDIUM,0.7549845595191598
SMMS-002235,B000762,2026-09-05 14:30:00,2026-09-05 14:55:00,25,Signal_Team_04,1,4,0.6567,MEDIUM,0.7541859680529799
TMS-001819,B000216,2026-09-05 14:30:00,2026-09-05 15:15:00,45,Track_Team_03,1,3,0.1224,LOW,0.6691302073988157
TMS-002795,B000216,2026-09-05 14:30:00,2026-09-05 15:00:00,30,Track_Team_04,1,3,0.1153,LOW,0.6170002073988157
SMMS-001572,B000808,2026-09-05 15:00:00,2026-09-05 16:05:00,65,Signal_Team_05,1,3,0.2676,LOW,0.595126007896326
TDMS-001661,B000939,2026-09-05 17:00:00,2026-09-05 17:30:00,30,OHE_Team_18,1,4,0.5035,MEDIUM,0.7165386982213406
TDMS-000311,B000939,2026-09-05 17:00:00,2026-09-05 17:30:00,30,OHE_Team_17,1,4,0.4273,LOW,0.6936786982213405
SMMS-001577,B000452,2026-09-05 22:30:00,2026-09-05 23:25:00,55,Signal_Team_23,1,5,0.0831,LOW,0.5881241571134979
SMMS-002527,B000452,2026-09-05 22:30:00,2026-09-05 23:55:00,85,Signal_Team_24,1,5,0.3664,LOW,0.7106141571134981
TMS-000434,B000513,2026-09-05 23:00:00,2026-09-05 23:40:00,40,Track_Team_13,1,1,0.3057,LOW,0.5217043188896181
SMMS-001016,B000452,2026-09-05 23:25:00,2026-09-06 00:30:00,65,Signal_Team_23,1,5,0.1128,LOW,0.609534157113498
TMS-003883,B000513,2026-09-05 23:40:00,2026-09-06 00:35:00,55,Track_Team_14,1,1,0.2787,LOW,0.5261043188896182
SMMS-002746,B000128,2026-09-06 00:30:00,2026-09-06 03:00:00,150,Signal_Team_06,1,5,0.8067,CRITICAL,0.7721829052685214
TDMS-001009,B000124,2026-09-06 00:30:00,2026-09-06 02:50:00,140,OHE_Team_16,1,5,0.8498,CRITICAL,0.7458745804929106
TMS-003942,B000321,2026-09-06 00:30:00,2026-09-06 03:30:00,180,Track_Team_13,1,2,0.8937,CRITICAL,0.8026791613673291
SMMS-001089,B000133,2026-09-06 00:30:00,2026-09-06 02:25:00,115,Signal_Team_23,1,6,0.7075,HIGH,0.681159877178299
SMMS-001995,B000128,2026-09-06 00:30:00,2026-09-06 04:15:00,225,Signal_Team_05,1,5,0.7117,HIGH,0.7905579052685214
SMMS-002273,B000133,2026-09-06 00:30:00,2026-09-06 02:10:00,100,Signal_Team_24,1,6,0.7711,HIGH,0.6908648771782989
TDMS-001402,B000124,2026-09-06 00:30:00,2026-09-06 03:15:00,165,OHE_Team_15,1,5,0.757,HIGH,0.7336595804929105
TMS-001616,B000124,2026-09-06 00:30:00,2026-09-06 02:20:00,110,Track_Team_15,1,5,0.6898,HIGH,0.6791245804929105
TMS-003290,B000124,2026-09-06 00:30:00,2026-09-06 03:30:00,180,Track_Team_16,1,5,0.7649,HIGH,0.7454045804929106
SMMS-000902,B000124,2026-09-06 00:30:00,2026-09-06 02:30:00,120,Signal_Team_15,1,5,0.6333,MEDIUM,0.6684245804929105
TMS-001666,B000133,2026-09-06 00:30:00,2026-09-06 03:35:00,185,Track_Team_24,1,6,0.5554,MEDIUM,0.679279877178299
TDMS-000370,B000133,2026-09-06 00:30:00,2026-09-06 01:30:00,60,OHE_Team_24,1,6,0.2133,LOW,0.49852487717829896
TDMS-002448,B000128,2026-09-06 00:30:00,2026-09-06 00:50:00,20,OHE_Team_05,1,5,0.1233,LOW,0.48591290526852143
TDMS-002833,B000133,2026-09-06 00:30:00,2026-09-06 01:25:00,55,OHE_Team_23,1,6,0.318,LOW,0.526809877178299
TMS-002593,B000128,2026-09-06 00:30:00,2026-09-06 03:55:00,205,Track_Team_05,1,5,0.1967,LOW,0.6235579052685214
TMS-002631,B000128,2026-09-06 00:30:00,2026-09-06 02:55:00,145,Track_Team_06,1,5,0.2014,LOW,0.5874679052685214
TMS-003731,B000321,2026-09-06 00:35:00,2026-09-06 02:20:00,105,Track_Team_14,1,2,0.7639,HIGH,0.7012391613673291
TDMS-000110,B000573,2026-09-06 01:00:00,2026-09-06 04:35:00,215,OHE_Team_06;Tower_Wagon_05,2,3,0.694,HIGH,0.7265264283501008
TDMS-000049,B000573,2026-09-06 01:00:00,2026-09-06 02:10:00,70,OHE_Team_05,1,3,0.4745,MEDIUM,0.6033847616834341
TMS-001347,B000133,2026-09-06 01:25:00,2026-09-06 04:20:00,175,Track_Team_23;Crane_06,2,6,0.6122,MEDIUM,0.6734032105116322
TDMS-001493,B000133,2026-09-06 01:30:00,2026-09-06 02:50:00,80,OHE_Team_24,1,6,0.4315,MEDIUM,0.576484877178299
TDMS-000921,B000133,2026-09-06 02:10:00,2026-09-06 03:45:00,95,OHE_Team_23,1,6,0.4326,MEDIUM,0.586189877178299
TDMS-002922,B000573,2026-09-06 02:10:00,2026-09-06 03:10:00,60,OHE_Team_05,1,3,0.4861,MEDIUM,0.6006147616834342
TMS-003527,B000124,2026-09-06 02:20:00,2026-09-06 04:10:00,110,Track_Team_15,1,5,0.8332,CRITICAL,0.7221445804929105
TMS-000885,B000321,2026-09-06 02:20:00,2026-09-06 03:05:00,45,Track_Team_14,1,2,0.6171,MEDIUM,0.6071991613673291
SMMS-000483,B000587,2026-09-06 02:30:00,2026-09-06 04:25:00,115,Signal_Team_24,1,4,0.8098,CRITICAL,0.8689642084767506
SMMS-001415,B000587,2026-09-06 02:30:00,2026-09-06 04:25:00,115,Signal_Team_23,1,4,0.7448,HIGH,0.8494642084767507
SMMS-002061,B000124,2026-09-06 02:30:00,2026-09-06 03:50:00,80,Signal_Team_16,1,5,0.5696,MEDIUM,0.6243145804929104
TDMS-002673,B000124,2026-09-06 02:50:00,2026-09-06 03:55:00,65,OHE_Team_16,1,5,0.6856,HIGH,0.6497395804929105
TDMS-002786,B000133,2026-09-06 02:50:00,2026-09-06 04:30:00,100,OHE_Team_24;Tower_Wagon_08,2,6,0.5541,MEDIUM,0.6090982105116323
SMMS-001167,B000572,2026-09-06 03:00:00,2026-09-06 05:15:00,135,Signal_Team_13,1,4,0.7856,CRITICAL,0.7255255690891529
SMMS-002603,B000572,2026-09-06 03:00:00,2026-09-06 05:10:00,130,Signal_Team_14,1,4,0.7879,CRITICAL,0.7230905690891529
TDMS-000693,B000572,2026-09-06 03:00:00,2026-09-06 05:35:00,155,OHE_Team_14,1,4,0.6582,HIGH,0.6998055690891529
SMMS-002107,B000128,2026-09-06 03:00:00,2026-09-06 04:25:00,85,Signal_Team_06,1,5,0.4068,LOW,0.6115879052685216
TMS-002041,B000572,2026-09-06 03:05:00,2026-09-06 05:40:00,155,Track_Team_14,1,4,0.6917,HIGH,0.7098555690891528
TDMS-001616,B000573,2026-09-06 03:10:00,2026-09-06 04:10:00,60,OHE_Team_05,1,3,0.4551,MEDIUM,0.5913147616834342
SMMS-001693,B000124,2026-09-06 03:15:00,2026-09-06 04:20:00,65,Signal_Team_15,1,5,0.8098,CRITICAL,0.6869995804929103
TDMS-002505,B000124,2026-09-06 03:30:00,2026-09-06 04:25:00,55,OHE_Team_15,1,5,0.5896,MEDIUM,0.6146895804929104
TDMS-001563,B000133,2026-09-06 03:45:00,2026-09-06 04:30:00,45,OHE_Team_23,1,6,0.3284,LOW,0.523679877178299
TDMS-002852,B000124,2026-09-06 03:55:00,2026-09-06 04:25:00,30,OHE_Team_16,1,5,0.4554,MEDIUM,0.5588045804929105
TDMS-001866,B000573,2026-09-06 04:10:00,2026-09-06 05:00:00,50,OHE_Team_05,1,3,0.4459,MEDIUM,0.5823047616834341
TDMS-000880,B000572,2026-09-06 05:10:00,2026-09-06 05:55:00,45,OHE_Team_13,1,4,0.4775,MEDIUM,0.5768455690891527
SMMS-001676,B000572,2026-09-06 05:15:00,2026-09-06 06:40:00,85,Signal_Team_13,1,4,0.4888,MEDIUM,0.6052355690891529
SMMS-000734,B000572,2026-09-06 05:35:00,2026-09-06 06:20:00,45,Signal_Team_14,1,4,0.5152,MEDIUM,0.5881555690891529
TDMS-002004,B000572,2026-09-06 05:40:00,2026-09-06 06:10:00,30,OHE_Team_14,1,4,0.4217,LOW,0.5507305690891529
TDMS-002645,B000572,2026-09-06 05:55:00,2026-09-06 06:25:00,30,OHE_Team_13,1,4,0.4619,MEDIUM,0.5627905690891528
SMMS-002593,B000572,2026-09-06 06:20:00,2026-09-06 06:50:00,30,Signal_Team_14,1,4,0.5951,MEDIUM,0.6027505690891528
SMMS-002614,B000532,2026-09-06 07:00:00,2026-09-06 07:55:00,55,Signal_Team_08,1,1,0.6813,HIGH,0.6549384770573992
SMMS-000918,B000532,2026-09-06 07:55:00,2026-09-06 08:45:00,50,Signal_Team_08,1,1,0.6702,HIGH,0.6453584770573992
SMMS-000548,B000200,2026-09-06 10:30:00,2026-09-06 11:00:00,30,Signal_Team_12,1,1,0.2903,LOW,0.6134593870460725
SMMS-001942,B000259,2026-09-06 11:00:00,2026-09-06 12:55:00,115,Signal_Team_24,1,4,0.6895,HIGH,0.7263575201416823
SMMS-000803,B000259,2026-09-06 11:00:00,2026-09-06 12:40:00,100,Signal_Team_23,1,4,0.5125,MEDIUM,0.6607575201416822
TDMS-000816,B000259,2026-09-06 11:00:00,2026-09-06 11:40:00,40,OHE_Team_23,1,4,0.5898,MEDIUM,0.6339475201416822
TDMS-001346,B000259,2026-09-06 11:00:00,2026-09-06 11:35:00,35,OHE_Team_24,1,4,0.4293,MEDIUM,0.5816308534750156
SMMS-002192,B000324,2026-09-06 11:00:00,2026-09-06 11:55:00,55,Signal_Team_15,1,5,0.1289,LOW,0.6243672183759645
TDMS-001280,B000259,2026-09-06 11:40:00,2026-09-06 12:20:00,40,OHE_Team_24,1,4,0.4796,MEDIUM,0.6008875201416821
TDMS-002414,B000259,2026-09-06 11:40:00,2026-09-06 12:15:00,35,OHE_Team_23,1,4,0.509,MEDIUM,0.6055408534750155
TDMS-000661,B000259,2026-09-06 12:15:00,2026-09-06 12:45:00,30,OHE_Team_23,1,4,0.477,MEDIUM,0.5917741868083488
TDMS-001385,B000259,2026-09-06 12:20:00,2026-09-06 12:55:00,35,OHE_Team_24,1,4,0.6316,MEDIUM,0.6423208534750156
TMS-000173,B000259,2026-09-06 12:40:00,2026-09-06 13:30:00,50,Track_Team_24,1,4,0.4014,LOW,0.5857608534750156
TMS-003829,B000259,2026-09-06 12:45:00,2026-09-06 13:35:00,50,Track_Team_23,1,4,0.3727,LOW,0.5771508534750156
TDMS-000365,B000259,2026-09-06 12:55:00,2026-09-06 13:40:00,45,OHE_Team_24,1,4,0.6117,MEDIUM,0.6446841868083488
TDMS-000473,B000259,2026-09-06 12:55:00,2026-09-06 13:35:00,40,OHE_Team_23,1,4,0.6161,MEDIUM,0.6418375201416822
TDMS-000873,B000259,2026-09-06 13:35:00,2026-09-06 14:00:00,25,OHE_Team_23,1,4,0.6351,MEDIUM,0.6350375201416822
TDMS-000434,B000259,2026-09-06 13:40:00,2026-09-06 14:00:00,20,OHE_Team_24,1,4,0.3864,LOW,0.5562608534750155
SMMS-001928,B000199,2026-09-06 17:00:00,2026-09-06 17:45:00,45,Signal_Team_11,1,3,0.2472,LOW,0.5787058357495964
TDMS-000022,B000199,2026-09-06 17:00:00,2026-09-06 17:45:00,45,OHE_Team_11,1,3,0.1475,LOW,0.5487958357495965
TDMS-000900,B000199,2026-09-06 17:00:00,2026-09-06 17:45:00,45,OHE_Team_12,1,3,0.1302,LOW,0.5436058357495964
TDMS-002475,B000199,2026-09-06 17:45:00,2026-09-06 18:20:00,35,OHE_Team_12,1,3,0.0888,LOW,0.5228525024162631
SMMS-000456,B000562,2026-09-06 22:30:00,2026-09-07 00:40:00,130,Signal_Team_17,1,4,0.8521,CRITICAL,0.8244526889773336
SMMS-000253,B000562,2026-09-06 22:30:00,2026-09-07 00:25:00,115,Signal_Team_18,1,4,0.772,HIGH,0.7879226889773336
TMS-002083,B000665,2026-09-06 23:30:00,2026-09-07 02:10:00,160,Track_Team_04;Crane_08,2,4,0.6574,HIGH,0.6865057460022083
SMMS-001166,B000665,2026-09-06 23:30:00,2026-09-07 01:20:00,110,Signal_Team_04;Cable_Team_01,2,4,0.4711,MEDIUM,0.5993657460022083
SMMS-002052,B000562,2026-09-07 00:25:00,2026-09-07 01:30:00,65,Signal_Team_18,1,4,0.6774,HIGH,0.7178760223106668
SMMS-000622,B000562,2026-09-07 00:40:00,2026-09-07 00:55:00,15,Signal_Team_17,1,4,0.5738,MEDIUM,0.6451293556440001
SMMS-000092,B000108,2026-09-07 01:00:00,2026-09-07 02:35:00,95,Signal_Team_17,1,7,0.7046,HIGH,0.6871955079818004
TDMS-000132,B000108,2026-09-07 01:00:00,2026-09-07 03:00:00,120,OHE_Team_18,1,7,0.7058,HIGH,0.7031805079818004
TDMS-002690,B000108,2026-09-07 01:00:00,2026-09-07 03:40:00,160,OHE_Team_17,1,7,0.7035,HIGH,0.7274905079818004
TMS-000886,B000108,2026-09-07 01:00:00,2026-09-07 03:35:00,155,Track_Team_17;Rail_Grinder_02,2,7,0.722,HIGH,0.715629793696086
TMS-002948,B000108,2026-09-07 01:00:00,2026-09-07 03:20:00,140,Track_Team_18,1,7,0.7116,HIGH,0.7174205079818005
SMMS-002893,B000665,2026-09-07 01:20:00,2026-09-07 01:50:00,30,Signal_Team_04,1,4,0.6509,MEDIUM,0.6283057460022083
TDMS-002543,B000665,2026-09-07 01:20:00,2026-09-07 03:25:00,125,OHE_Team_03,1,4,0.339,LOW,0.5941107460022084
SMMS-002401,B000108,2026-09-07 01:30:00,2026-09-07 03:25:00,115,Signal_Team_18,1,7,0.7569,HIGH,0.7153855079818005
TMS-001370,B000653,2026-09-07 01:30:00,2026-09-07 03:40:00,130,Track_Team_16,1,5,0.6721,HIGH,0.7492336231933225
TMS-003215,B000653,2026-09-07 01:30:00,2026-09-07 03:45:00,135,Track_Team_15,1,5,0.6192,MEDIUM,0.7375302898599891
SMMS-002407,B000665,2026-09-07 01:50:00,2026-09-07 03:25:00,95,Signal_Team_03,1,4,0.6474,MEDIUM,0.6678807460022083
SMMS-002765,B000665,2026-09-07 02:10:00,2026-09-07 03:20:00,70,Signal_Team_04,1,4,0.4673,MEDIUM,0.5982257460022082
TDMS-002783,B000665,2026-09-07 02:10:00,2026-09-07 03:05:00,55,OHE_Team_04,1,4,0.1835,LOW,0.5037107460022083
SMMS-000571,B000108,2026-09-07 02:35:00,2026-09-07 03:50:00,75,Signal_Team_17,1,7,0.8136,CRITICAL,0.7073955079818004
SMMS-002316,B000629,2026-09-07 03:00:00,2026-09-07 04:20:00,80,Signal_Team_02,1,6,0.7948,CRITICAL,0.8310903945180843
SMMS-002544,B000629,2026-09-07 03:00:00,2026-09-07 04:15:00,75,Signal_Team_01,1,6,0.7797,CRITICAL,0.8203103945180843
SMMS-002604,B000613,2026-09-07 03:00:00,2026-09-07 05:50:00,170,Signal_Team_16,1,4,0.7176,HIGH,0.8238247718612008
TDMS-000196,B000629,2026-09-07 03:00:00,2026-09-07 04:05:00,65,OHE_Team_02,1,6,0.4361,MEDIUM,0.7047303945180844
TDMS-000688,B000613,2026-09-07 03:00:00,2026-09-07 05:50:00,170,OHE_Team_15,1,4,0.5092,MEDIUM,0.7613047718612007
TDMS-001067,B000108,2026-09-07 03:00:00,2026-09-07 03:45:00,45,OHE_Team_18,1,7,0.6114,MEDIUM,0.6279855079818004
TDMS-001888,B000629,2026-09-07 03:00:00,2026-09-07 04:05:00,65,OHE_Team_01,1,6,0.5953,MEDIUM,0.7524903945180843
TMS-000960,B000629,2026-09-07 03:00:00,2026-09-07 05:00:00,120,Track_Team_01,1,6,0.4618,MEDIUM,0.7811903945180845
TDMS-002598,B000613,2026-09-07 03:00:00,2026-09-07 04:05:00,65,OHE_Team_16,1,4,0.3199,LOW,0.6170147718612007
SMMS-001476,B000108,2026-09-07 03:25:00,2026-09-07 04:00:00,35,Signal_Team_18,1,7,0.6137,MEDIUM,0.6224255079818004
TDMS-000604,B000108,2026-09-07 03:40:00,2026-09-07 04:20:00,40,OHE_Team_17,1,7,0.5284,MEDIUM,0.5999605079818003
TMS-002832,B000653,2026-09-07 03:40:00,2026-09-07 04:25:00,45,Track_Team_16,1,5,0.3586,LOW,0.5843502898599893
TDMS-000752,B000108,2026-09-07 03:45:00,2026-09-07 04:15:00,30,OHE_Team_18,1,7,0.6273,MEDIUM,0.6233805079818003
TMS-000383,B000653,2026-09-07 03:45:00,2026-09-07 04:30:00,45,Track_Team_15,1,5,0.464,MEDIUM,0.6159702898599893
SMMS-002860,B000108,2026-09-07 03:50:00,2026-09-07 04:20:00,30,Signal_Team_17,1,7,0.7277,HIGH,0.6535005079818004
TDMS-000263,B000629,2026-09-07 04:05:00,2026-09-07 04:55:00,50,OHE_Team_02,1,6,0.6102,MEDIUM,0.7382103945180845
TDMS-000358,B000629,2026-09-07 04:05:00,2026-09-07 04:45:00,40,OHE_Team_01,1,6,0.2779,LOW,0.6260203945180843
TDMS-001588,B000613,2026-09-07 04:05:00,2026-09-07 05:05:00,60,OHE_Team_16,1,4,0.3545,LOW,0.6232281051945341
TDMS-002464,B000108,2026-09-07 04:15:00,2026-09-07 04:35:00,20,OHE_Team_18,1,7,0.699,HIGH,0.6386405079818004
SMMS-001122,B000629,2026-09-07 04:15:00,2026-09-07 05:00:00,45,Signal_Team_01,1,6,0.4128,LOW,0.6727403945180843
SMMS-002678,B000108,2026-09-07 04:20:00,2026-09-07 04:50:00,30,Signal_Team_17,1,7,0.7321,HIGH,0.6548205079818004
TDMS-002316,B000108,2026-09-07 04:20:00,2026-09-07 04:50:00,30,OHE_Team_17,1,7,0.4891,MEDIUM,0.5819205079818004
TMS-003345,B000613,2026-09-07 04:25:00,2026-09-07 05:15:00,50,Track_Team_16,1,4,0.2449,LOW,0.5820147718612008
TMS-002568,B000613,2026-09-07 05:05:00,2026-09-07 05:55:00,50,Track_Team_15,1,4,0.4838,MEDIUM,0.6536847718612007
TDMS-000677,B000613,2026-09-07 05:15:00,2026-09-07 05:50:00,35,OHE_Team_16,1,4,0.4374,MEDIUM,0.6272647718612008
SMMS-000582,B000466,2026-09-07 11:00:00,2026-09-07 11:45:00,45,Signal_Team_13,1,2,0.3186,LOW,0.67858175948649
SMMS-000188,B000492,2026-09-07 14:00:00,2026-09-07 15:30:00,90,Signal_Team_15,1,3,0.796,CRITICAL,0.7710219819333342
SMMS-002423,B000492,2026-09-07 14:00:00,2026-09-07 15:35:00,95,Signal_Team_16,1,3,0.7673,HIGH,0.7686619819333341
TDMS-001772,B000492,2026-09-07 14:00:00,2026-09-07 14:35:00,35,OHE_Team_15,1,3,0.6743,HIGH,0.6657619819333342
TDMS-001627,B000492,2026-09-07 14:35:00,2026-09-07 15:10:00,35,OHE_Team_15,1,3,0.5285,MEDIUM,0.6220219819333342
TDMS-002891,B000492,2026-09-07 15:10:00,2026-09-07 16:00:00,50,OHE_Team_16,1,3,0.5043,MEDIUM,0.6335119819333341
SMMS-001540,B000492,2026-09-07 15:30:00,2026-09-07 15:55:00,25,Signal_Team_15,1,3,0.4008,LOW,0.5712119819333342
TDMS-000596,B000492,2026-09-07 15:35:00,2026-09-07 15:55:00,20,OHE_Team_15,1,3,0.4734,MEDIUM,0.5867419819333342
TDMS-001345,B000523,2026-09-07 19:00:00,2026-09-07 19:45:00,45,OHE_Team_23,1,2,0.4762,MEDIUM,0.6251771905829347
TDMS-002489,B000523,2026-09-07 19:00:00,2026-09-07 19:45:00,45,OHE_Team_24,1,2,0.2422,LOW,0.5549771905829347
TDMS-001089,B000523,2026-09-07 19:45:00,2026-09-07 20:15:00,30,OHE_Team_24,1,2,0.3159,LOW,0.5520871905829348
TDMS-002523,B000523,2026-09-07 19:45:00,2026-09-07 20:20:00,35,OHE_Team_23,1,2,0.3335,LOW,0.565700523916268
TDMS-002072,B000617,2026-09-07 22:30:00,2026-09-08 00:20:00,110,OHE_Team_10,1,4,0.6702,HIGH,0.7987976229950129
TDMS-002923,B000617,2026-09-07 22:30:00,2026-09-08 00:15:00,105,OHE_Team_09,1,4,0.682,HIGH,0.7960876229950129
TMS-002735,B000821,2026-09-07 23:00:00,2026-09-08 01:15:00,135,Track_Team_15;Rail_Grinder_01,2,5,0.6704,HIGH,0.7633653441189954
TDMS-000466,B000821,2026-09-07 23:00:00,2026-09-08 02:00:00,180,OHE_Team_15;Tower_Wagon_08,2,5,0.5217,MEDIUM,0.7562553441189954
TMS-001277,B000517,2026-09-07 23:00:00,2026-09-08 01:40:00,160,Track_Team_17;Tamping_Machine_06,2,3,0.4409,MEDIUM,0.6990647137042381
TMS-001720,B000645,2026-09-07 23:00:00,2026-09-08 02:15:00,195,Track_Team_16,1,5,0.4612,MEDIUM,0.6083878757751848
TDMS-001027,B000821,2026-09-07 23:00:00,2026-09-08 01:20:00,140,OHE_Team_16,1,5,0.2226,LOW,0.6531920107856619
TMS-003007,B000517,2026-09-07 23:00:00,2026-09-07 23:55:00,55,Track_Team_18,1,3,0.121,LOW,0.5489280470375715
TMS-001034,B000763,2026-09-07 23:35:00,2026-09-07 23:55:00,20,Track_Team_22,1,1,0.3635,LOW,0.4431978888334527
TMS-001729,B000763,2026-09-07 23:55:00,2026-09-08 00:40:00,45,Track_Team_22,1,1,0.5952,MEDIUM,0.533541222166786
TMS-000087,B000517,2026-09-07 23:55:00,2026-09-08 00:40:00,45,Track_Team_18,1,3,0.1254,LOW,0.541914713704238
SMMS-001150,B000591,2026-09-08 00:30:00,2026-09-08 02:15:00,105,Signal_Team_08,1,6,0.8502,CRITICAL,0.7507676508808417
SMMS-002096,B000591,2026-09-08 00:30:00,2026-09-08 01:55:00,85,Signal_Team_07,1,6,0.7927,CRITICAL,0.7210176508808417
TDMS-000703,B000005,2026-09-08 00:30:00,2026-09-08 02:30:00,120,OHE_Team_12,1,4,0.9281,CRITICAL,0.7379454919247366
TDMS-001889,B000005,2026-09-08 00:30:00,2026-09-08 03:05:00,155,OHE_Team_11,1,4,0.8051,CRITICAL,0.7229204919247365
SMMS-001404,B000005,2026-09-08 00:30:00,2026-09-08 03:50:00,200,Signal_Team_12,1,4,0.6953,HIGH,0.7181054919247365
TDMS-002846,B000074,2026-09-08 00:30:00,2026-09-08 02:20:00,110,OHE_Team_10,1,4,0.5427,MEDIUM,0.6458044343936287
TMS-003072,B000005,2026-09-08 00:30:00,2026-09-08 02:30:00,120,Track_Team_12,1,4,0.5986,MEDIUM,0.6390954919247365
SMMS-002618,B000074,2026-09-08 00:30:00,2026-09-08 01:20:00,50,Signal_Team_09,1,4,0.3827,LOW,0.5603044343936288
TDMS-002178,B000074,2026-09-08 00:30:00,2026-09-08 00:50:00,20,OHE_Team_09,1,4,0.2476,LOW,0.5010244343936288
TMS-003191,B000074,2026-09-08 00:30:00,2026-09-08 01:10:00,40,Track_Team_10,1,4,0.312,LOW,0.5328444343936287
TMS-003693,B000763,2026-09-08 00:40:00,2026-09-08 01:10:00,30,Track_Team_21,1,1,0.3652,LOW,0.452041222166786
TMS-003802,B000517,2026-09-08 00:40:00,2026-09-08 01:05:00,25,Track_Team_18,1,3,0.1499,LOW,0.5325980470375714
TDMS-001035,B000074,2026-09-08 00:50:00,2026-09-08 02:35:00,105,OHE_Team_09,1,4,0.4711,MEDIUM,0.6211994343936287
TMS-001546,B000624,2026-09-08 01:00:00,2026-09-08 02:55:00,115,Track_Team_09,1,6,0.811,CRITICAL,0.8543840682342532
SMMS-001318,B000624,2026-09-08 01:00:00,2026-09-08 02:05:00,65,Signal_Team_10,1,6,0.6472,MEDIUM,0.7427440682342532
SMMS-002168,B000450,2026-09-08 01:00:00,2026-09-08 01:55:00,55,Signal_Team_21,1,2,0.4883,MEDIUM,0.5866528167220908
TMS-002547,B000517,2026-09-08 01:05:00,2026-09-08 01:20:00,15,Track_Team_18,1,3,0.2229,LOW,0.5461647137042381
TMS-001104,B000624,2026-09-08 01:10:00,2026-09-08 03:00:00,110,Track_Team_10,1,6,0.8508,CRITICAL,0.8600740682342531
SMMS-002880,B000763,2026-09-08 01:10:00,2026-09-08 01:45:00,35,Signal_Team_22,1,1,0.6621,HIGH,0.5452778888334527
TMS-003645,B000821,2026-09-08 01:15:00,2026-09-08 01:50:00,35,Track_Team_15,1,5,0.5543,MEDIUM,0.665202010785662
SMMS-000830,B000624,2026-09-08 01:20:00,2026-09-08 01:50:00,30,Signal_Team_09,1,6,0.5424,MEDIUM,0.6675540682342531
TDMS-001778,B000821,2026-09-08 01:20:00,2026-09-08 01:45:00,25,OHE_Team_16,1,5,0.3798,LOW,0.6045186774523286
TMS-000347,B000786,2026-09-08 01:30:00,2026-09-08 04:30:00,180,Track_Team_22,1,5,0.7873,CRITICAL,0.7924373631633754
TMS-002495,B000786,2026-09-08 01:30:00,2026-09-08 03:20:00,110,Track_Team_21;Tamping_Machine_01,2,5,0.8062,CRITICAL,0.7197740298300421
SMMS-001825,B000763,2026-09-08 01:45:00,2026-09-08 02:20:00,35,Signal_Team_22,1,1,0.6261,MEDIUM,0.5344778888334527
SMMS-000988,B000624,2026-09-08 01:50:00,2026-09-08 02:15:00,25,Signal_Team_09,1,6,0.3608,LOW,0.6068240682342532
TMS-003902,B000645,2026-09-08 01:50:00,2026-09-08 02:30:00,40,Track_Team_15,1,5,0.2282,LOW,0.4416128757751848
SMMS-000073,B000591,2026-09-08 01:55:00,2026-09-08 03:05:00,70,Signal_Team_07,1,6,0.7822,CRITICAL,0.7084926508808418
SMMS-000305,B000134,2026-09-08 02:00:00,2026-09-08 03:45:00,105,Signal_Team_23,1,5,0.4357,MEDIUM,0.5154700846217666
TMS-001203,B000134,2026-09-08 02:00:00,2026-09-08 04:45:00,165,Track_Team_24;Crane_05,2,5,0.5045,MEDIUM,0.5536100846217666
TMS-001847,B000134,2026-09-08 02:00:00,2026-09-08 04:40:00,160,Track_Team_23,1,5,0.4418,MEDIUM,0.5516750846217666
SMMS-000652,B000212,2026-09-08 02:00:00,2026-09-08 02:25:00,25,Signal_Team_24,1,3,0.3654,LOW,0.7435717518641273
SMMS-002566,B000624,2026-09-08 02:05:00,2026-09-08 02:50:00,45,Signal_Team_10,1,6,0.5762,MEDIUM,0.6964440682342532
SMMS-001945,B000591,2026-09-08 02:15:00,2026-09-08 03:55:00,100,Signal_Team_08,1,6,0.8274,CRITICAL,0.7408026508808419
SMMS-002360,B000074,2026-09-08 02:15:00,2026-09-08 02:50:00,35,Signal_Team_09,1,4,0.504,MEDIUM,0.5873194343936288
TMS-002003,B000645,2026-09-08 02:15:00,2026-09-08 03:00:00,45,Track_Team_16,1,5,0.3696,LOW,0.4871578757751848
TDMS-001734,B000074,2026-09-08 02:20:00,2026-09-08 02:55:00,35,OHE_Team_10,1,4,0.4228,LOW,0.5629594343936288
SMMS-000039,B000134,2026-09-08 02:25:00,2026-09-08 04:05:00,100,Signal_Team_24,1,5,0.5165,MEDIUM,0.5365850846217666
SMMS-001764,B000005,2026-09-08 02:30:00,2026-09-08 04:25:00,115,Signal_Team_11,1,4,0.6745,HIGH,0.6587404919247364
TMS-000999,B000645,2026-09-08 02:30:00,2026-09-08 03:00:00,30,Track_Team_15,1,5,0.4448,MEDIUM,0.5003428757751849
TMS-001391,B000005,2026-09-08 02:30:00,2026-09-08 04:10:00,100,Track_Team_11,1,4,0.5367,MEDIUM,0.6080254919247363
TDMS-000967,B000074,2026-09-08 02:35:00,2026-09-08 04:15:00,100,OHE_Team_09,1,4,0.4512,MEDIUM,0.6121044343936288
SMMS-002139,B000683,2026-09-08 02:50:00,2026-09-08 04:25:00,95,Signal_Team_09,1,6,0.5237,MEDIUM,0.6610167460957995
SMMS-002376,B000074,2026-09-08 02:50:00,2026-09-08 03:55:00,65,Signal_Team_10,1,4,0.596,MEDIUM,0.6336694343936287
TMS-000147,B000683,2026-09-08 02:55:00,2026-09-08 05:45:00,170,Track_Team_09,1,6,0.7086,HIGH,0.7633617460957995
TDMS-000189,B000074,2026-09-08 02:55:00,2026-09-08 03:20:00,25,OHE_Team_10,1,4,0.207,LOW,0.4919694343936288
TMS-000233,B000683,2026-09-08 03:00:00,2026-09-08 06:15:00,195,Track_Team_10,1,6,0.7111,HIGH,0.7797367460957996
SMMS-002494,B000591,2026-09-08 03:05:00,2026-09-08 03:55:00,50,Signal_Team_07,1,6,0.7852,CRITICAL,0.6968926508808417
TDMS-000076,B000005,2026-09-08 03:05:00,2026-09-08 03:45:00,40,OHE_Team_11,1,4,0.504,MEDIUM,0.5607154919247364
TMS-002094,B000786,2026-09-08 03:20:00,2026-09-08 03:55:00,35,Track_Team_21,1,5,0.6006,MEDIUM,0.6155940298300422
TDMS-002418,B000683,2026-09-08 03:20:00,2026-09-08 05:00:00,100,OHE_Team_10,1,6,0.3582,LOW,0.6144917460957996
TDMS-000999,B000005,2026-09-08 03:45:00,2026-09-08 04:25:00,40,OHE_Team_12,1,4,0.5144,MEDIUM,0.5638354919247364
TDMS-002973,B000005,2026-09-08 03:50:00,2026-09-08 04:25:00,35,OHE_Team_11,1,4,0.6055,MEDIUM,0.5880404919247364
SMMS-000585,B000591,2026-09-08 03:55:00,2026-09-08 04:25:00,30,Signal_Team_07,1,6,0.5388,MEDIUM,0.6104726508808417
SMMS-000607,B000074,2026-09-08 03:55:00,2026-09-08 04:25:00,30,Signal_Team_10,1,4,0.3303,LOW,0.5320844343936288
TMS-000034,B000786,2026-09-08 03:55:00,2026-09-08 04:30:00,35,Track_Team_21,1,5,0.3434,LOW,0.5384340298300421
TDMS-000793,B000134,2026-09-08 04:05:00,2026-09-08 05:55:00,110,OHE_Team_24;Tower_Wagon_08,2,5,0.5398,MEDIUM,0.5298250846217665
TDMS-001732,B000683,2026-09-08 04:15:00,2026-09-08 06:15:00,120,OHE_Team_09,1,6,0.3376,LOW,0.6208117460957996
SMMS-000435,B000683,2026-09-08 04:25:00,2026-09-08 05:45:00,80,Signal_Team_09,1,6,0.4814,MEDIUM,0.6389517460957995
SMMS-001667,B000683,2026-09-08 04:25:00,2026-09-08 06:10:00,105,Signal_Team_10,1,6,0.4746,MEDIUM,0.6525367460957996
SMMS-000054,B000134,2026-09-08 04:40:00,2026-09-08 05:55:00,75,Signal_Team_23,1,5,0.4871,MEDIUM,0.5121400846217665
TDMS-002691,B000134,2026-09-08 04:45:00,2026-09-08 05:35:00,50,OHE_Team_23,1,5,0.356,LOW,0.4571850846217666
TDMS-001916,B000683,2026-09-08 05:00:00,2026-09-08 06:30:00,90,OHE_Team_10,1,6,0.4279,LOW,0.6291517460957996
SMMS-001914,B000683,2026-09-08 05:45:00,2026-09-08 06:15:00,30,Signal_Team_09,1,6,0.5024,MEDIUM,0.6140017460957996
SMMS-000102,B000950,2026-09-08 10:30:00,2026-09-08 12:10:00,100,Signal_Team_06,1,2,0.2682,LOW,0.6624931857949489
SMMS-002588,B000950,2026-09-08 10:30:00,2026-09-08 12:05:00,95,Signal_Team_05,1,2,0.22,LOW,0.6417831857949489
TDMS-001918,B000202,2026-09-08 10:30:00,2026-09-08 11:55:00,85,OHE_Team_14,1,2,0.1455,LOW,0.5552302897955884
TDMS-002889,B000202,2026-09-08 10:30:00,2026-09-08 11:50:00,80,OHE_Team_13,1,2,0.2449,LOW,0.5808836231289217
TDMS-001687,B000202,2026-09-08 11:55:00,2026-09-08 12:45:00,50,OHE_Team_14,1,2,0.2666,LOW,0.5623936231289217
TDMS-000559,B000202,2026-09-08 12:45:00,2026-09-08 13:20:00,35,OHE_Team_14,1,2,0.1988,LOW,0.5295536231289217
TMS-002370,B000334,2026-09-08 15:00:00,2026-09-08 15:35:00,35,Track_Team_02,1,3,0.5132,MEDIUM,0.6114255662875704
TDMS-002278,B000334,2026-09-08 15:00:00,2026-09-08 15:40:00,40,OHE_Team_02,1,3,0.1357,LOW,0.5013005662875704
TDMS-002653,B000334,2026-09-08 15:40:00,2026-09-08 16:20:00,40,OHE_Team_02,1,3,0.1743,LOW,0.5128805662875704
TDMS-001571,B000334,2026-09-08 16:20:00,2026-09-08 17:00:00,40,OHE_Team_02,1,3,0.0946,LOW,0.4889705662875704
TMS-003074,B000515,2026-09-08 17:00:00,2026-09-08 18:00:00,60,Track_Team_16,1,1,0.3551,LOW,0.5296593947146182
TMS-003578,B000845,2026-09-08 19:00:00,2026-09-08 19:30:00,30,Track_Team_03,1,2,0.4262,LOW,0.720655490374297
SMMS-000890,B000609,2026-09-08 23:30:00,2026-09-09 03:00:00,210,Signal_Team_02,1,5,0.8152,CRITICAL,0.834818495738809
SMMS-001890,B000525,2026-09-08 23:30:00,2026-09-09 00:05:00,35,Signal_Team_01,1,2,0.5662,MEDIUM,0.7361305017597919
TDMS-001570,B000526,2026-09-08 23:30:00,2026-09-09 00:20:00,50,OHE_Team_01,1,5,0.4298,MEDIUM,0.7659863314339583
TDMS-002112,B000526,2026-09-08 23:30:00,2026-09-09 00:20:00,50,OHE_Team_02,1,5,0.6202,MEDIUM,0.8231063314339582
SMMS-002238,B000609,2026-09-09 00:05:00,2026-09-09 02:25:00,140,Signal_Team_01,1,5,0.8137,CRITICAL,0.7906184957388089
TMS-002704,B000780,2026-09-09 00:30:00,2026-09-09 01:20:00,50,Track_Team_22,1,1,0.5767,MEDIUM,0.62827129979451
TMS-001721,B000787,2026-09-09 01:00:00,2026-09-09 01:50:00,50,Track_Team_07,1,4,0.2611,LOW,0.575134039960747
TMS-002870,B000787,2026-09-09 01:00:00,2026-09-09 02:05:00,65,Track_Team_08,1,4,0.3805,LOW,0.6234540399607469
TMS-003558,B000780,2026-09-09 01:20:00,2026-09-09 02:00:00,40,Track_Team_22,1,1,0.5546,MEDIUM,0.6049746331278434
TDMS-000396,B000920,2026-09-09 01:30:00,2026-09-09 02:25:00,55,OHE_Team_19,1,2,0.5418,MEDIUM,0.6724260121213123
TDMS-000219,B000920,2026-09-09 01:30:00,2026-09-09 02:40:00,70,OHE_Team_20,1,2,0.3762,LOW,0.6414960121213122
TMS-001676,B000787,2026-09-09 01:50:00,2026-09-09 02:25:00,35,Track_Team_07,1,4,0.4563,MEDIUM,0.621194039960747
SMMS-001799,B000037,2026-09-09 02:00:00,2026-09-09 03:45:00,105,Signal_Team_11,1,5,0.8226,CRITICAL,0.7283770455843932
SMMS-002435,B000037,2026-09-09 02:00:00,2026-09-09 03:45:00,105,Signal_Team_12,1,5,0.7589,HIGH,0.7092670455843932
SMMS-002262,B000080,2026-09-09 02:00:00,2026-09-09 03:15:00,75,Signal_Team_04,1,5,0.4656,MEDIUM,0.6606931662404167
TDMS-000342,B000037,2026-09-09 02:00:00,2026-09-09 03:25:00,85,OHE_Team_12,1,5,0.5104,MEDIUM,0.6222170455843932
TDMS-001403,B000080,2026-09-09 02:00:00,2026-09-09 04:10:00,130,OHE_Team_04,1,5,0.5539,MEDIUM,0.73301649957375
TDMS-002630,B000037,2026-09-09 02:00:00,2026-09-09 04:10:00,130,OHE_Team_11,1,5,0.4341,MEDIUM,0.627452045584393
TMS-000360,B000080,2026-09-09 02:00:00,2026-09-09 04:40:00,160,Track_Team_04,1,5,0.6493,MEDIUM,0.78663649957375
TMS-003427,B000080,2026-09-09 02:00:00,2026-09-09 05:00:00,180,Track_Team_03,1,5,0.4732,MEDIUM,0.7504731662404167
TDMS-002895,B000080,2026-09-09 02:00:00,2026-09-09 02:55:00,55,OHE_Team_03,1,5,0.3137,LOW,0.59845649957375
TMS-003034,B000037,2026-09-09 02:00:00,2026-09-09 04:10:00,130,Track_Team_11,1,5,0.3153,LOW,0.5918120455843932
TMS-001390,B000787,2026-09-09 02:05:00,2026-09-09 03:00:00,55,Track_Team_08,1,4,0.2388,LOW,0.5726107066274135
SMMS-002247,B000080,2026-09-09 02:55:00,2026-09-09 03:45:00,50,Signal_Team_03,1,5,0.4891,MEDIUM,0.6469098329070835
TMS-000749,B000567,2026-09-09 03:00:00,2026-09-09 05:55:00,175,Track_Team_10;Tamping_Machine_03,2,4,0.689,HIGH,0.7780294498765751
TMS-001706,B000567,2026-09-09 03:00:00,2026-09-09 05:45:00,165,Track_Team_09,1,4,0.6951,HIGH,0.7965261165432418
TDMS-001874,B000567,2026-09-09 03:00:00,2026-09-09 03:55:00,55,OHE_Team_09,1,4,0.4519,MEDIUM,0.6318994498765751
TMS-003164,B000787,2026-09-09 03:00:00,2026-09-09 03:50:00,50,Track_Team_08,1,4,0.4563,MEDIUM,0.6336940399607469
TDMS-002343,B000759,2026-09-09 03:00:00,2026-09-09 03:45:00,45,OHE_Team_17,1,1,0.0977,LOW,0.5198157752975832
SMMS-001092,B000080,2026-09-09 03:15:00,2026-09-09 04:20:00,65,Signal_Team_04,1,5,0.4483,MEDIUM,0.6471698329070834
TMS-000644,B000037,2026-09-09 03:25:00,2026-09-09 04:20:00,55,Track_Team_12,1,5,0.3234,LOW,0.5473670455843931
SMMS-001158,B000037,2026-09-09 03:45:00,2026-09-09 05:20:00,95,Signal_Team_11,1,5,0.7956,CRITICAL,0.7140270455843931
SMMS-001958,B000080,2026-09-09 03:45:00,2026-09-09 04:35:00,50,Signal_Team_03,1,5,0.5413,MEDIUM,0.6625698329070835
TDMS-001452,B000037,2026-09-09 03:45:00,2026-09-09 04:25:00,40,OHE_Team_12,1,5,0.4818,MEDIUM,0.5855120455843932
TDMS-000716,B000759,2026-09-09 03:45:00,2026-09-09 04:25:00,40,OHE_Team_17,1,1,0.0885,LOW,0.5087224419642499
TDMS-002480,B000567,2026-09-09 03:55:00,2026-09-09 04:45:00,50,OHE_Team_10,1,4,0.511,MEDIUM,0.6454627832099085
SMMS-000631,B000037,2026-09-09 04:10:00,2026-09-09 05:15:00,65,Signal_Team_12,1,5,0.7519,HIGH,0.6821670455843931
TDMS-002748,B000037,2026-09-09 04:10:00,2026-09-09 04:40:00,30,OHE_Team_11,1,5,0.4072,LOW,0.5568820455843932
SMMS-002264,B000080,2026-09-09 04:20:00,2026-09-09 04:55:00,35,Signal_Team_04,1,5,0.3766,LOW,0.6006598329070834
TMS-003668,B000037,2026-09-09 04:20:00,2026-09-09 05:10:00,50,Track_Team_12,1,5,0.2167,LOW,0.5122320455843932
TDMS-002607,B000037,2026-09-09 04:25:00,2026-09-09 04:45:00,20,OHE_Team_12,1,5,0.2482,LOW,0.5029320455843931
SMMS-000891,B000080,2026-09-09 04:35:00,2026-09-09 05:00:00,25,Signal_Team_03,1,5,0.3299,LOW,0.5783164995737502
SMMS-000450,B000567,2026-09-09 04:45:00,2026-09-09 05:20:00,35,Signal_Team_09,1,4,0.4974,MEDIUM,0.6288827832099084
TDMS-002870,B000037,2026-09-09 04:45:00,2026-09-09 06:00:00,75,OHE_Team_12;Electrical_Isolation_Team_04,2,5,0.4757,MEDIUM,0.5855570455843933
TMS-003660,B000037,2026-09-09 05:10:00,2026-09-09 05:50:00,40,Track_Team_12,1,5,0.2275,LOW,0.5092220455843932
TDMS-001435,B000037,2026-09-09 05:15:00,2026-09-09 05:45:00,30,OHE_Team_11,1,5,0.2723,LOW,0.5164120455843932
TDMS-000758,B000567,2026-09-09 05:20:00,2026-09-09 05:55:00,35,OHE_Team_09,1,4,0.692,HIGH,0.6872627832099083
SMMS-000156,B000037,2026-09-09 05:20:00,2026-09-09 06:00:00,40,Signal_Team_11,1,5,0.4527,MEDIUM,0.576782045584393
SMMS-001524,B000178,2026-09-09 07:30:00,2026-09-09 08:15:00,45,Signal_Team_14,1,5,0.3357,LOW,0.6630205404996234
SMMS-002913,B000178,2026-09-09 07:30:00,2026-09-09 08:05:00,35,Signal_Team_13,1,5,0.21,LOW,0.6128105404996234
SMMS-001408,B000178,2026-09-09 08:05:00,2026-09-09 08:50:00,45,Signal_Team_13,1,5,0.112,LOW,0.5959105404996234
SMMS-000670,B000178,2026-09-09 08:15:00,2026-09-09 09:05:00,50,Signal_Team_14,1,5,0.2218,LOW,0.6351005404996233
SMMS-000398,B000178,2026-09-09 08:50:00,2026-09-09 09:30:00,40,Signal_Team_13,1,5,0.1969,LOW,0.6151305404996235
TMS-000082,B000391,2026-09-09 10:00:00,2026-09-09 10:55:00,55,Track_Team_11,1,3,0.443,MEDIUM,0.6918168422029185
TMS-002362,B000391,2026-09-09 10:00:00,2026-09-09 10:45:00,45,Track_Team_12,1,3,0.5225,MEDIUM,0.6990001755362518
TMS-003170,B000205,2026-09-09 10:00:00,2026-09-09 10:25:00,25,Track_Team_18,1,1,0.4468,MEDIUM,0.6272157538015106
TMS-000795,B000391,2026-09-09 10:55:00,2026-09-09 11:30:00,35,Track_Team_11,1,3,0.551,MEDIUM,0.6908835088695852
TMS-002919,B000470,2026-09-09 11:00:00,2026-09-09 13:35:00,155,Track_Team_17,1,5,0.1089,LOW,0.6311529083653014
TMS-003892,B000470,2026-09-09 11:00:00,2026-09-09 13:55:00,175,Track_Team_18,1,5,0.0949,LOW,0.643619575031968
SMMS-001377,B000359,2026-09-09 11:10:00,2026-09-09 11:55:00,45,Signal_Team_04,1,2,0.1676,LOW,0.5775056088647286
SMMS-001698,B000359,2026-09-09 11:55:00,2026-09-09 12:50:00,55,Signal_Team_04,1,2,0.3035,LOW,0.6307756088647286
SMMS-000563,B000986,2026-09-09 14:30:00,2026-09-09 15:00:00,30,Signal_Team_07,1,4,0.6678,HIGH,0.7459785043320579
TDMS-000774,B000986,2026-09-09 14:30:00,2026-09-09 15:15:00,45,OHE_Team_07,1,4,0.6922,HIGH,0.790798504332058
SMMS-002636,B000986,2026-09-09 14:30:00,2026-09-09 15:00:00,30,Signal_Team_08,1,4,0.6281,MEDIUM,0.7340685043320581
TMS-002557,B000986,2026-09-09 14:30:00,2026-09-09 15:05:00,35,Track_Team_07,1,4,0.4439,MEDIUM,0.6913085043320579
SMMS-001780,B000986,2026-09-09 15:00:00,2026-09-09 15:25:00,25,Signal_Team_08,1,4,0.4993,MEDIUM,0.6829285043320581
TDMS-000738,B000997,2026-09-09 15:00:00,2026-09-09 15:40:00,40,OHE_Team_08,1,2,0.2261,LOW,0.5861840875162246
TDMS-001573,B000997,2026-09-09 15:15:00,2026-09-09 15:55:00,40,OHE_Team_07,1,2,0.3111,LOW,0.6116840875162247
TDMS-002841,B000997,2026-09-09 15:40:00,2026-09-09 16:10:00,30,OHE_Team_08,1,2,0.4126,LOW,0.625467420849558
SMMS-002379,B000475,2026-09-09 19:00:00,2026-09-09 19:40:00,40,Signal_Team_24,1,1,0.3085,LOW,0.5586323697395028
SMMS-002080,B000475,2026-09-09 19:40:00,2026-09-09 20:20:00,40,Signal_Team_24,1,1,0.2628,LOW,0.5449223697395028
SMMS-000480,B000475,2026-09-09 20:20:00,2026-09-09 20:55:00,35,Signal_Team_23,1,1,0.2205,LOW,0.5259823697395029
TMS-001228,B000576,2026-09-09 22:30:00,2026-09-10 01:15:00,165,Track_Team_21,1,3,0.7974,CRITICAL,0.7636928527877191
SMMS-001030,B000576,2026-09-09 22:30:00,2026-09-10 00:05:00,95,Signal_Team_21,1,3,0.711,HIGH,0.6794395194543859
TMS-001735,B000576,2026-09-09 22:30:00,2026-09-10 00:15:00,105,Track_Team_22,1,3,0.6664,HIGH,0.6743928527877192
SMMS-001750,B000670,2026-09-09 22:30:00,2026-09-09 23:00:00,30,Signal_Team_08,1,6,0.3257,LOW,0.5562242000044169
TMS-003255,B000670,2026-09-09 22:30:00,2026-09-10 00:15:00,105,Track_Team_08,1,6,0.4041,LOW,0.6266192000044168
TMS-003529,B000670,2026-09-09 22:30:00,2026-09-09 23:25:00,55,Track_Team_07,1,6,0.3713,LOW,0.5855292000044169
TDMS-000243,B000670,2026-09-09 22:35:00,2026-09-09 23:40:00,65,OHE_Team_07;Electrical_Isolation_Team_07,2,6,0.1932,LOW,0.5216825333377502
TDMS-002970,B000666,2026-09-09 23:00:00,2026-09-10 01:35:00,155,OHE_Team_20,1,6,0.8077,CRITICAL,0.8008101937016501
SMMS-001910,B000651,2026-09-09 23:00:00,2026-09-10 00:50:00,110,Signal_Team_10,1,5,0.6636,HIGH,0.7610022129609451
TDMS-002678,B000666,2026-09-09 23:00:00,2026-09-10 01:15:00,135,OHE_Team_19,1,6,0.6866,HIGH,0.7478135270349834
SMMS-001112,B000507,2026-09-09 23:00:00,2026-09-10 00:00:00,60,Signal_Team_07,1,4,0.5161,MEDIUM,0.8239348269105158
SMMS-001753,B000507,2026-09-09 23:00:00,2026-09-10 00:00:00,60,Signal_Team_08,1,4,0.5531,MEDIUM,0.8350348269105159
SMMS-002408,B000651,2026-09-09 23:00:00,2026-09-10 01:00:00,120,Signal_Team_09,1,5,0.598,MEDIUM,0.7496555462942782
TDMS-001481,B000507,2026-09-09 23:00:00,2026-09-10 00:00:00,60,OHE_Team_08,1,4,0.2224,LOW,0.7358248269105159
TMS-000989,B000666,2026-09-09 23:00:00,2026-09-10 00:30:00,90,Track_Team_19,1,6,0.4176,LOW,0.6296135270349834
TMS-001941,B000666,2026-09-09 23:00:00,2026-09-10 00:55:00,115,Track_Team_20,1,6,0.3815,LOW,0.6396168603683167
TMS-001545,B000670,2026-09-09 23:25:00,2026-09-10 00:15:00,50,Track_Team_07,1,6,0.6225,MEDIUM,0.6577642000044169
TDMS-002993,B000670,2026-09-09 23:40:00,2026-09-10 00:25:00,45,OHE_Team_07;Tower_Wagon_02,2,6,0.2251,LOW,0.5187525333377502
TDMS-000363,B000670,2026-09-10 00:00:00,2026-09-10 01:40:00,100,OHE_Team_08;Tower_Wagon_01,2,6,0.4736,MEDIUM,0.6276775333377502
TDMS-001468,B000576,2026-09-10 00:05:00,2026-09-10 01:10:00,65,OHE_Team_22,1,3,0.3796,LOW,0.5550195194543859
TMS-000629,B000670,2026-09-10 00:15:00,2026-09-10 02:00:00,105,Track_Team_08,1,6,0.6492,MEDIUM,0.7001492000044168
SMMS-000291,B000670,2026-09-10 00:15:00,2026-09-10 01:25:00,70,Signal_Team_07,1,6,0.348,LOW,0.5879142000044169
TDMS-000108,B000576,2026-09-10 00:15:00,2026-09-10 01:20:00,65,OHE_Team_21,1,3,0.2066,LOW,0.5031195194543859
TDMS-000506,B000670,2026-09-10 00:25:00,2026-09-10 01:00:00,35,OHE_Team_07,1,6,0.3659,LOW,0.5714092000044169
TMS-003879,B000062,2026-09-10 00:30:00,2026-09-10 01:30:00,60,Track_Team_19,1,4,0.5405,MEDIUM,0.6859975190156531
SMMS-001320,B000651,2026-09-10 00:50:00,2026-09-10 01:25:00,35,Signal_Team_10,1,5,0.4868,MEDIUM,0.6454622129609451
TMS-000258,B000062,2026-09-10 00:55:00,2026-09-10 03:30:00,155,Track_Team_20,1,4,0.4523,MEDIUM,0.7387041856823198
SMMS-001321,B000045,2026-09-10 01:00:00,2026-09-10 03:20:00,140,Signal_Team_17,1,7,0.5359,MEDIUM,0.6313158530370833
SMMS-001357,B000651,2026-09-10 01:00:00,2026-09-10 01:45:00,45,Signal_Team_09,1,5,0.4518,MEDIUM,0.6432955462942782
TDMS-000428,B000045,2026-09-10 01:00:00,2026-09-10 02:55:00,115,OHE_Team_18,1,7,0.6361,MEDIUM,0.6457508530370832
TMS-001503,B000045,2026-09-10 01:00:00,2026-09-10 04:00:00,180,Track_Team_17,1,7,0.4942,MEDIUM,0.6438058530370833
TMS-001930,B000045,2026-09-10 01:00:00,2026-09-10 03:45:00,165,Track_Team_18;Crane_05,2,7,0.486,MEDIUM,0.6176851387513689
TDMS-000349,B000045,2026-09-10 01:00:00,2026-09-10 02:15:00,75,OHE_Team_17;Tower_Wagon_04,2,7,0.4208,LOW,0.541875138751369
TDMS-002798,B000062,2026-09-10 01:15:00,2026-09-10 03:00:00,105,OHE_Team_19,1,4,0.4833,MEDIUM,0.7063375190156531
SMMS-001482,B000670,2026-09-10 01:25:00,2026-09-10 02:15:00,50,Signal_Team_07,1,6,0.3931,LOW,0.5889442000044168
SMMS-001831,B000651,2026-09-10 01:25:00,2026-09-10 01:55:00,30,Signal_Team_10,1,5,0.3929,LOW,0.6131255462942784
SMMS-002832,B000022,2026-09-10 01:30:00,2026-09-10 03:00:00,90,Signal_Team_21,1,7,0.6876,HIGH,0.7140292151676332
SMMS-001811,B000022,2026-09-10 01:30:00,2026-09-10 03:10:00,100,Signal_Team_22,1,7,0.5617,MEDIUM,0.6845925485009665
TMS-000208,B000116,2026-09-10 01:30:00,2026-09-10 03:55:00,145,Track_Team_21;Crane_02,2,4,0.457,MEDIUM,0.6883122283467651
TDMS-000828,B000022,2026-09-10 01:30:00,2026-09-10 02:10:00,40,OHE_Team_21,1,7,0.1054,LOW,0.4977025485009665
TDMS-000898,B000987,2026-09-10 01:30:00,2026-09-10 02:30:00,60,OHE_Team_01,1,4,0.389,LOW,0.7123761125933987
TDMS-002514,B000022,2026-09-10 01:30:00,2026-09-10 02:20:00,50,OHE_Team_22,1,7,0.2635,LOW,0.5534658818342998
TDMS-002692,B000987,2026-09-10 01:30:00,2026-09-10 03:00:00,90,OHE_Team_02,1,4,0.3434,LOW,0.7486961125933989
TMS-001583,B000987,2026-09-10 01:30:00,2026-09-10 02:25:00,55,Track_Team_02,1,4,0.3974,LOW,0.7065627792600655
TMS-002268,B000116,2026-09-10 01:30:00,2026-09-10 04:05:00,155,Track_Team_22,1,4,0.1628,LOW,0.6333855616800983
TMS-002564,B000987,2026-09-10 01:30:00,2026-09-10 02:15:00,45,Track_Team_01,1,4,0.1957,LOW,0.6293861125933988
TDMS-002564,B000062,2026-09-10 01:35:00,2026-09-10 03:00:00,85,OHE_Team_20,1,4,0.4105,LOW,0.6678308523489864
TMS-002197,B000062,2026-09-10 01:40:00,2026-09-10 03:15:00,95,Track_Team_19,1,4,0.5701,MEDIUM,0.7240441856823199
TDMS-001838,B000088,2026-09-10 02:00:00,2026-09-10 04:10:00,130,OHE_Team_07;Tower_Wagon_08,2,5,0.8068,CRITICAL,0.7170285826622422
TMS-000994,B000088,2026-09-10 02:00:00,2026-09-10 04:10:00,130,Track_Team_08,1,5,0.9097,CRITICAL,0.7678985826622424
TMS-001107,B000088,2026-09-10 02:00:00,2026-09-10 04:05:00,125,Track_Team_07,1,5,0.8521,CRITICAL,0.7474935826622424
TMS-000894,B000338,2026-09-10 02:00:00,2026-09-10 02:55:00,55,Track_Team_05,1,3,0.7018,HIGH,0.750170218478356
SMMS-000129,B000235,2026-09-10 02:00:00,2026-09-10 02:50:00,50,Signal_Team_23,1,3,0.4422,MEDIUM,0.6749134148503723
SMMS-000754,B000338,2026-09-10 02:00:00,2026-09-10 02:40:00,40,Signal_Team_05,1,3,0.5217,MEDIUM,0.671140218478356
TMS-003273,B000338,2026-09-10 02:00:00,2026-09-10 03:30:00,90,Track_Team_06,1,3,0.6031,MEDIUM,0.7788935518116893
SMMS-002680,B000235,2026-09-10 02:00:00,2026-09-10 03:00:00,60,Signal_Team_24,1,3,0.3091,LOW,0.6474834148503723
TDMS-000386,B000235,2026-09-10 02:00:00,2026-09-10 03:00:00,60,OHE_Team_23,1,3,0.195,LOW,0.6132534148503723
TDMS-000489,B000022,2026-09-10 02:10:00,2026-09-10 04:05:00,115,OHE_Team_21,1,7,0.5102,MEDIUM,0.6816425485009665
TDMS-001981,B000088,2026-09-10 02:15:00,2026-09-10 03:20:00,65,OHE_Team_08,1,5,0.6612,HIGH,0.6527235826622424
TDMS-002826,B000045,2026-09-10 02:15:00,2026-09-10 03:00:00,45,OHE_Team_17,1,7,0.4361,MEDIUM,0.5420008530370833
SMMS-002577,B000045,2026-09-10 02:15:00,2026-09-10 03:00:00,45,Signal_Team_18,1,7,0.3017,LOW,0.5016808530370833
TDMS-002605,B000022,2026-09-10 02:20:00,2026-09-10 03:35:00,75,OHE_Team_22,1,7,0.6083,MEDIUM,0.6777392151676331
SMMS-002967,B000338,2026-09-10 02:40:00,2026-09-10 03:15:00,35,Signal_Team_06,1,3,0.7858,CRITICAL,0.7420368851450228
SMMS-000106,B000235,2026-09-10 02:50:00,2026-09-10 03:55:00,65,Signal_Team_23,1,3,0.5939,MEDIUM,0.7391734148503722
TDMS-001624,B000045,2026-09-10 02:55:00,2026-09-10 04:35:00,100,OHE_Team_18,1,7,0.615,MEDIUM,0.6300458530370833
TMS-000812,B000338,2026-09-10 02:55:00,2026-09-10 03:30:00,35,Track_Team_05,1,3,0.4661,MEDIUM,0.6461268851450227
SMMS-001620,B000235,2026-09-10 03:00:00,2026-09-10 04:00:00,60,Signal_Team_24,1,3,0.5117,MEDIUM,0.7082634148503723
TMS-002409,B000235,2026-09-10 03:00:00,2026-09-10 03:35:00,35,Track_Team_23,1,3,0.5035,MEDIUM,0.6745534148503723
SMMS-002065,B000088,2026-09-10 03:20:00,2026-09-10 04:40:00,80,Signal_Team_08,1,5,0.6914,HIGH,0.6711585826622424
SMMS-002867,B000045,2026-09-10 03:20:00,2026-09-10 04:50:00,90,Signal_Team_17,1,7,0.2912,LOW,0.5266558530370833
TDMS-000366,B000116,2026-09-10 03:35:00,2026-09-10 04:30:00,55,OHE_Team_22,1,4,0.3073,LOW,0.593402228346765
TMS-003502,B000045,2026-09-10 04:00:00,2026-09-10 04:55:00,55,Track_Team_17,1,7,0.1619,LOW,0.46599085303708326
SMMS-000546,B000088,2026-09-10 04:05:00,2026-09-10 06:00:00,115,Signal_Team_07,1,5,0.6748,HIGH,0.6880535826622423
TMS-003901,B000088,2026-09-10 04:10:00,2026-09-10 06:00:00,110,Track_Team_07,1,5,0.8687,CRITICAL,0.7430985826622423
TDMS-000281,B000088,2026-09-10 04:10:00,2026-09-10 05:50:00,100,OHE_Team_08,1,5,0.7128,HIGH,0.6900785826622424
TMS-000454,B000088,2026-09-10 04:10:00,2026-09-10 05:05:00,55,Track_Team_08,1,5,0.7242,HIGH,0.6653735826622422
TDMS-001860,B000088,2026-09-10 04:40:00,2026-09-10 06:00:00,80,OHE_Team_07,1,5,0.8049,CRITICAL,0.7052085826622423
TMS-000436,B000088,2026-09-10 05:05:00,2026-09-10 05:40:00,35,Track_Team_08,1,5,0.6688,HIGH,0.6362535826622424
TDMS-001017,B000925,2026-09-10 10:00:00,2026-09-10 11:25:00,85,OHE_Team_01,1,5,0.5361,MEDIUM,0.7233473507678405
SMMS-000824,B000925,2026-09-10 10:00:00,2026-09-10 10:55:00,55,Signal_Team_02,1,5,0.3568,LOW,0.6320573507678404
SMMS-001375,B000925,2026-09-10 10:00:00,2026-09-10 10:55:00,55,Signal_Team_01,1,5,0.3104,LOW,0.6181373507678405
TDMS-001254,B000925,2026-09-10 10:00:00,2026-09-10 10:45:00,45,OHE_Team_02,1,5,0.4235,LOW,0.6395673507678405
TDMS-000933,B000925,2026-09-10 10:45:00,2026-09-10 11:30:00,45,OHE_Team_02,1,5,0.2278,LOW,0.5808573507678405
SMMS-000645,B000925,2026-09-10 10:55:00,2026-09-10 11:55:00,60,Signal_Team_02,1,5,0.5038,MEDIUM,0.6824073507678405
TDMS-000825,B000981,2026-09-10 11:00:00,2026-09-10 11:30:00,30,OHE_Team_16,1,3,0.6968,HIGH,0.767277033324867
TDMS-000950,B000981,2026-09-10 11:00:00,2026-09-10 11:40:00,40,OHE_Team_15,1,3,0.6194,MEDIUM,0.7773903666582003
SMMS-000751,B000981,2026-09-10 11:00:00,2026-09-10 11:35:00,35,Signal_Team_16,1,3,0.3614,LOW,0.6833236999915336
TMS-000182,B000520,2026-09-10 11:00:00,2026-09-10 11:40:00,40,Track_Team_19,1,4,0.1377,LOW,0.5855773081881517
TDMS-002835,B000925,2026-09-10 11:25:00,2026-09-10 11:50:00,25,OHE_Team_01,1,5,0.4339,MEDIUM,0.6176873507678404
SMMS-001651,B000236,2026-09-10 13:00:00,2026-09-10 13:50:00,50,Signal_Team_23,1,3,0.4725,MEDIUM,0.7405886583580894
SMMS-000981,B000190,2026-09-10 13:00:00,2026-09-10 13:40:00,40,Signal_Team_01,1,1,0.3039,LOW,0.6634294467655333
SMMS-002233,B000236,2026-09-10 13:00:00,2026-09-10 13:30:00,30,Signal_Team_24,1,3,0.3355,LOW,0.6494886583580894
TMS-003701,B000236,2026-09-10 13:00:00,2026-09-10 13:40:00,40,Track_Team_23,1,3,0.3534,LOW,0.6798586583580895
SMMS-000690,B000236,2026-09-10 13:30:00,2026-09-10 14:00:00,30,Signal_Team_24,1,3,0.4675,MEDIUM,0.6890886583580894
SMMS-000969,B000503,2026-09-10 14:00:00,2026-09-10 14:25:00,25,Signal_Team_04,1,5,0.127,LOW,0.5136839986194903
SMMS-001338,B000503,2026-09-10 14:00:00,2026-09-10 14:30:00,30,Signal_Team_03,1,5,0.2509,LOW,0.5539789986194903
TMS-003920,B000503,2026-09-10 14:00:00,2026-09-10 14:55:00,55,Track_Team_04,1,5,0.1258,LOW,0.5320739986194902
TMS-000696,B000346,2026-09-10 14:30:00,2026-09-10 15:20:00,50,Track_Team_14,1,2,0.4743,MEDIUM,0.6392434941399433
SMMS-000176,B000503,2026-09-10 14:30:00,2026-09-10 14:50:00,20,Signal_Team_03,1,5,0.2755,LOW,0.5551089986194901
TMS-001919,B000142,2026-09-10 15:00:00,2026-09-10 15:50:00,50,Track_Team_01,1,2,0.0471,LOW,0.5285084281666865
TMS-003620,B000142,2026-09-10 15:00:00,2026-09-10 15:40:00,40,Track_Team_02,1,2,0.0675,LOW,0.5221284281666866
TMS-000161,B000346,2026-09-10 15:20:00,2026-09-10 16:05:00,45,Track_Team_14,1,2,0.3683,LOW,0.6011934941399434
TMS-001965,B000142,2026-09-10 15:40:00,2026-09-10 16:15:00,35,Track_Team_02,1,2,0.0166,LOW,0.5006084281666866
TDMS-001577,B000439,2026-09-10 16:30:00,2026-09-10 17:20:00,50,OHE_Team_11,1,1,0.2604,LOW,0.42239799444826065
TMS-000805,B000415,2026-09-10 23:00:00,2026-09-11 02:25:00,205,Track_Team_12,1,3,0.4587,MEDIUM,0.6783964726749737
TMS-003448,B000415,2026-09-10 23:00:00,2026-09-11 01:00:00,120,Track_Team_11,1,3,0.4409,MEDIUM,0.6199314726749738
TDMS-002728,B000415,2026-09-10 23:00:00,2026-09-10 23:35:00,35,OHE_Team_12,1,3,0.1184,LOW,0.47005647267497386
TDMS-001444,B000792,2026-09-10 23:30:00,2026-09-11 00:05:00,35,OHE_Team_22,1,3,0.3938,LOW,0.6788290481970183
TDMS-002671,B000792,2026-09-10 23:30:00,2026-09-11 00:15:00,45,OHE_Team_21,1,3,0.3702,LOW,0.6884157148636849
TMS-003316,B000792,2026-09-10 23:30:00,2026-09-11 00:45:00,75,Track_Team_21,1,3,0.3917,LOW,0.7448657148636849
SMMS-002350,B000415,2026-09-10 23:35:00,2026-09-11 00:30:00,55,Signal_Team_12,1,3,0.2988,LOW,0.5366764726749738
SMMS-001920,B000792,2026-09-11 00:05:00,2026-09-11 00:55:00,50,Signal_Team_22,1,3,0.1502,LOW,0.6307490481970183
TDMS-000985,B000792,2026-09-11 00:15:00,2026-09-11 00:50:00,35,OHE_Team_21,1,3,0.4393,MEDIUM,0.6924790481970182
SMMS-001646,B000415,2026-09-11 00:30:00,2026-09-11 01:20:00,50,Signal_Team_12,1,3,0.1504,LOW,0.4890314726749738
TMS-000223,B000137,2026-09-11 01:00:00,2026-09-11 04:15:00,195,Track_Team_08;Tamping_Machine_01,2,6,0.8193,CRITICAL,0.7808091873473292
TMS-003857,B000549,2026-09-11 01:00:00,2026-09-11 04:40:00,220,Track_Team_10,1,5,0.7841,CRITICAL,0.7723203386752191
SMMS-002626,B000137,2026-09-11 01:00:00,2026-09-11 03:15:00,135,Signal_Team_08,1,6,0.7316,HIGH,0.7336658540139959
TMS-003743,B000137,2026-09-11 01:00:00,2026-09-11 03:35:00,155,Track_Team_07;Crane_04,2,6,0.6621,HIGH,0.7086491873473292
TDMS-002578,B000137,2026-09-11 01:00:00,2026-09-11 03:15:00,135,OHE_Team_08,1,6,0.4562,MEDIUM,0.6510458540139958
TMS-000109,B000549,2026-09-11 01:00:00,2026-09-11 01:55:00,55,Track_Team_09,1,5,0.4608,MEDIUM,0.572205338675219
TMS-001134,B000415,2026-09-11 01:00:00,2026-09-11 03:00:00,120,Track_Team_11,1,3,0.4773,MEDIUM,0.6308514726749738
TDMS-002076,B000415,2026-09-11 01:20:00,2026-09-11 02:05:00,45,OHE_Team_11,1,3,0.1119,LOW,0.47435647267497383
SMMS-000302,B000953,2026-09-11 02:00:00,2026-09-11 02:35:00,35,Signal_Team_10,1,4,0.7995,CRITICAL,0.8430850916207453
SMMS-002847,B000953,2026-09-11 02:00:00,2026-09-11 02:35:00,35,Signal_Team_09,1,4,0.6717,HIGH,0.8047450916207453
TDMS-001030,B000953,2026-09-11 02:00:00,2026-09-11 02:30:00,30,OHE_Team_09,1,4,0.5236,MEDIUM,0.7436484249540787
TMS-001186,B000953,2026-09-11 02:00:00,2026-09-11 02:35:00,35,Track_Team_09,1,4,0.4293,MEDIUM,0.7320250916207454
TMS-001612,B000241,2026-09-11 02:00:00,2026-09-11 02:55:00,55,Track_Team_06,1,1,0.4518,MEDIUM,0.5787521694939759
TDMS-001372,B000415,2026-09-11 02:05:00,2026-09-11 02:50:00,45,OHE_Team_12,1,3,0.1244,LOW,0.47810647267497386
TDMS-002932,B000415,2026-09-11 02:25:00,2026-09-11 03:00:00,35,OHE_Team_11,1,3,0.2536,LOW,0.5106164726749738
TMS-001418,B000549,2026-09-11 02:35:00,2026-09-11 03:15:00,40,Track_Team_09,1,5,0.4506,MEDIUM,0.5597703386752191
TMS-002072,B000241,2026-09-11 02:55:00,2026-09-11 03:50:00,55,Track_Team_06,1,1,0.4726,MEDIUM,0.5849921694939759
TMS-002820,B000785,2026-09-11 03:00:00,2026-09-11 04:25:00,85,Track_Team_22,1,5,0.8446,CRITICAL,0.8738021049888649
TMS-002117,B000785,2026-09-11 03:00:00,2026-09-11 03:45:00,45,Track_Team_21,1,5,0.64,MEDIUM,0.7457554383221983
SMMS-002601,B000137,2026-09-11 03:15:00,2026-09-11 05:00:00,105,Signal_Team_07,1,6,0.646,MEDIUM,0.6892358540139959
TMS-000075,B000549,2026-09-11 03:15:00,2026-09-11 03:55:00,40,Track_Team_09,1,5,0.3817,LOW,0.5391003386752191
TDMS-002498,B000137,2026-09-11 03:20:00,2026-09-11 05:00:00,100,OHE_Team_08,1,6,0.5628,MEDIUM,0.6611508540139959
SMMS-000386,B000137,2026-09-11 03:35:00,2026-09-11 04:45:00,70,Signal_Team_08,1,6,0.8043,CRITICAL,0.7148508540139958
TMS-002469,B000137,2026-09-11 03:35:00,2026-09-11 04:35:00,60,Track_Team_07,1,6,0.6042,MEDIUM,0.6485708540139958
TMS-001506,B000785,2026-09-11 03:45:00,2026-09-11 04:25:00,40,Track_Team_21,1,5,0.6269,MEDIUM,0.733492104988865
TMS-003496,B000549,2026-09-11 03:55:00,2026-09-11 04:30:00,35,Track_Team_09,1,5,0.4472,MEDIUM,0.5556253386752192
TDMS-002415,B000137,2026-09-11 04:15:00,2026-09-11 04:55:00,40,OHE_Team_07,1,6,0.5084,MEDIUM,0.6073308540139959
TMS-001650,B000137,2026-09-11 04:15:00,2026-09-11 04:55:00,40,Track_Team_08,1,6,0.4682,MEDIUM,0.5952708540139958
TMS-003148,B000549,2026-09-11 04:40:00,2026-09-11 04:55:00,15,Track_Team_10,1,5,0.4264,LOW,0.5368853386752193
SMMS-002151,B000970,2026-09-11 10:30:00,2026-09-11 11:15:00,45,Signal_Team_20,1,4,0.0821,LOW,0.4859359488415678
TDMS-002763,B000970,2026-09-11 10:30:00,2026-09-11 11:00:00,30,OHE_Team_20,1,4,0.3095,LOW,0.5447809488415678
TMS-000510,B000970,2026-09-11 10:30:00,2026-09-11 14:15:00,225,Track_Team_19,1,4,0.1418,LOW,0.6163459488415679
TDMS-000168,B000970,2026-09-11 11:00:00,2026-09-11 11:30:00,30,OHE_Team_20,1,4,0.1733,LOW,0.5039209488415679
SMMS-000098,B000856,2026-09-11 16:30:00,2026-09-11 16:55:00,25,Signal_Team_02,1,2,0.4925,MEDIUM,0.6630715283284611
TDMS-001911,B000856,2026-09-11 16:30:00,2026-09-11 17:30:00,60,OHE_Team_02,1,2,0.5507,MEDIUM,0.7680315283284611
TDMS-002561,B000238,2026-09-11 18:00:00,2026-09-11 19:05:00,65,OHE_Team_01,1,1,0.554,MEDIUM,0.5346091803134222
TDMS-000565,B000991,2026-09-11 19:00:00,2026-09-11 21:45:00,165,OHE_Team_17,1,4,0.7882,CRITICAL,0.678086065957709
TDMS-002903,B000991,2026-09-11 19:00:00,2026-09-11 20:25:00,85,OHE_Team_18,1,4,0.7939,CRITICAL,0.6131293992910425
TDMS-000574,B000238,2026-09-11 19:05:00,2026-09-11 19:50:00,45,OHE_Team_02,1,1,0.5217,MEDIUM,0.5082525136467555
TDMS-000244,B000238,2026-09-11 19:50:00,2026-09-11 20:30:00,40,OHE_Team_02,1,1,0.6172,MEDIUM,0.5327358469800888
TDMS-001318,B000238,2026-09-11 20:30:00,2026-09-11 21:00:00,30,OHE_Team_01,1,1,0.4559,MEDIUM,0.47601251364675545
SMMS-000598,B000255,2026-09-11 22:30:00,2026-09-11 23:10:00,40,Signal_Team_19,1,5,0.5697,MEDIUM,0.6669079581834094
TDMS-002504,B000255,2026-09-11 22:30:00,2026-09-11 23:55:00,85,OHE_Team_20,1,5,0.4352,MEDIUM,0.6546829581834095
SMMS-002296,B000255,2026-09-11 22:30:00,2026-09-11 23:20:00,50,Signal_Team_20,1,5,0.3296,LOW,0.6011279581834095
TDMS-002733,B000255,2026-09-11 22:30:00,2026-09-11 23:30:00,60,OHE_Team_19,1,5,0.2832,LOW,0.5934579581834094
SMMS-000966,B000323,2026-09-11 23:00:00,2026-09-12 00:20:00,80,Signal_Team_16,1,2,0.5204,MEDIUM,0.7350364231380629
TMS-000558,B000995,2026-09-11 23:00:00,2026-09-11 23:40:00,40,Track_Team_16,1,4,0.5038,MEDIUM,0.6670811226527407
SMMS-002153,B000323,2026-09-11 23:00:00,2026-09-12 00:50:00,110,Signal_Team_15,1,2,0.2566,LOW,0.6933964231380629
SMMS-000149,B000255,2026-09-11 23:10:00,2026-09-11 23:30:00,20,Signal_Team_19,1,5,0.3607,LOW,0.5917079581834095
SMMS-002329,B000255,2026-09-11 23:20:00,2026-09-12 00:10:00,50,Signal_Team_20,1,5,0.5006,MEDIUM,0.6524279581834094
TDMS-000224,B000255,2026-09-11 23:30:00,2026-09-12 00:55:00,85,OHE_Team_19,1,5,0.2945,LOW,0.6124729581834094
TDMS-001227,B000255,2026-09-11 23:55:00,2026-09-12 00:50:00,55,OHE_Team_20;Tower_Wagon_04,2,5,0.1661,LOW,0.5352029581834095
SMMS-000932,B000255,2026-09-12 00:10:00,2026-09-12 00:55:00,45,Signal_Team_20,1,5,0.3181,LOW,0.5945529581834095
SMMS-001602,B000051,2026-09-12 00:30:00,2026-09-12 02:25:00,115,Signal_Team_23,1,5,0.8631,CRITICAL,0.7383336769148767
SMMS-001645,B000051,2026-09-12 00:30:00,2026-09-12 01:50:00,80,Signal_Team_24,1,5,0.8673,CRITICAL,0.7177186769148767
TDMS-000321,B000051,2026-09-12 00:30:00,2026-09-12 02:45:00,135,OHE_Team_23,1,5,0.7147,HIGH,0.7063136769148766
TDMS-002459,B000051,2026-09-12 00:30:00,2026-09-12 02:10:00,100,OHE_Team_24,1,5,0.6986,HIGH,0.6796086769148766
TMS-001237,B000051,2026-09-12 00:30:00,2026-09-12 01:20:00,50,Track_Team_24,1,5,0.276,LOW,0.5215786769148767
SMMS-001107,B000255,2026-09-12 00:55:00,2026-09-12 01:20:00,25,Signal_Team_20,1,5,0.318,LOW,0.5820229581834095
TDMS-001356,B000255,2026-09-12 00:55:00,2026-09-12 02:05:00,70,OHE_Team_19;Tower_Wagon_08,2,5,0.1731,LOW,0.5466779581834094
SMMS-000705,B000600,2026-09-12 01:00:00,2026-09-12 02:25:00,85,Signal_Team_22,1,5,0.8147,CRITICAL,0.7339219156669983
SMMS-002499,B000600,2026-09-12 01:00:00,2026-09-12 01:50:00,50,Signal_Team_21,1,5,0.8487,CRITICAL,0.7222469156669982
TMS-000992,B000432,2026-09-12 01:00:00,2026-09-12 01:50:00,50,Track_Team_04;Inspection_Unit_01,2,3,0.568,MEDIUM,0.762847921941198
TMS-001213,B000432,2026-09-12 01:00:00,2026-09-12 01:45:00,45,Track_Team_03,1,3,0.528,MEDIUM,0.7716812552745314
TMS-002926,B000600,2026-09-12 01:00:00,2026-09-12 02:00:00,60,Track_Team_22,1,5,0.5987,MEDIUM,0.6534969156669983
TDMS-002164,B000600,2026-09-12 01:00:00,2026-09-12 01:50:00,50,OHE_Team_22,1,5,0.3457,LOW,0.5713469156669984
TMS-000222,B000600,2026-09-12 01:00:00,2026-09-12 01:30:00,30,Track_Team_21,1,5,0.3186,LOW,0.5507169156669982
TMS-001530,B000051,2026-09-12 01:20:00,2026-09-12 03:15:00,115,Track_Team_24,1,5,0.7429,HIGH,0.7022736769148765
SMMS-001659,B000087,2026-09-12 01:30:00,2026-09-12 03:00:00,90,Signal_Team_08,1,6,0.8084,CRITICAL,0.7881192778555672
TDMS-000408,B000087,2026-09-12 01:30:00,2026-09-12 03:30:00,120,OHE_Team_07,1,6,0.8578,CRITICAL,0.8279392778555672
TDMS-002541,B000087,2026-09-12 01:30:00,2026-09-12 03:10:00,100,OHE_Team_08,1,6,0.8604,CRITICAL,0.8120526111889006
TMS-002220,B000600,2026-09-12 01:30:00,2026-09-12 03:40:00,130,Track_Team_21,1,5,0.8112,CRITICAL,0.7609969156669982
TMS-002620,B000087,2026-09-12 01:30:00,2026-09-12 04:00:00,150,Track_Team_08;Crane_01,2,6,0.8571,CRITICAL,0.8360626111889005
TMS-003514,B000087,2026-09-12 01:30:00,2026-09-12 03:35:00,125,Track_Team_07,1,6,0.8266,CRITICAL,0.8227459445222338
TMS-003930,B000559,2026-09-12 01:30:00,2026-09-12 04:05:00,155,Track_Team_13,1,5,0.8228,CRITICAL,0.819120950441268
SMMS-001695,B000559,2026-09-12 01:30:00,2026-09-12 03:35:00,125,Signal_Team_13,1,5,0.7109,HIGH,0.760550950441268
SMMS-002987,B000559,2026-09-12 01:30:00,2026-09-12 04:25:00,175,Signal_Team_14,1,5,0.7017,HIGH,0.7994576171079346
TMS-003862,B000559,2026-09-12 01:30:00,2026-09-12 04:15:00,165,Track_Team_14,1,5,0.7611,HIGH,0.8089442837746013
TDMS-002056,B000559,2026-09-12 01:30:00,2026-09-12 03:55:00,145,OHE_Team_13,1,5,0.62,MEDIUM,0.7499476171079347
SMMS-002875,B000051,2026-09-12 01:50:00,2026-09-12 02:35:00,45,Signal_Team_24,1,5,0.827,CRITICAL,0.6837536769148767
SMMS-001034,B000600,2026-09-12 01:50:00,2026-09-12 02:25:00,35,Signal_Team_21,1,5,0.6644,HIGH,0.6575819156669982
SMMS-001301,B000546,2026-09-12 02:00:00,2026-09-12 03:10:00,70,Signal_Team_07,1,4,0.718,HIGH,0.779535068477732
TMS-003348,B000600,2026-09-12 02:00:00,2026-09-12 04:55:00,175,Track_Team_22;Rail_Grinder_04,2,5,0.7092,HIGH,0.7385219156669982
TMS-001881,B000479,2026-09-12 02:00:00,2026-09-12 02:45:00,45,Track_Team_03,1,2,0.1071,LOW,0.5642520645626707
TMS-003354,B000479,2026-09-12 02:00:00,2026-09-12 02:55:00,55,Track_Team_04,1,2,0.314,LOW,0.6388220645626708
TMS-003379,B000332,2026-09-12 02:00:00,2026-09-12 02:50:00,50,Track_Team_23,1,2,0.2467,LOW,0.5992677662574648
TDMS-002660,B000051,2026-09-12 02:10:00,2026-09-12 03:10:00,60,OHE_Team_24,1,5,0.7049,HIGH,0.6564986769148766
SMMS-001883,B000600,2026-09-12 02:25:00,2026-09-12 04:10:00,105,Signal_Team_21,1,5,0.8502,CRITICAL,0.7570719156669983
SMMS-001999,B000051,2026-09-12 02:25:00,2026-09-12 04:10:00,105,Signal_Team_23,1,5,0.8557,CRITICAL,0.7298636769148765
SMMS-002165,B000600,2026-09-12 02:25:00,2026-09-12 04:10:00,105,Signal_Team_22,1,5,0.886,CRITICAL,0.7678119156669982
TMS-001916,B000784,2026-09-12 02:30:00,2026-09-12 03:05:00,35,Track_Team_15,1,2,0.3096,LOW,0.5646558907772284
TMS-003333,B000784,2026-09-12 02:30:00,2026-09-12 03:20:00,50,Track_Team_16,1,2,0.2287,LOW,0.5591358907772285
SMMS-001536,B000051,2026-09-12 02:35:00,2026-09-12 03:20:00,45,Signal_Team_24,1,5,0.7465,HIGH,0.6596036769148765
TDMS-000795,B000356,2026-09-12 02:45:00,2026-09-12 03:35:00,50,OHE_Team_23,1,4,0.4893,MEDIUM,0.7050100323111337
TMS-003288,B000479,2026-09-12 02:45:00,2026-09-12 03:30:00,45,Track_Team_03,1,2,0.1109,LOW,0.5653920645626708
TMS-000465,B000332,2026-09-12 02:50:00,2026-09-12 03:35:00,45,Track_Team_23,1,2,0.0801,LOW,0.5430377662574649
SMMS-002389,B000546,2026-09-12 03:00:00,2026-09-12 03:45:00,45,Signal_Team_08;Signal_Test_Unit_04,2,4,0.739,HIGH,0.729585068477732
SMMS-000283,B000192,2026-09-12 03:00:00,2026-09-12 03:40:00,40,Signal_Team_03,1,3,0.4934,MEDIUM,0.7508091712731116
SMMS-000626,B000265,2026-09-12 03:00:00,2026-09-12 04:30:00,90,Signal_Team_05,1,4,0.0775,LOW,0.6257747505681026
SMMS-002606,B000192,2026-09-12 03:00:00,2026-09-12 03:35:00,35,Signal_Team_04,1,3,0.3584,LOW,0.6978091712731117
SMMS-002710,B000265,2026-09-12 03:00:00,2026-09-12 03:55:00,55,Signal_Team_06,1,4,0.0679,LOW,0.5791447505681024
TMS-001943,B000265,2026-09-12 03:00:00,2026-09-12 03:35:00,35,Track_Team_06,1,4,0.4072,LOW,0.6559347505681026
TMS-003027,B000192,2026-09-12 03:00:00,2026-09-12 03:45:00,45,Track_Team_04,1,3,0.1744,LOW,0.6676091712731117
TMS-003582,B000784,2026-09-12 03:05:00,2026-09-12 03:40:00,35,Track_Team_15,1,2,0.3158,LOW,0.5665158907772284
SMMS-001713,B000087,2026-09-12 03:10:00,2026-09-12 03:50:00,40,Signal_Team_07,1,6,0.6974,HIGH,0.7131526111889006
TDMS-000285,B000356,2026-09-12 03:10:00,2026-09-12 03:45:00,35,OHE_Team_24,1,4,0.4353,MEDIUM,0.6700600323111339
TDMS-001110,B000087,2026-09-12 03:15:00,2026-09-12 04:30:00,75,OHE_Team_08,1,6,0.7024,HIGH,0.7438192778555672
TMS-002013,B000051,2026-09-12 03:15:00,2026-09-12 04:15:00,60,Track_Team_24,1,5,0.5077,MEDIUM,0.5973386769148765
SMMS-000897,B000051,2026-09-12 03:20:00,2026-09-12 03:50:00,30,Signal_Team_24,1,5,0.4874,MEDIUM,0.5724986769148765
TMS-000325,B000784,2026-09-12 03:20:00,2026-09-12 04:00:00,40,Track_Team_16,1,2,0.2967,LOW,0.5670358907772284
TDMS-002340,B000087,2026-09-12 03:30:00,2026-09-12 04:30:00,60,OHE_Team_07,1,6,0.7733,HIGH,0.7525892778555672
TMS-002764,B000479,2026-09-12 03:30:00,2026-09-12 04:00:00,30,Track_Team_03,1,2,0.086,LOW,0.5391720645626707
TMS-003088,B000087,2026-09-12 03:35:00,2026-09-12 04:15:00,40,Track_Team_07,1,6,0.7015,HIGH,0.7143826111889006
SMMS-001795,B000559,2026-09-12 03:35:00,2026-09-12 04:25:00,50,Signal_Team_13,1,5,0.5566,MEDIUM,0.651760950441268
TDMS-002529,B000356,2026-09-12 03:35:00,2026-09-12 04:05:00,30,OHE_Team_23,1,4,0.448,MEDIUM,0.6676200323111336
TMS-003852,B000265,2026-09-12 03:35:00,2026-09-12 04:15:00,40,Track_Team_06,1,4,0.1575,LOW,0.5872747505681024
TDMS-000186,B000356,2026-09-12 03:45:00,2026-09-12 04:05:00,20,OHE_Team_24,1,4,0.2486,LOW,0.5953000323111337
SMMS-001380,B000087,2026-09-12 03:50:00,2026-09-12 04:30:00,40,Signal_Team_07,1,6,0.5146,MEDIUM,0.6583126111889006
TMS-000670,B000600,2026-09-12 03:55:00,2026-09-12 04:25:00,30,Track_Team_21,1,5,0.4651,MEDIUM,0.5946669156669981
TDMS-002623,B000559,2026-09-12 03:55:00,2026-09-12 04:30:00,35,OHE_Team_13,1,5,0.1718,LOW,0.5238209504412681
SMMS-002349,B000087,2026-09-12 04:00:00,2026-09-12 04:30:00,30,Signal_Team_08,1,6,0.6074,MEDIUM,0.6778192778555673
TDMS-002145,B000600,2026-09-12 04:10:00,2026-09-12 04:40:00,30,OHE_Team_21,1,5,0.4282,LOW,0.5835969156669982
TMS-000187,B000600,2026-09-12 04:25:00,2026-09-12 05:00:00,35,Track_Team_21,1,5,0.3779,LOW,0.5716319156669982
TDMS-002214,B000744,2026-09-12 10:30:00,2026-09-12 11:20:00,50,OHE_Team_08,1,2,0.1557,LOW,0.601679550504393
TDMS-002506,B000744,2026-09-12 10:30:00,2026-09-12 11:20:00,50,OHE_Team_07,1,2,0.1114,LOW,0.588389550504393
TDMS-002447,B000744,2026-09-12 11:20:00,2026-09-12 12:00:00,40,OHE_Team_08,1,2,0.0732,LOW,0.5602628838377264
TDMS-002799,B000744,2026-09-12 11:20:00,2026-09-12 11:45:00,25,OHE_Team_07,1,2,0.1005,LOW,0.5434528838377264
TMS-002445,B000766,2026-09-12 14:00:00,2026-09-12 16:20:00,140,Track_Team_23,1,5,0.7582,HIGH,0.7176078633818987
TMS-002876,B000766,2026-09-12 14:00:00,2026-09-12 16:05:00,125,Track_Team_24,1,5,0.7107,HIGH,0.6939828633818987
TDMS-001538,B000766,2026-09-12 14:00:00,2026-09-12 14:55:00,55,OHE_Team_24,1,5,0.5194,MEDIUM,0.5928428633818987
TDMS-002147,B000766,2026-09-12 14:00:00,2026-09-12 14:50:00,50,OHE_Team_23,1,5,0.6221,MEDIUM,0.6205278633818987
SMMS-001271,B000493,2026-09-12 14:00:00,2026-09-12 14:55:00,55,Signal_Team_18,1,1,0.2061,LOW,0.43528360748482087
TDMS-001288,B000766,2026-09-12 14:50:00,2026-09-12 15:35:00,45,OHE_Team_23,1,5,0.5067,MEDIUM,0.5827828633818988
TDMS-001813,B000766,2026-09-12 14:55:00,2026-09-12 15:40:00,45,OHE_Team_24,1,5,0.4563,MEDIUM,0.5676628633818988
TDMS-000437,B000766,2026-09-12 15:35:00,2026-09-12 16:20:00,45,OHE_Team_23,1,5,0.616,MEDIUM,0.6155728633818986
TDMS-002618,B000766,2026-09-12 15:40:00,2026-09-12 16:15:00,35,OHE_Team_24,1,5,0.4956,MEDIUM,0.5732028633818986
TMS-002652,B000766,2026-09-12 16:10:00,2026-09-12 17:55:00,105,Track_Team_24,1,5,0.8968,CRITICAL,0.7373128633818986
TDMS-000822,B000766,2026-09-12 16:15:00,2026-09-12 16:50:00,35,OHE_Team_24,1,5,0.2636,LOW,0.5036028633818987
TMS-002934,B000766,2026-09-12 16:20:00,2026-09-12 17:45:00,85,Track_Team_23,1,5,0.7919,CRITICAL,0.6933428633818988
TDMS-000367,B000766,2026-09-12 16:20:00,2026-09-12 17:05:00,45,OHE_Team_23,1,5,0.5607,MEDIUM,0.5989828633818988
SMMS-000018,B000749,2026-09-12 16:30:00,2026-09-12 17:15:00,45,Signal_Team_22,1,2,0.6577,HIGH,0.7116726776402805
SMMS-000028,B000749,2026-09-12 16:30:00,2026-09-12 17:20:00,50,Signal_Team_21,1,2,0.5954,MEDIUM,0.7013160109736137
TDMS-002780,B000766,2026-09-12 16:50:00,2026-09-12 17:25:00,35,OHE_Team_24,1,5,0.4455,MEDIUM,0.5581728633818988
TDMS-001198,B000766,2026-09-12 17:05:00,2026-09-12 17:45:00,40,OHE_Team_23,1,5,0.5067,MEDIUM,0.5796578633818987
TDMS-001324,B000749,2026-09-12 17:15:00,2026-09-12 18:00:00,45,OHE_Team_22,1,2,0.3973,LOW,0.6335526776402804
TDMS-002125,B000766,2026-09-12 17:25:00,2026-09-12 17:55:00,30,OHE_Team_24,1,5,0.4283,LOW,0.5498878633818987
SMMS-002072,B000892,2026-09-12 17:30:00,2026-09-12 18:30:00,60,Signal_Team_16,1,5,0.7415,HIGH,0.672366617159281
SMMS-000206,B000892,2026-09-12 17:30:00,2026-09-12 18:40:00,70,Signal_Team_15,1,5,0.5777,MEDIUM,0.635726617159281
SMMS-001523,B000819,2026-09-12 17:30:00,2026-09-12 18:15:00,45,Signal_Team_22,1,2,0.5422,MEDIUM,0.7525378937238086
SMMS-001649,B000819,2026-09-12 17:30:00,2026-09-12 18:15:00,45,Signal_Team_21,1,2,0.563,MEDIUM,0.7587778937238087
SMMS-000795,B000892,2026-09-12 18:40:00,2026-09-12 19:25:00,45,Signal_Team_15,1,5,0.5261,MEDIUM,0.5889966171592809
TDMS-000416,B000680,2026-09-12 22:30:00,2026-09-13 00:00:00,90,OHE_Team_03,1,6,0.498,MEDIUM,0.7098144561675866
TMS-002947,B000680,2026-09-12 22:30:00,2026-09-13 00:50:00,140,Track_Team_04,1,6,0.5514,MEDIUM,0.7675011228342533
TDMS-000178,B000680,2026-09-12 22:30:00,2026-09-12 23:30:00,60,OHE_Team_04,1,6,0.1525,LOW,0.5811644561675867
TMS-002685,B000680,2026-09-12 22:30:00,2026-09-13 00:40:00,130,Track_Team_03,1,6,0.1935,LOW,0.65179778950092
TDMS-001197,B000680,2026-09-12 23:30:00,2026-09-13 00:30:00,60,OHE_Team_04,1,6,0.2072,LOW,0.5975744561675866
TDMS-001076,B000680,2026-09-13 00:00:00,2026-09-13 01:10:00,70,OHE_Team_03,1,6,0.4373,MEDIUM,0.67493778950092
TDMS-000695,B000680,2026-09-13 00:30:00,2026-09-13 01:20:00,50,OHE_Team_04,1,6,0.393,LOW,0.6449811228342534
SMMS-001392,B000027,2026-09-13 02:00:00,2026-09-13 05:50:00,230,Signal_Team_10,1,7,0.4559,MEDIUM,0.750729338672875
SMMS-001949,B000419,2026-09-13 02:00:00,2026-09-13 02:35:00,35,Signal_Team_15,1,1,0.5049,MEDIUM,0.6656503716000719
TDMS-000059,B000047,2026-09-13 02:00:00,2026-09-13 03:05:00,65,OHE_Team_19,1,5,0.486,MEDIUM,0.6384051644311759
TMS-000010,B000047,2026-09-13 02:00:00,2026-09-13 03:55:00,115,Track_Team_20,1,5,0.516,MEDIUM,0.6890718310978425
TMS-002283,B000027,2026-09-13 02:00:00,2026-09-13 03:45:00,105,Track_Team_10;Crane_07,2,7,0.5581,MEDIUM,0.6889786243871606
TMS-002585,B000091,2026-09-13 02:00:00,2026-09-13 04:20:00,140,Track_Team_19,1,5,0.6051,MEDIUM,0.7060963294505471
SMMS-000540,B000047,2026-09-13 02:00:00,2026-09-13 04:15:00,135,Signal_Team_20,1,5,0.282,LOW,0.6355384977645091
TDMS-000573,B000027,2026-09-13 02:00:00,2026-09-13 02:55:00,55,OHE_Team_09,1,7,0.1135,LOW,0.5386343386728749
TDMS-000749,B000047,2026-09-13 02:00:00,2026-09-13 02:20:00,20,OHE_Team_20,1,5,0.178,LOW,0.5085051644311758
TDMS-002179,B000027,2026-09-13 02:00:00,2026-09-13 02:45:00,45,OHE_Team_10,1,7,0.0937,LOW,0.526444338672875
SMMS-000674,B000091,2026-09-13 02:05:00,2026-09-13 02:55:00,50,Signal_Team_19,1,5,0.2795,LOW,0.552166329450547
TDMS-000258,B000047,2026-09-13 02:20:00,2026-09-13 04:05:00,105,OHE_Team_20,1,5,0.4435,MEDIUM,0.6589884977645093
SMMS-001184,B000211,2026-09-13 02:30:00,2026-09-13 03:25:00,55,Signal_Team_24,1,3,0.7877,CRITICAL,0.8701610487840997
TMS-003471,B000607,2026-09-13 02:30:00,2026-09-13 04:15:00,105,Track_Team_09,1,4,0.6799,HIGH,0.7596082200018295
SMMS-000311,B000607,2026-09-13 02:30:00,2026-09-13 04:05:00,95,Signal_Team_09,1,4,0.3428,LOW,0.650144886668496
TDMS-002236,B000607,2026-09-13 02:45:00,2026-09-13 03:40:00,55,OHE_Team_10,1,4,0.2473,LOW,0.5881615533351627
SMMS-002508,B000047,2026-09-13 02:55:00,2026-09-13 03:40:00,45,Signal_Team_19,1,5,0.3343,LOW,0.5762284977645091
TDMS-002299,B000607,2026-09-13 02:55:00,2026-09-13 04:15:00,80,OHE_Team_09,1,4,0.3865,LOW,0.650754886668496
SMMS-002348,B000583,2026-09-13 03:00:00,2026-09-13 04:40:00,100,Signal_Team_13,1,6,0.8122,CRITICAL,0.7032135454390419
SMMS-002954,B000583,2026-09-13 03:00:00,2026-09-13 05:05:00,125,Signal_Team_14,1,6,0.8374,CRITICAL,0.7263985454390419
TDMS-001647,B000583,2026-09-13 03:00:00,2026-09-13 05:00:00,120,OHE_Team_14,1,6,0.6767,HIGH,0.6750635454390419
TMS-001452,B000583,2026-09-13 03:00:00,2026-09-13 06:30:00,210,Track_Team_14,1,6,0.7462,HIGH,0.752163545439042
TDMS-000015,B000810,2026-09-13 03:00:00,2026-09-13 04:15:00,75,OHE_Team_22,1,1,0.4451,MEDIUM,0.679744596622733
TDMS-002245,B000583,2026-09-13 03:00:00,2026-09-13 06:05:00,185,OHE_Team_13,1,6,0.6493,MEDIUM,0.7074685454390419
TMS-002177,B000583,2026-09-13 03:00:00,2026-09-13 05:15:00,135,Track_Team_13,1,6,0.5187,MEDIUM,0.6370385454390419
TDMS-002398,B000091,2026-09-13 03:05:00,2026-09-13 05:30:00,145,OHE_Team_19,1,5,0.5179,MEDIUM,0.683061329450547
SMMS-001081,B000047,2026-09-13 03:40:00,2026-09-13 04:20:00,40,Signal_Team_19,1,5,0.2782,LOW,0.5552318310978426
TMS-001463,B000607,2026-09-13 03:45:00,2026-09-13 05:20:00,95,Track_Team_10,1,4,0.7793,CRITICAL,0.7810948866684961
TMS-000816,B000091,2026-09-13 03:55:00,2026-09-13 06:00:00,125,Track_Team_20,1,5,0.5171,MEDIUM,0.670321329450547
TDMS-002696,B000047,2026-09-13 04:05:00,2026-09-13 04:40:00,35,OHE_Team_20,1,5,0.4465,MEDIUM,0.6015551644311758
SMMS-001707,B000607,2026-09-13 04:05:00,2026-09-13 04:45:00,40,Signal_Team_09,1,4,0.2907,LOW,0.5886815533351628
TDMS-000626,B000607,2026-09-13 04:15:00,2026-09-13 05:10:00,55,OHE_Team_09,1,4,0.2541,LOW,0.5902015533351628
TDMS-000691,B000607,2026-09-13 04:15:00,2026-09-13 05:25:00,70,OHE_Team_10,1,4,0.3017,LOW,0.6169815533351628
TMS-001166,B000027,2026-09-13 04:15:00,2026-09-13 05:20:00,65,Track_Team_09,1,7,0.3477,LOW,0.6151443386728749
TMS-000184,B000091,2026-09-13 04:20:00,2026-09-13 05:45:00,85,Track_Team_19,1,5,0.5072,MEDIUM,0.642351329450547
SMMS-000177,B000583,2026-09-13 04:40:00,2026-09-13 05:35:00,55,Signal_Team_13,1,6,0.5627,MEDIUM,0.6002385454390419
SMMS-000448,B000607,2026-09-13 04:45:00,2026-09-13 05:15:00,30,Signal_Team_09,1,4,0.3197,LOW,0.5890482200018294
TDMS-002765,B000091,2026-09-13 04:50:00,2026-09-13 05:40:00,50,OHE_Team_20,1,5,0.4174,LOW,0.5935363294505471
TDMS-000697,B000583,2026-09-13 05:00:00,2026-09-13 05:35:00,35,OHE_Team_14,1,6,0.4494,MEDIUM,0.553748545439042
SMMS-001330,B000583,2026-09-13 05:05:00,2026-09-13 05:55:00,50,Signal_Team_14,1,6,0.5777,MEDIUM,0.6016135454390419
SMMS-002412,B000027,2026-09-13 05:15:00,2026-09-13 06:00:00,45,Signal_Team_09,1,7,0.4435,MEDIUM,0.6313843386728749
TDMS-001100,B000091,2026-09-13 05:30:00,2026-09-13 05:55:00,25,OHE_Team_19;Tower_Wagon_04,2,5,0.4021,LOW,0.553321329450547
SMMS-002681,B000583,2026-09-13 05:35:00,2026-09-13 06:25:00,50,Signal_Team_13,1,6,0.4579,MEDIUM,0.5656735454390419
TDMS-000104,B000583,2026-09-13 05:35:00,2026-09-13 06:15:00,40,OHE_Team_14,1,6,0.2687,LOW,0.5026635454390419
TDMS-002181,B000583,2026-09-13 06:05:00,2026-09-13 06:45:00,40,OHE_Team_13,1,6,0.4321,MEDIUM,0.551683545439042
SMMS-002906,B000583,2026-09-13 06:25:00,2026-09-13 07:00:00,35,Signal_Team_13,1,6,0.4744,MEDIUM,0.5612485454390419
SMMS-002662,B000800,2026-09-13 06:30:00,2026-09-13 07:00:00,30,Signal_Team_16,1,1,0.3763,LOW,0.6709975942999846
SMMS-001402,B000521,2026-09-13 17:00:00,2026-09-13 18:35:00,95,Signal_Team_21,1,4,0.5183,MEDIUM,0.7662733428608399
SMMS-002260,B000521,2026-09-13 17:00:00,2026-09-13 18:15:00,75,Signal_Team_22,1,4,0.532,MEDIUM,0.7453833428608401
TDMS-000195,B000900,2026-09-13 22:30:00,2026-09-13 23:50:00,80,OHE_Team_23,1,5,0.7617,HIGH,0.8611085207528366
TDMS-001552,B000900,2026-09-13 22:30:00,2026-09-13 23:50:00,80,OHE_Team_24;Tower_Wagon_06,2,5,0.7398,HIGH,0.8345385207528366
SMMS-002533,B000900,2026-09-13 22:30:00,2026-09-13 23:40:00,70,Signal_Team_23,1,5,0.5232,MEDIUM,0.77289185408617
SMMS-000466,B000900,2026-09-13 22:30:00,2026-09-13 23:20:00,50,Signal_Team_24,1,5,0.3125,LOW,0.6763485207528366
TMS-003827,B000194,2026-09-13 23:00:00,2026-09-14 00:00:00,60,Track_Team_06,1,2,0.1752,LOW,0.5931600215555806
SMMS-001047,B000900,2026-09-13 23:20:00,2026-09-13 23:55:00,35,Signal_Team_24,1,5,0.6022,MEDIUM,0.7382585207528365
SMMS-000937,B000582,2026-09-13 23:30:00,2026-09-14 01:40:00,130,Signal_Team_08,1,5,0.8073,CRITICAL,0.7196622369959536
SMMS-002005,B000582,2026-09-13 23:30:00,2026-09-14 02:35:00,185,Signal_Team_07,1,5,0.9092,CRITICAL,0.7846072369959536
TDMS-002440,B000582,2026-09-13 23:30:00,2026-09-14 01:35:00,125,OHE_Team_07,1,5,0.5716,MEDIUM,0.6458272369959537
TMS-003711,B000582,2026-09-13 23:30:00,2026-09-14 01:20:00,110,Track_Team_07,1,5,0.2038,LOW,0.5261122369959537
TDMS-000043,B000582,2026-09-13 23:40:00,2026-09-14 00:15:00,35,OHE_Team_08,1,5,0.3894,LOW,0.5349172369959536
TDMS-001065,B000582,2026-09-14 00:15:00,2026-09-14 03:30:00,195,OHE_Team_08,1,5,0.5252,MEDIUM,0.6756572369959537
SMMS-000506,B000667,2026-09-14 00:30:00,2026-09-14 01:55:00,85,Signal_Team_16,1,3,0.7096,HIGH,0.6959527583424844
SMMS-000490,B000667,2026-09-14 00:30:00,2026-09-14 02:15:00,105,Signal_Team_15,1,3,0.5769,MEDIUM,0.672809425009151
TMS-002942,B000067,2026-09-14 00:30:00,2026-09-14 02:55:00,145,Track_Team_11,1,4,0.4449,MEDIUM,0.7179746055076739
TDMS-000328,B000067,2026-09-14 00:30:00,2026-09-14 02:40:00,130,OHE_Team_11,1,4,0.3082,LOW,0.6644646055076739
TDMS-000629,B000067,2026-09-14 00:30:00,2026-09-14 03:00:00,150,OHE_Team_12,1,4,0.3652,LOW,0.6982312721743407
TMS-003708,B000067,2026-09-14 00:30:00,2026-09-14 01:20:00,50,Track_Team_12,1,4,0.169,LOW,0.5560379388410073
TMS-003433,B000569,2026-09-14 01:00:00,2026-09-14 04:55:00,235,Track_Team_16,1,4,0.7223,HIGH,0.6943512070318769
SMMS-001768,B000918,2026-09-14 01:00:00,2026-09-14 02:30:00,90,Signal_Team_04,1,5,0.607,MEDIUM,0.7828081405933633
SMMS-001868,B000918,2026-09-14 01:00:00,2026-09-14 02:45:00,105,Signal_Team_03,1,5,0.4459,MEDIUM,0.7532281405933634
TDMS-000063,B000430,2026-09-14 01:00:00,2026-09-14 01:45:00,45,OHE_Team_02,1,4,0.4333,MEDIUM,0.7886171272373033
TDMS-001269,B000918,2026-09-14 01:00:00,2026-09-14 01:30:00,30,OHE_Team_03,1,5,0.4157,LOW,0.6504181405933633
TDMS-001686,B000918,2026-09-14 01:00:00,2026-09-14 01:45:00,45,OHE_Team_04,1,5,0.4254,LOW,0.6720781405933633
TMS-000575,B000569,2026-09-14 01:00:00,2026-09-14 01:45:00,45,Track_Team_15;Inspection_Unit_07,2,4,0.2567,LOW,0.4109212070318768
TMS-001984,B000430,2026-09-14 01:00:00,2026-09-14 01:45:00,45,Track_Team_01,1,4,0.3206,LOW,0.7548071272373031
TMS-001719,B000654,2026-09-14 01:20:00,2026-09-14 05:00:00,220,Track_Team_12,1,3,0.6705,HIGH,0.7661995005560611
TMS-000029,B000582,2026-09-14 01:20:00,2026-09-14 02:05:00,45,Track_Team_08,1,5,0.1564,LOW,0.4712672369959537
SMMS-001870,B000584,2026-09-14 01:30:00,2026-09-14 03:25:00,115,Signal_Team_24,1,5,0.8029,CRITICAL,0.7341970577224679
SMMS-002304,B000584,2026-09-14 01:30:00,2026-09-14 02:50:00,80,Signal_Team_23,1,5,0.8442,CRITICAL,0.7247120577224679
TDMS-000692,B000125,2026-09-14 01:30:00,2026-09-14 02:05:00,35,OHE_Team_20,1,4,0.2253,LOW,0.5634607345353271
TDMS-001908,B000125,2026-09-14 01:30:00,2026-09-14 03:50:00,140,OHE_Team_19,1,4,0.3224,LOW,0.658215734535327
TDMS-002547,B000918,2026-09-14 01:30:00,2026-09-14 02:00:00,30,OHE_Team_03;Tower_Wagon_04,2,5,0.2208,LOW,0.5719481405933633
TMS-000887,B000125,2026-09-14 01:30:00,2026-09-14 03:55:00,145,Track_Team_20,1,4,0.138,LOW,0.606020734535327
TMS-002053,B000125,2026-09-14 01:30:00,2026-09-14 04:30:00,180,Track_Team_19,1,4,0.2031,LOW,0.6474257345353271
TDMS-002399,B000938,2026-09-14 01:35:00,2026-09-14 02:00:00,25,OHE_Team_07,1,3,0.1638,LOW,0.5839626800843705
SMMS-002097,B000582,2026-09-14 01:40:00,2026-09-14 02:50:00,70,Signal_Team_08,1,5,0.5704,MEDIUM,0.6110922369959537
TMS-002448,B000569,2026-09-14 01:45:00,2026-09-14 04:55:00,190,Track_Team_15,1,4,0.6888,HIGH,0.6561762070318768
TDMS-002368,B000918,2026-09-14 01:45:00,2026-09-14 02:25:00,40,OHE_Team_04,1,5,0.3768,LOW,0.6512481405933634
SMMS-002403,B000569,2026-09-14 01:55:00,2026-09-14 02:35:00,40,Signal_Team_16,1,4,0.3269,LOW,0.45385620703187685
TDMS-002758,B000582,2026-09-14 02:00:00,2026-09-14 03:00:00,60,OHE_Team_07,1,5,0.3369,LOW,0.5347922369959537
TDMS-001808,B000125,2026-09-14 02:05:00,2026-09-14 04:10:00,125,OHE_Team_20,1,4,0.4144,LOW,0.6764407345353272
TMS-001106,B000582,2026-09-14 02:05:00,2026-09-14 02:35:00,30,Track_Team_08,1,5,0.1508,LOW,0.46021223699595365
SMMS-002910,B000667,2026-09-14 02:15:00,2026-09-14 03:30:00,75,Signal_Team_15,1,3,0.6723,HIGH,0.676429425009151
TDMS-002764,B000918,2026-09-14 02:25:00,2026-09-14 02:55:00,30,OHE_Team_04,1,5,0.4069,LOW,0.6477781405933634
SMMS-002529,B000582,2026-09-14 02:35:00,2026-09-14 03:25:00,50,Signal_Team_07,1,5,0.4889,MEDIUM,0.5741422369959537
SMMS-002923,B000569,2026-09-14 02:40:00,2026-09-14 03:45:00,65,Signal_Team_16,1,4,0.5302,MEDIUM,0.5304712070318769
SMMS-000797,B000584,2026-09-14 02:50:00,2026-09-14 04:10:00,80,Signal_Team_23,1,5,0.804,CRITICAL,0.712652057722468
TMS-001055,B000654,2026-09-14 02:55:00,2026-09-14 04:20:00,85,Track_Team_11,1,3,0.6467,MEDIUM,0.6746845005560611
SMMS-002267,B000584,2026-09-14 03:25:00,2026-09-14 05:00:00,95,Signal_Team_24,1,5,0.7858,CRITICAL,0.7165670577224679
SMMS-000058,B000569,2026-09-14 03:30:00,2026-09-14 04:25:00,55,Signal_Team_15,1,4,0.509,MEDIUM,0.5178612070318769
SMMS-001333,B000539,2026-09-14 03:45:00,2026-09-14 04:25:00,40,Signal_Team_16,1,2,0.2712,LOW,0.5387158853954321
SMMS-002142,B000125,2026-09-14 03:50:00,2026-09-14 05:10:00,80,Signal_Team_20,1,4,0.4355,MEDIUM,0.6546457345353272
TDMS-001589,B000125,2026-09-14 03:55:00,2026-09-14 04:20:00,25,OHE_Team_19,1,4,0.2058,LOW,0.5513607345353271
SMMS-000821,B000584,2026-09-14 04:10:00,2026-09-14 05:15:00,65,Signal_Team_23,1,5,0.7962,CRITICAL,0.7009370577224678
TDMS-000512,B000125,2026-09-14 04:10:00,2026-09-14 05:10:00,60,OHE_Team_20,1,4,0.2879,LOW,0.5978657345353271
SMMS-000065,B000569,2026-09-14 04:25:00,2026-09-14 05:00:00,35,Signal_Team_16,1,4,0.5115,MEDIUM,0.506111207031877
SMMS-001962,B000569,2026-09-14 04:25:00,2026-09-14 05:00:00,35,Signal_Team_15,1,4,0.504,MEDIUM,0.5038612070318769
TDMS-000974,B000959,2026-09-14 06:30:00,2026-09-14 07:25:00,55,OHE_Team_13,1,4,0.4606,MEDIUM,0.7038848975813345
TDMS-001043,B000959,2026-09-14 06:30:00,2026-09-14 07:15:00,45,OHE_Team_14,1,4,0.5383,MEDIUM,0.7105282309146679
SMMS-000060,B000959,2026-09-14 06:30:00,2026-09-14 07:15:00,45,Signal_Team_14,1,4,0.2835,LOW,0.6340882309146678
SMMS-000949,B000959,2026-09-14 06:30:00,2026-09-14 07:15:00,45,Signal_Team_13,1,4,0.258,LOW,0.6264382309146679
TDMS-000134,B000959,2026-09-14 07:15:00,2026-09-14 07:55:00,40,OHE_Team_14,1,4,0.5599,MEDIUM,0.7086748975813346
SMMS-000368,B000959,2026-09-14 07:15:00,2026-09-14 08:00:00,45,Signal_Team_14,1,4,0.2991,LOW,0.6387682309146678
SMMS-002189,B000959,2026-09-14 07:15:00,2026-09-14 07:55:00,40,Signal_Team_13,1,4,0.3117,LOW,0.6342148975813346
TDMS-001878,B000959,2026-09-14 07:25:00,2026-09-14 08:00:00,35,OHE_Team_13,1,4,0.5648,MEDIUM,0.7018115642480012
TDMS-002649,B000220,2026-09-14 10:30:00,2026-09-14 11:10:00,40,OHE_Team_07,1,4,0.6736,HIGH,0.7227331067842577
SMMS-000844,B000220,2026-09-14 10:30:00,2026-09-14 11:15:00,45,Signal_Team_08,1,4,0.5328,MEDIUM,0.688826440117591
SMMS-000855,B000220,2026-09-14 10:30:00,2026-09-14 11:20:00,50,Signal_Team_07,1,4,0.5922,MEDIUM,0.7149797734509244
TDMS-000746,B000220,2026-09-14 10:30:00,2026-09-14 11:10:00,40,OHE_Team_08,1,4,0.4096,LOW,0.6435331067842578
SMMS-001238,B000220,2026-09-14 11:15:00,2026-09-14 11:50:00,35,Signal_Team_08,1,4,0.6897,HIGH,0.7192297734509243
SMMS-002461,B000220,2026-09-14 11:20:00,2026-09-14 12:00:00,40,Signal_Team_07,1,4,0.532,MEDIUM,0.6802531067842577
SMMS-000806,B000723,2026-09-14 13:00:00,2026-09-14 14:15:00,75,Signal_Team_24,1,2,0.8547,CRITICAL,0.7474278287370237
SMMS-001273,B000723,2026-09-14 13:00:00,2026-09-14 14:45:00,105,Signal_Team_23,1,2,0.4624,MEDIUM,0.6672378287370238
SMMS-001057,B000528,2026-09-14 13:00:00,2026-09-14 14:00:00,60,Signal_Team_03,1,5,0.0502,LOW,0.5561114359517583
SMMS-001102,B000528,2026-09-14 13:00:00,2026-09-14 14:10:00,70,Signal_Team_04,1,5,0.0862,LOW,0.5752447692850915
TMS-000662,B000418,2026-09-14 13:00:00,2026-09-14 16:55:00,235,Track_Team_13,1,5,0.338,LOW,0.7022027677163114
TMS-003018,B000418,2026-09-14 13:00:00,2026-09-14 16:40:00,220,Track_Team_14,1,5,0.1815,LOW,0.6458777677163114
SMMS-001502,B000226,2026-09-14 14:00:00,2026-09-14 14:50:00,50,Signal_Team_14,1,4,0.2516,LOW,0.5322905818165515
SMMS-002223,B000226,2026-09-14 14:00:00,2026-09-14 15:00:00,60,Signal_Team_13,1,4,0.417,LOW,0.5881605818165514
SMMS-002674,B000528,2026-09-14 14:10:00,2026-09-14 14:55:00,45,Signal_Team_04,1,5,0.0465,LOW,0.5425014359517581
TDMS-001695,B000723,2026-09-14 14:15:00,2026-09-14 14:50:00,35,OHE_Team_23,1,2,0.3314,LOW,0.5404378287370237
TDMS-002847,B000723,2026-09-14 14:45:00,2026-09-14 15:00:00,15,OHE_Team_24,1,2,0.5355,MEDIUM,0.5766678287370237
SMMS-002777,B000226,2026-09-14 14:50:00,2026-09-14 15:35:00,45,Signal_Team_14,1,4,0.1474,LOW,0.4979055818165515
SMMS-002136,B000226,2026-09-14 15:00:00,2026-09-14 15:55:00,55,Signal_Team_13,1,4,0.3933,LOW,0.5779255818165514
SMMS-002759,B000373,2026-09-14 15:00:00,2026-09-14 16:45:00,105,Signal_Team_17,1,3,0.1679,LOW,0.6006655073124159
TDMS-001365,B000373,2026-09-14 15:00:00,2026-09-14 15:45:00,45,OHE_Team_18,1,3,0.1593,LOW,0.5480855073124159
TDMS-002479,B000373,2026-09-14 15:00:00,2026-09-14 15:40:00,40,OHE_Team_17,1,3,0.2158,LOW,0.5608688406457493
SMMS-000671,B000226,2026-09-14 15:35:00,2026-09-14 16:15:00,40,Signal_Team_14,1,4,0.1545,LOW,0.4969105818165515
SMMS-002689,B000226,2026-09-14 15:55:00,2026-09-14 16:40:00,45,Signal_Team_13,1,4,0.2974,LOW,0.5429055818165516
SMMS-000135,B000724,2026-09-14 17:00:00,2026-09-14 17:45:00,45,Signal_Team_03,1,4,0.7348,HIGH,0.7021442271578482
SMMS-001171,B000724,2026-09-14 17:00:00,2026-09-14 17:35:00,35,Signal_Team_04,1,4,0.5635,MEDIUM,0.6382542271578482
TMS-001733,B000996,2026-09-14 18:00:00,2026-09-14 18:45:00,45,Track_Team_17,1,1,0.5303,MEDIUM,0.5903714540627331
TMS-000556,B000325,2026-09-14 22:35:00,2026-09-15 00:55:00,140,Track_Team_17,1,2,0.2666,LOW,0.6541707610652937
TDMS-000615,B000107,2026-09-15 00:30:00,2026-09-15 03:15:00,165,OHE_Team_18,1,5,0.863,CRITICAL,0.8211951954421053
TDMS-002088,B000107,2026-09-15 00:30:00,2026-09-15 02:55:00,145,OHE_Team_17,1,5,0.825,CRITICAL,0.7931285287754386
TMS-003025,B000107,2026-09-15 00:30:00,2026-09-15 02:40:00,130,Track_Team_18,1,5,0.7255,HIGH,0.7507785287754385
SMMS-002134,B000107,2026-09-15 00:30:00,2026-09-15 01:45:00,75,Signal_Team_17,1,5,0.5442,MEDIUM,0.6505551954421052
TDMS-000065,B000489,2026-09-15 00:30:00,2026-09-15 01:35:00,65,OHE_Team_13,1,1,0.502,MEDIUM,0.6507851929717076
TMS-003220,B000107,2026-09-15 00:55:00,2026-09-15 03:30:00,155,Track_Team_17,1,5,0.6781,HIGH,0.7573918621087719
SMMS-000273,B000621,2026-09-15 01:00:00,2026-09-15 02:10:00,70,Signal_Team_16,1,4,0.794,CRITICAL,0.7407079211996204
SMMS-002810,B000621,2026-09-15 01:00:00,2026-09-15 02:40:00,100,Signal_Team_15,1,4,0.7078,HIGH,0.7523479211996205
SMMS-002356,B000113,2026-09-15 01:00:00,2026-09-15 04:55:00,235,Signal_Team_11,1,6,0.4836,MEDIUM,0.7362601809985267
TMS-001001,B000113,2026-09-15 01:00:00,2026-09-15 03:35:00,155,Track_Team_11;Tamping_Machine_01,2,6,0.5038,MEDIUM,0.67565351433186
TDMS-000618,B000113,2026-09-15 01:00:00,2026-09-15 02:45:00,105,OHE_Team_11,1,6,0.0757,LOW,0.5326401809985267
TDMS-002152,B000113,2026-09-15 01:00:00,2026-09-15 01:50:00,50,OHE_Team_12,1,6,0.0614,LOW,0.4939751809985268
TMS-002112,B000113,2026-09-15 01:00:00,2026-09-15 03:25:00,145,Track_Team_12,1,6,0.2335,LOW,0.6049801809985268
SMMS-002375,B000050,2026-09-15 01:30:00,2026-09-15 03:20:00,110,Signal_Team_21,1,4,0.0873,LOW,0.5984597406563703
SMMS-002890,B000050,2026-09-15 01:30:00,2026-09-15 02:15:00,45,Signal_Team_22,1,4,0.0681,LOW,0.5385330739897036
TDMS-001765,B000050,2026-09-15 01:30:00,2026-09-15 02:55:00,85,OHE_Team_21,1,4,0.1122,LOW,0.5850964073230369
TDMS-002893,B000050,2026-09-15 01:40:00,2026-09-15 03:30:00,110,OHE_Team_22,1,4,0.3085,LOW,0.6648197406563703
SMMS-002194,B000107,2026-09-15 01:45:00,2026-09-15 02:45:00,60,Signal_Team_17,1,5,0.8045,CRITICAL,0.7161451954421052
TMS-000930,B000610,2026-09-15 02:00:00,2026-09-15 02:45:00,45,Track_Team_07,1,6,0.4563,MEDIUM,0.6225328980984548
TDMS-002140,B000060,2026-09-15 02:00:00,2026-09-15 03:55:00,115,OHE_Team_16,1,6,0.2921,LOW,0.6305846384751884
TDMS-002367,B000060,2026-09-15 02:00:00,2026-09-15 02:50:00,50,OHE_Team_15,1,6,0.259,LOW,0.5800296384751884
TMS-000875,B000610,2026-09-15 02:00:00,2026-09-15 02:45:00,45,Track_Team_08,1,6,0.2433,LOW,0.5586328980984547
TMS-001732,B000060,2026-09-15 02:00:00,2026-09-15 05:20:00,200,Track_Team_15,1,6,0.1895,LOW,0.6529296384751884
TMS-001750,B000060,2026-09-15 02:10:00,2026-09-15 04:40:00,150,Track_Team_16,1,6,0.4313,MEDIUM,0.6942196384751883
SMMS-001969,B000060,2026-09-15 02:10:00,2026-09-15 03:35:00,85,Signal_Team_16,1,6,0.251,LOW,0.5995046384751883
TMS-002607,B000050,2026-09-15 02:15:00,2026-09-15 04:20:00,125,Track_Team_22,1,4,0.2023,LOW,0.6454597406563702
TDMS-000105,B000307,2026-09-15 02:30:00,2026-09-15 03:50:00,80,OHE_Team_23,1,4,0.85,CRITICAL,0.8679149962013215
SMMS-000817,B000307,2026-09-15 02:30:00,2026-09-15 03:15:00,45,Signal_Team_23,1,4,0.5375,MEDIUM,0.7158316628679882
TDMS-000290,B000307,2026-09-15 02:30:00,2026-09-15 03:15:00,45,OHE_Team_24,1,4,0.6213,MEDIUM,0.7409716628679883
TMS-002006,B000307,2026-09-15 02:30:00,2026-09-15 03:15:00,45,Track_Team_24,1,4,0.5068,MEDIUM,0.7066216628679882
SMMS-001424,B000107,2026-09-15 02:40:00,2026-09-15 03:15:00,35,Signal_Team_18,1,5,0.8526,CRITICAL,0.7097418621087719
SMMS-002613,B000060,2026-09-15 02:40:00,2026-09-15 04:05:00,85,Signal_Team_15,1,6,0.1545,LOW,0.5705546384751884
SMMS-002409,B000107,2026-09-15 02:45:00,2026-09-15 03:25:00,40,Signal_Team_17,1,5,0.4328,MEDIUM,0.5879685287754386
TMS-001205,B000610,2026-09-15 02:45:00,2026-09-15 03:25:00,40,Track_Team_08,1,6,0.4412,MEDIUM,0.6138362314317881
TDMS-002632,B000113,2026-09-15 02:45:00,2026-09-15 04:25:00,100,OHE_Team_11,1,6,0.035,LOW,0.5173051809985267
TDMS-000109,B000107,2026-09-15 02:55:00,2026-09-15 03:30:00,35,OHE_Team_17,1,5,0.5622,MEDIUM,0.622621862108772
SMMS-001992,B000050,2026-09-15 02:55:00,2026-09-15 04:00:00,65,Signal_Team_22,1,4,0.0475,LOW,0.5490197406563702
TDMS-000271,B000307,2026-09-15 03:15:00,2026-09-15 03:50:00,35,OHE_Team_24,1,4,0.6746,HIGH,0.7402949962013217
SMMS-002225,B000307,2026-09-15 03:15:00,2026-09-15 03:45:00,30,Signal_Team_23,1,4,0.5395,MEDIUM,0.6914316628679882
TMS-000295,B000307,2026-09-15 03:15:00,2026-09-15 04:00:00,45,Track_Team_24,1,4,0.4747,MEDIUM,0.6969916628679882
TDMS-000157,B000050,2026-09-15 03:20:00,2026-09-15 04:10:00,50,OHE_Team_21,1,4,0.1781,LOW,0.5756997406563702
TMS-002384,B000610,2026-09-15 03:25:00,2026-09-15 04:05:00,40,Track_Team_08,1,6,0.4667,MEDIUM,0.621486231431788
TDMS-001925,B000050,2026-09-15 03:30:00,2026-09-15 04:30:00,60,OHE_Team_22,1,4,0.0766,LOW,0.5535830739897036
TDMS-001708,B000060,2026-09-15 03:55:00,2026-09-15 05:20:00,85,OHE_Team_16,1,6,0.152,LOW,0.5698046384751884
SMMS-002346,B000050,2026-09-15 04:00:00,2026-09-15 04:30:00,30,Signal_Team_21,1,4,0.066,LOW,0.5254030739897035
SMMS-001787,B000060,2026-09-15 04:05:00,2026-09-15 04:45:00,40,Signal_Team_15,1,6,0.0894,LOW,0.5228996384751884
TMS-003469,B000610,2026-09-15 04:05:00,2026-09-15 04:40:00,35,Track_Team_08,1,6,0.3559,LOW,0.5840795647651215
TDMS-002222,B000113,2026-09-15 04:25:00,2026-09-15 05:00:00,35,OHE_Team_11,1,6,0.0661,LOW,0.4860101809985268
SMMS-001960,B000060,2026-09-15 04:45:00,2026-09-15 05:20:00,35,Signal_Team_15,1,6,0.1513,LOW,0.5383446384751883
SMMS-000515,B000060,2026-09-15 05:20:00,2026-09-15 05:55:00,35,Signal_Team_15,1,6,0.0964,LOW,0.5218746384751883
SMMS-000492,B000296,2026-09-15 09:00:00,2026-09-15 10:25:00,85,Signal_Team_12,1,4,0.5079,MEDIUM,0.7226343936925173
SMMS-001198,B000296,2026-09-15 09:00:00,2026-09-15 10:50:00,110,Signal_Team_11,1,4,0.5865,MEDIUM,0.7774643936925174
SMMS-000274,B000734,2026-09-15 13:00:00,2026-09-15 13:35:00,35,Signal_Team_11,1,5,0.1401,LOW,0.5471902270837743
SMMS-001497,B000734,2026-09-15 13:00:00,2026-09-15 13:45:00,45,Signal_Team_12,1,5,0.2794,LOW,0.5973135604171078
TDMS-001498,B000734,2026-09-15 13:00:00,2026-09-15 15:10:00,130,OHE_Team_12,1,5,0.331,LOW,0.6836268937504411
TDMS-002217,B000734,2026-09-15 13:00:00,2026-09-15 15:30:00,150,OHE_Team_11,1,5,0.1629,LOW,0.6498635604171077
SMMS-001068,B000522,2026-09-15 14:30:00,2026-09-15 15:15:00,45,Signal_Team_22,1,3,0.0725,LOW,0.667852133082318
SMMS-001294,B000522,2026-09-15 14:30:00,2026-09-15 15:15:00,45,Signal_Team_21,1,3,0.0706,LOW,0.667282133082318
SMMS-002968,B000814,2026-09-15 18:00:00,2026-09-15 19:15:00,75,Signal_Team_15,1,1,0.2698,LOW,0.5934367999749444
SMMS-000044,B000602,2026-09-15 22:30:00,2026-09-15 23:15:00,45,Signal_Team_12,1,4,0.7261,HIGH,0.6252938872207565
TDMS-002395,B000602,2026-09-15 22:30:00,2026-09-16 00:25:00,115,OHE_Team_12,1,4,0.6939,HIGH,0.6593838872207565
TDMS-001804,B000602,2026-09-15 22:30:00,2026-09-15 23:00:00,30,OHE_Team_11,1,4,0.3368,LOW,0.4991288872207565
TMS-001854,B000602,2026-09-15 22:30:00,2026-09-15 23:30:00,60,Track_Team_11,1,4,0.3085,LOW,0.5093888872207566
SMMS-002020,B000867,2026-09-15 23:00:00,2026-09-16 00:15:00,75,Signal_Team_17,1,2,0.4753,MEDIUM,0.5958284898016716
SMMS-002813,B000867,2026-09-15 23:00:00,2026-09-16 00:15:00,75,Signal_Team_18,1,2,0.4793,MEDIUM,0.5970284898016716
TDMS-002095,B000602,2026-09-15 23:00:00,2026-09-16 01:00:00,120,OHE_Team_11,1,4,0.6315,MEDIUM,0.6437888872207564
SMMS-001727,B000602,2026-09-15 23:15:00,2026-09-16 00:40:00,85,Signal_Team_11,1,4,0.782,CRITICAL,0.6670638872207566
SMMS-001937,B000917,2026-09-15 23:30:00,2026-09-16 00:30:00,60,Signal_Team_01,1,5,0.4617,MEDIUM,0.7531216107131691
SMMS-002451,B000917,2026-09-15 23:30:00,2026-09-16 00:25:00,55,Signal_Team_02,1,5,0.5181,MEDIUM,0.7617082773798356
TMS-000335,B000917,2026-09-15 23:30:00,2026-09-16 00:10:00,40,Track_Team_01,1,5,0.0555,LOW,0.5979282773798358
TMS-002044,B000602,2026-09-15 23:30:00,2026-09-16 00:15:00,45,Track_Team_11,1,4,0.2048,LOW,0.46890388722075654
TMS-002632,B000917,2026-09-15 23:30:00,2026-09-16 00:55:00,85,Track_Team_02;Tamping_Machine_03,2,5,0.1306,LOW,0.6754582773798357
SMMS-002044,B000867,2026-09-16 00:15:00,2026-09-16 00:55:00,40,Signal_Team_17,1,2,0.4768,MEDIUM,0.567111823135005
TDMS-001518,B000602,2026-09-16 00:25:00,2026-09-16 02:05:00,100,OHE_Team_12,1,4,0.453,MEDIUM,0.5777388872207565
SMMS-000043,B000024,2026-09-16 00:30:00,2026-09-16 03:05:00,155,Signal_Team_23,1,6,0.8026,CRITICAL,0.7958971192377391
TMS-000309,B000024,2026-09-16 00:30:00,2026-09-16 04:00:00,210,Track_Team_24,1,6,0.7756,HIGH,0.822172119237739
TMS-000906,B000024,2026-09-16 00:30:00,2026-09-16 03:55:00,205,Track_Team_23;Rail_Grinder_04,2,6,0.7516,HIGH,0.7951804525710723
SMMS-000167,B000024,2026-09-16 00:30:00,2026-09-16 02:05:00,95,Signal_Team_24,1,6,0.5629,MEDIUM,0.686487119237739
TDMS-000494,B000024,2026-09-16 00:30:00,2026-09-16 04:10:00,220,OHE_Team_24,1,6,0.4943,MEDIUM,0.744032119237739
SMMS-000417,B000602,2026-09-16 00:40:00,2026-09-16 01:45:00,65,Signal_Team_11,1,4,0.7485,HIGH,0.6445138872207565
TMS-002100,B000695,2026-09-16 01:00:00,2026-09-16 03:30:00,150,Track_Team_01,1,2,0.6578,HIGH,0.7387281214923401
TMS-002889,B000695,2026-09-16 01:00:00,2026-09-16 03:25:00,145,Track_Team_02,1,2,0.6963,HIGH,0.7461114548256734
SMMS-001165,B000328,2026-09-16 01:00:00,2026-09-16 01:40:00,40,Signal_Team_20,1,5,0.5008,MEDIUM,0.8112414483790278
SMMS-001240,B000328,2026-09-16 01:00:00,2026-09-16 01:35:00,35,Signal_Team_19,1,5,0.4431,MEDIUM,0.7772647817123612
TDMS-001175,B000481,2026-09-16 01:00:00,2026-09-16 01:20:00,20,OHE_Team_06,1,3,0.4565,MEDIUM,0.7423551548566533
TMS-001771,B000056,2026-09-16 01:00:00,2026-09-16 02:40:00,100,Track_Team_11,1,5,0.554,MEDIUM,0.7367127261927351
TMS-002672,B000219,2026-09-16 01:00:00,2026-09-16 01:40:00,40,Track_Team_07,1,4,0.5447,MEDIUM,0.7272961197534571
SMMS-000390,B000093,2026-09-16 01:00:00,2026-09-16 01:45:00,45,Signal_Team_22,1,4,0.2564,LOW,0.5757583323943629
SMMS-000558,B000056,2026-09-16 01:00:00,2026-09-16 02:15:00,75,Signal_Team_12,1,5,0.2019,LOW,0.6102493928594017
SMMS-001633,B000093,2026-09-16 01:00:00,2026-09-16 03:50:00,170,Signal_Team_21,1,4,0.3233,LOW,0.673953332394363
SMMS-002268,B000481,2026-09-16 01:00:00,2026-09-16 01:25:00,25,Signal_Team_06,1,3,0.3176,LOW,0.7256851548566533
TDMS-000001,B000602,2026-09-16 01:00:00,2026-09-16 01:30:00,30,OHE_Team_11,1,4,0.232,LOW,0.46768888722075647
TDMS-000848,B000093,2026-09-16 01:00:00,2026-09-16 01:50:00,50,OHE_Team_22,1,4,0.0889,LOW,0.528633332394363
TDMS-001264,B000093,2026-09-16 01:00:00,2026-09-16 02:35:00,95,OHE_Team_21,1,4,0.1095,LOW,0.5629383323943631
TDMS-002213,B000481,2026-09-16 01:00:00,2026-09-16 01:20:00,20,OHE_Team_05,1,3,0.325,LOW,0.7029051548566533
TMS-000767,B000056,2026-09-16 01:00:00,2026-09-16 01:45:00,45,Track_Team_12,1,5,0.3278,LOW,0.6230193928594017
TMS-003331,B000219,2026-09-16 01:00:00,2026-09-16 01:40:00,40,Track_Team_08,1,4,0.2493,LOW,0.6386761197534572
SMMS-001218,B000867,2026-09-16 01:05:00,2026-09-16 02:00:00,55,Signal_Team_17;Signal_Test_Unit_04,2,2,0.6613,HIGH,0.5849618231350049
SMMS-001024,B000605,2026-09-16 01:30:00,2026-09-16 04:40:00,190,Signal_Team_16,1,6,0.7454,HIGH,0.7810850929176185
TMS-001584,B000605,2026-09-16 01:30:00,2026-09-16 04:55:00,205,Track_Team_15,1,6,0.6611,HIGH,0.7651700929176186
SMMS-001170,B000605,2026-09-16 01:30:00,2026-09-16 03:50:00,140,Signal_Team_15;Signal_Test_Unit_05,2,6,0.6078,MEDIUM,0.6918884262509519
TDMS-000133,B000602,2026-09-16 01:30:00,2026-09-16 01:50:00,20,OHE_Team_11,1,4,0.2177,LOW,0.4571488872207565
TDMS-002233,B000605,2026-09-16 01:30:00,2026-09-16 02:20:00,50,OHE_Team_15,1,6,0.2164,LOW,0.5348850929176187
TMS-003588,B000605,2026-09-16 01:35:00,2026-09-16 03:50:00,135,Track_Team_16,1,6,0.4963,MEDIUM,0.6719800929176186
TMS-002897,B000219,2026-09-16 01:40:00,2026-09-16 02:15:00,35,Track_Team_08,1,4,0.2082,LOW,0.6180127864201237
SMMS-002641,B000602,2026-09-16 01:45:00,2026-09-16 02:20:00,35,Signal_Team_11,1,4,0.8157,CRITICAL,0.6459238872207564
TMS-001450,B000056,2026-09-16 01:45:00,2026-09-16 02:20:00,35,Track_Team_12,1,5,0.3127,LOW,0.6101560595260684
TDMS-001170,B000056,2026-09-16 01:50:00,2026-09-16 03:55:00,125,OHE_Team_11;Tower_Wagon_04,2,5,0.1106,LOW,0.6045260595260684
TDMS-001664,B000093,2026-09-16 01:50:00,2026-09-16 03:25:00,95,OHE_Team_22,1,4,0.1829,LOW,0.584958332394363
SMMS-000782,B000544,2026-09-16 02:00:00,2026-09-16 03:05:00,65,Signal_Team_22,1,3,0.9042,CRITICAL,0.7889176170916209
TMS-002280,B000544,2026-09-16 02:00:00,2026-09-16 04:00:00,120,Track_Team_22,1,3,0.6598,HIGH,0.7843476170916209
TMS-002884,B000544,2026-09-16 02:00:00,2026-09-16 03:55:00,115,Track_Team_21,1,3,0.6861,HIGH,0.7859876170916209
TDMS-002130,B000381,2026-09-16 02:00:00,2026-09-16 03:00:00,60,OHE_Team_01,1,1,0.4694,MEDIUM,0.7235169403430484
SMMS-000041,B000024,2026-09-16 02:05:00,2026-09-16 03:40:00,95,Signal_Team_24,1,6,0.5763,MEDIUM,0.690507119237739
TDMS-001075,B000602,2026-09-16 02:05:00,2026-09-16 02:30:00,25,OHE_Team_12,1,4,0.3973,LOW,0.5141538872207565
SMMS-002391,B000056,2026-09-16 02:15:00,2026-09-16 03:35:00,80,Signal_Team_12,1,5,0.4684,MEDIUM,0.6943660595260683
SMMS-000309,B000056,2026-09-16 02:20:00,2026-09-16 03:25:00,65,Signal_Team_11,1,5,0.1557,LOW,0.5880560595260684
TDMS-000402,B000605,2026-09-16 02:20:00,2026-09-16 03:25:00,65,OHE_Team_15,1,6,0.172,LOW,0.5309400929176186
TDMS-002926,B000093,2026-09-16 02:35:00,2026-09-16 04:20:00,105,OHE_Team_21,1,4,0.086,LOW,0.562138332394363
TDMS-000027,B000056,2026-09-16 02:40:00,2026-09-16 03:30:00,50,OHE_Team_12,1,5,0.0956,LOW,0.5575260595260685
TMS-003770,B000336,2026-09-16 03:00:00,2026-09-16 04:20:00,80,Track_Team_03,1,3,0.6797,HIGH,0.7321237638738883
TMS-002753,B000336,2026-09-16 03:00:00,2026-09-16 03:40:00,40,Track_Team_04,1,3,0.5334,MEDIUM,0.6215670972072216
SMMS-002417,B000544,2026-09-16 03:05:00,2026-09-16 04:00:00,55,Signal_Team_22,1,3,0.8239,CRITICAL,0.7523276170916209
SMMS-000232,B000024,2026-09-16 03:05:00,2026-09-16 04:30:00,85,Signal_Team_23,1,6,0.5575,MEDIUM,0.678617119237739
TDMS-000301,B000093,2026-09-16 03:25:00,2026-09-16 04:15:00,50,OHE_Team_22,1,4,0.0901,LOW,0.528993332394363
TDMS-001008,B000605,2026-09-16 03:25:00,2026-09-16 04:15:00,50,OHE_Team_15,1,6,0.2241,LOW,0.5371950929176186
TDMS-002927,B000695,2026-09-16 03:25:00,2026-09-16 04:00:00,35,OHE_Team_02,1,2,0.2196,LOW,0.5114347881590067
TMS-002725,B000056,2026-09-16 03:25:00,2026-09-16 04:00:00,35,Track_Team_11,1,5,0.1996,LOW,0.5762260595260684
TDMS-002258,B000695,2026-09-16 03:30:00,2026-09-16 04:00:00,30,OHE_Team_01,1,2,0.1921,LOW,0.49901812149234
SMMS-001428,B000024,2026-09-16 03:40:00,2026-09-16 04:30:00,50,Signal_Team_24,1,6,0.5335,MEDIUM,0.6495421192377391
SMMS-002241,B000093,2026-09-16 03:50:00,2026-09-16 04:25:00,35,Signal_Team_21,1,4,0.1667,LOW,0.5425983323943631
TMS-000396,B000605,2026-09-16 03:50:00,2026-09-16 04:35:00,45,Track_Team_16,1,6,0.3994,LOW,0.5866600929176186
TDMS-000449,B000093,2026-09-16 04:15:00,2026-09-16 04:45:00,30,OHE_Team_22,1,4,0.1563,LOW,0.536353332394363
TDMS-001520,B000605,2026-09-16 04:15:00,2026-09-16 05:00:00,45,OHE_Team_15,1,6,0.2032,LOW,0.5278000929176186
TDMS-002291,B000093,2026-09-16 04:20:00,2026-09-16 04:50:00,30,OHE_Team_21,1,4,0.0929,LOW,0.517333332394363
TMS-003601,B000605,2026-09-16 04:55:00,2026-09-16 05:30:00,35,Track_Team_15,1,6,0.3336,LOW,0.5606700929176186
TMS-002524,B000729,2026-09-16 06:30:00,2026-09-16 06:55:00,25,Track_Team_17,1,4,0.506,MEDIUM,0.6234091729533833
SMMS-002436,B000505,2026-09-16 10:00:00,2026-09-16 11:55:00,115,Signal_Team_05,1,3,0.758,HIGH,0.7073727775874405
TDMS-000847,B000426,2026-09-16 10:00:00,2026-09-16 10:45:00,45,OHE_Team_22,1,2,0.0612,LOW,0.613055348090144
TDMS-001459,B000426,2026-09-16 10:00:00,2026-09-16 10:20:00,20,OHE_Team_21,1,2,0.0776,LOW,0.555475348090144
TDMS-001817,B000505,2026-09-16 10:00:00,2026-09-16 11:30:00,90,OHE_Team_05,1,3,0.0809,LOW,0.4886177775874406
TMS-000270,B000505,2026-09-16 10:00:00,2026-09-16 12:15:00,135,Track_Team_06,1,3,0.2533,LOW,0.5684627775874406
TDMS-000294,B000426,2026-09-16 10:20:00,2026-09-16 11:00:00,40,OHE_Team_21,1,2,0.0962,LOW,0.611055348090144
SMMS-001004,B000505,2026-09-16 11:30:00,2026-09-16 14:00:00,150,Signal_Team_06,1,3,0.699,HIGH,0.7115477775874406
SMMS-000259,B000505,2026-09-16 11:55:00,2026-09-16 13:15:00,80,Signal_Team_05,1,3,0.5028,MEDIUM,0.6089377775874406
TMS-003463,B000505,2026-09-16 12:15:00,2026-09-16 13:30:00,75,Track_Team_05,1,3,0.2931,LOW,0.5429027775874407
SMMS-002265,B000505,2026-09-16 13:15:00,2026-09-16 13:55:00,40,Signal_Team_05,1,3,0.4884,MEDIUM,0.5796177775874406
SMMS-002907,B000143,2026-09-16 14:30:00,2026-09-16 15:35:00,65,Signal_Team_04,1,3,0.5612,MEDIUM,0.6889869316428184
SMMS-000649,B000143,2026-09-16 14:30:00,2026-09-16 15:40:00,70,Signal_Team_03,1,3,0.2928,LOW,0.6147169316428185
SMMS-002594,B000458,2026-09-16 15:00:00,2026-09-16 15:40:00,40,Signal_Team_06,1,4,0.4799,MEDIUM,0.7010621165384088
SMMS-001752,B000458,2026-09-16 15:00:00,2026-09-16 15:40:00,40,Signal_Team_05,1,4,0.4069,LOW,0.6791621165384087
TDMS-001196,B000458,2026-09-16 15:00:00,2026-09-16 15:25:00,25,OHE_Team_05,1,4,0.1664,LOW,0.5820121165384087
TDMS-002008,B000189,2026-09-16 15:00:00,2026-09-16 15:50:00,50,OHE_Team_01,1,3,0.0914,LOW,0.5286778139486257
TDMS-000986,B000189,2026-09-16 15:05:00,2026-09-16 16:25:00,80,OHE_Team_02,1,3,0.0793,LOW,0.5437978139486257
SMMS-002144,B000143,2026-09-16 15:35:00,2026-09-16 16:25:00,50,Signal_Team_04,1,3,0.328,LOW,0.6002769316428185
SMMS-000262,B000458,2026-09-16 15:40:00,2026-09-16 16:10:00,30,Signal_Team_05;Cable_Team_06,2,4,0.473,MEDIUM,0.6573254498717421
SMMS-002174,B000143,2026-09-16 15:40:00,2026-09-16 16:15:00,35,Signal_Team_03,1,3,0.3002,LOW,0.5731869316428185
TDMS-001462,B000189,2026-09-16 15:50:00,2026-09-16 16:30:00,40,OHE_Team_01,1,3,0.0321,LOW,0.5046378139486257
TDMS-000656,B000189,2026-09-16 16:25:00,2026-09-16 18:50:00,145,OHE_Team_02,1,3,0.0895,LOW,0.5874828139486257
SMMS-001313,B000494,2026-09-16 18:00:00,2026-09-16 18:45:00,45,Signal_Team_18,1,3,0.2229,LOW,0.5794661794579737
SMMS-001878,B000494,2026-09-16 18:00:00,2026-09-16 19:00:00,60,Signal_Team_17,1,3,0.1061,LOW,0.5694261794579737
TDMS-000532,B000301,2026-09-16 22:30:00,2026-09-16 23:25:00,55,OHE_Team_17,1,1,0.4396,MEDIUM,0.5889459135014616
TMS-003380,B000944,2026-09-16 22:30:00,2026-09-17 00:40:00,130,Track_Team_24,1,2,0.6157,MEDIUM,0.7444777994303813
TMS-001376,B000944,2026-09-16 22:30:00,2026-09-16 23:20:00,50,Track_Team_23,1,2,0.2093,LOW,0.5558911327637146
TMS-001442,B000944,2026-09-16 23:20:00,2026-09-17 00:45:00,85,Track_Team_23,1,2,0.4706,MEDIUM,0.6634477994303812
TMS-002236,B000301,2026-09-16 23:25:00,2026-09-16 23:55:00,30,Track_Team_17,1,1,0.2585,LOW,0.5033659135014616
TMS-000655,B000242,2026-09-16 23:30:00,2026-09-17 00:10:00,40,Track_Team_06;Crane_05,2,3,0.4649,MEDIUM,0.6208698479716422
TMS-002255,B000242,2026-09-16 23:30:00,2026-09-17 00:10:00,40,Track_Team_05,1,3,0.4483,MEDIUM,0.6492231813049756
SMMS-001711,B000183,2026-09-16 23:30:00,2026-09-17 00:05:00,35,Signal_Team_19;Cable_Team_04,2,3,0.2641,LOW,0.5422617258739761
SMMS-002274,B000183,2026-09-16 23:30:00,2026-09-17 00:15:00,45,Signal_Team_20,1,3,0.3105,LOW,0.5978483925406427
SMMS-001481,B000183,2026-09-17 00:05:00,2026-09-17 00:40:00,35,Signal_Team_19,1,3,0.261,LOW,0.5746650592073094
SMMS-002143,B000183,2026-09-17 00:15:00,2026-09-17 00:50:00,35,Signal_Team_20,1,3,0.1621,LOW,0.5449950592073094
SMMS-001242,B000449,2026-09-17 00:30:00,2026-09-17 01:00:00,30,Signal_Team_21,1,2,0.6662,HIGH,0.7772098035698636
SMMS-000980,B000936,2026-09-17 00:30:00,2026-09-17 01:40:00,70,Signal_Team_03,1,5,0.5885,MEDIUM,0.7633768805870109
SMMS-001979,B000936,2026-09-17 00:30:00,2026-09-17 01:45:00,75,Signal_Team_04,1,5,0.5455,MEDIUM,0.7588102139203443
TMS-002506,B000362,2026-09-17 00:30:00,2026-09-17 01:10:00,40,Track_Team_05,1,1,0.4633,MEDIUM,0.4996605563585623
TMS-002650,B000449,2026-09-17 00:30:00,2026-09-17 01:15:00,45,Track_Team_22,1,2,0.4307,MEDIUM,0.7565598035698635
SMMS-000720,B000055,2026-09-17 00:30:00,2026-09-17 01:40:00,70,Signal_Team_12,1,4,0.1245,LOW,0.5739450858653661
SMMS-001343,B000055,2026-09-17 00:30:00,2026-09-17 02:00:00,90,Signal_Team_11,1,4,0.0998,LOW,0.5832017525320328
TDMS-000268,B000936,2026-09-17 00:30:00,2026-09-17 01:15:00,45,OHE_Team_03,1,5,0.1221,LOW,0.5817902139203441
TDMS-001535,B000055,2026-09-17 00:30:00,2026-09-17 01:50:00,80,OHE_Team_11,1,4,0.0843,LOW,0.5702184191986994
TMS-001753,B000936,2026-09-17 00:30:00,2026-09-17 01:20:00,50,Track_Team_04,1,5,0.3739,LOW,0.6656635472536776
TMS-002838,B000055,2026-09-17 00:35:00,2026-09-17 01:20:00,45,Track_Team_11,1,4,0.2077,LOW,0.5780717525320329
TMS-003563,B000944,2026-09-17 00:45:00,2026-09-17 01:25:00,40,Track_Team_23;Rail_Grinder_04,2,2,0.2043,LOW,0.4960577994303812
SMMS-000148,B000183,2026-09-17 00:50:00,2026-09-17 01:20:00,30,Signal_Team_20,1,3,0.3136,LOW,0.5862783925406427
TDMS-002729,B000936,2026-09-17 01:15:00,2026-09-17 01:55:00,40,OHE_Team_04,1,5,0.1905,LOW,0.5939768805870109
TMS-000897,B000936,2026-09-17 01:15:00,2026-09-17 01:40:00,25,Track_Team_03,1,5,0.4231,LOW,0.638756880587011
TMS-001209,B000936,2026-09-17 01:20:00,2026-09-17 02:00:00,40,Track_Team_04,1,5,0.3503,LOW,0.6419168805870108
TMS-003078,B000055,2026-09-17 01:20:00,2026-09-17 02:00:00,40,Track_Team_11,1,4,0.1274,LOW,0.5498150858653661
TDMS-001903,B000554,2026-09-17 01:30:00,2026-09-17 03:55:00,145,OHE_Team_17,1,3,0.8283,CRITICAL,0.7317315624711382
TMS-002266,B000554,2026-09-17 01:30:00,2026-09-17 04:40:00,190,Track_Team_17,1,3,0.7808,CRITICAL,0.7456065624711382
TDMS-002224,B000554,2026-09-17 01:30:00,2026-09-17 03:35:00,125,OHE_Team_18,1,3,0.7,HIGH,0.6807415624711382
TMS-000580,B000850,2026-09-17 01:30:00,2026-09-17 03:05:00,95,Track_Team_21;Crane_04,2,5,0.6718,HIGH,0.8079383369705679
TMS-001028,B000017,2026-09-17 01:30:00,2026-09-17 03:55:00,145,Track_Team_15,1,4,0.6715,HIGH,0.734019079258831
TMS-000646,B000017,2026-09-17 01:30:00,2026-09-17 02:05:00,35,Track_Team_16,1,4,0.4388,MEDIUM,0.595459079258831
TDMS-000671,B000433,2026-09-17 01:30:00,2026-09-17 02:05:00,35,OHE_Team_05,1,4,0.4176,LOW,0.6916905518583043
TDMS-002231,B000400,2026-09-17 01:30:00,2026-09-17 02:10:00,40,OHE_Team_20,1,1,0.4176,LOW,0.5137271454598991
TDMS-002326,B000433,2026-09-17 01:30:00,2026-09-17 02:25:00,55,OHE_Team_06,1,4,0.2124,LOW,0.6634638851916377
TDMS-002965,B000017,2026-09-17 01:30:00,2026-09-17 01:55:00,25,OHE_Team_15,1,4,0.2166,LOW,0.522549079258831
TMS-003166,B000850,2026-09-17 01:30:00,2026-09-17 02:05:00,35,Track_Team_22,1,5,0.1999,LOW,0.611368336970568
SMMS-000748,B000017,2026-09-17 01:35:00,2026-09-17 04:15:00,160,Signal_Team_16,1,4,0.7509,HIGH,0.7672140792588311
TMS-001715,B000055,2026-09-17 01:40:00,2026-09-17 02:25:00,45,Track_Team_12,1,4,0.2204,LOW,0.5818817525320328
TDMS-002802,B000055,2026-09-17 01:50:00,2026-09-17 03:30:00,100,OHE_Team_12,1,4,0.1779,LOW,0.6149650858653661
SMMS-000704,B000029,2026-09-17 02:00:00,2026-09-17 04:10:00,130,Signal_Team_18,1,7,0.5168,MEDIUM,0.7394390710654121
SMMS-001636,B000671,2026-09-17 02:00:00,2026-09-17 03:35:00,95,Signal_Team_13,1,3,0.5564,MEDIUM,0.768161479862152
SMMS-001877,B000055,2026-09-17 02:00:00,2026-09-17 03:30:00,90,Signal_Team_11,1,4,0.5748,MEDIUM,0.7257017525320328
SMMS-002197,B000671,2026-09-17 02:00:00,2026-09-17 02:55:00,55,Signal_Team_14,1,3,0.5983,MEDIUM,0.7307314798621519
SMMS-002387,B000055,2026-09-17 02:00:00,2026-09-17 03:30:00,90,Signal_Team_12,1,4,0.473,MEDIUM,0.6951617525320328
SMMS-000184,B000105,2026-09-17 02:00:00,2026-09-17 02:45:00,45,Signal_Team_15,1,4,0.2594,LOW,0.5893370066615891
SMMS-001512,B000029,2026-09-17 02:00:00,2026-09-17 02:25:00,25,Signal_Team_17,1,7,0.3,LOW,0.5868990710654121
TDMS-001134,B000105,2026-09-17 02:00:00,2026-09-17 03:05:00,65,OHE_Team_16;Electrical_Isolation_Team_07,2,4,0.3254,LOW,0.6008036733282557
TDMS-002912,B000105,2026-09-17 02:00:00,2026-09-17 02:30:00,30,OHE_Team_15,1,4,0.1556,LOW,0.5456970066615889
TMS-000263,B000850,2026-09-17 02:05:00,2026-09-17 03:20:00,75,Track_Team_22,1,5,0.3324,LOW,0.701118336970568
TDMS-001056,B000400,2026-09-17 02:10:00,2026-09-17 03:20:00,70,OHE_Team_19,1,1,0.4656,MEDIUM,0.553127145459899
TDMS-000593,B000433,2026-09-17 02:25:00,2026-09-17 02:55:00,30,OHE_Team_06,1,4,0.334,LOW,0.658277218524971
TMS-001860,B000055,2026-09-17 02:25:00,2026-09-17 03:25:00,60,Track_Team_11,1,4,0.2403,LOW,0.6003517525320328
TDMS-001965,B000105,2026-09-17 02:30:00,2026-09-17 03:10:00,40,OHE_Team_15,1,4,0.1376,LOW,0.5486303399949224
SMMS-002186,B000105,2026-09-17 02:45:00,2026-09-17 04:20:00,95,Signal_Team_15,1,4,0.2898,LOW,0.6401236733282556
SMMS-001990,B000671,2026-09-17 02:55:00,2026-09-17 03:30:00,35,Signal_Team_14,1,3,0.5135,MEDIUM,0.680291479862152
SMMS-002835,B000633,2026-09-17 03:00:00,2026-09-17 04:05:00,65,Signal_Team_23,1,5,0.6214,MEDIUM,0.5824625844838218
TDMS-002274,B000633,2026-09-17 03:00:00,2026-09-17 05:00:00,120,OHE_Team_24,1,5,0.5303,MEDIUM,0.5895075844838218
TMS-000769,B000633,2026-09-17 03:00:00,2026-09-17 05:35:00,155,Track_Team_23;Rail_Grinder_01,2,5,0.4728,MEDIUM,0.5741325844838219
TMS-001850,B000633,2026-09-17 03:00:00,2026-09-17 05:15:00,135,Track_Team_24,1,5,0.4065,LOW,0.5617425844838217
TDMS-002199,B000105,2026-09-17 03:05:00,2026-09-17 04:00:00,55,OHE_Team_16,1,4,0.243,LOW,0.5927503399949223
TDMS-001514,B000105,2026-09-17 03:10:00,2026-09-17 03:55:00,45,OHE_Team_15,1,4,0.1019,LOW,0.542087006661589
TDMS-000870,B000400,2026-09-17 03:20:00,2026-09-17 04:00:00,40,OHE_Team_20,1,1,0.2232,LOW,0.455407145459899
TDMS-000359,B000554,2026-09-17 03:35:00,2026-09-17 05:00:00,85,OHE_Team_18,1,3,0.6966,HIGH,0.6547215624711382
TDMS-002304,B000017,2026-09-17 03:55:00,2026-09-17 05:00:00,65,OHE_Team_15,1,4,0.3836,LOW,0.5976490792588312
TMS-003967,B000105,2026-09-17 03:55:00,2026-09-17 04:30:00,35,Track_Team_15,1,4,0.0599,LOW,0.5211536733282556
SMMS-002351,B000633,2026-09-17 04:05:00,2026-09-17 05:40:00,95,Signal_Team_24,1,5,0.7556,HIGH,0.6414725844838218
SMMS-002446,B000554,2026-09-17 04:10:00,2026-09-17 05:20:00,70,Signal_Team_18,1,3,0.7951,CRITICAL,0.6748965624711382
SMMS-000780,B000105,2026-09-17 04:15:00,2026-09-17 04:50:00,35,Signal_Team_16,1,4,0.2537,LOW,0.5792936733282557
SMMS-002716,B000105,2026-09-17 04:20:00,2026-09-17 04:55:00,35,Signal_Team_15,1,4,0.2477,LOW,0.5774936733282556
TDMS-001265,B000017,2026-09-17 04:20:00,2026-09-17 05:20:00,60,OHE_Team_16,1,4,0.3994,LOW,0.5992640792588311
TDMS-002352,B000554,2026-09-17 04:40:00,2026-09-17 05:10:00,30,OHE_Team_17,1,3,0.5064,MEDIUM,0.5632865624711382
TDMS-002442,B000554,2026-09-17 05:00:00,2026-09-17 05:30:00,30,OHE_Team_18,1,3,0.5987,MEDIUM,0.5909765624711382
TDMS-000147,B000017,2026-09-17 05:00:00,2026-09-17 05:30:00,30,OHE_Team_15,1,4,0.3199,LOW,0.5566640792588311
SMMS-002892,B000633,2026-09-17 05:15:00,2026-09-17 06:45:00,90,Signal_Team_23;Signal_Test_Unit_05,2,5,0.6223,MEDIUM,0.5783575844838218
TDMS-002434,B000633,2026-09-17 05:35:00,2026-09-17 07:00:00,85,OHE_Team_24,1,5,0.3638,LOW,0.5176825844838218
SMMS-002258,B000909,2026-09-17 10:30:00,2026-09-17 12:15:00,105,Signal_Team_21,1,3,0.6993,HIGH,0.6602454384685711
TMS-000448,B000909,2026-09-17 10:30:00,2026-09-17 11:30:00,60,Track_Team_21,1,3,0.237,LOW,0.49343043846857115
TMS-002126,B000909,2026-09-17 10:30:00,2026-09-17 11:15:00,45,Track_Team_22,1,3,0.4215,LOW,0.539405438468571
SMMS-002589,B000909,2026-09-17 11:15:00,2026-09-17 13:10:00,115,Signal_Team_22,1,3,0.7928,CRITICAL,0.6945454384685711
TMS-002695,B000909,2026-09-17 11:30:00,2026-09-17 12:25:00,55,Track_Team_21,1,3,0.5427,MEDIUM,0.5820154384685711
TMS-000740,B000909,2026-09-17 12:15:00,2026-09-17 13:10:00,55,Track_Team_22,1,3,0.4435,MEDIUM,0.5522554384685711
TMS-003431,B000909,2026-09-17 12:25:00,2026-09-17 13:10:00,45,Track_Team_21,1,3,0.4596,MEDIUM,0.5508354384685711
TDMS-002064,B000376,2026-09-17 13:00:00,2026-09-17 13:40:00,40,OHE_Team_19,1,4,0.1304,LOW,0.593826899255542
TDMS-002502,B000376,2026-09-17 13:00:00,2026-09-17 13:50:00,50,OHE_Team_20,1,4,0.062,LOW,0.5858068992555421
TMS-002340,B000376,2026-09-17 13:00:00,2026-09-17 14:30:00,90,Track_Team_20,1,4,0.1166,LOW,0.652186899255542
TMS-003710,B000376,2026-09-17 13:00:00,2026-09-17 15:00:00,120,Track_Team_19,1,4,0.136,LOW,0.695506899255542
SMMS-002043,B000909,2026-09-17 13:10:00,2026-09-17 14:15:00,65,Signal_Team_22,1,3,0.8028,CRITICAL,0.6662954384685711
TMS-002674,B000909,2026-09-17 13:10:00,2026-09-17 13:55:00,45,Track_Team_22,1,3,0.2876,LOW,0.4992354384685711
TMS-001761,B000909,2026-09-17 13:40:00,2026-09-17 14:30:00,50,Track_Team_21,1,3,0.4492,MEDIUM,0.5508404384685711
TDMS-001649,B000376,2026-09-17 13:40:00,2026-09-17 14:20:00,40,OHE_Team_19,1,4,0.0717,LOW,0.5762168992555421
TDMS-000038,B000376,2026-09-17 13:50:00,2026-09-17 14:35:00,45,OHE_Team_20,1,4,0.2167,LOW,0.625966899255542
TMS-001178,B000909,2026-09-17 13:55:00,2026-09-17 14:30:00,35,Track_Team_22,1,3,0.4467,MEDIUM,0.5407154384685711
TDMS-002006,B000408,2026-09-17 14:00:00,2026-09-17 14:55:00,55,OHE_Team_03,1,4,0.5231,MEDIUM,0.7721252574830455
TDMS-002946,B000408,2026-09-17 14:00:00,2026-09-17 14:50:00,50,OHE_Team_04,1,4,0.4929,MEDIUM,0.7505652574830455
TDMS-001757,B000376,2026-09-17 14:20:00,2026-09-17 14:55:00,35,OHE_Team_19,1,4,0.0493,LOW,0.5632468992555419
TMS-003355,B000158,2026-09-17 14:30:00,2026-09-17 16:25:00,115,Track_Team_17,1,1,0.6527,MEDIUM,0.6911122771445714
TDMS-000214,B000719,2026-09-17 18:00:00,2026-09-17 18:45:00,45,OHE_Team_11,1,2,0.6101,MEDIUM,0.7150122173187514
TDMS-002286,B000719,2026-09-17 18:00:00,2026-09-17 18:45:00,45,OHE_Team_12,1,2,0.5132,MEDIUM,0.6859422173187513
TDMS-000415,B000435,2026-09-17 23:00:00,2026-09-18 00:00:00,60,OHE_Team_08,1,1,0.3618,LOW,0.6316469582057779
TMS-002077,B000204,2026-09-17 23:00:00,2026-09-17 23:45:00,45,Track_Team_16;Inspection_Unit_06,2,4,0.0586,LOW,0.5058049657978787
SMMS-000172,B000688,2026-09-17 23:30:00,2026-09-18 01:50:00,140,Signal_Team_03,1,5,0.5281,MEDIUM,0.7591518430087822
SMMS-000621,B000688,2026-09-17 23:30:00,2026-09-18 00:05:00,35,Signal_Team_04,1,5,0.4013,LOW,0.6336118430087823
SMMS-000350,B000688,2026-09-18 00:05:00,2026-09-18 02:30:00,145,Signal_Team_04,1,5,0.4746,MEDIUM,0.747268509675449
TDMS-002219,B000218,2026-09-18 00:30:00,2026-09-18 03:25:00,175,OHE_Team_06,1,1,0.6824,HIGH,0.6763061073416431
SMMS-000462,B000090,2026-09-18 00:30:00,2026-09-18 01:30:00,60,Signal_Team_12,1,4,0.4468,MEDIUM,0.6009903047193177
SMMS-000715,B000099,2026-09-18 00:30:00,2026-09-18 01:50:00,80,Signal_Team_08,1,6,0.5958,MEDIUM,0.6782939417119956
TDMS-002098,B000090,2026-09-18 00:30:00,2026-09-18 02:00:00,90,OHE_Team_12,1,4,0.4395,MEDIUM,0.6238003047193177
TMS-001266,B000099,2026-09-18 00:30:00,2026-09-18 02:20:00,110,Track_Team_08,1,6,0.6289,MEDIUM,0.7069739417119956
TMS-001476,B000090,2026-09-18 00:30:00,2026-09-18 03:10:00,160,Track_Team_11,1,4,0.5024,MEDIUM,0.701003638052651
SMMS-001603,B000099,2026-09-18 00:30:00,2026-09-18 01:20:00,50,Signal_Team_07,1,6,0.3293,LOW,0.5795939417119956
SMMS-002650,B000090,2026-09-18 00:30:00,2026-09-18 02:05:00,95,Signal_Team_11,1,4,0.3485,LOW,0.6006669713859842
TDMS-000478,B000099,2026-09-18 00:30:00,2026-09-18 01:30:00,60,OHE_Team_08,1,6,0.2179,LOW,0.5524239417119956
TMS-000101,B000099,2026-09-18 00:40:00,2026-09-18 03:00:00,140,Track_Team_07,1,6,0.756,HIGH,0.7638539417119956
TDMS-000083,B000099,2026-09-18 00:40:00,2026-09-18 02:35:00,115,OHE_Team_07,1,6,0.48,MEDIUM,0.6654289417119956
TDMS-002077,B000089,2026-09-18 01:00:00,2026-09-18 01:45:00,45,OHE_Team_11,1,5,0.1027,LOW,0.4832917740474118
TMS-001625,B000089,2026-09-18 01:00:00,2026-09-18 02:15:00,75,Track_Team_12,1,5,0.1973,LOW,0.5366717740474118
SMMS-002206,B000099,2026-09-18 01:20:00,2026-09-18 02:45:00,85,Signal_Team_07,1,6,0.4539,MEDIUM,0.6388489417119957
TDMS-000510,B000099,2026-09-18 01:30:00,2026-09-18 03:00:00,90,OHE_Team_08,1,6,0.3596,LOW,0.6136839417119956
SMMS-000087,B000099,2026-09-18 01:50:00,2026-09-18 03:05:00,75,Signal_Team_08,1,6,0.4953,MEDIUM,0.6450189417119956
SMMS-001049,B000688,2026-09-18 01:50:00,2026-09-18 02:15:00,25,Signal_Team_03,1,5,0.2983,LOW,0.5943785096754488
TDMS-001097,B000552,2026-09-18 02:00:00,2026-09-18 04:00:00,120,OHE_Team_11,1,4,0.8169,CRITICAL,0.83694758936059
SMMS-000105,B000552,2026-09-18 02:00:00,2026-09-18 03:55:00,115,Signal_Team_12,1,4,0.7613,HIGH,0.8140175893605901
TDMS-001698,B000552,2026-09-18 02:00:00,2026-09-18 03:55:00,115,OHE_Team_12,1,4,0.7752,HIGH,0.8181875893605901
SMMS-002623,B000552,2026-09-18 02:05:00,2026-09-18 03:50:00,105,Signal_Team_11,1,4,0.7216,HIGH,0.7896075893605901
TMS-000490,B000090,2026-09-18 02:15:00,2026-09-18 03:10:00,55,Track_Team_12,1,4,0.3366,LOW,0.563763638052651
TMS-003117,B000099,2026-09-18 02:20:00,2026-09-18 03:10:00,50,Track_Team_08,1,6,0.4205,LOW,0.6069539417119956
SMMS-002477,B000519,2026-09-18 02:30:00,2026-09-18 03:15:00,45,Signal_Team_20,1,5,0.1029,LOW,0.6998093381391624
SMMS-002794,B000519,2026-09-18 02:30:00,2026-09-18 03:10:00,40,Signal_Team_19,1,5,0.1036,LOW,0.6833526714724958
SMMS-002067,B000553,2026-09-18 03:00:00,2026-09-18 04:40:00,100,Signal_Team_07,1,6,0.8203,CRITICAL,0.7780040304334171
TDMS-000696,B000669,2026-09-18 03:00:00,2026-09-18 05:25:00,145,OHE_Team_17,1,5,0.8028,CRITICAL,0.7342255737532941
TDMS-000760,B000553,2026-09-18 03:00:00,2026-09-18 05:05:00,125,OHE_Team_07,1,6,0.8134,CRITICAL,0.7967673637667504
TDMS-000723,B000669,2026-09-18 03:00:00,2026-09-18 05:25:00,145,OHE_Team_18,1,5,0.4546,MEDIUM,0.6297655737532941
TMS-002360,B000669,2026-09-18 03:00:00,2026-09-18 04:50:00,110,Track_Team_18,1,5,0.4711,MEDIUM,0.612840573753294
TMS-003442,B000553,2026-09-18 03:00:00,2026-09-18 05:45:00,165,Track_Team_07,1,6,0.6203,MEDIUM,0.7721706971000837
SMMS-000875,B000669,2026-09-18 03:00:00,2026-09-18 03:55:00,55,Signal_Team_17,1,5,0.3896,LOW,0.5540155737532939
TDMS-000069,B000099,2026-09-18 03:00:00,2026-09-18 03:40:00,40,OHE_Team_08,1,6,0.1805,LOW,0.5287039417119956
TMS-002428,B000669,2026-09-18 03:00:00,2026-09-18 03:45:00,45,Track_Team_17,1,5,0.3736,LOW,0.5429655737532939
SMMS-000684,B000553,2026-09-18 03:05:00,2026-09-18 04:20:00,75,Signal_Team_08,1,6,0.842,CRITICAL,0.7636806971000838
TMS-002121,B000553,2026-09-18 03:10:00,2026-09-18 06:00:00,170,Track_Team_08,1,6,0.4311,MEDIUM,0.7195773637667504
TMS-000198,B000089,2026-09-18 03:10:00,2026-09-18 03:55:00,45,Track_Team_11,1,5,0.3226,LOW,0.5492617740474117
TDMS-000654,B000553,2026-09-18 03:40:00,2026-09-18 05:40:00,120,OHE_Team_08,1,6,0.849,CRITICAL,0.8032806971000838
SMMS-002628,B000669,2026-09-18 03:55:00,2026-09-18 04:35:00,40,Signal_Team_17,1,5,0.3424,LOW,0.530480573753294
SMMS-000977,B000553,2026-09-18 04:20:00,2026-09-18 05:35:00,75,Signal_Team_08,1,6,0.8065,CRITICAL,0.7530306971000837
SMMS-001146,B000553,2026-09-18 04:40:00,2026-09-18 05:55:00,75,Signal_Team_07,1,6,0.7451,HIGH,0.7346106971000838
TMS-002827,B000669,2026-09-18 04:50:00,2026-09-18 05:30:00,40,Track_Team_18,1,5,0.2154,LOW,0.49238057375329397
TDMS-001480,B000553,2026-09-18 05:05:00,2026-09-18 06:00:00,55,OHE_Team_07,1,6,0.6055,MEDIUM,0.6760640304334171
TDMS-000034,B000669,2026-09-18 05:25:00,2026-09-18 06:10:00,45,OHE_Team_18,1,5,0.458,MEDIUM,0.5682855737532939
TDMS-002317,B000669,2026-09-18 05:25:00,2026-09-18 06:10:00,45,OHE_Team_17,1,5,0.5361,MEDIUM,0.591715573753294
TDMS-000262,B000669,2026-09-18 06:10:00,2026-09-18 06:55:00,45,OHE_Team_17,1,5,0.4326,MEDIUM,0.560665573753294
TDMS-000666,B000669,2026-09-18 06:10:00,2026-09-18 06:50:00,40,OHE_Team_18,1,5,0.4292,MEDIUM,0.5565205737532941
TDMS-002171,B000948,2026-09-18 08:00:00,2026-09-18 08:50:00,50,OHE_Team_17,1,1,0.223,LOW,0.3235884289703339
TDMS-000317,B000948,2026-09-18 08:50:00,2026-09-18 09:35:00,45,OHE_Team_17,1,1,0.4212,LOW,0.37992342897033393
TDMS-002107,B000948,2026-09-18 09:35:00,2026-09-18 10:05:00,30,OHE_Team_18,1,1,0.4362,MEDIUM,0.3750484289703339
TDMS-001328,B000263,2026-09-18 10:30:00,2026-09-18 11:25:00,55,OHE_Team_03;Tower_Wagon_05,2,5,0.5653,MEDIUM,0.719383910258053
TDMS-001678,B000263,2026-09-18 10:30:00,2026-09-18 12:00:00,90,OHE_Team_04,1,5,0.555,MEDIUM,0.7946272435913864
TMS-003406,B000363,2026-09-18 10:30:00,2026-09-18 11:10:00,40,Track_Team_07,1,1,0.4952,MEDIUM,0.5963677852726839
TMS-003346,B000363,2026-09-18 11:10:00,2026-09-18 11:50:00,40,Track_Team_07,1,1,0.4043,LOW,0.5690977852726838
TDMS-000223,B000263,2026-09-18 11:25:00,2026-09-18 11:55:00,30,OHE_Team_03,1,5,0.3142,LOW,0.6223872435913864
TDMS-000919,B000809,2026-09-18 14:30:00,2026-09-18 17:40:00,190,OHE_Team_06;Tower_Wagon_01,2,5,0.7113,HIGH,0.6936820692262136
TDMS-001473,B000809,2026-09-18 14:30:00,2026-09-18 17:10:00,160,OHE_Team_05;Tower_Wagon_06,2,5,0.7113,HIGH,0.6749320692262137
SMMS-000244,B000209,2026-09-18 14:30:00,2026-09-18 15:25:00,55,Signal_Team_21,1,5,0.1344,LOW,0.6869379526593302
SMMS-000701,B000209,2026-09-18 14:30:00,2026-09-18 15:20:00,50,Signal_Team_22,1,5,0.0877,LOW,0.6604279526593302
TDMS-001154,B000809,2026-09-18 17:10:00,2026-09-18 18:20:00,70,OHE_Team_05,1,5,0.4436,MEDIUM,0.5583720692262137
TDMS-002198,B000809,2026-09-18 17:40:00,2026-09-18 18:30:00,50,OHE_Team_06,1,5,0.4878,MEDIUM,0.5591320692262136
TMS-000683,B000612,2026-09-18 22:30:00,2026-09-19 02:10:00,220,Track_Team_16,1,3,0.7939,CRITICAL,0.7734823332069651
TMS-000986,B000612,2026-09-18 22:30:00,2026-09-19 00:50:00,140,Track_Team_15;Crane_07,2,3,0.7526,HIGH,0.6777589998736319
SMMS-001889,B000353,2026-09-18 23:30:00,2026-09-19 00:25:00,55,Signal_Team_22,1,1,0.5095,MEDIUM,0.6400425471852064
TMS-000121,B000312,2026-09-18 23:30:00,2026-09-19 00:05:00,35,Track_Team_03,1,1,0.2475,LOW,0.5395656579302037
TMS-002630,B000312,2026-09-19 00:05:00,2026-09-19 00:35:00,30,Track_Team_03,1,1,0.4608,MEDIUM,0.5952223245968704
SMMS-002945,B000353,2026-09-19 00:25:00,2026-09-19 01:05:00,40,Signal_Team_22,1,1,0.5086,MEDIUM,0.6210225471852064
SMMS-000908,B000595,2026-09-19 00:30:00,2026-09-19 02:25:00,115,Signal_Team_02,1,4,0.696,HIGH,0.846412905657427
TMS-000732,B000620,2026-09-19 00:30:00,2026-09-19 03:20:00,170,Track_Team_05,1,4,0.4977,MEDIUM,0.7072297261698839
TMS-002694,B000620,2026-09-19 00:30:00,2026-09-19 03:05:00,155,Track_Team_06,1,4,0.6327,MEDIUM,0.7352297261698839
SMMS-002294,B000595,2026-09-19 00:30:00,2026-09-19 01:35:00,65,Signal_Team_01,1,4,0.4001,LOW,0.695142905657427
TDMS-001952,B000423,2026-09-19 00:30:00,2026-09-19 01:05:00,35,OHE_Team_20,1,5,0.3088,LOW,0.7219428010388209
TDMS-002438,B000423,2026-09-19 00:30:00,2026-09-19 01:15:00,45,OHE_Team_19,1,5,0.0468,LOW,0.6766761343721541
TMS-000726,B000595,2026-09-19 00:30:00,2026-09-19 01:40:00,70,Track_Team_01,1,4,0.1827,LOW,0.636172905657427
TMS-001280,B000595,2026-09-19 00:30:00,2026-09-19 01:15:00,45,Track_Team_02,1,4,0.111,LOW,0.5834129056574269
TMS-003393,B000423,2026-09-19 00:30:00,2026-09-19 01:10:00,40,Track_Team_20;Crane_06,2,5,0.1518,LOW,0.6715094677054876
SMMS-000367,B000612,2026-09-19 00:50:00,2026-09-19 01:45:00,55,Signal_Team_16,1,3,0.4353,MEDIUM,0.5627773332069652
SMMS-001627,B000612,2026-09-19 00:50:00,2026-09-19 01:20:00,30,Signal_Team_15,1,3,0.4903,MEDIUM,0.5636523332069652
TDMS-000216,B000033,2026-09-19 01:00:00,2026-09-19 03:10:00,130,OHE_Team_24,1,4,0.8344,CRITICAL,0.7618078657802414
TMS-003282,B000033,2026-09-19 01:00:00,2026-09-19 03:35:00,155,Track_Team_24,1,4,0.8787,CRITICAL,0.7907228657802414
TDMS-002300,B000033,2026-09-19 01:00:00,2026-09-19 03:15:00,135,OHE_Team_23,1,4,0.676,HIGH,0.7174128657802414
TMS-000730,B000033,2026-09-19 01:00:00,2026-09-19 03:00:00,120,Track_Team_23,1,4,0.6078,MEDIUM,0.6875778657802416
SMMS-000396,B000612,2026-09-19 01:20:00,2026-09-19 01:50:00,30,Signal_Team_15,1,3,0.4662,MEDIUM,0.5564223332069651
SMMS-001283,B000031,2026-09-19 01:30:00,2026-09-19 02:35:00,65,Signal_Team_20,1,7,0.6263,MEDIUM,0.7026731792825844
SMMS-002787,B000031,2026-09-19 01:30:00,2026-09-19 02:30:00,60,Signal_Team_19,1,7,0.5697,MEDIUM,0.6825681792825845
TMS-001009,B000031,2026-09-19 01:30:00,2026-09-19 04:10:00,160,Track_Team_19,1,7,0.5659,MEDIUM,0.7439281792825845
TMS-002335,B000031,2026-09-19 01:30:00,2026-09-19 05:25:00,235,Track_Team_20,1,7,0.4389,MEDIUM,0.7527031792825845
SMMS-000372,B000012,2026-09-19 01:30:00,2026-09-19 02:20:00,50,Signal_Team_12,1,6,0.2646,LOW,0.5918446652492145
SMMS-000602,B000012,2026-09-19 01:30:00,2026-09-19 02:45:00,75,Signal_Team_11,1,6,0.2508,LOW,0.6033296652492146
TDMS-000055,B000031,2026-09-19 01:30:00,2026-09-19 03:05:00,95,OHE_Team_19,1,7,0.1579,LOW,0.5809031792825845
TDMS-000346,B000059,2026-09-19 01:30:00,2026-09-19 02:05:00,35,OHE_Team_15,1,7,0.4081,LOW,0.6377724761913224
TDMS-000397,B000012,2026-09-19 01:30:00,2026-09-19 03:35:00,125,OHE_Team_12,1,6,0.4128,LOW,0.6831796652492146
TDMS-000858,B000059,2026-09-19 01:30:00,2026-09-19 02:45:00,75,OHE_Team_16;Tower_Wagon_05,2,7,0.2376,LOW,0.6056700952389413
TDMS-001795,B000012,2026-09-19 01:30:00,2026-09-19 02:55:00,85,OHE_Team_11,1,6,0.4105,LOW,0.6574896652492146
TDMS-002832,B000031,2026-09-19 01:30:00,2026-09-19 02:40:00,70,OHE_Team_20,1,7,0.3039,LOW,0.6090781792825845
TMS-001407,B000059,2026-09-19 01:30:00,2026-09-19 03:50:00,140,Track_Team_15,1,7,0.2091,LOW,0.6655724761913223
SMMS-001226,B000595,2026-09-19 01:35:00,2026-09-19 02:30:00,55,Signal_Team_01,1,4,0.478,MEDIUM,0.7060129056574269
SMMS-000370,B000612,2026-09-19 01:45:00,2026-09-19 02:30:00,45,Signal_Team_16,1,3,0.381,LOW,0.5402373332069652
SMMS-001018,B000059,2026-09-19 01:50:00,2026-09-19 03:20:00,90,Signal_Team_15,1,7,0.433,MEDIUM,0.6910758095246556
TMS-001325,B000253,2026-09-19 02:00:00,2026-09-19 03:05:00,65,Track_Team_17,1,5,0.5963,MEDIUM,0.7928860289107151
TDMS-000208,B000253,2026-09-19 02:00:00,2026-09-19 03:25:00,85,OHE_Team_17,1,5,0.1275,LOW,0.6855793622440485
TMS-001253,B000059,2026-09-19 02:10:00,2026-09-19 04:25:00,135,Track_Team_16,1,7,0.5272,MEDIUM,0.7568358095246557
SMMS-001209,B000059,2026-09-19 02:30:00,2026-09-19 03:20:00,50,Signal_Team_16,1,7,0.1275,LOW,0.5660924761913223
TDMS-002611,B000031,2026-09-19 02:40:00,2026-09-19 03:50:00,70,OHE_Team_20,1,7,0.173,LOW,0.5698081792825845
TDMS-000729,B000012,2026-09-19 02:55:00,2026-09-19 04:50:00,115,OHE_Team_11,1,6,0.2566,LOW,0.6300696652492146
SMMS-001486,B000673,2026-09-19 03:00:00,2026-09-19 04:45:00,105,Signal_Team_08,1,6,0.5323,MEDIUM,0.7989786585134404
SMMS-000452,B000673,2026-09-19 03:00:00,2026-09-19 04:25:00,85,Signal_Team_07,1,6,0.384,LOW,0.7294886585134404
TDMS-002242,B000031,2026-09-19 03:05:00,2026-09-19 05:10:00,125,OHE_Team_19,1,7,0.3971,LOW,0.6714131792825845
TDMS-002252,B000033,2026-09-19 03:10:00,2026-09-19 05:00:00,110,OHE_Team_24,1,4,0.8266,CRITICAL,0.7469678657802414
TDMS-002707,B000033,2026-09-19 03:15:00,2026-09-19 04:50:00,95,OHE_Team_23,1,4,0.6613,HIGH,0.6880028657802415
TMS-002175,B000033,2026-09-19 03:35:00,2026-09-19 04:50:00,75,Track_Team_24;Crane_04,2,4,0.7084,HIGH,0.6646328657802416
TDMS-001311,B000012,2026-09-19 03:35:00,2026-09-19 05:25:00,110,OHE_Team_12,1,6,0.528,MEDIUM,0.7083646652492146
SMMS-002131,B000360,2026-09-19 10:00:00,2026-09-19 10:45:00,45,Signal_Team_03,1,5,0.436,MEDIUM,0.800459771454948
SMMS-000478,B000360,2026-09-19 10:00:00,2026-09-19 10:45:00,45,Signal_Team_04,1,5,0.3957,LOW,0.7883697714549478
SMMS-002924,B000272,2026-09-19 14:30:00,2026-09-19 16:00:00,90,Signal_Team_11,1,2,0.6731,HIGH,0.6255363600260468
TMS-002526,B000947,2026-09-19 14:30:00,2026-09-19 15:25:00,55,Track_Team_06,1,4,0.6778,HIGH,0.7310541825897274
SMMS-000144,B000272,2026-09-19 14:30:00,2026-09-19 16:05:00,95,Signal_Team_12,1,2,0.5085,MEDIUM,0.5792813600260469
TDMS-002234,B000157,2026-09-19 14:30:00,2026-09-19 15:15:00,45,OHE_Team_17,1,4,0.4677,MEDIUM,0.7027977406181427
TMS-003974,B000947,2026-09-19 14:30:00,2026-09-19 15:20:00,50,Track_Team_05,1,4,0.6261,MEDIUM,0.707210849256394
TDMS-000253,B000157,2026-09-19 14:30:00,2026-09-19 15:25:00,55,OHE_Team_18;Tower_Wagon_01,2,4,0.3886,LOW,0.6790677406181427
TDMS-001901,B000994,2026-09-19 15:00:00,2026-09-19 15:35:00,35,OHE_Team_09,1,1,0.6631,HIGH,0.7245151461496885
TMS-001608,B000947,2026-09-19 15:20:00,2026-09-19 15:50:00,30,Track_Team_05,1,4,0.6187,MEDIUM,0.6716575159230607
TMS-000387,B000947,2026-09-19 15:25:00,2026-09-19 16:00:00,35,Track_Team_06,1,4,0.6683,HIGH,0.694870849256394
SMMS-002573,B000272,2026-09-19 16:00:00,2026-09-19 17:30:00,90,Signal_Team_11,1,2,0.8431,CRITICAL,0.6765363600260469
TMS-000862,B000272,2026-09-19 16:05:00,2026-09-19 16:50:00,45,Track_Team_11,1,2,0.2877,LOW,0.4817913600260469
SMMS-002914,B000272,2026-09-19 16:50:00,2026-09-19 17:30:00,40,Signal_Team_12,1,2,0.5213,MEDIUM,0.5487463600260469
SMMS-000346,B000272,2026-09-19 17:30:00,2026-09-19 18:30:00,60,Signal_Team_11,1,2,0.4313,MEDIUM,0.5342463600260469
TDMS-001427,B000272,2026-09-19 17:30:00,2026-09-19 18:05:00,35,OHE_Team_11,1,2,0.4314,MEDIUM,0.518651360026047
TDMS-000963,B000272,2026-09-19 18:05:00,2026-09-19 18:30:00,25,OHE_Team_12,1,2,0.4457,MEDIUM,0.5166913600260469
SMMS-000026,B000726,2026-09-19 22:30:00,2026-09-19 23:15:00,45,Signal_Team_21,1,5,0.4723,MEDIUM,0.7704666964029889
SMMS-002922,B000726,2026-09-19 22:30:00,2026-09-19 23:05:00,35,Signal_Team_22,1,5,0.5348,MEDIUM,0.7642166964029888
TDMS-002654,B000726,2026-09-19 22:30:00,2026-09-19 22:55:00,25,OHE_Team_22,1,5,0.1114,LOW,0.612196696402989
TDMS-000987,B000943,2026-09-19 23:00:00,2026-09-20 00:10:00,70,OHE_Team_06,1,3,0.4354,MEDIUM,0.7165002825521103
TDMS-002054,B000943,2026-09-19 23:00:00,2026-09-20 00:20:00,80,OHE_Team_05,1,3,0.5019,MEDIUM,0.7531169492187769
TMS-001779,B000604,2026-09-19 23:30:00,2026-09-20 01:50:00,140,Track_Team_22;Tamping_Machine_04,2,4,0.682,HIGH,0.6926892677468589
TMS-003329,B000604,2026-09-19 23:30:00,2026-09-20 01:50:00,140,Track_Team_21,1,4,0.6744,HIGH,0.7154092677468589
SMMS-000544,B000764,2026-09-20 03:00:00,2026-09-20 03:50:00,50,Signal_Team_12,1,5,0.537,MEDIUM,0.8105849134986907
SMMS-002211,B000764,2026-09-20 03:00:00,2026-09-20 03:35:00,35,Signal_Team_11,1,5,0.5219,MEDIUM,0.7685549134986907
TDMS-002531,B000842,2026-09-20 07:30:00,2026-09-20 08:15:00,45,OHE_Team_19,1,2,0.2802,LOW,0.6849590991766878
TDMS-002899,B000842,2026-09-20 07:30:00,2026-09-20 08:10:00,40,OHE_Team_20,1,2,0.4234,LOW,0.7112524325100212
TDMS-002308,B000304,2026-09-20 10:30:00,2026-09-20 11:25:00,55,OHE_Team_19,1,1,0.4591,MEDIUM,0.6757735639265331
TMS-003343,B000395,2026-09-20 13:00:00,2026-09-20 15:15:00,135,Track_Team_16,1,1,0.8274,CRITICAL,0.7044931533536116
SMMS-001699,B000270,2026-09-20 13:00:00,2026-09-20 13:40:00,40,Signal_Team_09,1,2,0.3017,LOW,0.5799904322764333
SMMS-002039,B000270,2026-09-20 13:00:00,2026-09-20 14:00:00,60,Signal_Team_10,1,2,0.3098,LOW,0.6074204322764334
SMMS-001422,B000270,2026-09-20 13:40:00,2026-09-20 14:40:00,60,Signal_Team_09,1,2,0.3039,LOW,0.6056504322764333
SMMS-000061,B000395,2026-09-20 15:15:00,2026-09-20 16:00:00,45,Signal_Team_16,1,1,0.4032,LOW,0.5022331533536116
SMMS-000764,B000611,2026-09-20 23:00:00,2026-09-21 00:15:00,75,Signal_Team_07,1,3,0.7953,CRITICAL,0.7169938778412989
SMMS-002135,B000611,2026-09-20 23:00:00,2026-09-21 01:40:00,160,Signal_Team_08,1,3,0.8738,CRITICAL,0.8113772111746324
TDMS-001458,B000256,2026-09-20 23:00:00,2026-09-21 00:25:00,85,OHE_Team_19,1,1,0.3115,LOW,0.5340967719488366
TMS-001975,B000277,2026-09-20 23:30:00,2026-09-21 01:45:00,135,Track_Team_17,1,4,0.7837,CRITICAL,0.600319283829416
TDMS-000113,B000277,2026-09-20 23:30:00,2026-09-21 00:10:00,40,OHE_Team_17,1,4,0.6486,MEDIUM,0.5004142838294161
TMS-001460,B000277,2026-09-20 23:30:00,2026-09-21 01:55:00,145,Track_Team_18,1,4,0.4857,MEDIUM,0.5171692838294162
TDMS-000439,B000277,2026-09-20 23:30:00,2026-09-21 00:15:00,45,OHE_Team_18,1,4,0.3558,LOW,0.4156992838294161
TDMS-000792,B000277,2026-09-21 00:10:00,2026-09-21 00:45:00,35,OHE_Team_17,1,4,0.515,MEDIUM,0.4572092838294161
SMMS-001895,B000611,2026-09-21 00:15:00,2026-09-21 01:20:00,65,Signal_Team_07,1,3,0.8078,CRITICAL,0.7124105445079656
TDMS-000734,B000277,2026-09-21 00:15:00,2026-09-21 00:55:00,40,OHE_Team_18,1,4,0.4116,LOW,0.4293142838294161
SMMS-001538,B000256,2026-09-21 00:25:00,2026-09-21 01:15:00,50,Signal_Team_19,1,1,0.3411,LOW,0.5211017719488367
TDMS-002363,B000277,2026-09-21 00:45:00,2026-09-21 01:35:00,50,OHE_Team_17,1,4,0.4508,MEDIUM,0.4473242838294161
TDMS-000193,B000277,2026-09-21 00:55:00,2026-09-21 01:35:00,40,OHE_Team_18,1,4,0.4074,LOW,0.42805428382941607
TDMS-002427,B000084,2026-09-21 01:00:00,2026-09-21 04:50:00,230,OHE_Team_19,1,7,0.5122,MEDIUM,0.7181004661408901
TMS-000238,B000658,2026-09-21 01:00:00,2026-09-21 03:55:00,175,Track_Team_02,1,4,0.4466,MEDIUM,0.7446396858971887
TMS-000349,B000658,2026-09-21 01:00:00,2026-09-21 01:45:00,45,Track_Team_01,1,4,0.5316,MEDIUM,0.6618063525638553
TMS-000836,B000084,2026-09-21 01:00:00,2026-09-21 03:30:00,150,Track_Team_19,1,7,0.5093,MEDIUM,0.6672304661408901
TMS-001523,B000084,2026-09-21 01:00:00,2026-09-21 04:15:00,195,Track_Team_20,1,7,0.5902,MEDIUM,0.7196254661408901
SMMS-001552,B000084,2026-09-21 01:00:00,2026-09-21 02:50:00,110,Signal_Team_20,1,7,0.4122,LOW,0.6131004661408901
TDMS-000372,B000966,2026-09-21 01:00:00,2026-09-21 01:40:00,40,OHE_Team_02,1,5,0.3431,LOW,0.751501645267364
TDMS-001000,B000084,2026-09-21 01:00:00,2026-09-21 02:00:00,60,OHE_Team_20,1,7,0.2269,LOW,0.5262604661408901
TMS-000964,B000148,2026-09-21 01:00:00,2026-09-21 01:45:00,45,Track_Team_07,1,1,0.3488,LOW,0.5665666321436829
SMMS-002687,B000256,2026-09-21 01:15:00,2026-09-21 01:40:00,25,Signal_Team_19,1,1,0.5142,MEDIUM,0.5574067719488367
SMMS-001376,B000611,2026-09-21 01:20:00,2026-09-21 01:50:00,30,Signal_Team_07,1,3,0.7156,HIGH,0.6555838778412989
TMS-001882,B000647,2026-09-21 01:30:00,2026-09-21 02:20:00,50,Track_Team_24,1,6,0.149,LOW,0.5324247559122822
TMS-002351,B000647,2026-09-21 01:30:00,2026-09-21 02:20:00,50,Track_Team_23,1,6,0.2554,LOW,0.5643447559122823
TDMS-002608,B000277,2026-09-21 01:35:00,2026-09-21 02:20:00,45,OHE_Team_17,1,4,0.4389,MEDIUM,0.44062928382941613
TDMS-002027,B000277,2026-09-21 01:35:00,2026-09-21 02:00:00,25,OHE_Team_18,1,4,0.3819,LOW,0.4110292838294161
SMMS-002696,B000084,2026-09-21 01:40:00,2026-09-21 03:15:00,95,Signal_Team_19,1,7,0.3465,LOW,0.5840154661408901
TMS-002194,B000148,2026-09-21 01:45:00,2026-09-21 02:30:00,45,Track_Team_07,1,1,0.5492,MEDIUM,0.6266866321436828
TMS-002308,B000277,2026-09-21 01:45:00,2026-09-21 02:00:00,15,Track_Team_17,1,4,0.5549,MEDIUM,0.4566792838294161
TMS-000312,B000277,2026-09-21 01:55:00,2026-09-21 02:45:00,50,Track_Team_18,1,4,0.6293,MEDIUM,0.500874283829416
TMS-001840,B000277,2026-09-21 02:00:00,2026-09-21 03:10:00,70,Track_Team_17;Tamping_Machine_02,2,4,0.8656,CRITICAL,0.5592642838294162
TDMS-002332,B000660,2026-09-21 02:00:00,2026-09-21 05:25:00,205,OHE_Team_06,1,3,0.6906,HIGH,0.7673806033648343
TDMS-000429,B000084,2026-09-21 02:00:00,2026-09-21 02:55:00,55,OHE_Team_20,1,7,0.5399,MEDIUM,0.6170354661408901
TDMS-000056,B000660,2026-09-21 02:00:00,2026-09-21 02:35:00,35,OHE_Team_05,1,3,0.3785,LOW,0.5675006033648343
TDMS-001155,B000277,2026-09-21 02:20:00,2026-09-21 02:55:00,35,OHE_Team_17,1,4,0.4505,MEDIUM,0.4378592838294161
TMS-001918,B000647,2026-09-21 02:20:00,2026-09-21 02:55:00,35,Track_Team_23,1,6,0.1299,LOW,0.5079447559122822
SMMS-001578,B000261,2026-09-21 02:30:00,2026-09-21 03:05:00,35,Signal_Team_01,1,4,0.3335,LOW,0.5688146554502604
SMMS-002915,B000261,2026-09-21 02:30:00,2026-09-21 03:15:00,45,Signal_Team_02,1,4,0.271,LOW,0.5583979887835939
TMS-000864,B000148,2026-09-21 02:30:00,2026-09-21 02:50:00,20,Track_Team_08,1,1,0.3488,LOW,0.5353166321436829
TDMS-001657,B000660,2026-09-21 02:35:00,2026-09-21 05:00:00,145,OHE_Team_05,1,3,0.4399,MEDIUM,0.6546706033648343
TMS-002905,B000277,2026-09-21 02:45:00,2026-09-21 03:30:00,45,Track_Team_18,1,4,0.5163,MEDIUM,0.4638492838294161
SMMS-002959,B000084,2026-09-21 02:50:00,2026-09-21 04:05:00,75,Signal_Team_20,1,7,0.5236,MEDIUM,0.62464546614089
TDMS-000607,B000277,2026-09-21 02:55:00,2026-09-21 03:30:00,35,OHE_Team_18,1,4,0.6209,MEDIUM,0.4889792838294161
SMMS-000461,B000592,2026-09-21 03:00:00,2026-09-21 04:50:00,110,Signal_Team_18,1,6,0.8385,CRITICAL,0.8717587324559185
SMMS-001079,B000592,2026-09-21 03:00:00,2026-09-21 04:45:00,105,Signal_Team_17,1,6,0.8878,CRITICAL,0.8802987324559185
TMS-001804,B000237,2026-09-21 03:00:00,2026-09-21 05:15:00,135,Track_Team_01,1,2,0.5313,MEDIUM,0.7055398058734536
TDMS-002830,B000237,2026-09-21 03:00:00,2026-09-21 03:55:00,55,OHE_Team_01,1,2,0.2814,LOW,0.5639031392067869
SMMS-002532,B000261,2026-09-21 03:05:00,2026-09-21 03:35:00,30,Signal_Team_01,1,4,0.4011,LOW,0.5849279887835939
TDMS-002333,B000277,2026-09-21 03:10:00,2026-09-21 03:30:00,20,OHE_Team_17,1,4,0.3513,LOW,0.3987242838294161
SMMS-000451,B000261,2026-09-21 03:15:00,2026-09-21 03:55:00,40,Signal_Team_02,1,4,0.4761,MEDIUM,0.6157613221169271
SMMS-002919,B000084,2026-09-21 03:15:00,2026-09-21 04:35:00,80,Signal_Team_19,1,7,0.4444,MEDIUM,0.60401046614089
SMMS-001776,B000261,2026-09-21 03:35:00,2026-09-21 04:05:00,30,Signal_Team_01,1,4,0.3406,LOW,0.566777988783594
SMMS-000809,B000261,2026-09-21 03:55:00,2026-09-21 04:25:00,30,Signal_Team_02,1,4,0.4159,LOW,0.5893679887835939
TDMS-001020,B000237,2026-09-21 03:55:00,2026-09-21 04:35:00,40,OHE_Team_02,1,2,0.2944,LOW,0.555303139206787
TMS-000013,B000084,2026-09-21 04:15:00,2026-09-21 04:55:00,40,Track_Team_20,1,7,0.229,LOW,0.5143904661408901
SMMS-002082,B000237,2026-09-21 04:35:00,2026-09-21 05:20:00,45,Signal_Team_02,1,2,0.232,LOW,0.5407498058734536
TDMS-001074,B000660,2026-09-21 05:00:00,2026-09-21 05:45:00,45,OHE_Team_05,1,3,0.3423,LOW,0.5628906033648343
SMMS-001647,B000237,2026-09-21 05:15:00,2026-09-21 05:55:00,40,Signal_Team_01,1,2,0.4667,MEDIUM,0.6069931392067869
SMMS-000853,B000237,2026-09-21 05:20:00,2026-09-21 05:55:00,35,Signal_Team_02,1,2,0.4718,MEDIUM,0.6043564725401203
SMMS-001704,B000902,2026-09-21 09:00:00,2026-09-21 09:30:00,30,Signal_Team_06,1,3,0.7078,HIGH,0.7279782795783439
TDMS-002522,B000902,2026-09-21 09:00:00,2026-09-21 09:40:00,40,OHE_Team_05,1,3,0.4416,MEDIUM,0.6731182795783439
TMS-001879,B000902,2026-09-21 09:00:00,2026-09-21 09:55:00,55,Track_Team_05,1,3,0.4852,MEDIUM,0.723698279578344
SMMS-002957,B000434,2026-09-21 15:00:00,2026-09-21 16:10:00,70,Signal_Team_06,1,5,0.4223,LOW,0.6915469300280503
TDMS-002384,B000434,2026-09-21 15:00:00,2026-09-21 15:30:00,30,OHE_Team_06,1,5,0.2727,LOW,0.5966669300280503
TMS-003091,B000434,2026-09-21 15:00:00,2026-09-21 15:45:00,45,Track_Team_06,1,5,0.1882,LOW,0.5900669300280503
TMS-003330,B000434,2026-09-21 15:00:00,2026-09-21 15:35:00,35,Track_Team_05,1,5,0.1351,LOW,0.5616369300280504
TDMS-000809,B000434,2026-09-21 15:05:00,2026-09-21 15:55:00,50,OHE_Team_05,1,5,0.3701,LOW,0.6508869300280504
TDMS-000039,B000434,2026-09-21 15:30:00,2026-09-21 16:15:00,45,OHE_Team_06,1,5,0.4124,LOW,0.6573269300280504
TMS-000275,B000434,2026-09-21 15:45:00,2026-09-21 16:00:00,15,Track_Team_06,1,5,0.1731,LOW,0.5480369300280503
TDMS-001977,B000434,2026-09-21 16:15:00,2026-09-21 16:45:00,30,OHE_Team_06,1,5,0.2439,LOW,0.5880269300280503
TMS-001398,B000637,2026-09-21 22:30:00,2026-09-22 00:25:00,115,Track_Team_09,1,6,0.8107,CRITICAL,0.7986001029162936
TMS-001669,B000637,2026-09-21 22:30:00,2026-09-22 01:00:00,150,Track_Team_10;Tamping_Machine_05,2,6,0.803,CRITICAL,0.8087901029162935
TMS-002773,B000597,2026-09-21 22:30:00,2026-09-22 00:00:00,90,Track_Team_03,1,3,0.892,CRITICAL,0.7970133514941267
TMS-003659,B000597,2026-09-21 22:30:00,2026-09-22 00:35:00,125,Track_Team_04,1,3,0.8025,CRITICAL,0.7993300181607933
SMMS-000264,B000637,2026-09-21 22:30:00,2026-09-22 00:05:00,95,Signal_Team_10,1,6,0.5264,MEDIUM,0.6966434362496269
SMMS-002763,B000637,2026-09-21 22:30:00,2026-09-21 23:55:00,85,Signal_Team_09,1,6,0.6324,MEDIUM,0.7201101029162935
TDMS-000427,B000685,2026-09-21 22:30:00,2026-09-22 00:25:00,115,OHE_Team_01;Electrical_Isolation_Team_04,2,3,0.6253,MEDIUM,0.703690412507433
TMS-003163,B000685,2026-09-21 22:30:00,2026-09-21 23:40:00,70,Track_Team_01,1,3,0.5242,MEDIUM,0.6691937458407664
SMMS-000354,B000594,2026-09-21 23:00:00,2026-09-22 00:40:00,100,Signal_Team_22,1,4,0.7912,CRITICAL,0.6959414591351214
SMMS-000995,B000594,2026-09-21 23:00:00,2026-09-22 00:40:00,100,Signal_Team_21;Signal_Test_Unit_03,2,4,0.8453,CRITICAL,0.6871714591351215
TMS-000529,B000594,2026-09-21 23:00:00,2026-09-22 00:20:00,80,Track_Team_22,1,4,0.844,CRITICAL,0.6951147924684546
TMS-002837,B000919,2026-09-21 23:30:00,2026-09-22 02:55:00,205,Track_Team_11;Tamping_Machine_02,2,5,0.6811,HIGH,0.7688198185061548
SMMS-001880,B000919,2026-09-21 23:30:00,2026-09-22 00:10:00,40,Signal_Team_12,1,5,0.4898,MEDIUM,0.6283048185061548
TDMS-000983,B000210,2026-09-21 23:30:00,2026-09-22 00:55:00,85,OHE_Team_21,1,2,0.4356,MEDIUM,0.7121315490073162
TMS-000932,B000919,2026-09-21 23:30:00,2026-09-22 02:25:00,175,Track_Team_12,1,5,0.5038,MEDIUM,0.7168798185061549
SMMS-002770,B000919,2026-09-21 23:30:00,2026-09-22 00:15:00,45,Signal_Team_11,1,5,0.3941,LOW,0.6027198185061549
TMS-001472,B000210,2026-09-21 23:30:00,2026-09-22 00:20:00,50,Track_Team_21,1,2,0.2012,LOW,0.5980615490073162
TMS-003186,B000685,2026-09-21 23:40:00,2026-09-22 01:25:00,105,Track_Team_02,1,3,0.5018,MEDIUM,0.6916404125074331
SMMS-001543,B000637,2026-09-21 23:55:00,2026-09-22 00:50:00,55,Signal_Team_09,1,6,0.3334,LOW,0.6054101029162936
TMS-000522,B000597,2026-09-22 00:00:00,2026-09-22 01:25:00,85,Track_Team_03,1,3,0.8207,CRITICAL,0.77145668482746
SMMS-002849,B000637,2026-09-22 00:05:00,2026-09-22 01:00:00,55,Signal_Team_10,1,6,0.6104,MEDIUM,0.6885101029162936
SMMS-001726,B000919,2026-09-22 00:10:00,2026-09-22 00:45:00,35,Signal_Team_12,1,5,0.4788,MEDIUM,0.6218798185061549
SMMS-000387,B000919,2026-09-22 00:15:00,2026-09-22 01:05:00,50,Signal_Team_11,1,5,0.4397,MEDIUM,0.6195248185061548
TMS-003108,B000594,2026-09-22 00:20:00,2026-09-22 01:50:00,90,Track_Team_21,1,4,0.7227,HIGH,0.667058125801788
TDMS-001301,B000210,2026-09-22 00:20:00,2026-09-22 01:10:00,50,OHE_Team_22,1,2,0.2145,LOW,0.6020515490073162
TMS-000573,B000685,2026-09-22 00:25:00,2026-09-22 01:20:00,55,Track_Team_01,1,3,0.4522,MEDIUM,0.6350937458407664
TMS-001932,B000637,2026-09-22 00:25:00,2026-09-22 01:05:00,40,Track_Team_09,1,6,0.5415,MEDIUM,0.6553401029162935
TDMS-001294,B000685,2026-09-22 00:25:00,2026-09-22 01:10:00,45,OHE_Team_01,1,3,0.215,LOW,0.5556004125074331
SMMS-001192,B000641,2026-09-22 00:30:00,2026-09-22 01:30:00,60,Signal_Team_02,1,4,0.7418,HIGH,0.7790688127941765
SMMS-001002,B000274,2026-09-22 00:30:00,2026-09-22 01:35:00,65,Signal_Team_14;Signal_Test_Unit_05,2,3,0.5578,MEDIUM,0.6888555359682325
SMMS-000700,B000274,2026-09-22 00:30:00,2026-09-22 01:15:00,45,Signal_Team_13,1,3,0.3003,LOW,0.6199388693015657
SMMS-002858,B000641,2026-09-22 00:30:00,2026-09-22 01:25:00,55,Signal_Team_01,1,4,0.2663,LOW,0.6301688127941765
TDMS-001310,B000641,2026-09-22 00:30:00,2026-09-22 02:00:00,90,OHE_Team_02,1,4,0.224,LOW,0.6612288127941763
TMS-003394,B000597,2026-09-22 00:35:00,2026-09-22 01:30:00,55,Track_Team_04,1,3,0.4541,MEDIUM,0.6364766848274599
SMMS-001131,B000594,2026-09-22 00:40:00,2026-09-22 01:20:00,40,Signal_Team_22,1,4,0.7513,HIGH,0.6339714591351213
SMMS-002369,B000594,2026-09-22 00:40:00,2026-09-22 02:00:00,80,Signal_Team_21,1,4,0.761,HIGH,0.6702147924684547
TMS-000602,B000594,2026-09-22 00:40:00,2026-09-22 01:15:00,35,Track_Team_22,1,4,0.6064,MEDIUM,0.5863347924684548
TDMS-000740,B000210,2026-09-22 00:55:00,2026-09-22 01:30:00,35,OHE_Team_21,1,2,0.1717,LOW,0.5704615490073163
SMMS-002543,B000637,2026-09-22 01:00:00,2026-09-22 01:30:00,30,Signal_Team_10,1,6,0.3521,LOW,0.5901867695829602
SMMS-002531,B000919,2026-09-22 01:05:00,2026-09-22 01:55:00,50,Signal_Team_11,1,5,0.4644,MEDIUM,0.6269348185061547
TDMS-000107,B000641,2026-09-22 01:10:00,2026-09-22 01:55:00,45,OHE_Team_01,1,4,0.2331,LOW,0.6077088127941765
TDMS-002855,B000014,2026-09-22 01:10:00,2026-09-22 01:55:00,45,OHE_Team_22,1,7,0.2357,LOW,0.5725324309432066
TMS-001482,B000594,2026-09-22 01:15:00,2026-09-22 01:50:00,35,Track_Team_22,1,4,0.4732,MEDIUM,0.5463747924684548
SMMS-002183,B000274,2026-09-22 01:15:00,2026-09-22 02:00:00,45,Signal_Team_13,1,3,0.4167,LOW,0.6548588693015658
SMMS-001234,B000594,2026-09-22 01:20:00,2026-09-22 01:50:00,30,Signal_Team_22,1,4,0.6191,MEDIUM,0.585978125801788
SMMS-002938,B000641,2026-09-22 01:25:00,2026-09-22 02:00:00,35,Signal_Team_01,1,4,0.3899,LOW,0.6422488127941766
SMMS-000343,B000581,2026-09-22 01:30:00,2026-09-22 02:55:00,85,Signal_Team_03,1,6,0.8987,CRITICAL,0.8172171834634286
SMMS-000719,B000581,2026-09-22 01:30:00,2026-09-22 03:25:00,115,Signal_Team_04,1,6,0.8616,CRITICAL,0.8435871834634286
TMS-001586,B000648,2026-09-22 01:30:00,2026-09-22 04:25:00,175,Track_Team_06,1,6,0.6607,HIGH,0.6738330275465144
SMMS-002979,B000641,2026-09-22 01:30:00,2026-09-22 02:20:00,50,Signal_Team_02,1,4,0.5339,MEDIUM,0.7041988127941765
TDMS-000806,B000648,2026-09-22 01:30:00,2026-09-22 04:05:00,155,OHE_Team_05,1,6,0.5166,MEDIUM,0.6181030275465145
TDMS-002714,B000648,2026-09-22 01:30:00,2026-09-22 03:30:00,120,OHE_Team_06,1,6,0.6316,MEDIUM,0.6307280275465145
TMS-003368,B000581,2026-09-22 01:30:00,2026-09-22 02:15:00,45,Track_Team_03,1,6,0.6268,MEDIUM,0.6856471834634287
TMS-003438,B000648,2026-09-22 01:30:00,2026-09-22 03:45:00,135,Track_Team_05,1,6,0.5623,MEDIUM,0.6193130275465144
TDMS-000454,B000014,2026-09-22 01:30:00,2026-09-22 02:35:00,65,OHE_Team_21,1,7,0.3805,LOW,0.6284724309432066
SMMS-002796,B000274,2026-09-22 01:35:00,2026-09-22 02:20:00,45,Signal_Team_14,1,3,0.5682,MEDIUM,0.7003088693015658
TMS-000689,B000014,2026-09-22 01:50:00,2026-09-22 04:25:00,155,Track_Team_22,1,7,0.6605,HIGH,0.7687224309432066
SMMS-000664,B000014,2026-09-22 01:50:00,2026-09-22 03:35:00,105,Signal_Team_22,1,7,0.5697,MEDIUM,0.7102324309432065
TMS-001184,B000014,2026-09-22 01:50:00,2026-09-22 04:15:00,145,Track_Team_21;Tamping_Machine_01,2,7,0.4666,MEDIUM,0.6900167166574922
SMMS-000762,B000919,2026-09-22 01:55:00,2026-09-22 02:40:00,45,Signal_Team_11,1,5,0.459,MEDIUM,0.6221898185061547
TDMS-001602,B000014,2026-09-22 01:55:00,2026-09-22 02:35:00,40,OHE_Team_22,1,7,0.4087,LOW,0.6213074309432066
SMMS-000635,B000014,2026-09-22 02:00:00,2026-09-22 03:00:00,60,Signal_Team_21,1,7,0.0884,LOW,0.5377174309432066
TMS-002678,B000919,2026-09-22 02:25:00,2026-09-22 03:15:00,50,Track_Team_12,1,5,0.1485,LOW,0.5321648185061549
TDMS-002310,B000014,2026-09-22 02:35:00,2026-09-22 03:25:00,50,OHE_Team_21,1,7,0.373,LOW,0.6168474309432066
TDMS-002433,B000014,2026-09-22 02:35:00,2026-09-22 03:05:00,30,OHE_Team_22,1,7,0.1631,LOW,0.5413774309432066
SMMS-002812,B000919,2026-09-22 02:40:00,2026-09-22 03:20:00,40,Signal_Team_11,1,5,0.4346,MEDIUM,0.6117448185061549
TMS-003257,B000919,2026-09-22 02:55:00,2026-09-22 03:30:00,35,Track_Team_11,1,5,0.1595,LOW,0.5260898185061549
SMMS-001679,B000014,2026-09-22 03:00:00,2026-09-22 04:00:00,60,Signal_Team_21,1,7,0.4206,LOW,0.6373774309432065
TDMS-001941,B000014,2026-09-22 03:25:00,2026-09-22 04:05:00,40,OHE_Team_21,1,7,0.423,LOW,0.6255974309432065
TDMS-001215,B000648,2026-09-22 03:30:00,2026-09-22 05:15:00,105,OHE_Team_06,1,6,0.5873,MEDIUM,0.6080630275465144
SMMS-001865,B000014,2026-09-22 03:35:00,2026-09-22 04:20:00,45,Signal_Team_22,1,7,0.1159,LOW,0.5365924309432066
TMS-003206,B000648,2026-09-22 03:45:00,2026-09-22 05:25:00,100,Track_Team_05,1,6,0.6563,MEDIUM,0.6256380275465144
TDMS-002104,B000648,2026-09-22 04:05:00,2026-09-22 05:20:00,75,OHE_Team_05,1,6,0.6482,MEDIUM,0.6075830275465144
TMS-003092,B000159,2026-09-22 10:30:00,2026-09-22 13:10:00,160,Track_Team_20,1,3,0.6789,HIGH,0.7430022381243924
TMS-000718,B000159,2026-09-22 10:30:00,2026-09-22 13:10:00,160,Track_Team_19,1,3,0.5666,MEDIUM,0.7093122381243924
TDMS-001285,B000252,2026-09-22 11:05:00,2026-09-22 12:05:00,60,OHE_Team_16,1,1,0.1255,LOW,0.5228056331980087
TDMS-000264,B000252,2026-09-22 12:05:00,2026-09-22 13:00:00,55,OHE_Team_16,1,1,0.2547,LOW,0.5553156331980087
TMS-000668,B000393,2026-09-22 13:00:00,2026-09-22 15:40:00,160,Track_Team_14,1,1,0.6701,HIGH,0.713311239027431
TMS-000207,B000207,2026-09-22 14:30:00,2026-09-22 15:05:00,35,Track_Team_20,1,5,0.3436,LOW,0.6119273557582843
SMMS-001454,B000739,2026-09-22 22:30:00,2026-09-22 23:00:00,30,Signal_Team_03,1,3,0.5242,MEDIUM,0.7361815933251891
SMMS-002825,B000739,2026-09-22 22:30:00,2026-09-22 23:30:00,60,Signal_Team_04,1,3,0.2353,LOW,0.724511593325189
SMMS-000896,B000109,2026-09-23 00:30:00,2026-09-23 02:10:00,100,Signal_Team_21,1,6,0.6637,HIGH,0.6335819705683938
TMS-003493,B000109,2026-09-23 00:30:00,2026-09-23 02:45:00,135,Track_Team_22,1,6,0.6886,HIGH,0.6629269705683938
SMMS-002786,B000109,2026-09-23 00:30:00,2026-09-23 01:20:00,50,Signal_Team_22,1,6,0.6177,MEDIUM,0.5885319705683939
TDMS-001248,B000095,2026-09-23 00:30:00,2026-09-23 02:05:00,95,OHE_Team_02;Tower_Wagon_01,2,4,0.4553,MEDIUM,0.6049727922833564
TMS-000058,B000109,2026-09-23 00:30:00,2026-09-23 01:10:00,40,Track_Team_21,1,6,0.4515,MEDIUM,0.5324219705683938
SMMS-002983,B000095,2026-09-23 00:30:00,2026-09-23 03:15:00,165,Signal_Team_02,1,4,0.2369,LOW,0.6082027922833564
TDMS-001417,B000109,2026-09-23 00:30:00,2026-09-23 02:45:00,135,OHE_Team_21,1,6,0.419,LOW,0.5820469705683938
TDMS-002467,B000109,2026-09-23 00:30:00,2026-09-23 02:20:00,110,OHE_Team_22,1,6,0.3292,LOW,0.5394819705683939
TMS-002862,B000095,2026-09-23 00:30:00,2026-09-23 02:55:00,145,Track_Team_01,1,4,0.3707,LOW,0.6358427922833565
TMS-001421,B000109,2026-09-23 01:20:00,2026-09-23 04:25:00,185,Track_Team_21;Crane_06,2,6,0.6927,HIGH,0.6787403039017271
SMMS-002852,B000282,2026-09-23 01:30:00,2026-09-23 01:50:00,20,Signal_Team_22,1,1,0.5122,MEDIUM,0.6727140678061553
SMMS-001065,B000436,2026-09-23 01:30:00,2026-09-23 02:15:00,45,Signal_Team_08,1,5,0.3397,LOW,0.6561650975293152
SMMS-002969,B000436,2026-09-23 01:30:00,2026-09-23 02:25:00,55,Signal_Team_07,1,5,0.3219,LOW,0.6633250975293152
SMMS-002695,B000614,2026-09-23 02:00:00,2026-09-23 03:25:00,85,Signal_Team_22,1,5,0.7404,HIGH,0.7643033047672423
TDMS-000135,B000812,2026-09-23 02:00:00,2026-09-23 02:50:00,50,OHE_Team_24,1,1,0.2417,LOW,0.6090100901576927
TMS-001926,B000424,2026-09-23 02:00:00,2026-09-23 02:50:00,50,Track_Team_20,1,4,0.1973,LOW,0.5736133016090539
TMS-002355,B000424,2026-09-23 02:00:00,2026-09-23 02:50:00,50,Track_Team_19,1,4,0.1519,LOW,0.5599933016090539
TDMS-002740,B000095,2026-09-23 02:05:00,2026-09-23 04:00:00,115,OHE_Team_01;Tower_Wagon_03,2,4,0.442,MEDIUM,0.6134827922833564
SMMS-001509,B000614,2026-09-23 02:10:00,2026-09-23 04:00:00,110,Signal_Team_21,1,5,0.5832,MEDIUM,0.7379766381005757
SMMS-001159,B000436,2026-09-23 02:25:00,2026-09-23 03:15:00,50,Signal_Team_07,1,5,0.3552,LOW,0.6670650975293151
TDMS-002882,B000306,2026-09-23 02:30:00,2026-09-23 03:20:00,50,OHE_Team_22,1,1,0.1132,LOW,0.46310921421612516
TMS-000621,B000109,2026-09-23 02:45:00,2026-09-23 04:30:00,105,Track_Team_22,1,6,0.6675,HIGH,0.6378469705683938
TDMS-002524,B000614,2026-09-23 02:45:00,2026-09-23 04:35:00,110,OHE_Team_21,1,5,0.5235,MEDIUM,0.7200666381005758
TMS-002928,B000424,2026-09-23 02:50:00,2026-09-23 03:40:00,50,Track_Team_20,1,4,0.4176,LOW,0.6397033016090539
TMS-003957,B000424,2026-09-23 02:50:00,2026-09-23 03:40:00,50,Track_Team_19,1,4,0.1876,LOW,0.5707033016090539
SMMS-002402,B000095,2026-09-23 02:55:00,2026-09-23 04:05:00,70,Signal_Team_01,1,4,0.3033,LOW,0.5687477922833564
SMMS-001019,B000650,2026-09-23 03:00:00,2026-09-23 04:20:00,80,Signal_Team_04,1,5,0.5228,MEDIUM,0.7377046685373829
SMMS-001968,B000650,2026-09-23 03:00:00,2026-09-23 04:15:00,75,Signal_Team_03,1,5,0.607,MEDIUM,0.7567146685373829
TDMS-002800,B000650,2026-09-23 03:00:00,2026-09-23 04:40:00,100,OHE_Team_03,1,5,0.4349,MEDIUM,0.7363346685373828
TDMS-000084,B000650,2026-09-23 03:00:00,2026-09-23 03:45:00,45,OHE_Team_04,1,5,0.1802,LOW,0.5911746685373829
TMS-003462,B000650,2026-09-23 03:00:00,2026-09-23 03:45:00,45,Track_Team_03,1,5,0.353,LOW,0.6430146685373828
TDMS-000507,B000095,2026-09-23 03:15:00,2026-09-23 03:45:00,30,OHE_Team_02,1,4,0.1985,LOW,0.5123077922833563
TDMS-002827,B000614,2026-09-23 03:20:00,2026-09-23 04:55:00,95,OHE_Team_22,1,5,0.1317,LOW,0.5900266381005759
SMMS-001140,B000614,2026-09-23 03:25:00,2026-09-23 04:30:00,65,Signal_Team_22,1,5,0.7808,CRITICAL,0.7597566381005758
TMS-002615,B000650,2026-09-23 03:45:00,2026-09-23 04:30:00,45,Track_Team_04,1,5,0.4343,MEDIUM,0.6674046685373829
TDMS-001423,B000650,2026-09-23 03:45:00,2026-09-23 04:10:00,25,OHE_Team_04,1,5,0.2249,LOW,0.5795846685373829
SMMS-001227,B000614,2026-09-23 04:00:00,2026-09-23 04:45:00,45,Signal_Team_21,1,5,0.3109,LOW,0.6021199714339092
TDMS-001870,B000650,2026-09-23 04:15:00,2026-09-23 05:00:00,45,OHE_Team_04;Tower_Wagon_05,2,5,0.1449,LOW,0.5605846685373828
SMMS-000819,B000650,2026-09-23 04:20:00,2026-09-23 05:00:00,40,Signal_Team_03,1,5,0.3558,LOW,0.6376046685373828
SMMS-002547,B000306,2026-09-23 04:30:00,2026-09-23 05:00:00,30,Signal_Team_22,1,1,0.0964,LOW,0.44556921421612516
TMS-003477,B000650,2026-09-23 04:30:00,2026-09-23 05:00:00,30,Track_Team_04,1,5,0.1843,LOW,0.5736546685373829
TDMS-001658,B000306,2026-09-23 05:00:00,2026-09-23 05:50:00,50,OHE_Team_21,1,1,0.0906,LOW,0.45632921421612516
SMMS-002248,B000306,2026-09-23 05:50:00,2026-09-23 06:25:00,35,Signal_Team_21,1,1,0.1312,LOW,0.4591342142161252
SMMS-000717,B000464,2026-09-23 10:30:00,2026-09-23 11:10:00,40,Signal_Team_12;Cable_Team_04,2,4,0.4468,MEDIUM,0.7147014757784853
SMMS-001423,B000799,2026-09-23 10:30:00,2026-09-23 11:35:00,65,Signal_Team_08,1,2,0.5509,MEDIUM,0.7190089460613163
TDMS-002381,B000464,2026-09-23 10:30:00,2026-09-23 11:10:00,40,OHE_Team_11,1,4,0.0365,LOW,0.6166114757784853
TMS-000671,B000799,2026-09-23 10:30:00,2026-09-23 11:15:00,45,Track_Team_08,1,2,0.3638,LOW,0.6295456127279829
TMS-001157,B000464,2026-09-23 10:30:00,2026-09-23 10:45:00,15,Track_Team_11,1,4,0.2501,LOW,0.6181914757784852
TDMS-002390,B000330,2026-09-23 11:00:00,2026-09-23 12:25:00,85,OHE_Team_22,1,1,0.4359,MEDIUM,0.6696680281492461
SMMS-001944,B000799,2026-09-23 11:15:00,2026-09-23 11:50:00,35,Signal_Team_07,1,2,0.5284,MEDIUM,0.6622589460613163
TMS-001030,B000740,2026-09-23 15:00:00,2026-09-23 15:40:00,40,Track_Team_03,1,5,0.4215,LOW,0.642033124986171
TMS-001498,B000740,2026-09-23 15:40:00,2026-09-23 16:15:00,35,Track_Team_03,1,5,0.4798,MEDIUM,0.6511897916528377
SMMS-001803,B000145,2026-09-23 16:30:00,2026-09-23 17:10:00,40,Signal_Team_05,1,3,0.1519,LOW,0.5098296437179681
SMMS-000421,B000145,2026-09-23 17:10:00,2026-09-23 18:30:00,80,Signal_Team_05,1,3,0.1863,LOW,0.5451496437179681
SMMS-001094,B000677,2026-09-23 22:30:00,2026-09-23 22:55:00,25,Signal_Team_24,1,6,0.4487,MEDIUM,0.6228948401455888
SMMS-001364,B000677,2026-09-23 22:30:00,2026-09-24 00:15:00,105,Signal_Team_23,1,6,0.4518,MEDIUM,0.7238248401455889
TDMS-002089,B000677,2026-09-23 22:30:00,2026-09-24 00:10:00,100,OHE_Team_23,1,6,0.4454,MEDIUM,0.7156548401455889
TDMS-000834,B000677,2026-09-23 22:35:00,2026-09-23 23:20:00,45,OHE_Team_24,1,6,0.3544,LOW,0.6196048401455889
TDMS-002227,B000575,2026-09-23 23:00:00,2026-09-24 00:30:00,90,OHE_Team_18;Tower_Wagon_06,2,3,0.8153,CRITICAL,0.7312613790196957
SMMS-000272,B000663,2026-09-23 23:00:00,2026-09-24 00:20:00,80,Signal_Team_20,1,5,0.7717,HIGH,0.7765894450061563
SMMS-001194,B000663,2026-09-23 23:00:00,2026-09-24 00:05:00,65,Signal_Team_19,1,5,0.7397,HIGH,0.7544894450061563
TDMS-002040,B000575,2026-09-23 23:00:00,2026-09-24 00:35:00,95,OHE_Team_17,1,3,0.6833,HIGH,0.731244712353029
TDMS-000477,B000677,2026-09-23 23:20:00,2026-09-24 00:15:00,55,OHE_Team_24,1,6,0.5336,MEDIUM,0.6858648401455889
SMMS-002464,B000977,2026-09-23 23:30:00,2026-09-24 00:10:00,40,Signal_Team_15,1,2,0.3475,LOW,0.5558037440132251
SMMS-002981,B000977,2026-09-23 23:30:00,2026-09-24 00:20:00,50,Signal_Team_16,1,2,0.3292,LOW,0.5565637440132251
TDMS-002532,B000898,2026-09-23 23:30:00,2026-09-23 23:55:00,25,OHE_Team_19,1,1,0.1794,LOW,0.622087810234784
TDMS-001185,B000677,2026-09-24 00:10:00,2026-09-24 00:30:00,20,OHE_Team_23,1,6,0.2216,LOW,0.5485148401455889
SMMS-000625,B000663,2026-09-24 00:20:00,2026-09-24 01:15:00,55,Signal_Team_20,1,5,0.5454,MEDIUM,0.6878661116728231
TDMS-002614,B000575,2026-09-24 00:30:00,2026-09-24 01:00:00,30,OHE_Team_18,1,3,0.4697,MEDIUM,0.5859147123530289
SMMS-002472,B000292,2026-09-24 00:30:00,2026-09-24 00:55:00,25,Signal_Team_08,1,1,0.2633,LOW,0.5086002472177417
SMMS-000836,B000130,2026-09-24 01:00:00,2026-09-24 03:45:00,165,Signal_Team_07,1,7,0.8081,CRITICAL,0.7835840627249752
TDMS-001566,B000130,2026-09-24 01:00:00,2026-09-24 03:05:00,125,OHE_Team_08,1,7,0.7044,HIGH,0.7274740627249752
TDMS-000495,B000083,2026-09-24 01:00:00,2026-09-24 02:05:00,65,OHE_Team_20;Tower_Wagon_08,2,7,0.4442,MEDIUM,0.5938847484567156
TDMS-000628,B000130,2026-09-24 01:00:00,2026-09-24 04:50:00,230,OHE_Team_07,1,7,0.6312,MEDIUM,0.7711390627249752
TMS-002472,B000083,2026-09-24 01:00:00,2026-09-24 03:55:00,175,Track_Team_20,1,7,0.4754,MEDIUM,0.6862804627424299
TMS-003652,B000130,2026-09-24 01:00:00,2026-09-24 04:10:00,190,Track_Team_07,1,7,0.4539,MEDIUM,0.6929490627249753
SMMS-000842,B000130,2026-09-24 01:00:00,2026-09-24 01:35:00,35,Signal_Team_08,1,7,0.2309,LOW,0.5291740627249752
SMMS-001388,B000043,2026-09-24 01:00:00,2026-09-24 02:05:00,65,Signal_Team_15,1,7,0.3032,LOW,0.6341867599225841
SMMS-002185,B000043,2026-09-24 01:00:00,2026-09-24 02:10:00,70,Signal_Team_16;Signal_Test_Unit_06,2,7,0.3078,LOW,0.6254477123035364
SMMS-002951,B000083,2026-09-24 01:00:00,2026-09-24 01:35:00,35,Signal_Team_19,1,7,0.3126,LOW,0.54994046274243
TDMS-000863,B000083,2026-09-24 01:00:00,2026-09-24 02:10:00,70,OHE_Team_19,1,7,0.2616,LOW,0.55651546274243
TDMS-002261,B000043,2026-09-24 01:00:00,2026-09-24 02:15:00,75,OHE_Team_16,1,7,0.1875,LOW,0.6078100932559174
TDMS-002685,B000043,2026-09-24 01:00:00,2026-09-24 02:35:00,95,OHE_Team_15,1,7,0.2051,LOW,0.6297567599225841
TMS-000425,B000043,2026-09-24 01:00:00,2026-09-24 02:45:00,105,Track_Team_15,1,7,0.2429,LOW,0.6494300932559174
TMS-002647,B000043,2026-09-24 01:00:00,2026-09-24 02:35:00,95,Track_Team_16,1,7,0.2406,LOW,0.6404067599225841
TMS-003999,B000130,2026-09-24 01:00:00,2026-09-24 02:50:00,110,Track_Team_08;Crane_04,2,7,0.3824,LOW,0.6072133484392609
SMMS-000849,B000663,2026-09-24 01:15:00,2026-09-24 01:55:00,40,Signal_Team_20,1,5,0.5612,MEDIUM,0.6801061116728231
TDMS-000422,B000135,2026-09-24 01:30:00,2026-09-24 03:55:00,145,OHE_Team_02,1,7,0.6819,HIGH,0.7786142618514864
TDMS-001842,B000135,2026-09-24 01:30:00,2026-09-24 03:05:00,95,OHE_Team_01,1,7,0.6804,HIGH,0.7364975951848198
SMMS-001349,B000135,2026-09-24 01:30:00,2026-09-24 02:55:00,85,Signal_Team_02,1,7,0.5928,MEDIUM,0.7018842618514864
SMMS-001551,B000135,2026-09-24 01:30:00,2026-09-24 02:25:00,55,Signal_Team_01,1,7,0.4924,MEDIUM,0.6467642618514865
SMMS-002386,B000302,2026-09-24 01:30:00,2026-09-24 02:40:00,70,Signal_Team_17,1,2,0.44,MEDIUM,0.7022562279342205
TDMS-000169,B000302,2026-09-24 01:30:00,2026-09-24 02:10:00,40,OHE_Team_17,1,2,0.4436,MEDIUM,0.6533362279342205
TMS-001935,B000135,2026-09-24 01:30:00,2026-09-24 04:00:00,150,Track_Team_02,1,7,0.4889,MEDIUM,0.7248809285181531
TMS-003799,B000135,2026-09-24 01:30:00,2026-09-24 04:20:00,170,Track_Team_01,1,7,0.4733,MEDIUM,0.7368675951848198
SMMS-002668,B000130,2026-09-24 01:35:00,2026-09-24 04:45:00,190,Signal_Team_08,1,7,0.7876,CRITICAL,0.7930590627249752
SMMS-001597,B000083,2026-09-24 01:35:00,2026-09-24 02:55:00,80,Signal_Team_19,1,7,0.3387,LOW,0.58589546274243
SMMS-002570,B000073,2026-09-24 02:00:00,2026-09-24 03:20:00,80,Signal_Team_10,1,5,0.5905,MEDIUM,0.7031205209206313
TDMS-001069,B000073,2026-09-24 02:00:00,2026-09-24 02:40:00,40,OHE_Team_10,1,5,0.3986,LOW,0.6122171875872979
TDMS-002267,B000073,2026-09-24 02:00:00,2026-09-24 02:25:00,25,OHE_Team_09,1,5,0.1879,LOW,0.536507187587298
TMS-000067,B000073,2026-09-24 02:00:00,2026-09-24 03:55:00,115,Track_Team_09,1,5,0.3147,LOW,0.649547187587298
TMS-000114,B000073,2026-09-24 02:00:00,2026-09-24 03:45:00,105,Track_Team_10,1,5,0.2357,LOW,0.6175138542539647
SMMS-000251,B000083,2026-09-24 02:05:00,2026-09-24 03:35:00,90,Signal_Team_20,1,7,0.6097,MEDIUM,0.67344546274243
SMMS-000586,B000043,2026-09-24 02:05:00,2026-09-24 03:40:00,95,Signal_Team_15,1,7,0.3102,LOW,0.661286759922584
TDMS-000088,B000083,2026-09-24 02:05:00,2026-09-24 02:50:00,45,OHE_Team_20,1,7,0.4203,LOW,0.58850046274243
TDMS-002409,B000302,2026-09-24 02:10:00,2026-09-24 02:40:00,30,OHE_Team_17,1,2,0.458,MEDIUM,0.6409895612675538
SMMS-001674,B000043,2026-09-24 02:10:00,2026-09-24 03:55:00,105,Signal_Team_16,1,7,0.3044,LOW,0.6678800932559175
TDMS-000227,B000083,2026-09-24 02:10:00,2026-09-24 02:55:00,45,OHE_Team_19,1,7,0.3682,LOW,0.57287046274243
SMMS-002042,B000135,2026-09-24 02:25:00,2026-09-24 02:55:00,30,Signal_Team_01,1,7,0.5599,MEDIUM,0.6461809285181531
TDMS-002674,B000073,2026-09-24 02:25:00,2026-09-24 03:30:00,65,OHE_Team_09,1,5,0.4494,MEDIUM,0.6482905209206313
TDMS-001848,B000488,2026-09-24 02:30:00,2026-09-24 03:30:00,60,OHE_Team_11,1,1,0.2191,LOW,0.4977108083485683
TDMS-000420,B000043,2026-09-24 02:35:00,2026-09-24 03:45:00,70,OHE_Team_15,1,7,0.191,LOW,0.6046934265892507
TMS-000985,B000043,2026-09-24 02:35:00,2026-09-24 03:45:00,70,Track_Team_16,1,7,0.3302,LOW,0.6464534265892508
SMMS-002824,B000073,2026-09-24 02:40:00,2026-09-24 04:30:00,110,Signal_Team_09,1,5,0.5146,MEDIUM,0.7053505209206312
TMS-003905,B000130,2026-09-24 02:50:00,2026-09-24 04:55:00,125,Track_Team_08,1,7,0.4036,LOW,0.6372340627249752
SMMS-000237,B000083,2026-09-24 02:55:00,2026-09-24 03:55:00,60,Signal_Team_19,1,7,0.4825,MEDIUM,0.61653546274243
TDMS-000031,B000083,2026-09-24 02:55:00,2026-09-24 03:40:00,45,OHE_Team_19,1,7,0.4881,MEDIUM,0.60884046274243
TDMS-001150,B000130,2026-09-24 03:05:00,2026-09-24 04:40:00,95,OHE_Team_08;Tower_Wagon_08,2,7,0.5496,MEDIUM,0.6479983484392609
TDMS-000345,B000073,2026-09-24 03:30:00,2026-09-24 04:55:00,85,OHE_Team_09;Tower_Wagon_04,2,5,0.5606,MEDIUM,0.678317187587298
TDMS-000796,B000488,2026-09-24 03:30:00,2026-09-24 04:45:00,75,OHE_Team_11,1,1,0.3468,LOW,0.5453958083485683
SMMS-000457,B000083,2026-09-24 03:35:00,2026-09-24 04:40:00,65,Signal_Team_20,1,7,0.3831,LOW,0.58984046274243
SMMS-001114,B000073,2026-09-24 03:45:00,2026-09-24 05:00:00,75,Signal_Team_10,1,5,0.5168,MEDIUM,0.6768438542539645
SMMS-001858,B000130,2026-09-24 03:45:00,2026-09-24 04:55:00,70,Signal_Team_07,1,7,0.513,MEDIUM,0.6356790627249752
SMMS-001581,B000083,2026-09-24 03:55:00,2026-09-24 04:30:00,35,Signal_Team_19,1,7,0.3557,LOW,0.56287046274243
TDMS-000468,B000135,2026-09-24 03:55:00,2026-09-24 04:20:00,25,OHE_Team_02,1,7,0.4262,LOW,0.6019042618514865
TMS-000069,B000073,2026-09-24 03:55:00,2026-09-24 04:50:00,55,Track_Team_09,1,5,0.2809,LOW,0.5894071875872979
TDMS-002986,B000073,2026-09-24 04:30:00,2026-09-24 04:55:00,25,OHE_Team_10,1,5,0.4467,MEDIUM,0.6141471875872979
TDMS-002771,B000488,2026-09-24 04:45:00,2026-09-24 05:40:00,55,OHE_Team_11,1,1,0.1826,LOW,0.48363580834856823
TMS-001933,B000862,2026-09-24 09:00:00,2026-09-24 09:15:00,15,Track_Team_03,1,2,0.4319,MEDIUM,0.5815582033594378
SMMS-000030,B000504,2026-09-24 11:00:00,2026-09-24 11:50:00,50,Signal_Team_03,1,4,0.3121,LOW,0.5821188583137056
TMS-003004,B000504,2026-09-24 11:00:00,2026-09-24 13:20:00,140,Track_Team_04,1,4,0.2237,LOW,0.6118488583137056
TMS-003464,B000504,2026-09-24 11:00:00,2026-09-24 11:55:00,55,Track_Team_03,1,4,0.2027,LOW,0.5524238583137056
SMMS-000296,B000906,2026-09-24 13:00:00,2026-09-24 13:25:00,25,Signal_Team_01,1,5,0.4992,MEDIUM,0.7623680151729317
TDMS-000975,B000906,2026-09-24 13:00:00,2026-09-24 13:30:00,30,OHE_Team_01,1,5,0.2503,LOW,0.7126980151729319
TDMS-001611,B000490,2026-09-24 14:00:00,2026-09-24 15:10:00,70,OHE_Team_13,1,1,0.5932,MEDIUM,0.5772638049543241
SMMS-000942,B000191,2026-09-24 15:00:00,2026-09-24 15:35:00,35,Signal_Team_03,1,4,0.2915,LOW,0.5948210167602461
TDMS-002721,B000191,2026-09-24 15:00:00,2026-09-24 16:00:00,60,OHE_Team_03,1,4,0.271,LOW,0.651171016760246
TDMS-002976,B000417,2026-09-24 15:00:00,2026-09-24 16:10:00,70,OHE_Team_14,1,3,0.053,LOW,0.5785812157684328
TMS-001357,B000417,2026-09-24 15:00:00,2026-09-24 15:45:00,45,Track_Team_13,1,3,0.1468,LOW,0.5754712157684329
TMS-001671,B000417,2026-09-24 15:00:00,2026-09-24 15:55:00,55,Track_Team_14,1,3,0.1504,LOW,0.5890512157684329
TMS-002925,B000191,2026-09-24 15:00:00,2026-09-24 15:40:00,40,Track_Team_04,1,4,0.1961,LOW,0.578701016760246
TMS-003289,B000191,2026-09-24 15:00:00,2026-09-24 15:50:00,50,Track_Team_03,1,4,0.1683,LOW,0.5953610167602461
TDMS-001997,B000490,2026-09-24 15:10:00,2026-09-24 15:45:00,35,OHE_Team_13,1,1,0.4733,MEDIUM,0.5121271382876574
TDMS-000213,B000417,2026-09-24 15:45:00,2026-09-24 16:20:00,35,OHE_Team_13,1,3,0.137,LOW,0.5600312157684328
TDMS-002624,B000490,2026-09-24 16:10:00,2026-09-24 16:55:00,45,OHE_Team_14,1,1,0.5955,MEDIUM,0.5571204716209908
SMMS-002228,B000836,2026-09-24 18:00:00,2026-09-24 18:30:00,30,Signal_Team_16,1,2,0.5019,MEDIUM,0.7596638654655422
SMMS-002553,B000836,2026-09-24 18:00:00,2026-09-24 18:20:00,20,Signal_Team_15,1,2,0.4509,MEDIUM,0.6943638654655421
SMMS-000944,B000593,2026-09-24 22:30:00,2026-09-25 00:25:00,115,Signal_Team_04,1,4,0.8782,CRITICAL,0.865223737278646
SMMS-001315,B000593,2026-09-24 22:30:00,2026-09-25 00:20:00,110,Signal_Team_03,1,4,0.6749,HIGH,0.797983737278646
TMS-001083,B000593,2026-09-24 22:30:00,2026-09-25 00:30:00,120,Track_Team_04,1,4,0.6216,MEDIUM,0.794493737278646
TMS-002785,B000593,2026-09-24 22:30:00,2026-09-24 23:05:00,35,Track_Team_03,1,4,0.6409,MEDIUM,0.694033737278646
TDMS-000951,B000632,2026-09-24 23:00:00,2026-09-25 01:10:00,130,OHE_Team_05,1,5,0.725,HIGH,0.6334744258721989
TMS-001685,B000632,2026-09-24 23:00:00,2026-09-25 01:35:00,155,Track_Team_06,1,5,0.6621,HIGH,0.630229425872199
TMS-003237,B000632,2026-09-24 23:00:00,2026-09-25 01:25:00,145,Track_Team_05,1,5,0.7383,HIGH,0.646839425872199
TDMS-002396,B000632,2026-09-24 23:00:00,2026-09-25 01:00:00,120,OHE_Team_06,1,5,0.4468,MEDIUM,0.543764425872199
TMS-001146,B000456,2026-09-25 00:30:00,2026-09-25 01:35:00,65,Track_Team_04,1,5,0.2041,LOW,0.5539942065450134
SMMS-000174,B000421,2026-09-25 01:00:00,2026-09-25 03:05:00,125,Signal_Team_18,1,1,0.8875,CRITICAL,0.7288339993706141
TDMS-000705,B000035,2026-09-25 01:00:00,2026-09-25 02:50:00,110,OHE_Team_04,1,5,0.663,HIGH,0.7411960513154703
TDMS-001803,B000632,2026-09-25 01:00:00,2026-09-25 02:55:00,115,OHE_Team_06,1,5,0.732,HIGH,0.626199425872199
TMS-000507,B000035,2026-09-25 01:00:00,2026-09-25 03:55:00,175,Track_Team_03,1,5,0.4775,MEDIUM,0.739712717982137
TDMS-000487,B000035,2026-09-25 01:00:00,2026-09-25 02:20:00,80,OHE_Team_03,1,5,0.2009,LOW,0.5775660513154703
TDMS-001263,B000632,2026-09-25 01:10:00,2026-09-25 02:30:00,80,OHE_Team_05,1,5,0.6047,MEDIUM,0.566134425872199
TMS-003020,B000632,2026-09-25 01:35:00,2026-09-25 02:50:00,75,Track_Team_06,1,5,0.6051,MEDIUM,0.563129425872199
TMS-002264,B000035,2026-09-25 01:35:00,2026-09-25 03:45:00,130,Track_Team_04,1,5,0.2056,LOW,0.620642717982137
SMMS-000616,B000608,2026-09-25 02:00:00,2026-09-25 03:45:00,105,Signal_Team_11,1,5,0.6797,HIGH,0.7309122233232574
SMMS-001967,B000608,2026-09-25 02:00:00,2026-09-25 03:10:00,70,Signal_Team_12,1,5,0.6664,HIGH,0.7050472233232576
TDMS-001303,B000035,2026-09-25 02:20:00,2026-09-25 03:30:00,70,OHE_Team_03,1,5,0.268,LOW,0.589362717982137
SMMS-001973,B000657,2026-09-25 02:30:00,2026-09-25 04:20:00,110,Signal_Team_01,1,5,0.7698,HIGH,0.6598412525321509
SMMS-000971,B000657,2026-09-25 02:30:00,2026-09-25 03:45:00,75,Signal_Team_02,1,5,0.6287,MEDIUM,0.595636252532151
TDMS-002216,B000035,2026-09-25 02:50:00,2026-09-25 03:50:00,60,OHE_Team_04,1,5,0.1823,LOW,0.5553193846488036
SMMS-002776,B000421,2026-09-25 03:05:00,2026-09-25 04:00:00,55,Signal_Team_18,1,1,0.8216,CRITICAL,0.6507306660372808
SMMS-002524,B000608,2026-09-25 03:10:00,2026-09-25 04:15:00,65,Signal_Team_12,1,5,0.6711,HIGH,0.7033322233232575
SMMS-000366,B000657,2026-09-25 03:45:00,2026-09-25 05:00:00,75,Signal_Team_02,1,5,0.6399,MEDIUM,0.598996252532151
SMMS-001355,B000608,2026-09-25 03:50:00,2026-09-25 05:30:00,100,Signal_Team_11,1,5,0.757,HIGH,0.7509772233232574
SMMS-001980,B000608,2026-09-25 04:15:00,2026-09-25 05:15:00,60,Signal_Team_12,1,5,0.6901,HIGH,0.7059072233232575
SMMS-001164,B000657,2026-09-25 04:20:00,2026-09-25 06:05:00,105,Signal_Team_01,1,5,0.7487,HIGH,0.6503862525321509
SMMS-001631,B000657,2026-09-25 05:00:00,2026-09-25 05:35:00,35,Signal_Team_02,1,5,0.3752,LOW,0.494586252532151
SMMS-000831,B000608,2026-09-25 05:15:00,2026-09-25 05:40:00,25,Signal_Team_12,1,5,0.4946,MEDIUM,0.6253822233232575
SMMS-001420,B000657,2026-09-25 05:35:00,2026-09-25 06:10:00,35,Signal_Team_02,1,5,0.3515,LOW,0.48747625253215093
TMS-002886,B000174,2026-09-25 10:30:00,2026-09-25 11:10:00,40,Track_Team_10,1,4,0.5707,MEDIUM,0.6273483652957028
TMS-003283,B000174,2026-09-25 10:30:00,2026-09-25 11:20:00,50,Track_Team_09,1,4,0.5714,MEDIUM,0.6358916986290362
TDMS-000757,B000174,2026-09-25 10:30:00,2026-09-25 12:20:00,110,OHE_Team_09,1,4,0.2195,LOW,0.580321698629036
TDMS-002520,B000174,2026-09-25 10:30:00,2026-09-25 11:45:00,75,OHE_Team_10,1,4,0.3027,LOW,0.5761150319623694
TMS-001015,B000297,2026-09-25 10:30:00,2026-09-25 11:15:00,45,Track_Team_14,1,2,0.2997,LOW,0.5938901742997111
TMS-002339,B000297,2026-09-25 10:30:00,2026-09-25 11:10:00,40,Track_Team_13,1,2,0.2044,LOW,0.5590501742997112
TDMS-000577,B000174,2026-09-25 11:45:00,2026-09-25 12:40:00,55,OHE_Team_10,1,4,0.2365,LOW,0.5395883652957028
TDMS-002634,B000174,2026-09-25 12:20:00,2026-09-25 13:25:00,65,OHE_Team_09,1,4,0.3545,LOW,0.5833216986290362
SMMS-001409,B000343,2026-09-25 14:30:00,2026-09-25 15:20:00,50,Signal_Team_12,1,1,0.5118,MEDIUM,0.552215232507433
TDMS-002015,B000825,2026-09-25 15:00:00,2026-09-25 16:00:00,60,OHE_Team_11,1,3,0.4591,MEDIUM,0.6745183588436211
TDMS-002221,B000825,2026-09-25 15:00:00,2026-09-25 15:40:00,40,OHE_Team_12,1,3,0.4457,MEDIUM,0.6371650255102878
SMMS-001039,B000343,2026-09-25 15:20:00,2026-09-25 16:00:00,40,Signal_Team_12,1,1,0.5157,MEDIUM,0.5450518991740997
TMS-002653,B000839,2026-09-25 18:00:00,2026-09-25 18:35:00,35,Track_Team_07;Crane_01,2,5,0.5902,MEDIUM,0.747741303658177
TMS-000792,B000839,2026-09-25 18:00:00,2026-09-25 18:35:00,35,Track_Team_08,1,5,0.3672,LOW,0.7008413036581771
SMMS-001513,B000422,2026-09-25 19:00:00,2026-09-25 19:25:00,25,Signal_Team_17,1,3,0.6662,HIGH,0.7964394059654899
SMMS-001462,B000422,2026-09-25 19:00:00,2026-09-25 19:30:00,30,Signal_Team_18,1,3,0.446,MEDIUM,0.7553794059654898
TDMS-000154,B000956,2026-09-25 19:00:00,2026-09-25 19:50:00,50,OHE_Team_18,1,3,0.3812,LOW,0.5970542285043082
TDMS-000784,B000956,2026-09-25 19:00:00,2026-09-25 19:45:00,45,OHE_Team_17,1,3,0.3339,LOW,0.5745308951709749
TDMS-000002,B000956,2026-09-25 19:45:00,2026-09-25 20:25:00,40,OHE_Team_17;Tower_Wagon_06,2,3,0.3858,LOW,0.5484342285043082
TDMS-001982,B000956,2026-09-25 19:50:00,2026-09-25 20:30:00,40,OHE_Team_18,1,3,0.2863,LOW,0.5519175618376416
SMMS-000210,B000662,2026-09-25 22:30:00,2026-09-26 01:45:00,195,Signal_Team_14,1,4,0.6613,HIGH,0.7577382581302294
TDMS-000067,B000478,2026-09-25 22:30:00,2026-09-26 00:05:00,95,OHE_Team_02,1,3,0.7289,HIGH,0.812979027832568
TMS-001559,B000861,2026-09-25 22:30:00,2026-09-26 00:35:00,125,Track_Team_13,1,3,0.754,HIGH,0.7802890403331769
TMS-002366,B000478,2026-09-25 22:30:00,2026-09-26 00:25:00,115,Track_Team_02,1,3,0.6255,MEDIUM,0.806959027832568
TMS-003813,B000478,2026-09-25 22:30:00,2026-09-26 00:00:00,90,Track_Team_01,1,3,0.5079,MEDIUM,0.740429027832568
SMMS-000757,B000662,2026-09-25 22:30:00,2026-09-25 22:55:00,25,Signal_Team_13,1,4,0.4007,LOW,0.5733082581302293
TDMS-002134,B000861,2026-09-25 22:30:00,2026-09-25 23:20:00,50,OHE_Team_14,1,3,0.3589,LOW,0.5992590403331769
TDMS-002686,B000861,2026-09-25 22:30:00,2026-09-25 23:30:00,60,OHE_Team_13,1,3,0.4223,LOW,0.6266123736665101
TMS-001093,B000345,2026-09-25 22:30:00,2026-09-25 23:00:00,30,Track_Team_14,1,5,0.4193,LOW,0.6637083070559857
SMMS-000536,B000662,2026-09-25 22:55:00,2026-09-26 00:00:00,65,Signal_Team_13,1,4,0.5375,MEDIUM,0.6393482581302292
TDMS-001253,B000585,2026-09-25 23:00:00,2026-09-26 00:40:00,100,OHE_Team_18,1,5,0.8385,CRITICAL,0.8254028723660116
TDMS-001876,B000585,2026-09-25 23:00:00,2026-09-26 00:50:00,110,OHE_Team_17,1,5,0.7872,CRITICAL,0.8225128723660116
SMMS-001938,B000398,2026-09-25 23:00:00,2026-09-25 23:35:00,35,Signal_Team_17,1,4,0.5269,MEDIUM,0.7311047639789721
SMMS-001178,B000398,2026-09-25 23:00:00,2026-09-25 23:30:00,30,Signal_Team_18,1,4,0.3585,LOW,0.668084763978972
TDMS-001863,B000730,2026-09-25 23:00:00,2026-09-26 00:05:00,65,OHE_Team_22,1,3,0.346,LOW,0.5730315675189104
TDMS-001935,B000730,2026-09-25 23:00:00,2026-09-25 23:45:00,45,OHE_Team_21,1,3,0.1864,LOW,0.5126515675189105
TMS-003195,B000730,2026-09-25 23:00:00,2026-09-26 00:00:00,60,Track_Team_21,1,3,0.2373,LOW,0.5372965675189104
TMS-002376,B000861,2026-09-25 23:20:00,2026-09-26 01:20:00,120,Track_Team_14,1,3,0.6884,HIGH,0.7564423736665102
SMMS-000610,B000398,2026-09-25 23:30:00,2026-09-25 23:55:00,25,Signal_Team_18,1,4,0.5395,MEDIUM,0.709884763978972
TDMS-002698,B000861,2026-09-25 23:30:00,2026-09-26 00:25:00,55,OHE_Team_13,1,3,0.4378,MEDIUM,0.6270957069998435
SMMS-001948,B000398,2026-09-25 23:35:00,2026-09-25 23:55:00,20,Signal_Team_17,1,4,0.3224,LOW,0.632254763978972
TDMS-002911,B000730,2026-09-25 23:45:00,2026-09-26 00:30:00,45,OHE_Team_21,1,3,0.2348,LOW,0.5271715675189105
SMMS-000541,B000662,2026-09-26 00:00:00,2026-09-26 00:50:00,50,Signal_Team_13,1,4,0.5022,MEDIUM,0.6193832581302294
TDMS-001899,B000478,2026-09-26 00:00:00,2026-09-26 00:30:00,30,OHE_Team_01,1,3,0.2856,LOW,0.598739027832568
TMS-003970,B000478,2026-09-26 00:05:00,2026-09-26 00:30:00,25,Track_Team_01,1,3,0.3577,LOW,0.6141190278325681
SMMS-000578,B000070,2026-09-26 00:30:00,2026-09-26 02:15:00,105,Signal_Team_22,1,4,0.7208,HIGH,0.7801294271974726
SMMS-001261,B000070,2026-09-26 00:30:00,2026-09-26 02:20:00,110,Signal_Team_21,1,4,0.6573,HIGH,0.7652460938641392
SMMS-000117,B000126,2026-09-26 00:30:00,2026-09-26 02:10:00,100,Signal_Team_19,1,4,0.4418,MEDIUM,0.6632232229108568
TDMS-000713,B000070,2026-09-26 00:30:00,2026-09-26 01:15:00,45,OHE_Team_22,1,4,0.1031,LOW,0.5448194271974725
TDMS-001612,B000126,2026-09-26 00:30:00,2026-09-26 01:10:00,40,OHE_Team_20;Tower_Wagon_04,2,4,0.3123,LOW,0.561873222910857
TDMS-002283,B000730,2026-09-26 00:30:00,2026-09-26 01:10:00,40,OHE_Team_21,1,3,0.1746,LOW,0.5059865675189105
TMS-000391,B000126,2026-09-26 00:30:00,2026-09-26 02:05:00,95,Track_Team_19,1,4,0.1304,LOW,0.5666782229108569
TMS-000266,B000861,2026-09-26 00:35:00,2026-09-26 01:10:00,35,Track_Team_13;Rail_Grinder_03,2,3,0.465,MEDIUM,0.5852557069998435
TDMS-000888,B000585,2026-09-26 00:40:00,2026-09-26 01:00:00,20,OHE_Team_18,1,5,0.5584,MEDIUM,0.6413728723660115
SMMS-001567,B000662,2026-09-26 00:50:00,2026-09-26 01:25:00,35,Signal_Team_13,1,4,0.4145,LOW,0.5836982581302292
TMS-000112,B000003,2026-09-26 01:00:00,2026-09-26 03:05:00,125,Track_Team_18,1,4,0.7882,CRITICAL,0.6890474703004268
TMS-001829,B000830,2026-09-26 01:00:00,2026-09-26 02:20:00,80,Track_Team_21,1,4,0.8779,CRITICAL,0.8857020037101444
TMS-003303,B000003,2026-09-26 01:00:00,2026-09-26 03:15:00,135,Track_Team_17,1,4,0.8223,CRITICAL,0.7055274703004268
TMS-003688,B000830,2026-09-26 01:00:00,2026-09-26 01:55:00,55,Track_Team_22,1,4,0.795,CRITICAL,0.8191653370434777
TDMS-001428,B000003,2026-09-26 01:00:00,2026-09-26 03:40:00,160,OHE_Team_17;Tower_Wagon_01,2,4,0.6964,HIGH,0.6583824703004267
SMMS-002117,B000126,2026-09-26 01:10:00,2026-09-26 02:05:00,55,Signal_Team_20,1,4,0.4428,MEDIUM,0.6353982229108568
TDMS-001162,B000830,2026-09-26 01:10:00,2026-09-26 01:35:00,25,OHE_Team_21,1,4,0.4566,MEDIUM,0.6676453370434776
TDMS-000877,B000126,2026-09-26 01:10:00,2026-09-26 02:25:00,75,OHE_Team_20,1,4,0.2862,LOW,0.600918222910857
TDMS-001584,B000070,2026-09-26 01:15:00,2026-09-26 01:55:00,40,OHE_Team_22,1,4,0.2015,LOW,0.5701727605308058
TMS-001160,B000369,2026-09-26 01:30:00,2026-09-26 04:05:00,155,Track_Team_14,1,5,0.7134,HIGH,0.7595002534148871
SMMS-002853,B000009,2026-09-26 01:30:00,2026-09-26 03:30:00,120,Signal_Team_04,1,5,0.5686,MEDIUM,0.6773343519116641
TDMS-001509,B000009,2026-09-26 01:30:00,2026-09-26 03:50:00,140,OHE_Team_04,1,5,0.5252,MEDIUM,0.6768143519116643
TMS-000459,B000369,2026-09-26 01:30:00,2026-09-26 03:35:00,125,Track_Team_13,1,5,0.6215,MEDIUM,0.713180253414887
TMS-002701,B000009,2026-09-26 01:30:00,2026-09-26 05:20:00,230,Track_Team_03,1,5,0.4587,MEDIUM,0.7131143519116643
SMMS-000103,B000873,2026-09-26 01:30:00,2026-09-26 02:25:00,55,Signal_Team_03,1,3,0.2115,LOW,0.7097259867948712
TDMS-001530,B000009,2026-09-26 01:30:00,2026-09-26 02:05:00,35,OHE_Team_03,1,5,0.1561,LOW,0.5004593519116642
TDMS-001615,B000730,2026-09-26 01:35:00,2026-09-26 02:10:00,35,OHE_Team_21,1,3,0.2128,LOW,0.5143215675189104
TMS-003908,B000009,2026-09-26 01:35:00,2026-09-26 02:20:00,45,Track_Team_04,1,5,0.2331,LOW,0.5298093519116642
SMMS-002950,B000662,2026-09-26 01:45:00,2026-09-26 02:30:00,45,Signal_Team_14;Signal_Test_Unit_04,2,4,0.4597,MEDIUM,0.5785082581302293
TMS-000444,B000830,2026-09-26 01:55:00,2026-09-26 02:30:00,35,Track_Team_22,1,4,0.4669,MEDIUM,0.6874020037101445
TDMS-001598,B000070,2026-09-26 01:55:00,2026-09-26 02:30:00,35,OHE_Team_22,1,4,0.1085,LOW,0.5381060938641391
SMMS-000992,B000104,2026-09-26 02:00:00,2026-09-26 02:25:00,25,Signal_Team_13,1,7,0.079,LOW,0.5309511249738947
TDMS-001010,B000104,2026-09-26 02:00:00,2026-09-26 02:40:00,40,OHE_Team_13,1,7,0.0412,LOW,0.5289861249738947
TDMS-001896,B000104,2026-09-26 02:00:00,2026-09-26 02:35:00,35,OHE_Team_14,1,7,0.0747,LOW,0.5359111249738947
TDMS-002699,B000009,2026-09-26 02:05:00,2026-09-26 04:10:00,125,OHE_Team_03,1,5,0.4675,MEDIUM,0.6501293519116642
TMS-000001,B000126,2026-09-26 02:05:00,2026-09-26 03:45:00,100,Track_Team_19;Tamping_Machine_02,2,4,0.1081,LOW,0.538113222910857
SMMS-002148,B000126,2026-09-26 02:10:00,2026-09-26 03:55:00,105,Signal_Team_19,1,4,0.237,LOW,0.6049082229108569
TDMS-002184,B000730,2026-09-26 02:10:00,2026-09-26 02:40:00,30,OHE_Team_21,1,3,0.2107,LOW,0.5105665675189105
SMMS-002622,B000070,2026-09-26 02:15:00,2026-09-26 03:30:00,75,Signal_Team_22,1,4,0.5823,MEDIUM,0.7135794271974725
SMMS-001740,B000070,2026-09-26 02:20:00,2026-09-26 03:05:00,45,Signal_Team_21,1,4,0.4866,MEDIUM,0.6598694271974725
SMMS-002051,B000369,2026-09-26 02:25:00,2026-09-26 03:40:00,75,Signal_Team_13,1,5,0.5566,MEDIUM,0.6624602534148871
SMMS-002934,B000009,2026-09-26 02:25:00,2026-09-26 03:50:00,85,Signal_Team_03,1,5,0.5842,MEDIUM,0.6601393519116643
TDMS-001176,B000126,2026-09-26 02:25:00,2026-09-26 03:40:00,75,OHE_Team_20,1,4,0.1506,LOW,0.5602382229108569
SMMS-001899,B000369,2026-09-26 02:30:00,2026-09-26 03:35:00,65,Signal_Team_14,1,5,0.6874,HIGH,0.695450253414887
TDMS-001271,B000070,2026-09-26 02:40:00,2026-09-26 03:30:00,50,OHE_Team_21,1,4,0.1513,LOW,0.5634460938641392
TDMS-001776,B000104,2026-09-26 02:40:00,2026-09-26 03:25:00,45,OHE_Team_13,1,7,0.0522,LOW,0.5354111249738948
TDMS-001545,B000689,2026-09-26 03:00:00,2026-09-26 04:25:00,85,OHE_Team_14,1,4,0.4889,MEDIUM,0.6310126200307788
TMS-002522,B000264,2026-09-26 03:00:00,2026-09-26 05:30:00,150,Track_Team_04,1,2,0.1256,LOW,0.6004376542823349
TDMS-000353,B000003,2026-09-26 03:05:00,2026-09-26 03:25:00,20,OHE_Team_18,1,4,0.3913,LOW,0.5043524703004267
TMS-003058,B000003,2026-09-26 03:15:00,2026-09-26 05:00:00,105,Track_Team_17,1,4,0.6561,MEDIUM,0.6369174703004268
TMS-003754,B000003,2026-09-26 03:25:00,2026-09-26 05:00:00,95,Track_Team_18,1,4,0.811,CRITICAL,0.6771374703004267
TDMS-001096,B000689,2026-09-26 03:25:00,2026-09-26 04:50:00,85,OHE_Team_13,1,4,0.4649,MEDIUM,0.6238126200307788
SMMS-001562,B000009,2026-09-26 03:30:00,2026-09-26 04:25:00,55,Signal_Team_04,1,5,0.6359,MEDIUM,0.6568993519116642
TMS-003717,B000369,2026-09-26 03:35:00,2026-09-26 04:20:00,45,Track_Team_13,1,5,0.5866,MEDIUM,0.652710253414887
SMMS-000088,B000104,2026-09-26 03:35:00,2026-09-26 04:20:00,45,Signal_Team_14,1,7,0.2981,LOW,0.6091811249738946
TDMS-001709,B000003,2026-09-26 03:40:00,2026-09-26 04:30:00,50,OHE_Team_17,1,4,0.4615,MEDIUM,0.5441624703004269
SMMS-000736,B000126,2026-09-26 03:40:00,2026-09-26 04:20:00,40,Signal_Team_20,1,4,0.268,LOW,0.5735832229108568
SMMS-002374,B000104,2026-09-26 03:40:00,2026-09-26 04:40:00,60,Signal_Team_13,1,7,0.0807,LOW,0.5533361249738947
TDMS-000260,B000003,2026-09-26 03:40:00,2026-09-26 04:30:00,50,OHE_Team_18,1,4,0.3704,LOW,0.5168324703004268
SMMS-002021,B000009,2026-09-26 03:50:00,2026-09-26 05:10:00,80,Signal_Team_03,1,5,0.4532,MEDIUM,0.6177143519116641
TDMS-000025,B000009,2026-09-26 03:50:00,2026-09-26 04:35:00,45,OHE_Team_04,1,5,0.1439,LOW,0.5030493519116643
TMS-001521,B000369,2026-09-26 04:05:00,2026-09-26 04:50:00,45,Track_Team_14,1,5,0.5078,MEDIUM,0.6290702534148871
TDMS-001766,B000264,2026-09-26 04:10:00,2026-09-26 05:45:00,95,OHE_Team_03,1,2,0.2409,LOW,0.5891943209490016
TMS-003080,B000369,2026-09-26 04:20:00,2026-09-26 05:00:00,40,Track_Team_13,1,5,0.4743,MEDIUM,0.6158952534148872
TDMS-000313,B000689,2026-09-26 04:25:00,2026-09-26 05:35:00,70,OHE_Team_14,1,4,0.6797,HIGH,0.6788776200307789
SMMS-000431,B000009,2026-09-26 04:25:00,2026-09-26 05:05:00,40,Signal_Team_04,1,5,0.5106,MEDIUM,0.6099343519116642
TDMS-002917,B000003,2026-09-26 04:30:00,2026-09-26 05:00:00,30,OHE_Team_18,1,4,0.4487,MEDIUM,0.5278224703004268
TDMS-001326,B000009,2026-09-26 04:35:00,2026-09-26 05:10:00,35,OHE_Team_04,1,5,0.1438,LOW,0.4967693519116642
SMMS-002057,B000104,2026-09-26 04:40:00,2026-09-26 05:20:00,40,Signal_Team_13,1,7,0.2491,LOW,0.5913561249738947
TDMS-002472,B000689,2026-09-26 04:50:00,2026-09-26 05:35:00,45,OHE_Team_13,1,4,0.4198,LOW,0.5852826200307788
TMS-000174,B000104,2026-09-26 04:50:00,2026-09-26 05:35:00,45,Track_Team_14,1,7,0.101,LOW,0.5500511249738947
TMS-003547,B000104,2026-09-26 05:00:00,2026-09-26 05:45:00,45,Track_Team_13,1,7,0.0824,LOW,0.5444711249738947
SMMS-000895,B000104,2026-09-26 05:20:00,2026-09-26 06:00:00,40,Signal_Team_13,1,7,0.1208,LOW,0.5528661249738948
TDMS-000269,B000689,2026-09-26 05:35:00,2026-09-26 06:20:00,45,OHE_Team_14,1,4,0.4646,MEDIUM,0.5987226200307789
TDMS-000632,B000689,2026-09-26 05:35:00,2026-09-26 06:05:00,30,OHE_Team_13,1,4,0.3436,LOW,0.5530476200307788
TDMS-001660,B000689,2026-09-26 06:05:00,2026-09-26 06:35:00,30,OHE_Team_13,1,4,0.2372,LOW,0.5211276200307788
TDMS-002944,B000689,2026-09-26 06:20:00,2026-09-26 06:55:00,35,OHE_Team_14,1,4,0.4603,MEDIUM,0.5911826200307788
TMS-001378,B000983,2026-09-26 10:00:00,2026-09-26 12:25:00,145,Track_Team_17,1,5,0.8315,CRITICAL,0.7843799318780582
TMS-001927,B000983,2026-09-26 10:00:00,2026-09-26 12:45:00,165,Track_Team_18,1,5,0.8396,CRITICAL,0.803476598544725
SMMS-001291,B000775,2026-09-26 14:00:00,2026-09-26 14:45:00,45,Signal_Team_14,1,1,0.1829,LOW,0.4708589995549455
SMMS-001911,B000891,2026-09-26 14:30:00,2026-09-26 15:30:00,60,Signal_Team_13,1,2,0.2998,LOW,0.6553946046324461
SMMS-001829,B000891,2026-09-26 14:45:00,2026-09-26 15:40:00,55,Signal_Team_14,1,2,0.3082,LOW,0.6495812712991128
TDMS-002269,B000775,2026-09-26 14:45:00,2026-09-26 15:15:00,30,OHE_Team_13,1,1,0.1261,LOW,0.44131899955494547
TDMS-002109,B000775,2026-09-26 15:15:00,2026-09-26 15:45:00,30,OHE_Team_14,1,1,0.1526,LOW,0.44926899955494537
SMMS-002848,B000775,2026-09-26 15:45:00,2026-09-26 17:00:00,75,Signal_Team_14,1,1,0.4644,MEDIUM,0.5803089995549454
SMMS-001642,B000807,2026-09-26 17:30:00,2026-09-26 18:20:00,50,Signal_Team_18,1,2,0.7483,HIGH,0.7833678724736893
SMMS-001835,B000807,2026-09-26 17:30:00,2026-09-26 18:30:00,60,Signal_Team_17,1,2,0.5682,MEDIUM,0.7543378724736893
SMMS-000424,B000531,2026-09-26 22:30:00,2026-09-27 00:20:00,110,Signal_Team_07,1,3,0.8858,CRITICAL,0.884738107537967
SMMS-001416,B000531,2026-09-26 22:30:00,2026-09-27 00:15:00,105,Signal_Team_08,1,3,0.7258,HIGH,0.8304881075379671
SMMS-002339,B000682,2026-09-26 22:30:00,2026-09-27 00:15:00,105,Signal_Team_12,1,5,0.6774,HIGH,0.8257902837287734
TMS-002267,B000531,2026-09-26 22:30:00,2026-09-26 23:30:00,60,Track_Team_08,1,3,0.434,MEDIUM,0.6866981075379671
TMS-001568,B000531,2026-09-26 23:30:00,2026-09-27 00:15:00,45,Track_Team_07,1,3,0.5558,MEDIUM,0.7044881075379671
SMMS-000840,B000874,2026-09-27 02:00:00,2026-09-27 02:40:00,40,Signal_Team_01,1,4,0.272,LOW,0.643624841717497
SMMS-001626,B000874,2026-09-27 02:00:00,2026-09-27 02:45:00,45,Signal_Team_02,1,4,0.316,LOW,0.6651581750508304
TMS-000981,B000855,2026-09-27 02:00:00,2026-09-27 02:40:00,40,Track_Team_07,1,1,0.186,LOW,0.5526236806165367
SMMS-002060,B000874,2026-09-27 02:40:00,2026-09-27 03:25:00,45,Signal_Team_01,1,4,0.3305,LOW,0.6695081750508305
TMS-002537,B000855,2026-09-27 02:40:00,2026-09-27 03:25:00,45,Track_Team_07,1,1,0.296,LOW,0.59395701394987
TMS-000460,B000596,2026-09-27 03:00:00,2026-09-27 05:40:00,160,Track_Team_14,1,6,0.7997,CRITICAL,0.7907293284329104
TMS-003036,B000596,2026-09-27 03:00:00,2026-09-27 05:20:00,140,Track_Team_13,1,6,0.8372,CRITICAL,0.7894793284329105
TMS-003261,B000603,2026-09-27 03:00:00,2026-09-27 05:00:00,120,Track_Team_08,1,3,0.8372,CRITICAL,0.8772965549779513
SMMS-002878,B000596,2026-09-27 03:00:00,2026-09-27 05:05:00,125,Signal_Team_13,1,6,0.7628,HIGH,0.7577843284329104
TDMS-000007,B000596,2026-09-27 03:00:00,2026-09-27 06:55:00,235,OHE_Team_14,1,6,0.5239,MEDIUM,0.7548643284329105
TDMS-002655,B000596,2026-09-27 03:00:00,2026-09-27 06:20:00,200,OHE_Team_13;Tower_Wagon_01,2,6,0.5419,MEDIUM,0.7217226617662438
TMS-003302,B000603,2026-09-27 03:25:00,2026-09-27 04:25:00,60,Track_Team_07,1,3,0.382,LOW,0.6657365549779514
TMS-001870,B000603,2026-09-27 04:25:00,2026-09-27 05:00:00,35,Track_Team_07,1,3,0.3847,LOW,0.6352965549779513
TMS-001791,B000596,2026-09-27 05:20:00,2026-09-27 06:00:00,40,Track_Team_13,1,6,0.4951,MEDIUM,0.6243493284329105
TMS-002686,B000596,2026-09-27 06:00:00,2026-09-27 06:40:00,40,Track_Team_13,1,6,0.5851,MEDIUM,0.6513493284329105
TDMS-001224,B000596,2026-09-27 06:20:00,2026-09-27 06:55:00,35,OHE_Team_13,1,6,0.2933,LOW,0.5606843284329105
SMMS-002333,B000754,2026-09-27 07:00:00,2026-09-27 07:45:00,45,Signal_Team_11,1,1,0.3164,LOW,0.6743834070232729
TMS-001964,B000394,2026-09-27 08:00:00,2026-09-27 08:40:00,40,Track_Team_13,1,3,0.3782,LOW,0.7300406121362039
TMS-003102,B000394,2026-09-27 08:00:00,2026-09-27 08:45:00,45,Track_Team_14,1,3,0.3486,LOW,0.7378272788028706
TMS-002253,B000225,2026-09-27 08:40:00,2026-09-27 09:25:00,45,Track_Team_13,1,3,0.1296,LOW,0.5885727064223802
TMS-001430,B000225,2026-09-27 08:45:00,2026-09-27 09:30:00,45,Track_Team_14,1,3,0.1257,LOW,0.5874027064223802
TDMS-000463,B000946,2026-09-27 09:00:00,2026-09-27 10:00:00,60,OHE_Team_05,1,4,0.5707,MEDIUM,0.7762725002175372
TDMS-002454,B000946,2026-09-27 09:00:00,2026-09-27 10:00:00,60,OHE_Team_06,1,4,0.4518,MEDIUM,0.7406025002175372
SMMS-001863,B000496,2026-09-27 10:00:00,2026-09-27 11:05:00,65,Signal_Team_19,1,5,0.2367,LOW,0.6770528393524693
SMMS-002198,B000496,2026-09-27 10:00:00,2026-09-27 10:45:00,45,Signal_Team_20,1,5,0.2717,LOW,0.654219506019136
TDMS-000191,B000496,2026-09-27 10:00:00,2026-09-27 10:45:00,45,OHE_Team_19,1,5,0.2249,LOW,0.640179506019136
TDMS-002201,B000496,2026-09-27 10:00:00,2026-09-27 10:40:00,40,OHE_Team_20,1,5,0.1688,LOW,0.6150161726858028
TDMS-000249,B000496,2026-09-27 10:40:00,2026-09-27 11:20:00,40,OHE_Team_20,1,5,0.314,LOW,0.6585761726858028
TDMS-000300,B000851,2026-09-27 11:00:00,2026-09-27 12:40:00,100,OHE_Team_21,1,3,0.486,MEDIUM,0.7199305687912333
TDMS-001780,B000851,2026-09-27 11:00:00,2026-09-27 11:40:00,40,OHE_Team_22,1,3,0.3963,LOW,0.6180205687912332
TDMS-001258,B000851,2026-09-27 11:40:00,2026-09-27 12:30:00,50,OHE_Team_22,1,3,0.3548,LOW,0.6180705687912332
SMMS-000706,B000516,2026-09-27 14:00:00,2026-09-27 14:40:00,40,Signal_Team_16,1,4,0.5511,MEDIUM,0.6781505688405505
SMMS-002781,B000516,2026-09-27 14:00:00,2026-09-27 14:40:00,40,Signal_Team_15,1,4,0.5676,MEDIUM,0.6831005688405505
TMS-000133,B000516,2026-09-27 14:00:00,2026-09-27 14:55:00,55,Track_Team_15,1,4,0.3542,LOW,0.6440805688405504
TMS-001366,B000516,2026-09-27 14:10:00,2026-09-27 14:55:00,45,Track_Team_16,1,4,0.4293,MEDIUM,0.6499439021738838
TDMS-001496,B000829,2026-09-27 14:30:00,2026-09-27 15:25:00,55,OHE_Team_06,1,1,0.3376,LOW,0.6496739239160364
SMMS-002209,B000516,2026-09-27 14:45:00,2026-09-27 15:20:00,35,Signal_Team_15,1,4,0.4379,MEDIUM,0.6358572355072172
SMMS-002328,B000965,2026-09-27 15:00:00,2026-09-27 15:50:00,50,Signal_Team_21,1,2,0.554,MEDIUM,0.7375916808041784
TDMS-000925,B000883,2026-09-27 15:00:00,2026-09-27 16:05:00,65,OHE_Team_19,1,4,0.4419,MEDIUM,0.5937667522146832
TDMS-001113,B000883,2026-09-27 15:00:00,2026-09-27 16:15:00,75,OHE_Team_20,1,4,0.4638,MEDIUM,0.6065867522146833
SMMS-000476,B000883,2026-09-27 15:00:00,2026-09-27 15:50:00,50,Signal_Team_19,1,4,0.3483,LOW,0.5563117522146832
TDMS-001217,B000965,2026-09-27 15:00:00,2026-09-27 15:45:00,45,OHE_Team_21,1,2,0.1468,LOW,0.6029316808041784
TMS-001191,B000883,2026-09-27 15:00:00,2026-09-27 17:30:00,150,Track_Team_19,1,4,0.4238,LOW,0.6414617522146833
TDMS-001178,B000883,2026-09-27 16:05:00,2026-09-27 17:20:00,75,OHE_Team_19;Tower_Wagon_01,2,4,0.4187,LOW,0.5680567522146833
TDMS-001125,B000883,2026-09-27 16:15:00,2026-09-27 17:05:00,50,OHE_Team_20,1,4,0.4638,MEDIUM,0.5909617522146833
TDMS-000859,B000883,2026-09-27 17:05:00,2026-09-27 17:50:00,45,OHE_Team_20,1,4,0.5399,MEDIUM,0.6106667522146834
TDMS-002987,B000883,2026-09-27 17:20:00,2026-09-27 18:15:00,55,OHE_Team_19,1,4,0.4638,MEDIUM,0.5940867522146833
TMS-000120,B000529,2026-09-27 22:30:00,2026-09-27 23:55:00,85,Track_Team_06,1,2,0.8981,CRITICAL,0.8608193883641793
TMS-002011,B000625,2026-09-27 22:30:00,2026-09-28 00:20:00,110,Track_Team_03,1,6,0.7838,CRITICAL,0.66197826061244
TMS-003213,B000529,2026-09-27 22:30:00,2026-09-27 23:10:00,40,Track_Team_05,1,2,0.6891,HIGH,0.7231193883641793
TMS-000540,B000254,2026-09-27 22:30:00,2026-09-27 23:15:00,45,Track_Team_18,1,3,0.5124,MEDIUM,0.6131189107087778
TMS-001182,B000625,2026-09-27 22:30:00,2026-09-28 00:40:00,130,Track_Team_04,1,6,0.6288,MEDIUM,0.62797826061244
TDMS-001562,B000254,2026-09-27 22:30:00,2026-09-28 02:25:00,235,OHE_Team_17,1,3,0.1962,LOW,0.6370089107087777
TMS-002994,B000254,2026-09-27 22:30:00,2026-09-27 23:30:00,60,Track_Team_17,1,3,0.4209,LOW,0.5950439107087778
TMS-001248,B000579,2026-09-27 23:00:00,2026-09-28 00:55:00,115,Track_Team_10;Crane_04,2,6,0.8013,CRITICAL,0.6883218996046173
TMS-001429,B000579,2026-09-27 23:00:00,2026-09-28 01:35:00,155,Track_Team_09,1,6,0.7898,CRITICAL,0.726538566271284
SMMS-000950,B000579,2026-09-27 23:00:00,2026-09-28 01:10:00,130,Signal_Team_09,1,6,0.7446,HIGH,0.697353566271284
SMMS-002564,B000579,2026-09-27 23:00:00,2026-09-28 00:40:00,100,Signal_Team_10,1,6,0.6858,HIGH,0.660963566271284
TMS-002523,B000147,2026-09-27 23:00:00,2026-09-27 23:35:00,35,Track_Team_08,1,1,0.439,MEDIUM,0.6910136272692519
TMS-002138,B000529,2026-09-27 23:10:00,2026-09-27 23:50:00,40,Track_Team_05,1,2,0.7791,CRITICAL,0.7501193883641792
SMMS-001876,B000571,2026-09-27 23:30:00,2026-09-28 00:55:00,85,Signal_Team_07,1,4,0.7821,CRITICAL,0.7156574017668715
TDMS-000728,B000571,2026-09-27 23:30:00,2026-09-28 01:20:00,110,OHE_Team_08,1,4,0.8076,CRITICAL,0.7389324017668717
TDMS-002652,B000571,2026-09-27 23:30:00,2026-09-28 01:45:00,135,OHE_Team_07,1,4,0.8466,CRITICAL,0.7662574017668715
SMMS-002784,B000571,2026-09-27 23:30:00,2026-09-28 00:40:00,70,Signal_Team_08,1,4,0.7238,HIGH,0.6887924017668716
TMS-002937,B000254,2026-09-27 23:30:00,2026-09-28 00:20:00,50,Track_Team_17,1,3,0.579,MEDIUM,0.6362239107087778
TMS-000948,B000625,2026-09-28 00:20:00,2026-09-28 02:00:00,100,Track_Team_03,1,6,0.7026,HIGH,0.63136826061244
TDMS-000479,B000006,2026-09-28 00:30:00,2026-09-28 03:10:00,160,OHE_Team_12,1,7,0.9041,CRITICAL,0.7343901870622874
SMMS-002200,B000006,2026-09-28 00:30:00,2026-09-28 03:10:00,160,Signal_Team_12,1,7,0.6705,HIGH,0.6643101870622874
TDMS-001905,B000006,2026-09-28 00:30:00,2026-09-28 02:20:00,110,OHE_Team_11;Tower_Wagon_08,2,7,0.6945,HIGH,0.6259744727765731
SMMS-002263,B000006,2026-09-28 00:30:00,2026-09-28 02:10:00,100,Signal_Team_11,1,7,0.6364,MEDIUM,0.6165801870622875
TDMS-000747,B000016,2026-09-28 00:30:00,2026-09-28 01:25:00,55,OHE_Team_23,1,5,0.4296,MEDIUM,0.597951055526839
TDMS-002638,B000016,2026-09-28 00:30:00,2026-09-28 01:25:00,55,OHE_Team_24,1,5,0.4556,MEDIUM,0.6057510555268388
TMS-001038,B000016,2026-09-28 00:30:00,2026-09-28 03:05:00,155,Track_Team_24;Crane_05,2,5,0.4413,MEDIUM,0.6439610555268389
TMS-002531,B000006,2026-09-28 00:30:00,2026-09-28 03:25:00,175,Track_Team_11,1,7,0.434,MEDIUM,0.6027351870622875
TMS-003674,B000016,2026-09-28 00:30:00,2026-09-28 01:55:00,85,Track_Team_23,1,5,0.5452,MEDIUM,0.6513810555268389
TMS-002738,B000006,2026-09-28 00:30:00,2026-09-28 01:10:00,40,Track_Team_12,1,7,0.3749,LOW,0.5006301870622875
SMMS-001340,B000571,2026-09-28 00:40:00,2026-09-28 01:45:00,65,Signal_Team_08,1,4,0.8293,CRITICAL,0.7173174017668715
TMS-000313,B000625,2026-09-28 00:40:00,2026-09-28 02:25:00,105,Track_Team_04,1,6,0.8205,CRITICAL,0.66986326061244
SMMS-001229,B000579,2026-09-28 00:40:00,2026-09-28 02:05:00,85,Signal_Team_10,1,6,0.6197,MEDIUM,0.631758566271284
SMMS-001457,B000571,2026-09-28 00:55:00,2026-09-28 02:05:00,70,Signal_Team_07,1,4,0.86,CRITICAL,0.7296524017668717
TMS-001130,B000579,2026-09-28 00:55:00,2026-09-28 01:35:00,40,Track_Team_10,1,6,0.6061,MEDIUM,0.599553566271284
SMMS-000521,B000579,2026-09-28 01:10:00,2026-09-28 02:05:00,55,Signal_Team_09;Signal_Test_Unit_06,2,6,0.578,MEDIUM,0.5838318996046172
TMS-002329,B000006,2026-09-28 01:10:00,2026-09-28 04:05:00,175,Track_Team_12,1,7,0.5869,MEDIUM,0.6486051870622874
TDMS-001397,B000571,2026-09-28 01:20:00,2026-09-28 03:10:00,110,OHE_Team_08,1,4,0.849,CRITICAL,0.7513524017668716
TDMS-002920,B000016,2026-09-28 01:25:00,2026-09-28 02:05:00,40,OHE_Team_24,1,5,0.4358,MEDIUM,0.5904360555268389
TDMS-001323,B000016,2026-09-28 01:25:00,2026-09-28 02:00:00,35,OHE_Team_23,1,5,0.3229,LOW,0.553441055526839
TDMS-001823,B000054,2026-09-28 01:30:00,2026-09-28 03:00:00,90,OHE_Team_09,1,4,0.7034,HIGH,0.6823262400796466
SMMS-001686,B000538,2026-09-28 01:30:00,2026-09-28 02:15:00,45,Signal_Team_13,1,5,0.4893,MEDIUM,0.6391114535747437
TDMS-001806,B000538,2026-09-28 01:30:00,2026-09-28 02:15:00,45,OHE_Team_13,1,5,0.5812,MEDIUM,0.6666814535747436
TDMS-002187,B000054,2026-09-28 01:30:00,2026-09-28 02:25:00,55,OHE_Team_10,1,4,0.6155,MEDIUM,0.62678957341298
TDMS-002521,B000538,2026-09-28 01:30:00,2026-09-28 02:05:00,35,OHE_Team_14,1,5,0.4471,MEDIUM,0.6139514535747437
TMS-000634,B000103,2026-09-28 01:30:00,2026-09-28 02:05:00,35,Track_Team_13;Crane_04,2,7,0.0387,LOW,0.5341706444223566
TMS-002038,B000103,2026-09-28 01:30:00,2026-09-28 04:25:00,175,Track_Team_14,1,7,0.2082,LOW,0.7159730253747376
TMS-001054,B000054,2026-09-28 01:35:00,2026-09-28 03:55:00,140,Track_Team_10,1,4,0.841,CRITICAL,0.7652729067463133
TMS-003100,B000054,2026-09-28 01:35:00,2026-09-28 03:20:00,105,Track_Team_09,1,4,0.8294,CRITICAL,0.7326262400796466
SMMS-001672,B000538,2026-09-28 01:40:00,2026-09-28 02:15:00,35,Signal_Team_14,1,5,0.5761,MEDIUM,0.6526514535747436
TDMS-001252,B000571,2026-09-28 01:45:00,2026-09-28 03:15:00,90,OHE_Team_07,1,4,0.935,CRITICAL,0.7646524017668717
SMMS-002873,B000571,2026-09-28 01:45:00,2026-09-28 02:25:00,40,Signal_Team_08,1,4,0.5014,MEDIUM,0.6033224017668717
SMMS-000027,B000015,2026-09-28 02:00:00,2026-09-28 04:55:00,175,Signal_Team_23,1,7,0.7793,CRITICAL,0.8412968230088529
SMMS-002925,B000015,2026-09-28 02:00:00,2026-09-28 03:40:00,100,Signal_Team_24,1,7,0.7371,HIGH,0.766136823008853
SMMS-001571,B000046,2026-09-28 02:00:00,2026-09-28 03:40:00,100,Signal_Team_18,1,6,0.5445,MEDIUM,0.601726951688415
TDMS-000578,B000036,2026-09-28 02:00:00,2026-09-28 04:30:00,150,OHE_Team_04,1,7,0.4381,MEDIUM,0.6592588998759311
TDMS-000855,B000036,2026-09-28 02:00:00,2026-09-28 03:45:00,105,OHE_Team_03,1,7,0.5219,MEDIUM,0.6562738998759311
TDMS-000866,B000046,2026-09-28 02:00:00,2026-09-28 04:30:00,150,OHE_Team_18,1,6,0.4693,MEDIUM,0.610416951688415
TDMS-002013,B000015,2026-09-28 02:00:00,2026-09-28 05:00:00,180,OHE_Team_23,1,7,0.4602,MEDIUM,0.7497334896755197
TMS-001389,B000046,2026-09-28 02:00:00,2026-09-28 05:20:00,200,Track_Team_18,1,6,0.4431,MEDIUM,0.6338069516884149
TMS-002315,B000015,2026-09-28 02:00:00,2026-09-28 04:50:00,170,Track_Team_23,1,7,0.5212,MEDIUM,0.7597001563421864
SMMS-002406,B000046,2026-09-28 02:00:00,2026-09-28 03:30:00,90,Signal_Team_17,1,6,0.3323,LOW,0.5318169516884149
TMS-000371,B000036,2026-09-28 02:00:00,2026-09-28 05:15:00,195,Track_Team_03;Tamping_Machine_03,2,7,0.1999,LOW,0.6016381855902168
SMMS-000837,B000571,2026-09-28 02:05:00,2026-09-28 02:50:00,45,Signal_Team_07,1,4,0.701,HIGH,0.6663274017668717
SMMS-001542,B000579,2026-09-28 02:05:00,2026-09-28 02:30:00,25,Signal_Team_10,1,6,0.5158,MEDIUM,0.563088566271284
SMMS-001703,B000579,2026-09-28 02:05:00,2026-09-28 02:40:00,35,Signal_Team_09,1,6,0.5378,MEDIUM,0.575938566271284
TDMS-002661,B000015,2026-09-28 02:05:00,2026-09-28 04:05:00,120,OHE_Team_24;Tower_Wagon_05,2,7,0.5116,MEDIUM,0.7008677753898053
TDMS-000523,B000103,2026-09-28 02:05:00,2026-09-28 04:00:00,115,OHE_Team_14,1,7,0.0899,LOW,0.6304830253747377
TMS-002998,B000103,2026-09-28 02:05:00,2026-09-28 02:55:00,50,Track_Team_13;Crane_08,2,7,0.0769,LOW,0.5581306444223566
SMMS-002426,B000006,2026-09-28 02:10:00,2026-09-28 03:40:00,90,Signal_Team_11,1,7,0.7779,HIGH,0.6527801870622875
SMMS-000638,B000538,2026-09-28 02:15:00,2026-09-28 02:55:00,40,Signal_Team_13,1,5,0.6987,HIGH,0.6956814535747438
TDMS-000687,B000538,2026-09-28 02:15:00,2026-09-28 02:55:00,40,OHE_Team_13,1,5,0.4356,MEDIUM,0.6167514535747436
TDMS-000233,B000006,2026-09-28 02:20:00,2026-09-28 04:00:00,100,OHE_Team_11;Tower_Wagon_01,2,7,0.6973,HIGH,0.6205644727765731
SMMS-000063,B000571,2026-09-28 02:25:00,2026-09-28 02:55:00,30,Signal_Team_08,1,4,0.572,MEDIUM,0.6182524017668716
TDMS-002315,B000046,2026-09-28 02:25:00,2026-09-28 03:20:00,55,OHE_Team_17,1,6,0.379,LOW,0.523951951688415
TMS-001428,B000036,2026-09-28 02:25:00,2026-09-28 05:45:00,200,Track_Team_04;Tamping_Machine_06,2,7,0.1874,LOW,0.6010131855902168
SMMS-000799,B000028,2026-09-28 02:30:00,2026-09-28 04:25:00,115,Signal_Team_10,1,6,0.3923,LOW,0.6636441197457158
SMMS-001709,B000886,2026-09-28 02:30:00,2026-09-28 03:30:00,60,Signal_Team_14,1,4,0.2635,LOW,0.745077384090503
SMMS-002882,B000054,2026-09-28 02:40:00,2026-09-28 03:30:00,50,Signal_Team_09,1,4,0.6849,HIGH,0.6434429067463132
SMMS-001350,B000571,2026-09-28 02:50:00,2026-09-28 03:30:00,40,Signal_Team_07,1,4,0.5528,MEDIUM,0.6187424017668717
SMMS-000739,B000571,2026-09-28 02:55:00,2026-09-28 03:25:00,30,Signal_Team_08,1,4,0.5291,MEDIUM,0.6053824017668716
SMMS-000590,B000538,2026-09-28 02:55:00,2026-09-28 03:30:00,35,Signal_Team_13,1,5,0.4096,LOW,0.6027014535747437
TDMS-000036,B000054,2026-09-28 03:00:00,2026-09-28 03:55:00,55,OHE_Team_10,1,4,0.5007,MEDIUM,0.59234957341298
TMS-003951,B000015,2026-09-28 03:05:00,2026-09-28 04:40:00,95,Track_Team_24,1,7,0.6112,MEDIUM,0.7242001563421863
SMMS-000703,B000006,2026-09-28 03:10:00,2026-09-28 03:55:00,45,Signal_Team_12,1,7,0.5408,MEDIUM,0.5535251870622874
TDMS-002818,B000006,2026-09-28 03:10:00,2026-09-28 03:50:00,40,OHE_Team_12,1,7,0.5697,MEDIUM,0.5590701870622874
TDMS-000360,B000046,2026-09-28 03:20:00,2026-09-28 03:50:00,30,OHE_Team_17,1,6,0.5057,MEDIUM,0.546336951688415
TMS-002296,B000054,2026-09-28 03:20:00,2026-09-28 04:10:00,50,Track_Team_09,1,4,0.4408,MEDIUM,0.5702129067463133
TMS-002443,B000006,2026-09-28 03:25:00,2026-09-28 04:15:00,50,Track_Team_11,1,7,0.4426,MEDIUM,0.5271901870622874
SMMS-001739,B000054,2026-09-28 03:30:00,2026-09-28 04:15:00,45,Signal_Team_09,1,4,0.7891,CRITICAL,0.6705362400796466
SMMS-001161,B000103,2026-09-28 03:30:00,2026-09-28 04:00:00,30,Signal_Team_14,1,7,0.0838,LOW,0.5578196920414042
SMMS-001805,B000103,2026-09-28 03:30:00,2026-09-28 04:10:00,40,Signal_Team_13,1,7,0.0659,LOW,0.5607830253747377
TMS-000006,B000103,2026-09-28 03:30:00,2026-09-28 04:10:00,40,Track_Team_13,1,7,0.0981,LOW,0.5704430253747377
SMMS-002972,B000015,2026-09-28 03:40:00,2026-09-28 04:40:00,60,Signal_Team_24,1,7,0.6743,HIGH,0.7139634896755196
SMMS-000726,B000006,2026-09-28 03:40:00,2026-09-28 04:25:00,45,Signal_Team_11,1,7,0.446,MEDIUM,0.5250851870622875
SMMS-002486,B000046,2026-09-28 03:40:00,2026-09-28 04:25:00,45,Signal_Team_18,1,6,0.2992,LOW,0.49376195168841497
TDMS-001414,B000036,2026-09-28 03:45:00,2026-09-28 05:10:00,85,OHE_Team_03,1,7,0.3832,LOW,0.6021638998759311
TDMS-002128,B000006,2026-09-28 03:50:00,2026-09-28 04:30:00,40,OHE_Team_12,1,7,0.5005,MEDIUM,0.5383101870622874
SMMS-001786,B000006,2026-09-28 03:55:00,2026-09-28 04:25:00,30,Signal_Team_12,1,7,0.4688,MEDIUM,0.5225501870622874
TDMS-001554,B000006,2026-09-28 04:00:00,2026-09-28 04:30:00,30,OHE_Team_11,1,7,0.5245,MEDIUM,0.5392601870622874
TDMS-002024,B000441,2026-09-28 04:00:00,2026-09-28 04:45:00,45,OHE_Team_14,1,2,0.0383,LOW,0.49491965137614075
TDMS-000256,B000015,2026-09-28 04:05:00,2026-09-28 04:55:00,50,OHE_Team_24,1,7,0.4859,MEDIUM,0.6491101563421863
SMMS-002921,B000028,2026-09-28 04:15:00,2026-09-28 05:30:00,75,Signal_Team_09,1,6,0.4281,LOW,0.6493841197457157
SMMS-002305,B000028,2026-09-28 04:25:00,2026-09-28 05:00:00,35,Signal_Team_10,1,6,0.2973,LOW,0.5851441197457158
TDMS-002197,B000046,2026-09-28 04:30:00,2026-09-28 05:50:00,80,OHE_Team_18,1,6,0.528,MEDIUM,0.584276951688415
TDMS-001846,B000036,2026-09-28 04:30:00,2026-09-28 05:15:00,45,OHE_Team_04,1,7,0.3253,LOW,0.5597938998759311
TDMS-002170,B000441,2026-09-28 04:45:00,2026-09-28 05:25:00,40,OHE_Team_14,1,2,0.072,LOW,0.5019046513761408
SMMS-000938,B000028,2026-09-28 05:00:00,2026-09-28 05:30:00,30,Signal_Team_10,1,6,0.3515,LOW,0.5982791197457158
TDMS-001679,B000036,2026-09-28 05:10:00,2026-09-28 06:00:00,50,OHE_Team_03,1,7,0.46,MEDIUM,0.6033288998759311
TMS-003899,B000188,2026-09-28 10:00:00,2026-09-28 10:50:00,50,Track_Team_24,1,2,0.0273,LOW,0.5040194099297917
TMS-000953,B000188,2026-09-28 10:50:00,2026-09-28 11:25:00,35,Track_Team_23;Crane_03,2,2,0.0751,LOW,0.4558594099297917
TMS-001624,B000331,2026-09-28 13:00:00,2026-09-28 13:35:00,35,Track_Team_24,1,5,0.5337,MEDIUM,0.7076679474934213
TMS-001340,B000331,2026-09-28 13:00:00,2026-09-28 13:50:00,50,Track_Team_23,1,5,0.2452,LOW,0.6461179474934213
TMS-001823,B000952,2026-09-28 14:00:00,2026-09-28 15:45:00,105,Track_Team_10,1,2,0.5253,MEDIUM,0.7027052349707144
SMMS-000306,B000366,2026-09-28 14:00:00,2026-09-28 14:35:00,35,Signal_Team_09,1,1,0.359,LOW,0.48353767493039324
TMS-002282,B000952,2026-09-28 14:00:00,2026-09-28 14:45:00,45,Track_Team_09,1,2,0.1606,LOW,0.5182952349707143
SMMS-001882,B000371,2026-09-28 14:30:00,2026-09-28 15:15:00,45,Signal_Team_15,1,4,0.4129,LOW,0.6396943925388503
SMMS-000281,B000366,2026-09-28 14:35:00,2026-09-28 15:20:00,45,Signal_Team_09,1,1,0.3977,LOW,0.5034810082637267
TMS-000392,B000952,2026-09-28 14:45:00,2026-09-28 15:25:00,40,Track_Team_09,1,2,0.2109,LOW,0.5271352349707142
SMMS-000203,B000371,2026-09-28 15:15:00,2026-09-28 15:50:00,35,Signal_Team_15,1,4,0.245,LOW,0.580991059205517
SMMS-001748,B000366,2026-09-28 15:20:00,2026-09-28 15:55:00,35,Signal_Team_10,1,1,0.2358,LOW,0.44657767493039324
TDMS-001114,B000366,2026-09-28 15:55:00,2026-09-28 16:25:00,30,OHE_Team_10,1,1,0.4609,MEDIUM,0.5099410082637266
TDMS-001961,B000366,2026-09-28 16:25:00,2026-09-28 16:50:00,25,OHE_Team_09,1,1,0.3279,LOW,0.46587434159706
TDMS-001960,B000715,2026-09-28 18:00:00,2026-09-28 18:40:00,40,OHE_Team_11,1,2,0.3646,LOW,0.4632391753203427
TDMS-001131,B000715,2026-09-28 18:40:00,2026-09-28 19:35:00,55,OHE_Team_11,1,2,0.2911,LOW,0.45368917532034275
TDMS-002048,B000382,2026-09-28 22:30:00,2026-09-28 23:45:00,75,OHE_Team_01,1,1,0.5512,MEDIUM,0.5982036003867083
TMS-000766,B000566,2026-09-28 22:30:00,2026-09-28 23:20:00,50,Track_Team_02,1,4,0.4707,MEDIUM,0.6826548944704582
TMS-002625,B000910,2026-09-28 22:30:00,2026-09-28 23:10:00,40,Track_Team_21,1,4,0.5845,MEDIUM,0.7813836933376939
TMS-003656,B000910,2026-09-28 22:30:00,2026-09-28 23:10:00,40,Track_Team_22,1,4,0.4651,MEDIUM,0.7455636933376939
TMS-003932,B000566,2026-09-28 22:30:00,2026-09-29 00:20:00,110,Track_Team_01,1,4,0.6428,MEDIUM,0.8092848944704583
SMMS-001021,B000153,2026-09-28 23:00:00,2026-09-29 00:00:00,60,Signal_Team_14,1,2,0.2957,LOW,0.5676373521639718
TMS-001635,B000566,2026-09-28 23:20:00,2026-09-28 23:55:00,35,Track_Team_02,1,4,0.4326,MEDIUM,0.6524748944704584
TDMS-001380,B000382,2026-09-28 23:45:00,2026-09-29 00:50:00,65,OHE_Team_01,1,1,0.4601,MEDIUM,0.5625402670533749
SMMS-000382,B000153,2026-09-29 00:00:00,2026-09-29 00:45:00,45,Signal_Team_14,1,2,0.2755,LOW,0.5522023521639718
SMMS-002610,B000153,2026-09-29 00:45:00,2026-09-29 01:10:00,25,Signal_Team_14;Signal_Test_Unit_01,2,2,0.2828,LOW,0.49189235216397176
TDMS-002906,B000382,2026-09-29 00:50:00,2026-09-29 01:20:00,30,OHE_Team_01,1,1,0.4314,MEDIUM,0.5247636003867082
SMMS-000067,B000198,2026-09-29 01:30:00,2026-09-29 03:15:00,105,Signal_Team_10,1,5,0.7469,HIGH,0.7866116681673707
SMMS-001687,B000198,2026-09-29 01:30:00,2026-09-29 03:25:00,115,Signal_Team_09,1,5,0.77,HIGH,0.8060416681673706
TMS-000213,B000198,2026-09-29 01:30:00,2026-09-29 03:30:00,120,Track_Team_09,1,5,0.6684,HIGH,0.7818116681673706
TMS-000385,B000198,2026-09-29 01:30:00,2026-09-29 03:20:00,110,Track_Team_10,1,5,0.6982,HIGH,0.7782516681673706
TMS-002029,B000122,2026-09-29 02:00:00,2026-09-29 05:15:00,195,Track_Team_11,1,6,0.4628,MEDIUM,0.7366584392485382
SMMS-001575,B000122,2026-09-29 02:00:00,2026-09-29 04:10:00,130,Signal_Team_11,1,6,0.3066,LOW,0.6491734392485383
SMMS-001965,B000122,2026-09-29 02:00:00,2026-09-29 02:55:00,55,Signal_Team_12,1,6,0.3301,LOW,0.6093484392485383
TDMS-000334,B000122,2026-09-29 02:00:00,2026-09-29 03:05:00,65,OHE_Team_12,1,6,0.3623,LOW,0.6252584392485383
TDMS-001875,B000122,2026-09-29 02:00:00,2026-09-29 03:30:00,90,OHE_Team_11,1,6,0.3987,LOW,0.6518034392485383
TMS-001527,B000122,2026-09-29 02:00:00,2026-09-29 05:25:00,205,Track_Team_12,1,6,0.2221,LOW,0.6706984392485383
SMMS-001545,B000638,2026-09-29 02:30:00,2026-09-29 05:25:00,175,Signal_Team_05,1,6,0.5881,MEDIUM,0.7929333541205538
SMMS-002937,B000638,2026-09-29 02:30:00,2026-09-29 04:40:00,130,Signal_Team_06,1,6,0.5394,MEDIUM,0.7408233541205538
TDMS-002553,B000474,2026-09-29 02:30:00,2026-09-29 05:10:00,160,OHE_Team_21,1,3,0.4783,MEDIUM,0.693115014300382
TDMS-000794,B000474,2026-09-29 02:30:00,2026-09-29 04:30:00,120,OHE_Team_22;Tower_Wagon_05,2,3,0.3031,LOW,0.5822216809670486
TDMS-002241,B000638,2026-09-29 02:30:00,2026-09-29 04:40:00,130,OHE_Team_06,1,6,0.3908,LOW,0.6962433541205537
TDMS-002617,B000303,2026-09-29 02:30:00,2026-09-29 02:50:00,20,OHE_Team_20,1,2,0.2788,LOW,0.5758944883434859
TMS-000550,B000638,2026-09-29 02:30:00,2026-09-29 04:25:00,115,Track_Team_06,1,6,0.13,LOW,0.6055033541205538
TMS-002916,B000638,2026-09-29 02:30:00,2026-09-29 04:50:00,140,Track_Team_05,1,6,0.1534,LOW,0.6333566874538872
TMS-003465,B000303,2026-09-29 02:30:00,2026-09-29 03:05:00,35,Track_Team_20,1,2,0.3827,LOW,0.6320644883434858
TDMS-000660,B000638,2026-09-29 02:40:00,2026-09-29 05:05:00,145,OHE_Team_05,1,6,0.1665,LOW,0.6414533541205538
TDMS-000937,B000303,2026-09-29 02:50:00,2026-09-29 04:00:00,70,OHE_Team_19,1,2,0.2025,LOW,0.6363378216768192
TMS-003591,B000281,2026-09-29 03:00:00,2026-09-29 05:10:00,130,Track_Team_21,1,1,0.8317,CRITICAL,0.6866014371992443
TDMS-001055,B000122,2026-09-29 03:05:00,2026-09-29 04:40:00,95,OHE_Team_12,1,6,0.4816,MEDIUM,0.6797984392485383
TDMS-001484,B000303,2026-09-29 03:05:00,2026-09-29 03:55:00,50,OHE_Team_20,1,2,0.1986,LOW,0.6018344883434859
TDMS-000717,B000122,2026-09-29 03:30:00,2026-09-29 04:40:00,70,OHE_Team_11,1,6,0.5502,MEDIUM,0.6847534392485384
TMS-002488,B000638,2026-09-29 04:25:00,2026-09-29 05:20:00,55,Track_Team_06,1,6,0.17,LOW,0.5675033541205539
SMMS-001734,B000474,2026-09-29 04:30:00,2026-09-29 05:50:00,80,Signal_Team_21,1,3,0.0686,LOW,0.520205014300382
TDMS-002557,B000474,2026-09-29 04:30:00,2026-09-29 05:25:00,55,OHE_Team_22,1,3,0.2009,LOW,0.544270014300382
TDMS-001608,B000122,2026-09-29 04:40:00,2026-09-29 05:35:00,55,OHE_Team_11,1,6,0.4165,LOW,0.6352684392485383
TDMS-002007,B000122,2026-09-29 04:40:00,2026-09-29 05:50:00,70,OHE_Team_12,1,6,0.3409,LOW,0.6219634392485383
TMS-001572,B000281,2026-09-29 05:10:00,2026-09-29 05:50:00,40,Track_Team_22,1,1,0.6111,MEDIUM,0.5454214371992443
SMMS-001444,B000474,2026-09-29 05:10:00,2026-09-29 06:05:00,55,Signal_Team_22,1,3,0.067,LOW,0.504100014300382
TDMS-002584,B000474,2026-09-29 05:25:00,2026-09-29 06:05:00,40,OHE_Team_21,1,3,0.1466,LOW,0.518605014300382
TDMS-000619,B000474,2026-09-29 05:50:00,2026-09-29 06:25:00,35,OHE_Team_22,1,3,0.1311,LOW,0.510830014300382
TDMS-002767,B000251,2026-09-29 10:30:00,2026-09-29 11:20:00,50,OHE_Team_16,1,4,0.2891,LOW,0.5878343705838491
TDMS-002801,B000251,2026-09-29 10:30:00,2026-09-29 11:30:00,60,OHE_Team_15;Tower_Wagon_01,2,4,0.126,LOW,0.5201543705838493
TDMS-001919,B000410,2026-09-29 11:00:00,2026-09-29 11:35:00,35,OHE_Team_05,1,4,0.4623,MEDIUM,0.6669384389692556
TDMS-000044,B000410,2026-09-29 11:00:00,2026-09-29 12:00:00,60,OHE_Team_06,1,4,0.4173,LOW,0.6951051056359223
TDMS-000542,B000246,2026-09-29 11:00:00,2026-09-29 12:15:00,75,OHE_Team_09,1,4,0.1494,LOW,0.5735827528375803
TDMS-001386,B000246,2026-09-29 11:00:00,2026-09-29 13:25:00,145,OHE_Team_10,1,4,0.0791,LOW,0.6108260861709136
TMS-000022,B000246,2026-09-29 11:00:00,2026-09-29 11:55:00,55,Track_Team_10,1,4,0.2254,LOW,0.5797160861709136
TMS-002959,B000246,2026-09-29 11:00:00,2026-09-29 11:50:00,50,Track_Team_09,1,4,0.1015,LOW,0.5383794195042471
TDMS-000883,B000251,2026-09-29 11:20:00,2026-09-29 12:50:00,90,OHE_Team_16,1,4,0.2644,LOW,0.6054243705838491
TDMS-001583,B000251,2026-09-29 11:30:00,2026-09-29 12:15:00,45,OHE_Team_15,1,4,0.1135,LOW,0.5320293705838492
TDMS-000624,B000410,2026-09-29 11:35:00,2026-09-29 12:25:00,50,OHE_Team_05,1,4,0.3877,LOW,0.6695584389692557
TDMS-002452,B000246,2026-09-29 12:15:00,2026-09-29 13:10:00,55,OHE_Team_09,1,4,0.0774,LOW,0.5353160861709136
TDMS-000980,B000251,2026-09-29 12:50:00,2026-09-29 13:55:00,65,OHE_Team_16,1,4,0.1887,LOW,0.5670893705838491
TDMS-001136,B000251,2026-09-29 13:55:00,2026-09-29 14:30:00,35,OHE_Team_16,1,4,0.1658,LOW,0.5414693705838491
SMMS-000643,B000443,2026-09-29 14:00:00,2026-09-29 15:00:00,60,Signal_Team_15,1,2,0.442,MEDIUM,0.6243870137974128
TMS-002015,B000222,2026-09-29 14:00:00,2026-09-29 15:50:00,110,Track_Team_09,1,1,0.317,LOW,0.5647641839573269
SMMS-002224,B000443,2026-09-29 14:05:00,2026-09-29 15:00:00,55,Signal_Team_16,1,2,0.2749,LOW,0.5700903471307461
SMMS-001244,B000443,2026-09-29 15:00:00,2026-09-29 15:55:00,55,Signal_Team_16,1,2,0.2973,LOW,0.5768103471307461
SMMS-002378,B000443,2026-09-29 15:00:00,2026-09-29 15:45:00,45,Signal_Team_15,1,2,0.3478,LOW,0.5836270137974128
SMMS-000874,B000443,2026-09-29 15:45:00,2026-09-29 16:20:00,35,Signal_Team_15,1,2,0.3869,LOW,0.5870236804640795
SMMS-002557,B000696,2026-09-29 17:00:00,2026-09-29 17:55:00,55,Signal_Team_14,1,2,0.6388,MEDIUM,0.7810630137132327
SMMS-002563,B000696,2026-09-29 17:00:00,2026-09-29 17:35:00,35,Signal_Team_13,1,2,0.3641,LOW,0.6486530137132327
TMS-000269,B000702,2026-09-29 22:30:00,2026-09-29 23:05:00,35,Track_Team_21,1,2,0.4674,MEDIUM,0.6336195266108531
TMS-000854,B000702,2026-09-29 22:30:00,2026-09-29 23:10:00,40,Track_Team_22,1,2,0.463,MEDIUM,0.6385495266108531
SMMS-002411,B000574,2026-09-29 23:00:00,2026-09-30 01:10:00,130,Signal_Team_22,1,6,0.7702,HIGH,0.7363041651971672
SMMS-002580,B000574,2026-09-29 23:00:00,2026-09-30 00:30:00,90,Signal_Team_21,1,6,0.7771,HIGH,0.7050408318638339
TDMS-001891,B000631,2026-09-29 23:00:00,2026-09-30 00:55:00,115,OHE_Team_19,1,5,0.4518,MEDIUM,0.6620535047444047
TMS-001920,B000631,2026-09-29 23:00:00,2026-09-30 00:00:00,60,Track_Team_20,1,5,0.4675,MEDIUM,0.6209301714110713
SMMS-001435,B000631,2026-09-29 23:00:00,2026-09-30 00:30:00,90,Signal_Team_19,1,5,0.2954,LOW,0.5943001714110714
TDMS-002610,B000631,2026-09-29 23:00:00,2026-09-29 23:55:00,55,OHE_Team_20,1,5,0.3901,LOW,0.5935435047444046
TMS-000976,B000631,2026-09-29 23:00:00,2026-09-29 23:50:00,50,Track_Team_19,1,5,0.2721,LOW,0.5539768380777381
TMS-000993,B000574,2026-09-29 23:05:00,2026-09-30 01:25:00,140,Track_Team_21,1,6,0.8972,CRITICAL,0.7827374985305006
TMS-003125,B000574,2026-09-29 23:10:00,2026-09-30 01:35:00,145,Track_Team_22,1,6,0.8556,CRITICAL,0.7744241651971673
TMS-003294,B000631,2026-09-29 23:50:00,2026-09-30 00:50:00,60,Track_Team_19,1,5,0.554,MEDIUM,0.6468801714110715
TDMS-001208,B000631,2026-09-29 23:55:00,2026-09-30 00:40:00,45,OHE_Team_20,1,5,0.181,LOW,0.5224801714110714
TMS-002912,B000631,2026-09-30 00:00:00,2026-09-30 00:40:00,40,Track_Team_20,1,5,0.5372,MEDIUM,0.6251735047444047
SMMS-000543,B000574,2026-09-30 00:30:00,2026-09-30 01:55:00,85,Signal_Team_21,1,6,0.8487,CRITICAL,0.7223541651971672
SMMS-000714,B000530,2026-09-30 00:30:00,2026-09-30 02:10:00,100,Signal_Team_05,1,5,0.7848,CRITICAL,0.7387191301577862
SMMS-002086,B000530,2026-09-30 00:30:00,2026-09-30 01:50:00,80,Signal_Team_06,1,5,0.7767,HIGH,0.7112891301577862
TMS-003083,B000631,2026-09-30 00:40:00,2026-09-30 01:20:00,40,Track_Team_20,1,5,0.5212,MEDIUM,0.6203735047444048
TDMS-002432,B000631,2026-09-30 00:40:00,2026-09-30 01:25:00,45,OHE_Team_20,1,5,0.4188,LOW,0.5938201714110714
TDMS-002875,B000631,2026-09-30 00:55:00,2026-09-30 01:40:00,45,OHE_Team_19,1,5,0.2369,LOW,0.5392501714110713
SMMS-002017,B000690,2026-09-30 01:00:00,2026-09-30 02:20:00,80,Signal_Team_10,1,5,0.4393,MEDIUM,0.653088039566645
TMS-003723,B000690,2026-09-30 01:00:00,2026-09-30 03:10:00,130,Track_Team_09,1,5,0.5012,MEDIUM,0.7029080395666452
TDMS-001501,B000013,2026-09-30 01:00:00,2026-09-30 01:40:00,40,OHE_Team_21,1,7,0.4016,LOW,0.6311315281744252
TDMS-001715,B000690,2026-09-30 01:00:00,2026-09-30 02:20:00,80,OHE_Team_09,1,5,0.3226,LOW,0.618078039566645
TDMS-002016,B000013,2026-09-30 01:00:00,2026-09-30 02:10:00,70,OHE_Team_22;Tower_Wagon_03,2,7,0.1787,LOW,0.5687258138887108
TDMS-002556,B000661,2026-09-30 01:00:00,2026-09-30 01:40:00,40,OHE_Team_05,1,5,0.3405,LOW,0.6351046747061688
TDMS-002933,B000690,2026-09-30 01:00:00,2026-09-30 02:10:00,70,OHE_Team_10,1,5,0.1948,LOW,0.5734880395666451
TMS-002102,B000690,2026-09-30 01:00:00,2026-09-30 04:05:00,185,Track_Team_10,1,5,0.1275,LOW,0.625173039566645
TMS-003682,B000661,2026-09-30 01:00:00,2026-09-30 01:40:00,40,Track_Team_05,1,5,0.1498,LOW,0.5778946747061688
SMMS-001023,B000574,2026-09-30 01:10:00,2026-09-30 01:55:00,45,Signal_Team_22,1,6,0.6952,HIGH,0.6429708318638339
TDMS-001912,B000661,2026-09-30 01:10:00,2026-09-30 02:05:00,55,OHE_Team_06,1,5,0.2317,LOW,0.6212146747061689
TMS-000931,B000631,2026-09-30 01:20:00,2026-09-30 01:55:00,35,Track_Team_20,1,5,0.2976,LOW,0.5491268380777381
TMS-003571,B000574,2026-09-30 01:25:00,2026-09-30 01:55:00,30,Track_Team_21,1,6,0.6098,MEDIUM,0.6048508318638338
TDMS-002880,B000631,2026-09-30 01:25:00,2026-09-30 01:45:00,20,OHE_Team_20,1,5,0.3999,LOW,0.567316838077738
TMS-003426,B000574,2026-09-30 01:35:00,2026-09-30 02:00:00,25,Track_Team_22,1,6,0.5281,MEDIUM,0.5761741651971672
TDMS-001944,B000013,2026-09-30 01:40:00,2026-09-30 02:55:00,75,OHE_Team_21,1,7,0.4388,MEDIUM,0.6641665281744251
TDMS-001774,B000661,2026-09-30 01:40:00,2026-09-30 02:45:00,65,OHE_Team_05,1,5,0.2272,LOW,0.6323646747061689
SMMS-002251,B000530,2026-09-30 01:50:00,2026-09-30 02:15:00,25,Signal_Team_06,1,5,0.5445,MEDIUM,0.5728791301577862
SMMS-000557,B000013,2026-09-30 01:55:00,2026-09-30 03:25:00,90,Signal_Team_22,1,7,0.5636,MEDIUM,0.7109815281744252
TMS-003768,B000013,2026-09-30 01:55:00,2026-09-30 04:15:00,140,Track_Team_21,1,7,0.6142,MEDIUM,0.7574115281744251
SMMS-001851,B000013,2026-09-30 01:55:00,2026-09-30 03:40:00,105,Signal_Team_21,1,7,0.3975,LOW,0.6705265281744252
TMS-000288,B000013,2026-09-30 02:00:00,2026-09-30 02:40:00,40,Track_Team_22,1,7,0.3917,LOW,0.6281615281744252
TDMS-000129,B000661,2026-09-30 02:05:00,2026-09-30 03:00:00,55,OHE_Team_06,1,5,0.1843,LOW,0.6069946747061687
SMMS-001594,B000690,2026-09-30 02:10:00,2026-09-30 05:00:00,170,Signal_Team_09,1,5,0.4449,MEDIUM,0.711018039566645
TDMS-001466,B000013,2026-09-30 02:10:00,2026-09-30 04:35:00,145,OHE_Team_22,1,7,0.6444,MEDIUM,0.7695965281744251
TDMS-000237,B000690,2026-09-30 02:20:00,2026-09-30 03:45:00,85,OHE_Team_10,1,5,0.2102,LOW,0.587483039566645
TDMS-001672,B000690,2026-09-30 02:20:00,2026-09-30 03:40:00,80,OHE_Team_09,1,5,0.0924,LOW,0.5490180395666451
TDMS-001637,B000627,2026-09-30 02:30:00,2026-09-30 04:40:00,130,OHE_Team_24,1,3,0.828,CRITICAL,0.745219476226702
SMMS-001064,B000627,2026-09-30 02:30:00,2026-09-30 04:10:00,100,Signal_Team_24,1,3,0.7715,HIGH,0.7032694762267021
TMS-003070,B000627,2026-09-30 02:30:00,2026-09-30 05:30:00,180,Track_Team_23,1,3,0.7618,HIGH,0.7670261428933688
SMMS-002321,B000228,2026-09-30 02:30:00,2026-09-30 03:35:00,65,Signal_Team_16,1,1,0.534,MEDIUM,0.6516408962629445
TMS-000049,B000511,2026-09-30 02:30:00,2026-09-30 03:05:00,35,Track_Team_11,1,4,0.3577,LOW,0.6499097587495681
TMS-000327,B000511,2026-09-30 02:30:00,2026-09-30 03:30:00,60,Track_Team_12,1,4,0.1742,LOW,0.6261097587495681
TMS-001158,B000013,2026-09-30 02:40:00,2026-09-30 05:00:00,140,Track_Team_22;Tamping_Machine_05,2,7,0.6524,MEDIUM,0.7545858138887108
TDMS-001857,B000013,2026-09-30 02:55:00,2026-09-30 03:40:00,45,OHE_Team_21,1,7,0.4019,LOW,0.6343465281744252
TMS-000831,B000511,2026-09-30 03:05:00,2026-09-30 03:55:00,50,Track_Team_11,1,4,0.3072,LOW,0.653509758749568
SMMS-002443,B000690,2026-09-30 03:10:00,2026-09-30 05:00:00,110,Signal_Team_10,1,5,0.5696,MEDIUM,0.7109280395666451
SMMS-002022,B000013,2026-09-30 03:25:00,2026-09-30 04:55:00,90,Signal_Team_22,1,7,0.3612,LOW,0.6502615281744252
TMS-003533,B000511,2026-09-30 03:30:00,2026-09-30 04:05:00,35,Track_Team_12,1,4,0.1415,LOW,0.585049758749568
SMMS-001668,B000013,2026-09-30 03:40:00,2026-09-30 04:35:00,55,Signal_Team_21,1,7,0.1836,LOW,0.5751065281744252
TDMS-001377,B000013,2026-09-30 03:40:00,2026-09-30 04:20:00,40,OHE_Team_21,1,7,0.2902,LOW,0.5977115281744252
TMS-000917,B000690,2026-09-30 03:40:00,2026-09-30 04:55:00,75,Track_Team_09,1,5,0.2213,LOW,0.584563039566645
TDMS-002997,B000690,2026-09-30 03:45:00,2026-09-30 04:45:00,60,OHE_Team_09,1,5,0.1996,LOW,0.5686780395666451
TMS-001489,B000511,2026-09-30 03:55:00,2026-09-30 04:20:00,25,Track_Team_11,1,4,0.1979,LOW,0.5894697587495681
TDMS-000074,B000690,2026-09-30 04:05:00,2026-09-30 05:00:00,55,OHE_Team_10,1,5,0.121,LOW,0.5419730395666451
SMMS-000147,B000627,2026-09-30 04:10:00,2026-09-30 05:25:00,75,Signal_Team_24,1,3,0.8581,CRITICAL,0.7084161428933687
TMS-000563,B000013,2026-09-30 04:15:00,2026-09-30 04:50:00,35,Track_Team_21,1,7,0.3216,LOW,0.6040065281744251
TDMS-001793,B000013,2026-09-30 04:20:00,2026-09-30 04:50:00,30,OHE_Team_21,1,7,0.4109,LOW,0.6276715281744252
TDMS-001277,B000627,2026-09-30 04:40:00,2026-09-30 05:20:00,40,OHE_Team_23,1,3,0.4613,MEDIUM,0.5602094762267021
TDMS-000998,B000976,2026-09-30 07:00:00,2026-09-30 09:00:00,120,OHE_Team_18,1,1,0.6726,HIGH,0.7203092294445562
TDMS-002466,B000915,2026-09-30 07:00:00,2026-09-30 07:40:00,40,OHE_Team_17,1,3,0.4905,MEDIUM,0.7402927661084745
SMMS-000143,B000988,2026-09-30 09:00:00,2026-09-30 10:30:00,90,Signal_Team_16,1,4,0.8616,CRITICAL,0.839677362423509
SMMS-000005,B000725,2026-09-30 09:00:00,2026-09-30 09:55:00,55,Signal_Team_03,1,4,0.7337,HIGH,0.7251554645256839
SMMS-002076,B000725,2026-09-30 09:00:00,2026-09-30 09:45:00,45,Signal_Team_04,1,4,0.6846,HIGH,0.697925464525684
SMMS-002326,B000988,2026-09-30 09:00:00,2026-09-30 09:50:00,50,Signal_Team_15,1,4,0.7225,HIGH,0.7312806957568423
TMS-002582,B000988,2026-09-30 09:00:00,2026-09-30 09:45:00,45,Track_Team_15;Crane_03,2,4,0.6712,HIGH,0.6825573624235091
TMS-001076,B000988,2026-09-30 09:45:00,2026-09-30 10:15:00,30,Track_Team_16,1,4,0.4419,MEDIUM,0.6137673624235089
SMMS-001853,B000988,2026-09-30 09:50:00,2026-09-30 10:15:00,25,Signal_Team_15,1,4,0.7564,HIGH,0.6997840290901756
SMMS-001044,B000727,2026-09-30 14:30:00,2026-09-30 15:30:00,60,Signal_Team_23,1,4,0.5515,MEDIUM,0.6517482059154569
SMMS-002447,B000727,2026-09-30 14:30:00,2026-09-30 15:55:00,85,Signal_Team_24,1,4,0.4748,MEDIUM,0.6495715392487902
TDMS-000151,B000727,2026-09-30 14:30:00,2026-09-30 17:25:00,175,OHE_Team_23,1,4,0.4919,MEDIUM,0.7297015392487902
TDMS-002862,B000727,2026-09-30 14:30:00,2026-09-30 16:10:00,100,OHE_Team_24,1,4,0.3194,LOW,0.6154515392487903
SMMS-001379,B000727,2026-09-30 15:30:00,2026-09-30 16:35:00,65,Signal_Team_23,1,4,0.4722,MEDIUM,0.6321248725821236
SMMS-002448,B000727,2026-09-30 15:55:00,2026-09-30 16:55:00,60,Signal_Team_24,1,4,0.4562,MEDIUM,0.6231582059154568
SMMS-001288,B000727,2026-09-30 16:35:00,2026-09-30 17:25:00,50,Signal_Team_23,1,4,0.4007,LOW,0.5981748725821234
TDMS-001980,B000727,2026-09-30 16:50:00,2026-09-30 17:20:00,30,OHE_Team_24,1,4,0.2769,LOW,0.5443682059154569
SMMS-002526,B000727,2026-09-30 16:55:00,2026-09-30 17:30:00,35,Signal_Team_24,1,4,0.557,MEDIUM,0.6325648725821236
TDMS-000379,B000783,2026-09-30 17:30:00,2026-09-30 19:00:00,90,OHE_Team_11,1,1,0.63,MEDIUM,0.5355826016229057
TMS-001190,B000721,2026-09-30 17:30:00,2026-09-30 18:00:00,30,Track_Team_04,1,3,0.5938,MEDIUM,0.6621407860164579
TMS-003219,B000721,2026-09-30 17:30:00,2026-09-30 18:15:00,45,Track_Team_03,1,3,0.6294,MEDIUM,0.6978207860164579
TDMS-000413,B000693,2026-09-30 19:00:00,2026-09-30 19:30:00,30,OHE_Team_18,1,3,0.5096,MEDIUM,0.6406374914854528
TDMS-001012,B000693,2026-09-30 19:00:00,2026-09-30 19:35:00,35,OHE_Team_17,1,3,0.5256,MEDIUM,0.6579374914854528
TDMS-002356,B000693,2026-09-30 19:30:00,2026-09-30 20:00:00,30,OHE_Team_18,1,3,0.6008,MEDIUM,0.6679974914854527
TDMS-001350,B000693,2026-09-30 19:35:00,2026-09-30 19:55:00,20,OHE_Team_17,1,3,0.3965,LOW,0.5817074914854528
TMS-003662,B000788,2026-09-30 22:30:00,2026-10-01 01:10:00,160,Track_Team_13,1,3,0.8589,CRITICAL,0.8056151501912496
TMS-003769,B000788,2026-09-30 22:30:00,2026-10-01 00:05:00,95,Track_Team_14,1,3,0.7551,HIGH,0.7203084835245829
TDMS-000881,B000640,2026-09-30 23:30:00,2026-10-01 00:45:00,75,OHE_Team_04,1,4,0.6704,HIGH,0.7097302507212069
TDMS-001445,B000640,2026-09-30 23:30:00,2026-10-01 01:00:00,90,OHE_Team_03,1,4,0.6796,HIGH,0.7249902507212069
SMMS-000833,B000640,2026-09-30 23:30:00,2026-10-01 01:30:00,120,Signal_Team_03,1,4,0.4785,MEDIUM,0.6896602507212068
SMMS-000882,B000640,2026-09-30 23:30:00,2026-10-01 01:30:00,120,Signal_Team_04,1,4,0.449,MEDIUM,0.6808102507212068
TDMS-000344,B000232,2026-09-30 23:30:00,2026-10-01 00:05:00,35,OHE_Team_19,1,3,0.1446,LOW,0.5430528476069441
TDMS-002908,B000232,2026-09-30 23:30:00,2026-10-01 00:15:00,45,OHE_Team_20,1,3,0.1799,LOW,0.5619761809402775
TMS-000073,B000788,2026-10-01 00:05:00,2026-10-01 01:25:00,80,Track_Team_14,1,3,0.7374,HIGH,0.702498483524583
TDMS-001539,B000232,2026-10-01 00:05:00,2026-10-01 00:50:00,45,OHE_Team_19,1,3,0.382,LOW,0.6226061809402774
TDMS-001354,B000232,2026-10-01 00:15:00,2026-10-01 01:00:00,45,OHE_Team_20,1,3,0.1328,LOW,0.5478461809402774
TMS-002781,B000402,2026-10-01 00:30:00,2026-10-01 02:10:00,100,Track_Team_21,1,3,0.8371,CRITICAL,0.8038615589285998
TMS-002549,B000894,2026-10-01 00:30:00,2026-10-01 02:05:00,95,Track_Team_16,1,2,0.6625,HIGH,0.7182334330514074
TMS-003966,B000402,2026-10-01 00:30:00,2026-10-01 02:25:00,115,Track_Team_22,1,3,0.6753,HIGH,0.7740715589285998
SMMS-000816,B000402,2026-10-01 00:30:00,2026-10-01 01:10:00,40,Signal_Team_21,1,3,0.5775,MEDIUM,0.6509815589285998
SMMS-001566,B000049,2026-10-01 00:30:00,2026-10-01 01:10:00,40,Signal_Team_22,1,4,0.034,LOW,0.542193767580768
TDMS-001685,B000049,2026-10-01 00:30:00,2026-10-01 02:00:00,90,OHE_Team_22,1,4,0.189,LOW,0.6303604342474347
TDMS-002295,B000049,2026-10-01 00:30:00,2026-10-01 02:05:00,95,OHE_Team_21,1,4,0.1329,LOW,0.6176971009141012
TMS-000333,B000894,2026-10-01 00:30:00,2026-10-01 01:15:00,45,Track_Team_15,1,2,0.4165,LOW,0.5819334330514074
TDMS-001769,B000640,2026-10-01 00:45:00,2026-10-01 01:20:00,35,OHE_Team_04,1,4,0.5097,MEDIUM,0.6281869173878736
TDMS-000369,B000232,2026-10-01 00:50:00,2026-10-01 01:30:00,40,OHE_Team_19,1,3,0.177,LOW,0.5569395142736108
TDMS-002202,B000640,2026-10-01 01:00:00,2026-10-01 01:35:00,35,OHE_Team_03,1,4,0.4521,MEDIUM,0.6109069173878736
TDMS-001025,B000232,2026-10-01 01:00:00,2026-10-01 01:35:00,35,OHE_Team_20,1,3,0.1372,LOW,0.5408328476069441
SMMS-002474,B000402,2026-10-01 01:10:00,2026-10-01 01:50:00,40,Signal_Team_21,1,3,0.4945,MEDIUM,0.6260815589285997
TMS-003593,B000640,2026-10-01 01:20:00,2026-10-01 01:50:00,30,Track_Team_04,1,4,0.5675,MEDIUM,0.6413602507212068
TMS-002571,B000757,2026-10-01 01:25:00,2026-10-01 02:10:00,45,Track_Team_14,1,5,0.3787,LOW,0.6625122851084495
SMMS-000221,B000626,2026-10-01 01:30:00,2026-10-01 02:55:00,85,Signal_Team_05,1,5,0.7455,HIGH,0.7385749762901754
SMMS-001696,B000626,2026-10-01 01:30:00,2026-10-01 02:25:00,55,Signal_Team_06,1,5,0.6993,HIGH,0.6872149762901754
SMMS-000072,B000640,2026-10-01 01:30:00,2026-10-01 02:30:00,60,Signal_Team_04,1,4,0.444,MEDIUM,0.6293102507212069
SMMS-000532,B000273,2026-10-01 01:30:00,2026-10-01 02:20:00,50,Signal_Team_14,1,1,0.4948,MEDIUM,0.6512076913528134
TDMS-000984,B000640,2026-10-01 01:30:00,2026-10-01 02:00:00,30,OHE_Team_04,1,4,0.5139,MEDIUM,0.625280250721207
TDMS-001374,B000805,2026-10-01 01:30:00,2026-10-01 03:10:00,100,OHE_Team_12,1,2,0.4418,MEDIUM,0.6406818435099597
TDMS-002937,B000805,2026-10-01 01:30:00,2026-10-01 02:45:00,75,OHE_Team_11,1,2,0.2955,LOW,0.5811668435099597
SMMS-000651,B000640,2026-10-01 01:35:00,2026-10-01 02:10:00,35,Signal_Team_03,1,4,0.4517,MEDIUM,0.6107869173878735
TDMS-002067,B000232,2026-10-01 01:35:00,2026-10-01 01:55:00,20,OHE_Team_20,1,3,0.1526,LOW,0.5329528476069441
SMMS-001625,B000402,2026-10-01 01:50:00,2026-10-01 02:30:00,40,Signal_Team_22,1,3,0.5415,MEDIUM,0.6401815589285997
TDMS-001638,B000640,2026-10-01 01:50:00,2026-10-01 02:20:00,30,OHE_Team_03,1,4,0.4613,MEDIUM,0.6095002507212068
SMMS-001554,B000049,2026-10-01 01:50:00,2026-10-01 03:30:00,100,Signal_Team_21,1,4,0.0911,LOW,0.6093237675807679
TDMS-001560,B000002,2026-10-01 02:00:00,2026-10-01 05:50:00,230,OHE_Team_10;Tower_Wagon_02,2,6,0.8601,CRITICAL,0.8029364716279055
TMS-000064,B000002,2026-10-01 02:00:00,2026-10-01 04:40:00,160,Track_Team_09,1,6,0.8378,CRITICAL,0.7691631382945723
TDMS-001297,B000002,2026-10-01 02:00:00,2026-10-01 05:25:00,205,OHE_Team_09,1,6,0.7259,HIGH,0.7637181382945722
SMMS-002797,B000002,2026-10-01 02:00:00,2026-10-01 03:15:00,75,Signal_Team_10,1,6,0.6068,MEDIUM,0.6467381382945723
TDMS-000362,B000290,2026-10-01 02:00:00,2026-10-01 03:25:00,85,OHE_Team_05,1,4,0.5681,MEDIUM,0.7345921035690159
TDMS-002628,B000290,2026-10-01 02:00:00,2026-10-01 03:05:00,65,OHE_Team_06,1,4,0.4964,MEDIUM,0.6880821035690159
TMS-002321,B000640,2026-10-01 02:00:00,2026-10-01 02:30:00,30,Track_Team_03,1,4,0.4566,MEDIUM,0.6080902507212069
TMS-003782,B000002,2026-10-01 02:00:00,2026-10-01 04:30:00,150,Track_Team_10,1,6,0.4506,MEDIUM,0.6467531382945723
TDMS-000200,B000049,2026-10-01 02:05:00,2026-10-01 02:45:00,40,OHE_Team_21,1,4,0.1104,LOW,0.565113767580768
TDMS-000764,B000640,2026-10-01 02:10:00,2026-10-01 02:30:00,20,OHE_Team_04,1,4,0.4507,MEDIUM,0.5979869173878736
SMMS-001664,B000626,2026-10-01 02:25:00,2026-10-01 03:15:00,50,Signal_Team_06,1,5,0.5306,MEDIUM,0.6303549762901755
TMS-003352,B000049,2026-10-01 02:25:00,2026-10-01 03:05:00,40,Track_Team_22,1,4,0.1582,LOW,0.579453767580768
SMMS-000186,B000427,2026-10-01 02:30:00,2026-10-01 03:30:00,60,Signal_Team_24,1,4,0.4864,MEDIUM,0.6988883866778297
SMMS-001287,B000049,2026-10-01 02:30:00,2026-10-01 03:15:00,45,Signal_Team_22,1,4,0.069,LOW,0.5568604342474346
SMMS-002617,B000427,2026-10-01 02:30:00,2026-10-01 03:50:00,80,Signal_Team_23,1,4,0.3923,LOW,0.703991720011163
TDMS-002020,B000377,2026-10-01 02:30:00,2026-10-01 03:30:00,60,OHE_Team_22,1,4,0.3459,LOW,0.5856009572832037
TDMS-000517,B000805,2026-10-01 02:45:00,2026-10-01 04:30:00,105,OHE_Team_11,1,2,0.5363,MEDIUM,0.6721568435099597
TDMS-002359,B000377,2026-10-01 02:45:00,2026-10-01 04:20:00,95,OHE_Team_21,1,4,0.6337,MEDIUM,0.7011076239498704
TDMS-000856,B000805,2026-10-01 03:10:00,2026-10-01 04:50:00,100,OHE_Team_12,1,2,0.4441,MEDIUM,0.6413718435099597
SMMS-002785,B000002,2026-10-01 03:15:00,2026-10-01 04:55:00,100,Signal_Team_09,1,6,0.6115,MEDIUM,0.6637731382945723
TDMS-000335,B000377,2026-10-01 03:30:00,2026-10-01 04:10:00,40,OHE_Team_22,1,4,0.4542,MEDIUM,0.601424290616537
TDMS-001353,B000377,2026-10-01 04:10:00,2026-10-01 04:45:00,35,OHE_Team_22,1,4,0.3648,LOW,0.5704376239498703
TDMS-002257,B000377,2026-10-01 04:20:00,2026-10-01 05:00:00,40,OHE_Team_21,1,4,0.5732,MEDIUM,0.6371242906165371
SMMS-001075,B000002,2026-10-01 04:30:00,2026-10-01 06:00:00,90,Signal_Team_10,1,6,0.6305,MEDIUM,0.6632231382945722
TMS-002767,B000805,2026-10-01 04:30:00,2026-10-01 05:10:00,40,Track_Team_12,1,2,0.1807,LOW,0.5248518435099597
TDMS-001693,B000377,2026-10-01 04:45:00,2026-10-01 05:20:00,35,OHE_Team_22,1,4,0.4015,LOW,0.5814476239498705
SMMS-001441,B000002,2026-10-01 04:55:00,2026-10-01 06:00:00,65,Signal_Team_09,1,6,0.6134,MEDIUM,0.6424681382945723
TDMS-001675,B000377,2026-10-01 05:00:00,2026-10-01 05:30:00,30,OHE_Team_21,1,4,0.4638,MEDIUM,0.5959709572832037
SMMS-000079,B000487,2026-10-01 10:00:00,2026-10-01 11:25:00,85,Signal_Team_11,1,3,0.3313,LOW,0.6002842780737095
TDMS-001359,B000487,2026-10-01 10:00:00,2026-10-01 11:05:00,65,OHE_Team_11,1,3,0.1771,LOW,0.5415242780737096
TDMS-002045,B000487,2026-10-01 10:00:00,2026-10-01 11:10:00,70,OHE_Team_12,1,3,0.1397,LOW,0.5334292780737097
TDMS-002951,B000487,2026-10-01 11:05:00,2026-10-01 12:20:00,75,OHE_Team_11,1,3,0.1538,LOW,0.5407842780737095
TDMS-000914,B000487,2026-10-01 11:10:00,2026-10-01 12:10:00,60,OHE_Team_12,1,3,0.2332,LOW,0.5552292780737096
TMS-002256,B000487,2026-10-01 11:25:00,2026-10-01 12:25:00,60,Track_Team_12,1,3,0.1655,LOW,0.5349192780737096
SMMS-000389,B000487,2026-10-01 12:20:00,2026-10-01 14:00:00,100,Signal_Team_12;Cable_Team_06,2,3,0.3176,LOW,0.5722159447403763
TDMS-001890,B000487,2026-10-01 12:25:00,2026-10-01 13:30:00,65,OHE_Team_11,1,3,0.3577,LOW,0.5957042780737096
TMS-001356,B000233,2026-10-01 15:00:00,2026-10-01 18:25:00,205,Track_Team_22,1,3,0.4973,MEDIUM,0.6581708844874861
TMS-003488,B000233,2026-10-01 15:00:00,2026-10-01 18:10:00,190,Track_Team_21,1,3,0.4697,MEDIUM,0.6405158844874861
TMS-000156,B000455,2026-10-01 17:00:00,2026-10-01 17:40:00,40,Track_Team_04,1,5,0.207,LOW,0.5942266691903844
SMMS-001547,B000758,2026-10-01 17:30:00,2026-10-01 18:25:00,55,Signal_Team_07,1,5,0.8065,CRITICAL,0.8535899420137092
SMMS-000847,B000758,2026-10-01 17:30:00,2026-10-01 18:15:00,45,Signal_Team_08,1,5,0.552,MEDIUM,0.7522399420137091
TDMS-001957,B000758,2026-10-01 17:30:00,2026-10-01 18:30:00,60,OHE_Team_07,1,5,0.6159,MEDIUM,0.8089099420137091
TMS-000286,B000758,2026-10-01 17:30:00,2026-10-01 18:20:00,50,Track_Team_08,1,5,0.4423,MEDIUM,0.7318299420137091
TDMS-001373,B000758,2026-10-01 17:30:00,2026-10-01 18:10:00,40,OHE_Team_08,1,5,0.4108,LOW,0.6973799420137092
TMS-003634,B000455,2026-10-01 17:40:00,2026-10-01 18:25:00,45,Track_Team_04,1,5,0.0971,LOW,0.5675066691903845
TMS-000304,B000233,2026-10-01 18:10:00,2026-10-01 18:55:00,45,Track_Team_21,1,3,0.2098,LOW,0.47192088448748604
TMS-001695,B000233,2026-10-01 18:25:00,2026-10-01 19:00:00,35,Track_Team_22,1,3,0.3253,LOW,0.500320884487486
TMS-001963,B000455,2026-10-01 18:25:00,2026-10-01 18:55:00,30,Track_Team_04,1,5,0.2237,LOW,0.5867366691903844
SMMS-001436,B000501,2026-10-01 22:30:00,2026-10-01 23:30:00,60,Signal_Team_02,1,4,0.3091,LOW,0.6169068229731849
SMMS-002960,B000501,2026-10-01 22:30:00,2026-10-01 23:40:00,70,Signal_Team_01,1,4,0.372,LOW,0.6441101563065184
SMMS-002284,B000173,2026-10-01 23:00:00,2026-10-01 23:50:00,50,Signal_Team_10,1,2,0.5052,MEDIUM,0.6699871441198786
SMMS-000275,B000173,2026-10-01 23:00:00,2026-10-01 23:30:00,30,Signal_Team_09,1,2,0.2968,LOW,0.5824671441198787
TDMS-000540,B000733,2026-10-01 23:00:00,2026-10-02 00:05:00,65,OHE_Team_08,1,1,0.2671,LOW,0.49506708504597563
SMMS-000378,B000173,2026-10-01 23:30:00,2026-10-02 00:20:00,50,Signal_Team_09,1,2,0.3202,LOW,0.6144871441198786
SMMS-002156,B000501,2026-10-01 23:30:00,2026-10-02 00:30:00,60,Signal_Team_02,1,4,0.4109,LOW,0.6474468229731849
SMMS-002630,B000173,2026-10-01 23:50:00,2026-10-02 00:20:00,30,Signal_Team_10,1,2,0.2834,LOW,0.5784471441198786
TDMS-001648,B000733,2026-10-02 00:05:00,2026-10-02 01:25:00,80,OHE_Team_08,1,1,0.2622,LOW,0.5029720850459756
SMMS-000763,B000173,2026-10-02 00:20:00,2026-10-02 01:00:00,40,Signal_Team_09,1,2,0.3516,LOW,0.6114071441198786
SMMS-000776,B000885,2026-10-02 00:30:00,2026-10-02 01:15:00,45,Signal_Team_08,1,4,0.685,HIGH,0.7696986949983939
SMMS-002889,B000097,2026-10-02 00:30:00,2026-10-02 02:40:00,130,Signal_Team_05,1,5,0.7473,HIGH,0.7741796660591069
SMMS-001852,B000501,2026-10-02 00:30:00,2026-10-02 01:00:00,30,Signal_Team_02,1,4,0.4932,MEDIUM,0.6471368229731851
SMMS-002705,B000885,2026-10-02 00:30:00,2026-10-02 01:20:00,50,Signal_Team_07,1,4,0.5573,MEDIUM,0.7397220283317272
TDMS-001579,B000097,2026-10-02 00:30:00,2026-10-02 03:45:00,195,OHE_Team_06,1,5,0.5128,MEDIUM,0.7444546660591069
TDMS-001810,B000097,2026-10-02 00:30:00,2026-10-02 04:30:00,240,OHE_Team_05,1,5,0.5889,MEDIUM,0.795409666059107
SMMS-001070,B000097,2026-10-02 00:30:00,2026-10-02 01:55:00,85,Signal_Team_06,1,5,0.3113,LOW,0.615254666059107
TDMS-002232,B000131,2026-10-02 01:00:00,2026-10-02 02:10:00,70,OHE_Team_20,1,4,0.4665,MEDIUM,0.6424215151924013
TMS-001299,B000361,2026-10-02 01:00:00,2026-10-02 01:50:00,50,Track_Team_05,1,5,0.4627,MEDIUM,0.6917106688046555
TMS-003335,B000361,2026-10-02 01:00:00,2026-10-02 01:50:00,50,Track_Team_06,1,5,0.5515,MEDIUM,0.7183506688046555
SMMS-000856,B000131,2026-10-02 01:00:00,2026-10-02 02:45:00,105,Signal_Team_19,1,4,0.1706,LOW,0.5828181818590681
TDMS-002822,B000131,2026-10-02 01:00:00,2026-10-02 02:55:00,115,OHE_Team_19,1,4,0.4185,LOW,0.6655215151924012
TMS-002292,B000131,2026-10-02 01:00:00,2026-10-02 03:45:00,165,Track_Team_19,1,4,0.1162,LOW,0.616498181859068
SMMS-002334,B000885,2026-10-02 01:15:00,2026-10-02 01:55:00,40,Signal_Team_08,1,4,0.6869,HIGH,0.7619353616650604
TDMS-000650,B000733,2026-10-02 01:25:00,2026-10-02 02:20:00,55,OHE_Team_07,1,1,0.2182,LOW,0.4741470850459756
SMMS-002337,B000119,2026-10-02 01:30:00,2026-10-02 04:10:00,160,Signal_Team_09,1,5,0.5038,MEDIUM,0.7519284247403519
TDMS-000906,B000119,2026-10-02 01:30:00,2026-10-02 03:40:00,130,OHE_Team_10,1,5,0.452,MEDIUM,0.7113884247403519
SMMS-000933,B000119,2026-10-02 01:30:00,2026-10-02 03:05:00,95,Signal_Team_10,1,5,0.3009,LOW,0.6368917580736853
TMS-003248,B000119,2026-10-02 01:30:00,2026-10-02 04:25:00,175,Track_Team_09,1,5,0.1909,LOW,0.670558424740352
TMS-001607,B000119,2026-10-02 01:40:00,2026-10-02 04:20:00,160,Track_Team_10,1,5,0.3919,LOW,0.718358424740352
TMS-001940,B000361,2026-10-02 01:50:00,2026-10-02 02:20:00,30,Track_Team_06,1,5,0.6291,MEDIUM,0.7166306688046553
SMMS-001093,B000097,2026-10-02 01:55:00,2026-10-02 04:15:00,140,Signal_Team_06,1,5,0.5991,MEDIUM,0.7359696660591069
SMMS-001488,B000383,2026-10-02 02:00:00,2026-10-02 02:50:00,50,Signal_Team_03,1,2,0.476,MEDIUM,0.7428137721863158
SMMS-001683,B000383,2026-10-02 02:00:00,2026-10-02 02:55:00,55,Signal_Team_04,1,2,0.4486,MEDIUM,0.7470937721863159
SMMS-002276,B000131,2026-10-02 02:10:00,2026-10-02 03:50:00,100,Signal_Team_20,1,4,0.3256,LOW,0.6251515151924014
SMMS-001022,B000923,2026-10-02 02:30:00,2026-10-02 03:25:00,55,Signal_Team_11,1,2,0.1647,LOW,0.6192997090146429
TMS-002373,B000923,2026-10-02 02:30:00,2026-10-02 03:10:00,40,Track_Team_11,1,2,0.1998,LOW,0.604829709014643
SMMS-002801,B000097,2026-10-02 02:40:00,2026-10-02 03:25:00,45,Signal_Team_05,1,5,0.4848,MEDIUM,0.642304666059107
SMMS-001589,B000131,2026-10-02 02:45:00,2026-10-02 03:40:00,55,Signal_Team_19,1,4,0.3727,LOW,0.6017815151924013
TDMS-001126,B000131,2026-10-02 02:55:00,2026-10-02 03:25:00,30,OHE_Team_19,1,4,0.2963,LOW,0.558028181859068
SMMS-000839,B000308,2026-10-02 03:00:00,2026-10-02 03:55:00,55,Signal_Team_24,1,3,0.505,MEDIUM,0.5238769568740889
SMMS-001595,B000308,2026-10-02 03:00:00,2026-10-02 04:00:00,60,Signal_Team_23,1,3,0.6005,MEDIUM,0.5566936235407555
TDMS-002741,B000119,2026-10-02 03:05:00,2026-10-02 04:30:00,85,OHE_Team_09,1,5,0.3758,LOW,0.6510284247403519
SMMS-001927,B000923,2026-10-02 03:10:00,2026-10-02 03:55:00,45,Signal_Team_12,1,2,0.3013,LOW,0.6436130423479762
SMMS-000401,B000097,2026-10-02 03:25:00,2026-10-02 04:30:00,65,Signal_Team_05,1,5,0.3039,LOW,0.6005346660591069
TDMS-002515,B000131,2026-10-02 03:25:00,2026-10-02 03:55:00,30,OHE_Team_19,1,4,0.1989,LOW,0.528808181859068
SMMS-000200,B000119,2026-10-02 03:40:00,2026-10-02 04:20:00,40,Signal_Team_10,1,5,0.3853,LOW,0.6163784247403519
TDMS-002874,B000097,2026-10-02 03:45:00,2026-10-02 04:30:00,45,OHE_Team_06,1,5,0.1741,LOW,0.549094666059107
TMS-000154,B000888,2026-10-02 10:00:00,2026-10-02 10:40:00,40,Track_Team_06,1,5,0.1455,LOW,0.5706079032983056
TDMS-002548,B000871,2026-10-02 11:00:00,2026-10-02 11:45:00,45,OHE_Team_03,1,1,0.4288,LOW,0.5820079741714133
SMMS-001383,B000755,2026-10-02 13:00:00,2026-10-02 13:40:00,40,Signal_Team_05,1,4,0.6334,MEDIUM,0.6944555568400144
SMMS-001954,B000755,2026-10-02 13:00:00,2026-10-02 13:45:00,45,Signal_Team_06,1,4,0.5604,MEDIUM,0.6808888901733476
TDMS-000488,B000755,2026-10-02 13:00:00,2026-10-02 14:30:00,90,OHE_Team_05,1,4,0.4507,MEDIUM,0.7229788901733476
TDMS-002362,B000755,2026-10-02 13:00:00,2026-10-02 13:45:00,45,OHE_Team_06,1,4,0.3624,LOW,0.6214888901733477
SMMS-001053,B000755,2026-10-02 13:45:00,2026-10-02 14:15:00,30,Signal_Team_06,1,4,0.4854,MEDIUM,0.6333888901733475
TDMS-002984,B000755,2026-10-02 13:45:00,2026-10-02 14:20:00,35,OHE_Team_06,1,4,0.5882,MEDIUM,0.672562223506681
SMMS-001506,B000835,2026-10-02 16:30:00,2026-10-02 17:40:00,70,Signal_Team_16,1,5,0.4854,MEDIUM,0.6600865239076492
SMMS-002673,B000835,2026-10-02 16:30:00,2026-10-02 17:35:00,65,Signal_Team_15,1,5,0.6105,MEDIUM,0.6913665239076492
TMS-000837,B000893,2026-10-02 19:00:00,2026-10-02 19:50:00,50,Track_Team_06,1,3,0.7044,HIGH,0.7152231852443622
TMS-002037,B000893,2026-10-02 19:00:00,2026-10-02 19:50:00,50,Track_Team_05,1,3,0.5819,MEDIUM,0.6784731852443623
TMS-003495,B000893,2026-10-02 19:50:00,2026-10-02 20:25:00,35,Track_Team_05,1,3,0.5297,MEDIUM,0.6378131852443623
TDMS-000215,B000832,2026-10-02 23:00:00,2026-10-03 01:15:00,135,OHE_Team_23,1,1,0.8459,CRITICAL,0.7384757479977826
SMMS-001066,B000601,2026-10-02 23:30:00,2026-10-03 01:55:00,145,Signal_Team_24,1,5,0.6712,HIGH,0.795158872524035
SMMS-001728,B000601,2026-10-02 23:30:00,2026-10-03 02:25:00,175,Signal_Team_23,1,5,0.7227,HIGH,0.8356088725240349
TMS-000079,B000601,2026-10-02 23:30:00,2026-10-03 02:15:00,165,Track_Team_23,1,5,0.6791,HIGH,0.8141955391907016
TMS-001478,B000601,2026-10-02 23:30:00,2026-10-03 02:05:00,155,Track_Team_24,1,5,0.5397,MEDIUM,0.7640422058573684
TDMS-001036,B000601,2026-10-02 23:30:00,2026-10-03 00:10:00,40,OHE_Team_24,1,5,0.212,LOW,0.569898872524035
TDMS-002530,B000601,2026-10-03 00:10:00,2026-10-03 02:30:00,140,OHE_Team_24,1,5,0.3926,LOW,0.7074122058573682
TDMS-001549,B000866,2026-10-03 00:30:00,2026-10-03 01:10:00,40,OHE_Team_02;Tower_Wagon_03,2,5,0.1757,LOW,0.6043181056191189
TDMS-001947,B000866,2026-10-03 00:30:00,2026-10-03 01:30:00,60,OHE_Team_01,1,5,0.1872,LOW,0.6611014389524523
TMS-002763,B000866,2026-10-03 00:30:00,2026-10-03 01:10:00,40,Track_Team_02,1,5,0.4243,LOW,0.698898105619119
SMMS-002172,B000790,2026-10-03 01:00:00,2026-10-03 01:40:00,40,Signal_Team_10,1,3,0.6547,MEDIUM,0.7530287091247105
TDMS-000627,B000790,2026-10-03 01:00:00,2026-10-03 01:55:00,55,OHE_Team_09,1,3,0.6397,MEDIUM,0.7735287091247106
TDMS-001029,B000790,2026-10-03 01:00:00,2026-10-03 01:50:00,50,OHE_Team_10,1,3,0.524,MEDIUM,0.7304853757913772
TDMS-001129,B000866,2026-10-03 01:10:00,2026-10-03 01:50:00,40,OHE_Team_02;Electrical_Isolation_Team_08,2,5,0.0891,LOW,0.578338105619119
TDMS-000916,B000832,2026-10-03 01:15:00,2026-10-03 02:00:00,45,OHE_Team_23,1,1,0.4951,MEDIUM,0.5582357479977826
TDMS-000727,B000160,2026-10-03 01:30:00,2026-10-03 02:55:00,85,OHE_Team_19,1,1,0.8088,CRITICAL,0.7499786627654647
SMMS-000427,B000790,2026-10-03 01:40:00,2026-10-03 02:15:00,35,Signal_Team_09,1,3,0.5811,MEDIUM,0.7226153757913772
TDMS-002925,B000790,2026-10-03 01:50:00,2026-10-03 02:25:00,35,OHE_Team_10,1,3,0.6013,MEDIUM,0.7286753757913772
TMS-003508,B000664,2026-10-03 02:00:00,2026-10-03 05:10:00,190,Track_Team_18,1,6,0.6792,HIGH,0.8006830873089444
SMMS-002733,B000508,2026-10-03 02:00:00,2026-10-03 02:40:00,40,Signal_Team_07,1,5,0.5809,MEDIUM,0.832199540325794
SMMS-000441,B000664,2026-10-03 02:00:00,2026-10-03 03:15:00,75,Signal_Team_18,1,6,0.0787,LOW,0.5486580873089445
SMMS-000750,B000664,2026-10-03 02:00:00,2026-10-03 03:35:00,95,Signal_Team_17,1,6,0.0681,LOW,0.5579780873089445
SMMS-000759,B000876,2026-10-03 02:00:00,2026-10-03 02:55:00,55,Signal_Team_13,1,4,0.3434,LOW,0.6758600223812887
SMMS-001451,B000876,2026-10-03 02:00:00,2026-10-03 03:30:00,90,Signal_Team_14,1,4,0.271,LOW,0.6978900223812887
SMMS-002712,B000508,2026-10-03 02:00:00,2026-10-03 02:40:00,40,Signal_Team_08,1,5,0.2643,LOW,0.7372195403257942
TDMS-000384,B000508,2026-10-03 02:00:00,2026-10-03 02:40:00,40,OHE_Team_08,1,5,0.3284,LOW,0.756449540325794
TDMS-000681,B000508,2026-10-03 02:00:00,2026-10-03 02:45:00,45,OHE_Team_07,1,5,0.2594,LOW,0.7524162069924607
TMS-002819,B000664,2026-10-03 02:15:00,2026-10-03 04:50:00,155,Track_Team_17;Rail_Grinder_04,2,6,0.4487,MEDIUM,0.6929914206422777
TMS-000072,B000778,2026-10-03 02:30:00,2026-10-03 03:30:00,60,Track_Team_07;Crane_04,2,4,0.5756,MEDIUM,0.7967566245544662
TMS-002022,B000778,2026-10-03 02:30:00,2026-10-03 03:25:00,55,Track_Team_08,1,4,0.5802,MEDIUM,0.8106366245544661
TMS-001087,B000170,2026-10-03 02:30:00,2026-10-03 03:10:00,40,Track_Team_06,1,4,0.2748,LOW,0.6406222777921473
TMS-003876,B000170,2026-10-03 02:30:00,2026-10-03 03:15:00,45,Track_Team_05,1,4,0.2315,LOW,0.6359656111254808
TMS-000691,B000170,2026-10-03 03:10:00,2026-10-03 03:45:00,35,Track_Team_06,1,4,0.3441,LOW,0.6530789444588141
SMMS-001015,B000664,2026-10-03 03:15:00,2026-10-03 04:30:00,75,Signal_Team_18,1,6,0.0511,LOW,0.5403780873089444
SMMS-000359,B000664,2026-10-03 04:30:00,2026-10-03 05:25:00,55,Signal_Team_18,1,6,0.2385,LOW,0.5840980873089444
TMS-003140,B000664,2026-10-03 04:50:00,2026-10-03 05:40:00,50,Track_Team_17,1,6,0.1663,LOW,0.5593130873089445
TMS-001557,B000664,2026-10-03 05:10:00,2026-10-03 06:00:00,50,Track_Team_18,1,6,0.1926,LOW,0.5672030873089444
TDMS-000072,B000776,2026-10-03 10:00:00,2026-10-03 10:45:00,45,OHE_Team_05,1,1,0.4424,MEDIUM,0.5524322767622276
TDMS-001898,B000776,2026-10-03 10:45:00,2026-10-03 11:30:00,45,OHE_Team_06,1,1,0.4413,MEDIUM,0.5521022767622276
TDMS-002585,B000776,2026-10-03 11:30:00,2026-10-03 12:00:00,30,OHE_Team_06,1,1,0.4713,MEDIUM,0.5423522767622275
TMS-002699,B000333,2026-10-03 14:00:00,2026-10-03 14:25:00,25,Track_Team_01,1,3,0.3924,LOW,0.7411576351622533
SMMS-001904,B000957,2026-10-03 15:00:00,2026-10-03 16:30:00,90,Signal_Team_05,1,3,0.8598,CRITICAL,0.8294699644504575
SMMS-002627,B000957,2026-10-03 15:00:00,2026-10-03 16:15:00,75,Signal_Team_06,1,3,0.7214,HIGH,0.7629499644504576
SMMS-002740,B000982,2026-10-03 16:30:00,2026-10-03 17:55:00,85,Signal_Team_23,1,5,0.4699,MEDIUM,0.7656656709094904
SMMS-001963,B000982,2026-10-03 16:30:00,2026-10-03 16:55:00,25,Signal_Team_24,1,5,0.4277,LOW,0.6530056709094905
TDMS-002725,B000982,2026-10-03 16:30:00,2026-10-03 17:20:00,50,OHE_Team_24,1,5,0.2117,LOW,0.6298723375761572
SMMS-002288,B000982,2026-10-03 16:55:00,2026-10-03 17:55:00,60,Signal_Team_24,1,5,0.464,MEDIUM,0.7222290042428239
TDMS-000788,B000704,2026-10-03 22:30:00,2026-10-03 23:35:00,65,OHE_Team_19,1,5,0.6307,MEDIUM,0.7979554904099895
TMS-003567,B000768,2026-10-03 22:30:00,2026-10-03 23:05:00,35,Track_Team_06,1,1,0.4313,MEDIUM,0.6311802418265002
TDMS-001999,B000704,2026-10-03 22:30:00,2026-10-03 23:10:00,40,OHE_Team_20,1,5,0.4165,LOW,0.692028823743323
TMS-001986,B000704,2026-10-03 22:30:00,2026-10-03 23:25:00,55,Track_Team_19,1,5,0.3796,LOW,0.705958823743323
TDMS-002787,B000704,2026-10-03 23:10:00,2026-10-03 23:50:00,40,OHE_Team_20,1,5,0.4405,MEDIUM,0.6992288237433228
SMMS-002988,B000136,2026-10-04 00:30:00,2026-10-04 02:25:00,115,Signal_Team_02,1,6,0.6234,MEDIUM,0.6848923115781597
TDMS-000387,B000025,2026-10-04 00:30:00,2026-10-04 02:25:00,115,OHE_Team_01,1,7,0.4722,MEDIUM,0.653775388373369
TDMS-000860,B000136,2026-10-04 00:30:00,2026-10-04 02:40:00,130,OHE_Team_02;Tower_Wagon_07,2,6,0.5879,MEDIUM,0.6669506449114929
TMS-001812,B000136,2026-10-04 00:30:00,2026-10-04 03:30:00,180,Track_Team_01;Rail_Grinder_04,2,6,0.4922,MEDIUM,0.6694906449114929
TMS-003086,B000025,2026-10-04 00:30:00,2026-10-04 03:10:00,160,Track_Team_02,1,7,0.4497,MEDIUM,0.675150388373369
SMMS-000975,B000025,2026-10-04 00:30:00,2026-10-04 01:00:00,30,Signal_Team_01,1,7,0.347,LOW,0.563090388373369
SMMS-000681,B000615,2026-10-04 01:00:00,2026-10-04 03:15:00,135,Signal_Team_23,1,6,0.7965,CRITICAL,0.8282733152142093
TMS-002975,B000615,2026-10-04 01:00:00,2026-10-04 03:50:00,170,Track_Team_24,1,6,0.6984,HIGH,0.828009981880876
SMMS-000345,B000615,2026-10-04 01:00:00,2026-10-04 02:50:00,110,Signal_Team_24,1,6,0.6335,MEDIUM,0.758539981880876
SMMS-002676,B000136,2026-10-04 01:00:00,2026-10-04 02:30:00,90,Signal_Team_01,1,6,0.5739,MEDIUM,0.6544173115781596
TDMS-001910,B000615,2026-10-04 01:00:00,2026-10-04 03:00:00,120,OHE_Team_24,1,6,0.4619,MEDIUM,0.7153933152142093
TDMS-002913,B000615,2026-10-04 01:00:00,2026-10-04 02:35:00,95,OHE_Team_23,1,6,0.4485,MEDIUM,0.6905399818808761
TMS-000338,B000615,2026-10-04 01:00:00,2026-10-04 03:30:00,150,Track_Team_23,1,6,0.6447,MEDIUM,0.7952333152142094
SMMS-000514,B000101,2026-10-04 01:00:00,2026-10-04 01:40:00,40,Signal_Team_10,1,6,0.1905,LOW,0.494255613213077
SMMS-001405,B000101,2026-10-04 01:00:00,2026-10-04 01:50:00,50,Signal_Team_09,1,6,0.375,LOW,0.555855613213077
TMS-001490,B000101,2026-10-04 01:00:00,2026-10-04 01:40:00,40,Track_Team_09,1,6,0.1975,LOW,0.496355613213077
TMS-001137,B000001,2026-10-04 01:30:00,2026-10-04 04:25:00,175,Track_Team_10;Tamping_Machine_03,2,7,0.6578,HIGH,0.8028357842705653
TDMS-000786,B000001,2026-10-04 01:30:00,2026-10-04 02:35:00,65,OHE_Team_10,1,7,0.434,MEDIUM,0.6583148318896129
TDMS-001092,B000061,2026-10-04 01:30:00,2026-10-04 03:15:00,105,OHE_Team_20,1,5,0.5284,MEDIUM,0.6832505695852729
TDMS-001191,B000061,2026-10-04 01:30:00,2026-10-04 03:35:00,125,OHE_Team_19,1,5,0.6007,MEDIUM,0.7174405695852728
TDMS-002196,B000001,2026-10-04 01:30:00,2026-10-04 02:20:00,50,OHE_Team_09,1,7,0.5032,MEDIUM,0.666574831889613
TMS-000492,B000061,2026-10-04 01:30:00,2026-10-04 03:00:00,90,Track_Team_19,1,5,0.5855,MEDIUM,0.6910055695852728
TMS-000547,B000061,2026-10-04 01:30:00,2026-10-04 03:40:00,130,Track_Team_20;Crane_05,2,5,0.5745,MEDIUM,0.6927055695852729
SMMS-002390,B000001,2026-10-04 01:40:00,2026-10-04 03:35:00,115,Signal_Team_10,1,7,0.8264,CRITICAL,0.8177014985562797
TMS-002941,B000001,2026-10-04 01:40:00,2026-10-04 03:45:00,125,Track_Team_09,1,7,0.83,CRITICAL,0.827114831889613
SMMS-000633,B000101,2026-10-04 01:50:00,2026-10-04 03:25:00,95,Signal_Team_09,1,6,0.5619,MEDIUM,0.640050613213077
SMMS-002590,B000042,2026-10-04 02:00:00,2026-10-04 03:20:00,80,Signal_Team_21,1,6,0.8444,CRITICAL,0.7111052984944762
TMS-001290,B000042,2026-10-04 02:00:00,2026-10-04 04:35:00,155,Track_Team_21,1,6,0.781,CRITICAL,0.7389602984944763
TMS-001342,B000042,2026-10-04 02:00:00,2026-10-04 04:10:00,130,Track_Team_22,1,6,0.8181,CRITICAL,0.7344652984944763
SMMS-000956,B000042,2026-10-04 02:00:00,2026-10-04 03:55:00,115,Signal_Team_22,1,6,0.6794,HIGH,0.6834802984944763
TDMS-001784,B000710,2026-10-04 02:00:00,2026-10-04 02:55:00,55,OHE_Team_11,1,2,0.4611,MEDIUM,0.6617258630898739
TDMS-001729,B000042,2026-10-04 02:00:00,2026-10-04 03:10:00,70,OHE_Team_22,1,6,0.3508,LOW,0.5567752984944763
TDMS-002589,B000042,2026-10-04 02:00:00,2026-10-04 05:55:00,235,OHE_Team_21,1,6,0.2488,LOW,0.6293002984944762
TDMS-002850,B000710,2026-10-04 02:00:00,2026-10-04 02:50:00,50,OHE_Team_12,1,2,0.3564,LOW,0.6219825297565406
TDMS-001978,B000001,2026-10-04 02:20:00,2026-10-04 03:05:00,45,OHE_Team_09,1,7,0.4838,MEDIUM,0.6565881652229463
SMMS-002352,B000025,2026-10-04 02:25:00,2026-10-04 03:35:00,70,Signal_Team_02,1,7,0.6862,HIGH,0.689850388373369
TDMS-000309,B000136,2026-10-04 02:25:00,2026-10-04 03:20:00,55,OHE_Team_01,1,6,0.5185,MEDIUM,0.6159223115781597
TDMS-002742,B000001,2026-10-04 02:35:00,2026-10-04 03:35:00,60,OHE_Team_10,1,7,0.5055,MEDIUM,0.6755981652229462
TDMS-001557,B000136,2026-10-04 02:40:00,2026-10-04 04:30:00,110,OHE_Team_02,1,6,0.5966,MEDIUM,0.6737273115781597
SMMS-001083,B000615,2026-10-04 02:50:00,2026-10-04 03:55:00,65,Signal_Team_24,1,6,0.486,MEDIUM,0.676789981880876
TMS-001071,B000061,2026-10-04 03:00:00,2026-10-04 04:25:00,85,Track_Team_19,1,5,0.6474,MEDIUM,0.706450569585273
TDMS-000099,B000001,2026-10-04 03:05:00,2026-10-04 03:55:00,50,OHE_Team_09;Tower_Wagon_07,2,7,0.4986,MEDIUM,0.6509091176038986
TDMS-000095,B000061,2026-10-04 03:15:00,2026-10-04 04:15:00,60,OHE_Team_20,1,5,0.5762,MEDIUM,0.6694655695852729
SMMS-002495,B000615,2026-10-04 03:15:00,2026-10-04 03:50:00,35,Signal_Team_23,1,6,0.288,LOW,0.592389981880876
SMMS-002452,B000042,2026-10-04 03:20:00,2026-10-04 04:00:00,40,Signal_Team_21,1,6,0.4856,MEDIUM,0.5784652984944763
TDMS-002896,B000136,2026-10-04 03:20:00,2026-10-04 04:05:00,45,OHE_Team_01,1,6,0.4518,MEDIUM,0.5896623115781597
SMMS-001276,B000101,2026-10-04 03:25:00,2026-10-04 04:10:00,45,Signal_Team_09,1,6,0.136,LOW,0.48103061321307705
SMMS-002558,B000001,2026-10-04 03:35:00,2026-10-04 04:30:00,55,Signal_Team_10,1,7,0.6839,HIGH,0.7249514985562797
SMMS-002571,B000025,2026-10-04 03:35:00,2026-10-04 04:25:00,50,Signal_Team_02,1,7,0.6598,HIGH,0.669430388373369
TDMS-001809,B000061,2026-10-04 03:35:00,2026-10-04 04:45:00,70,OHE_Team_19,1,5,0.4472,MEDIUM,0.6370155695852728
TDMS-002074,B000001,2026-10-04 03:35:00,2026-10-04 04:15:00,40,OHE_Team_10,1,7,0.5932,MEDIUM,0.6852414985562796
TMS-001573,B000061,2026-10-04 03:40:00,2026-10-04 05:30:00,110,Track_Team_20,1,5,0.4293,MEDIUM,0.6566455695852729
TMS-000923,B000101,2026-10-04 03:45:00,2026-10-04 04:25:00,40,Track_Team_09,1,6,0.174,LOW,0.489305613213077
SMMS-001617,B000499,2026-10-04 03:50:00,2026-10-04 04:20:00,30,Signal_Team_23,1,1,0.0612,LOW,0.4909593325925129
SMMS-000872,B000042,2026-10-04 03:55:00,2026-10-04 05:40:00,105,Signal_Team_22,1,6,0.7765,HIGH,0.7063602984944762
TMS-003279,B000042,2026-10-04 04:10:00,2026-10-04 05:05:00,55,Track_Team_22,1,6,0.6123,MEDIUM,0.6258502984944763
SMMS-002631,B000101,2026-10-04 04:10:00,2026-10-04 04:50:00,40,Signal_Team_09,1,6,0.0988,LOW,0.46674561321307706
TDMS-000972,B000061,2026-10-04 04:15:00,2026-10-04 05:10:00,55,OHE_Team_20,1,5,0.3748,LOW,0.605920569585273
TMS-001679,B000061,2026-10-04 04:25:00,2026-10-04 05:05:00,40,Track_Team_19,1,5,0.353,LOW,0.5900055695852728
SMMS-000921,B000101,2026-10-04 04:30:00,2026-10-04 05:00:00,30,Signal_Team_10,1,6,0.2557,LOW,0.507565613213077
TMS-000934,B000042,2026-10-04 04:35:00,2026-10-04 05:20:00,45,Track_Team_21,1,6,0.4114,LOW,0.5593302984944762
TDMS-001455,B000061,2026-10-04 04:45:00,2026-10-04 05:30:00,45,OHE_Team_19,1,5,0.3918,LOW,0.6047705695852728
TMS-002338,B000042,2026-10-04 05:05:00,2026-10-04 05:55:00,50,Track_Team_22,1,6,0.4496,MEDIUM,0.5739152984944763
TMS-002024,B000042,2026-10-04 05:20:00,2026-10-04 06:00:00,40,Track_Team_21,1,6,0.5228,MEDIUM,0.5896252984944763
TMS-002189,B000245,2026-10-04 10:30:00,2026-10-04 12:20:00,110,Track_Team_10;Crane_04,2,2,0.44,MEDIUM,0.6751565897353365
SMMS-002735,B000407,2026-10-04 11:00:00,2026-10-04 11:50:00,50,Signal_Team_04,1,1,0.5369,MEDIUM,0.6418107898073431
SMMS-001316,B000407,2026-10-04 11:50:00,2026-10-04 12:30:00,40,Signal_Team_04,1,1,0.4216,LOW,0.5905541231406763
SMMS-001188,B000535,2026-10-04 14:30:00,2026-10-04 16:15:00,105,Signal_Team_12,1,2,0.5141,MEDIUM,0.6629588095743811
TMS-003790,B000535,2026-10-04 14:30:00,2026-10-04 14:55:00,25,Track_Team_11,1,2,0.1938,LOW,0.5002021429077145
TMS-003127,B000535,2026-10-04 14:55:00,2026-10-04 16:55:00,120,Track_Team_12,1,2,0.4546,MEDIUM,0.6576088095743812
TMS-000248,B000480,2026-10-04 15:00:00,2026-10-04 15:50:00,50,Track_Team_04,1,5,0.1021,LOW,0.5038153638941172
TMS-003403,B000480,2026-10-04 15:00:00,2026-10-04 15:35:00,35,Track_Team_03,1,5,0.1004,LOW,0.4939303638941171
TMS-000381,B000480,2026-10-04 15:50:00,2026-10-04 16:40:00,50,Track_Team_04,1,5,0.1155,LOW,0.5078353638941171
SMMS-001078,B000535,2026-10-04 16:15:00,2026-10-04 17:30:00,75,Signal_Team_12,1,2,0.6806,HIGH,0.6879088095743812
TMS-003665,B000480,2026-10-04 16:40:00,2026-10-04 17:25:00,45,Track_Team_04,1,5,0.1813,LOW,0.5244503638941171
TMS-003481,B000535,2026-10-04 16:55:00,2026-10-04 17:30:00,35,Track_Team_11,1,2,0.3277,LOW,0.5487054762410478
TMS-003260,B000480,2026-10-04 17:25:00,2026-10-04 18:00:00,35,Track_Team_04,1,5,0.071,LOW,0.48511036389411705
SMMS-000333,B000929,2026-10-04 18:00:00,2026-10-04 18:35:00,35,Signal_Team_06,1,4,0.5293,MEDIUM,0.7210831283933339
TDMS-001107,B000708,2026-10-04 22:30:00,2026-10-05 00:25:00,115,OHE_Team_13,1,2,0.7221,HIGH,0.7899092629338377
TDMS-002823,B000708,2026-10-04 22:30:00,2026-10-05 00:30:00,120,OHE_Team_14,1,2,0.6692,HIGH,0.7802892629338377
SMMS-001182,B000858,2026-10-04 22:30:00,2026-10-04 23:20:00,50,Signal_Team_13,1,5,0.2675,LOW,0.641745946903171
TMS-002393,B000642,2026-10-05 00:30:00,2026-10-05 03:15:00,165,Track_Team_12;Tamping_Machine_02,2,5,0.6619,HIGH,0.706432983904191
TMS-002841,B000642,2026-10-05 00:30:00,2026-10-05 02:45:00,135,Track_Team_11,1,5,0.663,HIGH,0.7080129839041911
SMMS-002062,B000541,2026-10-05 01:00:00,2026-10-05 02:50:00,110,Signal_Team_14,1,6,0.855,CRITICAL,0.8217858266666368
SMMS-002291,B000541,2026-10-05 01:00:00,2026-10-05 02:20:00,80,Signal_Team_13,1,6,0.9049,CRITICAL,0.7992558266666367
TDMS-001066,B000541,2026-10-05 01:00:00,2026-10-05 03:00:00,120,OHE_Team_13,1,6,0.8412,CRITICAL,0.8301458266666367
TMS-001072,B000541,2026-10-05 01:00:00,2026-10-05 02:50:00,110,Track_Team_13;Crane_04,2,6,0.8504,CRITICAL,0.80373915999997
TMS-001288,B000541,2026-10-05 01:00:00,2026-10-05 02:55:00,115,Track_Team_14,1,6,0.8354,CRITICAL,0.8221558266666368
TDMS-002161,B000937,2026-10-05 01:30:00,2026-10-05 02:15:00,45,OHE_Team_08,1,5,0.4458,MEDIUM,0.6372570086230065
TDMS-000797,B000937,2026-10-05 01:30:00,2026-10-05 02:05:00,35,OHE_Team_07,1,5,0.1696,LOW,0.5460636752896733
TMS-003002,B000010,2026-10-05 02:00:00,2026-10-05 05:55:00,235,Track_Team_04;Inspection_Unit_08,2,5,0.7611,HIGH,0.708059381442081
SMMS-000617,B000010,2026-10-05 02:00:00,2026-10-05 03:30:00,90,Signal_Team_04,1,5,0.6428,MEDIUM,0.6019443814420811
TMS-002533,B000010,2026-10-05 02:00:00,2026-10-05 05:30:00,210,Track_Team_03,1,5,0.5605,MEDIUM,0.6522543814420811
SMMS-000867,B000010,2026-10-05 02:00:00,2026-10-05 02:20:00,20,Signal_Team_03,1,5,0.3119,LOW,0.4589243814420811
TDMS-000086,B000937,2026-10-05 02:05:00,2026-10-05 02:40:00,35,OHE_Team_07;Tower_Wagon_02,2,5,0.2067,LOW,0.5371936752896731
TDMS-000641,B000937,2026-10-05 02:15:00,2026-10-05 02:40:00,25,OHE_Team_08,1,5,0.1801,LOW,0.5408803419563399
SMMS-001222,B000541,2026-10-05 02:20:00,2026-10-05 03:00:00,40,Signal_Team_13,1,6,0.756,HIGH,0.7045858266666367
TDMS-001193,B000010,2026-10-05 02:20:00,2026-10-05 04:55:00,155,OHE_Team_03,1,5,0.4513,MEDIUM,0.585119381442081
TMS-002702,B000309,2026-10-05 02:30:00,2026-10-05 03:15:00,45,Track_Team_02,1,3,0.4574,MEDIUM,0.6750201683524233
TMS-002034,B000309,2026-10-05 02:30:00,2026-10-05 03:20:00,50,Track_Team_01,1,3,0.3625,LOW,0.6548835016857566
TDMS-000324,B000937,2026-10-05 02:40:00,2026-10-05 03:05:00,25,OHE_Team_07,1,5,0.1879,LOW,0.54322034195634
TDMS-001247,B000267,2026-10-05 02:40:00,2026-10-05 03:20:00,40,OHE_Team_08,1,5,0.1197,LOW,0.5646778066062723
TMS-000162,B000642,2026-10-05 02:45:00,2026-10-05 03:30:00,45,Track_Team_11,1,5,0.4492,MEDIUM,0.5876229839041911
TDMS-001985,B000937,2026-10-05 03:05:00,2026-10-05 03:20:00,15,OHE_Team_07,1,5,0.2738,LOW,0.5606570086230065
TMS-000613,B000642,2026-10-05 03:15:00,2026-10-05 03:55:00,40,Track_Team_12,1,5,0.5822,MEDIUM,0.6243979839041911
TMS-003528,B000309,2026-10-05 03:15:00,2026-10-05 03:50:00,35,Track_Team_02,1,3,0.2163,LOW,0.5860235016857566
TMS-001809,B000309,2026-10-05 03:20:00,2026-10-05 03:55:00,35,Track_Team_01,1,3,0.4608,MEDIUM,0.6593735016857566
TDMS-001115,B000267,2026-10-05 03:20:00,2026-10-05 04:00:00,40,OHE_Team_07,1,5,0.1732,LOW,0.5807278066062722
TDMS-002375,B000267,2026-10-05 03:20:00,2026-10-05 03:55:00,35,OHE_Team_08,1,5,0.1526,LOW,0.5703811399396055
TDMS-000042,B000010,2026-10-05 03:30:00,2026-10-05 05:50:00,140,OHE_Team_04,1,5,0.4594,MEDIUM,0.5781743814420811
TMS-003301,B000642,2026-10-05 03:30:00,2026-10-05 04:10:00,40,Track_Team_11,1,5,0.396,LOW,0.5685379839041911
TDMS-001278,B000267,2026-10-05 03:55:00,2026-10-05 04:15:00,20,OHE_Team_08,1,5,0.0971,LOW,0.5412311399396055
SMMS-001427,B000010,2026-10-05 04:55:00,2026-10-05 06:00:00,65,Signal_Team_04,1,5,0.4441,MEDIUM,0.5267093814420811
SMMS-002980,B000010,2026-10-05 05:30:00,2026-10-05 06:00:00,30,Signal_Team_03,1,5,0.3101,LOW,0.4646343814420811
SMMS-000292,B000752,2026-10-05 09:00:00,2026-10-05 10:50:00,110,Signal_Team_23,1,5,0.4667,MEDIUM,0.6136356379231687
SMMS-001303,B000752,2026-10-05 09:00:00,2026-10-05 10:05:00,65,Signal_Team_24;Signal_Test_Unit_01,2,5,0.552,MEDIUM,0.5911006379231687
SMMS-002805,B000752,2026-10-05 10:05:00,2026-10-05 10:55:00,50,Signal_Team_24,1,5,0.4721,MEDIUM,0.5777556379231688
SMMS-000338,B000752,2026-10-05 10:55:00,2026-10-05 11:35:00,40,Signal_Team_24,1,5,0.3903,LOW,0.5469656379231687
SMMS-001819,B000752,2026-10-05 11:35:00,2026-10-05 12:05:00,30,Signal_Team_24,1,5,0.3553,LOW,0.5302156379231686
SMMS-000397,B000752,2026-10-05 12:05:00,2026-10-05 12:35:00,30,Signal_Team_24,1,5,0.4568,MEDIUM,0.5606656379231687
SMMS-000561,B000752,2026-10-05 12:35:00,2026-10-05 12:50:00,15,Signal_Team_24,1,5,0.5059,MEDIUM,0.5660206379231687
TMS-001307,B000713,2026-10-05 14:30:00,2026-10-05 15:15:00,45,Track_Team_18,1,3,0.4243,LOW,0.5901180128790285
TMS-002748,B000713,2026-10-05 14:30:00,2026-10-05 15:10:00,40,Track_Team_17,1,3,0.3773,LOW,0.5718513462123619
SMMS-000261,B000761,2026-10-05 22:30:00,2026-10-05 23:10:00,40,Signal_Team_24,1,5,0.5921,MEDIUM,0.779408688184756
TMS-001891,B000471,2026-10-05 22:30:00,2026-10-05 23:30:00,60,Track_Team_19,1,4,0.17,LOW,0.6084144445646442
TMS-002681,B000471,2026-10-05 22:30:00,2026-10-05 23:00:00,30,Track_Team_20,1,4,0.1582,LOW,0.5673744445646443
TDMS-001673,B000537,2026-10-05 23:00:00,2026-10-05 23:35:00,35,OHE_Team_13,1,1,0.4506,MEDIUM,0.46327723978054597
SMMS-000080,B000444,2026-10-05 23:00:00,2026-10-05 23:50:00,50,Signal_Team_15,1,3,0.1287,LOW,0.4968919845336143
TDMS-002348,B000444,2026-10-05 23:00:00,2026-10-06 00:05:00,65,OHE_Team_15,1,3,0.3665,LOW,0.5776069845336143
TDMS-002445,B000444,2026-10-05 23:00:00,2026-10-05 23:45:00,45,OHE_Team_16,1,3,0.0967,LOW,0.4841669845336142
SMMS-000116,B000196,2026-10-05 23:30:00,2026-10-06 00:20:00,50,Signal_Team_08,1,2,0.5776,MEDIUM,0.6575605885808017
SMMS-000081,B000196,2026-10-05 23:30:00,2026-10-06 00:05:00,35,Signal_Team_07,1,2,0.3793,LOW,0.5793205885808017
TMS-002584,B000471,2026-10-05 23:30:00,2026-10-06 00:15:00,45,Track_Team_19,1,4,0.197,LOW,0.5977644445646442
TDMS-000539,B000537,2026-10-05 23:35:00,2026-10-06 00:30:00,55,OHE_Team_14,1,1,0.5256,MEDIUM,0.5024439064472127
TDMS-002625,B000444,2026-10-05 23:45:00,2026-10-06 00:25:00,40,OHE_Team_16,1,3,0.1221,LOW,0.4886619845336142
SMMS-001564,B000444,2026-10-05 23:50:00,2026-10-06 00:40:00,50,Signal_Team_15,1,3,0.2577,LOW,0.5355919845336142
TDMS-001767,B000444,2026-10-06 00:05:00,2026-10-06 01:10:00,65,OHE_Team_15,1,3,0.2209,LOW,0.5339269845336142
SMMS-001469,B000196,2026-10-06 00:20:00,2026-10-06 00:55:00,35,Signal_Team_08,1,2,0.4572,MEDIUM,0.6026905885808017
TDMS-002468,B000672,2026-10-06 00:30:00,2026-10-06 02:45:00,135,OHE_Team_13,1,5,0.6601,HIGH,0.5304490162056372
SMMS-002884,B000537,2026-10-06 00:30:00,2026-10-06 01:15:00,45,Signal_Team_14,1,1,0.6179,MEDIUM,0.5218005731138794
TMS-000163,B000672,2026-10-06 00:30:00,2026-10-06 03:50:00,200,Track_Team_14,1,5,0.6176,MEDIUM,0.5583240162056373
TMS-002473,B000672,2026-10-06 00:30:00,2026-10-06 03:30:00,180,Track_Team_13,1,5,0.4304,MEDIUM,0.4896640162056372
SMMS-000619,B000444,2026-10-06 00:30:00,2026-10-06 01:20:00,50,Signal_Team_16,1,3,0.1523,LOW,0.5039719845336142
TDMS-002753,B000672,2026-10-06 00:30:00,2026-10-06 01:45:00,75,OHE_Team_14;Electrical_Isolation_Team_07,2,5,0.4268,LOW,0.4029590162056372
TDMS-002700,B000444,2026-10-06 00:40:00,2026-10-06 02:15:00,95,OHE_Team_16,1,3,0.1862,LOW,0.5422669845336142
SMMS-001008,B000196,2026-10-06 00:55:00,2026-10-06 01:15:00,20,Signal_Team_08,1,2,0.4222,LOW,0.5734405885808017
SMMS-002163,B000928,2026-10-06 01:00:00,2026-10-06 02:30:00,90,Signal_Team_04,1,4,0.8941,CRITICAL,0.8863416892402747
SMMS-002171,B000928,2026-10-06 01:00:00,2026-10-06 02:20:00,80,Signal_Team_03,1,4,0.8616,CRITICAL,0.8599250225736081
TDMS-001832,B000560,2026-10-06 01:00:00,2026-10-06 03:05:00,125,OHE_Team_23;Tower_Wagon_04,2,5,0.7958,CRITICAL,0.6149660252173896
TDMS-001821,B000560,2026-10-06 01:00:00,2026-10-06 02:45:00,105,OHE_Team_24,1,5,0.7689,HIGH,0.6143960252173897
TDMS-002175,B000619,2026-10-06 01:00:00,2026-10-06 02:45:00,105,OHE_Team_20,1,3,0.6577,HIGH,0.6848325237525253
TDMS-002658,B000619,2026-10-06 01:00:00,2026-10-06 02:50:00,110,OHE_Team_19;Tower_Wagon_07,2,3,0.6658,HIGH,0.6580958570858587
TMS-001292,B000560,2026-10-06 01:00:00,2026-10-06 04:35:00,215,Track_Team_24,1,5,0.6779,HIGH,0.6558460252173897
SMMS-000295,B000560,2026-10-06 01:00:00,2026-10-06 02:35:00,95,Signal_Team_23,1,5,0.627,MEDIUM,0.5655760252173896
SMMS-002699,B000026,2026-10-06 01:00:00,2026-10-06 01:40:00,40,Signal_Team_01,1,6,0.5188,MEDIUM,0.6322118608594846
TDMS-002999,B000026,2026-10-06 01:00:00,2026-10-06 03:10:00,130,OHE_Team_02,1,6,0.4951,MEDIUM,0.7001018608594846
TMS-000251,B000026,2026-10-06 01:00:00,2026-10-06 03:05:00,125,Track_Team_01,1,6,0.6033,MEDIUM,0.7283951941928178
TMS-001401,B000026,2026-10-06 01:00:00,2026-10-06 03:40:00,160,Track_Team_02,1,6,0.5475,MEDIUM,0.7408218608594845
SMMS-000531,B000026,2026-10-06 01:00:00,2026-10-06 02:40:00,100,Signal_Team_02,1,6,0.4133,LOW,0.6505618608594845
TDMS-002051,B000026,2026-10-06 01:00:00,2026-10-06 02:40:00,100,OHE_Team_01,1,6,0.2286,LOW,0.5951518608594846
SMMS-001121,B000444,2026-10-06 01:10:00,2026-10-06 02:00:00,50,Signal_Team_15,1,3,0.1956,LOW,0.5169619845336142
SMMS-001714,B000537,2026-10-06 01:15:00,2026-10-06 02:00:00,45,Signal_Team_13,1,1,0.5152,MEDIUM,0.49099057311387934
TDMS-001631,B000444,2026-10-06 01:20:00,2026-10-06 02:00:00,40,OHE_Team_15,1,3,0.1451,LOW,0.4955619845336142
SMMS-001305,B000551,2026-10-06 01:30:00,2026-10-06 03:05:00,95,Signal_Team_22,1,5,0.6601,HIGH,0.758661188306099
SMMS-002105,B000112,2026-10-06 01:30:00,2026-10-06 05:10:00,220,Signal_Team_05,1,7,0.6666,HIGH,0.7911423621442789
TMS-002538,B000551,2026-10-06 01:30:00,2026-10-06 03:25:00,115,Track_Team_21;Crane_07,2,5,0.6733,HIGH,0.7676211883060988
TMS-003534,B000551,2026-10-06 01:30:00,2026-10-06 03:30:00,120,Track_Team_22,1,5,0.6603,HIGH,0.7899711883060989
SMMS-002113,B000112,2026-10-06 01:30:00,2026-10-06 03:00:00,90,Signal_Team_06,1,7,0.6518,MEDIUM,0.7054523621442789
TDMS-000897,B000112,2026-10-06 01:30:00,2026-10-06 03:50:00,140,OHE_Team_06,1,7,0.304,LOW,0.6323623621442789
TDMS-001453,B000551,2026-10-06 01:30:00,2026-10-06 02:10:00,40,OHE_Team_22,1,5,0.193,LOW,0.5497811883060988
TDMS-002883,B000112,2026-10-06 01:30:00,2026-10-06 04:40:00,190,OHE_Team_05,1,7,0.1917,LOW,0.6299223621442789
TMS-002408,B000112,2026-10-06 01:30:00,2026-10-06 02:05:00,35,Track_Team_06,1,7,0.1277,LOW,0.513847362144279
TDMS-000137,B000672,2026-10-06 01:45:00,2026-10-06 02:50:00,65,OHE_Team_14,1,5,0.4315,MEDIUM,0.4181190162056372
SMMS-002879,B000039,2026-10-06 02:00:00,2026-10-06 04:45:00,165,Signal_Team_18,1,4,0.8233,CRITICAL,0.7623446941485525
TMS-000105,B000618,2026-10-06 02:00:00,2026-10-06 03:40:00,100,Track_Team_11,1,3,0.822,CRITICAL,0.8451733570806218
SMMS-000071,B000123,2026-10-06 02:00:00,2026-10-06 03:45:00,105,Signal_Team_15,1,5,0.7106,HIGH,0.7109366603133738
SMMS-000313,B000123,2026-10-06 02:00:00,2026-10-06 03:45:00,105,Signal_Team_16,1,5,0.7682,HIGH,0.7282166603133737
SMMS-001546,B000039,2026-10-06 02:00:00,2026-10-06 04:00:00,120,Signal_Team_17,1,4,0.7202,HIGH,0.6939146941485526
TDMS-002305,B000039,2026-10-06 02:00:00,2026-10-06 03:30:00,90,OHE_Team_17,1,4,0.6649,HIGH,0.6523246941485525
TMS-000088,B000618,2026-10-06 02:00:00,2026-10-06 03:40:00,100,Track_Team_12,1,3,0.6778,HIGH,0.8019133570806217
TMS-001155,B000039,2026-10-06 02:00:00,2026-10-06 03:55:00,115,Track_Team_17,1,4,0.6857,HIGH,0.6793980274818858
TDMS-000052,B000123,2026-10-06 02:00:00,2026-10-06 02:50:00,50,OHE_Team_15;Tower_Wagon_06,2,5,0.4463,MEDIUM,0.5658133269800403
TMS-001153,B000444,2026-10-06 02:00:00,2026-10-06 02:50:00,50,Track_Team_15,1,3,0.0661,LOW,0.47811198453361425
SMMS-001373,B000551,2026-10-06 02:10:00,2026-10-06 03:05:00,55,Signal_Team_21,1,5,0.5898,MEDIUM,0.6875711883060989
TDMS-002192,B000123,2026-10-06 02:15:00,2026-10-06 02:55:00,40,OHE_Team_16,1,5,0.6208,MEDIUM,0.6298299936467071
TMS-000134,B000342,2026-10-06 02:30:00,2026-10-06 03:10:00,40,Track_Team_09,1,3,0.0453,LOW,0.4986710170116738
TMS-000603,B000342,2026-10-06 02:30:00,2026-10-06 03:25:00,55,Track_Team_10,1,3,0.08,LOW,0.5184560170116739
SMMS-002272,B000560,2026-10-06 02:35:00,2026-10-06 03:55:00,80,Signal_Team_23,1,5,0.5822,MEDIUM,0.5427610252173896
SMMS-001758,B000026,2026-10-06 02:40:00,2026-10-06 03:25:00,45,Signal_Team_02,1,6,0.5373,MEDIUM,0.6419285275261513
SMMS-001719,B000560,2026-10-06 02:45:00,2026-10-06 04:20:00,95,Signal_Team_24,1,5,0.7888,CRITICAL,0.6141160252173896
TDMS-000180,B000672,2026-10-06 02:45:00,2026-10-06 03:45:00,60,OHE_Team_13,1,5,0.5955,MEDIUM,0.4641940162056372
TDMS-001290,B000619,2026-10-06 02:45:00,2026-10-06 03:30:00,45,OHE_Team_20,1,3,0.4286,LOW,0.5661025237525253
TMS-000606,B000123,2026-10-06 02:50:00,2026-10-06 05:00:00,130,Track_Team_15,1,5,0.8029,CRITICAL,0.759459993646707
TDMS-000167,B000672,2026-10-06 02:50:00,2026-10-06 03:45:00,55,OHE_Team_14,1,5,0.5159,MEDIUM,0.4371890162056372
TDMS-001325,B000619,2026-10-06 02:50:00,2026-10-06 03:30:00,40,OHE_Team_19,1,3,0.4476,MEDIUM,0.5676358570858586
TDMS-002401,B000123,2026-10-06 02:50:00,2026-10-06 03:30:00,40,OHE_Team_15,1,5,0.6474,MEDIUM,0.637809993646707
TDMS-001220,B000123,2026-10-06 02:55:00,2026-10-06 03:30:00,35,OHE_Team_16,1,5,0.5928,MEDIUM,0.6172633269800405
TMS-001484,B000635,2026-10-06 03:00:00,2026-10-06 04:35:00,95,Track_Team_06,1,6,0.7306,HIGH,0.7707104846626697
TMS-000054,B000635,2026-10-06 03:00:00,2026-10-06 05:45:00,165,Track_Team_05,1,6,0.6315,MEDIUM,0.799313817996003
TDMS-001694,B000560,2026-10-06 03:05:00,2026-10-06 04:30:00,85,OHE_Team_24,1,5,0.7897,CRITICAL,0.6081360252173897
TDMS-000212,B000560,2026-10-06 03:05:00,2026-10-06 04:55:00,110,OHE_Team_23,1,5,0.7055,HIGH,0.5985010252173897
TDMS-002736,B000026,2026-10-06 03:10:00,2026-10-06 03:50:00,40,OHE_Team_02,1,6,0.4203,LOW,0.6026618608594846
TMS-002741,B000342,2026-10-06 03:10:00,2026-10-06 03:45:00,35,Track_Team_09,1,3,0.0908,LOW,0.5091960170116738
TMS-003483,B000342,2026-10-06 03:25:00,2026-10-06 04:10:00,45,Track_Team_10,1,3,0.1066,LOW,0.5201860170116738
TDMS-001222,B000039,2026-10-06 03:30:00,2026-10-06 05:00:00,90,OHE_Team_17,1,4,0.6719,HIGH,0.6544246941485525
TDMS-002689,B000123,2026-10-06 03:30:00,2026-10-06 05:00:00,90,OHE_Team_16,1,5,0.6993,HIGH,0.6950466603133738
TDMS-002122,B000123,2026-10-06 03:30:00,2026-10-06 04:25:00,55,OHE_Team_15,1,5,0.4402,MEDIUM,0.5881499936467072
SMMS-000987,B000123,2026-10-06 03:45:00,2026-10-06 05:00:00,75,Signal_Team_15,1,5,0.43,MEDIUM,0.6017566603133737
TDMS-000350,B000672,2026-10-06 03:45:00,2026-10-06 04:25:00,40,OHE_Team_14,1,5,0.5159,MEDIUM,0.42781401620563725
TDMS-002876,B000672,2026-10-06 03:45:00,2026-10-06 04:15:00,30,OHE_Team_13,1,5,0.5032,MEDIUM,0.4177540162056372
SMMS-001918,B000123,2026-10-06 03:45:00,2026-10-06 05:00:00,75,Signal_Team_16,1,5,0.4192,LOW,0.5985166603133738
TMS-000191,B000342,2026-10-06 03:45:00,2026-10-06 04:15:00,30,Track_Team_09,1,3,0.0538,LOW,0.4949710170116738
TMS-003154,B000039,2026-10-06 03:55:00,2026-10-06 04:55:00,60,Track_Team_17,1,4,0.8867,CRITICAL,0.6938646941485527
SMMS-000133,B000560,2026-10-06 03:55:00,2026-10-06 05:00:00,65,Signal_Team_23,1,5,0.7768,HIGH,0.5917660252173897
TMS-001972,B000039,2026-10-06 04:00:00,2026-10-06 04:55:00,55,Track_Team_18,1,4,0.4505,MEDIUM,0.5588380274818858
TDMS-001750,B000123,2026-10-06 04:25:00,2026-10-06 05:00:00,35,OHE_Team_15,1,5,0.5954,MEDIUM,0.6180433269800405
TMS-000597,B000945,2026-10-06 10:30:00,2026-10-06 11:05:00,35,Track_Team_17,1,1,0.4569,MEDIUM,0.645223126539648
TDMS-002000,B000224,2026-10-06 11:00:00,2026-10-06 11:30:00,30,OHE_Team_12,1,1,0.1628,LOW,0.44453932155503906
TDMS-001054,B000224,2026-10-06 11:30:00,2026-10-06 13:25:00,115,OHE_Team_11,1,1,0.1796,LOW,0.5027043215550391
TDMS-001894,B000224,2026-10-06 13:25:00,2026-10-06 14:15:00,50,OHE_Team_12,1,1,0.3666,LOW,0.5181793215550391
TDMS-001956,B000224,2026-10-06 14:15:00,2026-10-06 14:50:00,35,OHE_Team_11,1,1,0.1448,LOW,0.44226432155503903
SMMS-001666,B000412,2026-10-06 14:30:00,2026-10-06 15:15:00,45,Signal_Team_08,1,2,0.6664,HIGH,0.7982338018427358
TMS-003377,B000412,2026-10-06 14:30:00,2026-10-06 15:15:00,45,Track_Team_07,1,2,0.7542,HIGH,0.8245738018427358
TDMS-001796,B000185,2026-10-06 15:00:00,2026-10-06 15:35:00,35,OHE_Team_22,1,5,0.3801,LOW,0.7052754993477268
TDMS-002573,B000185,2026-10-06 15:00:00,2026-10-06 15:55:00,55,OHE_Team_21,1,5,0.1528,LOW,0.6870854993477267
TDMS-002441,B000185,2026-10-06 15:35:00,2026-10-06 15:55:00,20,OHE_Team_22,1,5,0.1268,LOW,0.5917854993477267
TDMS-002159,B000564,2026-10-06 22:30:00,2026-10-07 00:05:00,95,OHE_Team_04,1,5,0.8409,CRITICAL,0.7628513615237162
TDMS-002411,B000564,2026-10-06 22:30:00,2026-10-07 00:00:00,90,OHE_Team_03,1,5,0.7178,HIGH,0.7217546948570495
SMMS-001532,B000512,2026-10-06 23:30:00,2026-10-07 00:15:00,45,Signal_Team_11,1,2,0.5451,MEDIUM,0.7254253525306346
SMMS-002221,B000512,2026-10-06 23:30:00,2026-10-07 00:20:00,50,Signal_Team_12,1,2,0.4965,MEDIUM,0.7191786858639678
TMS-000830,B000442,2026-10-06 23:30:00,2026-10-07 00:10:00,40,Track_Team_13,1,1,0.096,LOW,0.46820773779034497
TDMS-002622,B000564,2026-10-07 00:00:00,2026-10-07 01:15:00,75,OHE_Team_03,1,5,0.864,CRITICAL,0.7531146948570495
TDMS-002339,B000564,2026-10-07 00:05:00,2026-10-07 01:25:00,80,OHE_Team_04,1,5,0.9042,CRITICAL,0.7693413615237161
TMS-002621,B000442,2026-10-07 00:10:00,2026-10-07 00:50:00,40,Track_Team_13,1,1,0.1686,LOW,0.489987737790345
SMMS-001622,B000512,2026-10-07 00:15:00,2026-10-07 01:00:00,45,Signal_Team_11,1,2,0.5219,MEDIUM,0.7184653525306345
SMMS-002114,B000679,2026-10-07 00:30:00,2026-10-07 02:20:00,110,Signal_Team_04,1,6,0.7951,CRITICAL,0.8495546252475985
SMMS-001174,B000021,2026-10-07 00:30:00,2026-10-07 02:25:00,115,Signal_Team_21,1,7,0.4858,MEDIUM,0.7094494889713285
SMMS-001555,B000021,2026-10-07 00:30:00,2026-10-07 02:50:00,140,Signal_Team_22,1,7,0.5555,MEDIUM,0.7511928223046619
SMMS-002713,B000679,2026-10-07 00:30:00,2026-10-07 01:05:00,35,Signal_Team_03,1,6,0.5523,MEDIUM,0.6829646252475985
TDMS-000535,B000021,2026-10-07 00:30:00,2026-10-07 03:05:00,155,OHE_Team_22,1,7,0.4491,MEDIUM,0.7317728223046619
TDMS-002150,B000021,2026-10-07 00:30:00,2026-10-07 02:10:00,100,OHE_Team_21,1,7,0.531,MEDIUM,0.7105094889713286
TMS-001411,B000021,2026-10-07 00:30:00,2026-10-07 02:45:00,135,Track_Team_22,1,7,0.6152,MEDIUM,0.7649361556379952
TMS-000649,B000021,2026-10-07 00:30:00,2026-10-07 03:15:00,165,Track_Team_21,1,7,0.2068,LOW,0.6674161556379953
TMS-003624,B000679,2026-10-07 00:30:00,2026-10-07 01:20:00,50,Track_Team_04,1,6,0.357,LOW,0.6431246252475985
TMS-002790,B000442,2026-10-07 00:50:00,2026-10-07 01:30:00,40,Track_Team_13,1,1,0.2146,LOW,0.503787737790345
TDMS-002420,B000679,2026-10-07 01:25:00,2026-10-07 02:00:00,35,OHE_Team_04,1,6,0.2222,LOW,0.5839346252475985
TMS-002997,B000411,2026-10-07 01:30:00,2026-10-07 02:20:00,50,Track_Team_07,1,1,0.7874,CRITICAL,0.7760508722004557
TMS-001632,B000442,2026-10-07 01:30:00,2026-10-07 01:50:00,20,Track_Team_14,1,1,0.1389,LOW,0.4644110711236783
SMMS-002605,B000588,2026-10-07 02:00:00,2026-10-07 03:25:00,85,Signal_Team_15,1,3,0.7796,CRITICAL,0.7420673280529914
SMMS-002874,B000588,2026-10-07 02:00:00,2026-10-07 03:30:00,90,Signal_Team_16,1,3,0.812,CRITICAL,0.7559539947196581
TMS-000690,B000588,2026-10-07 02:00:00,2026-10-07 04:20:00,140,Track_Team_16,1,3,0.8086,CRITICAL,0.7966006613863247
TMS-000935,B000068,2026-10-07 02:00:00,2026-10-07 05:15:00,195,Track_Team_12,1,6,0.4425,MEDIUM,0.6975174359848341
TMS-003470,B000068,2026-10-07 02:00:00,2026-10-07 05:10:00,190,Track_Team_11,1,6,0.5583,MEDIUM,0.7291324359848341
SMMS-000190,B000291,2026-10-07 02:00:00,2026-10-07 02:40:00,40,Signal_Team_08,1,4,0.2647,LOW,0.6642668067407573
TDMS-000864,B000068,2026-10-07 02:00:00,2026-10-07 05:05:00,185,OHE_Team_12,1,6,0.1968,LOW,0.6175574359848341
TDMS-001340,B000068,2026-10-07 02:00:00,2026-10-07 02:40:00,40,OHE_Team_11,1,6,0.1631,LOW,0.5168224359848341
TMS-000878,B000291,2026-10-07 02:00:00,2026-10-07 02:50:00,50,Track_Team_08,1,4,0.3886,LOW,0.7181034734074241
TDMS-000332,B000021,2026-10-07 02:10:00,2026-10-07 03:20:00,70,OHE_Team_21,1,7,0.4919,MEDIUM,0.6737794889713286
TMS-002786,B000291,2026-10-07 02:20:00,2026-10-07 02:55:00,35,Track_Team_07,1,4,0.2773,LOW,0.6597134734074241
TDMS-000471,B000068,2026-10-07 02:40:00,2026-10-07 03:30:00,50,OHE_Team_11;Tower_Wagon_07,2,6,0.3112,LOW,0.5508357693181674
SMMS-000236,B000698,2026-10-07 03:00:00,2026-10-07 03:30:00,30,Signal_Team_03,1,4,0.8257,CRITICAL,0.8087419165336631
SMMS-000498,B000588,2026-10-07 03:25:00,2026-10-07 04:45:00,80,Signal_Team_15,1,3,0.7671,HIGH,0.7341506613863247
SMMS-000829,B000588,2026-10-07 03:30:00,2026-10-07 04:50:00,80,Signal_Team_16,1,3,0.6795,HIGH,0.7078706613863247
TMS-002271,B000711,2026-10-07 08:00:00,2026-10-07 08:45:00,45,Track_Team_16,1,2,0.4291,MEDIUM,0.6876090476193827
TMS-002595,B000711,2026-10-07 08:00:00,2026-10-07 08:55:00,55,Track_Team_15,1,2,0.4613,MEDIUM,0.7222690476193826
SMMS-000737,B000798,2026-10-07 10:30:00,2026-10-07 11:05:00,35,Signal_Team_01,1,1,0.3713,LOW,0.4462082183902273
SMMS-001230,B000485,2026-10-07 10:30:00,2026-10-07 11:05:00,35,Signal_Team_10,1,4,0.3201,LOW,0.6463084236135033
SMMS-002006,B000485,2026-10-07 10:30:00,2026-10-07 11:15:00,45,Signal_Team_09,1,4,0.3957,LOW,0.6856550902801699
TDMS-000250,B000485,2026-10-07 10:30:00,2026-10-07 11:45:00,75,OHE_Team_10,1,4,0.2194,LOW,0.6827650902801699
TDMS-001393,B000485,2026-10-07 10:30:00,2026-10-07 11:35:00,65,OHE_Team_09,1,4,0.1469,LOW,0.6443484236135033
SMMS-000486,B000485,2026-10-07 11:05:00,2026-10-07 11:45:00,40,Signal_Team_10,1,4,0.4869,MEDIUM,0.7046817569468367
SMMS-002355,B000798,2026-10-07 11:05:00,2026-10-07 11:55:00,50,Signal_Team_01,1,1,0.2345,LOW,0.4176682183902273
SMMS-002663,B000485,2026-10-07 11:15:00,2026-10-07 11:55:00,40,Signal_Team_09,1,4,0.2118,LOW,0.6221517569468367
SMMS-001473,B000924,2026-10-07 14:00:00,2026-10-07 14:55:00,55,Signal_Team_21,1,4,0.5201,MEDIUM,0.7465172560365203
TMS-002921,B000924,2026-10-07 14:00:00,2026-10-07 15:00:00,60,Track_Team_21,1,4,0.5311,MEDIUM,0.7623172560365203
TMS-003552,B000924,2026-10-07 14:00:00,2026-10-07 14:30:00,30,Track_Team_22;Crane_06,2,4,0.5083,MEDIUM,0.6554772560365204
SMMS-001983,B000722,2026-10-07 14:30:00,2026-10-07 15:05:00,35,Signal_Team_22,1,4,0.4302,MEDIUM,0.6896685087468966
TDMS-000103,B000722,2026-10-07 14:30:00,2026-10-07 15:20:00,50,OHE_Team_22,1,4,0.1987,LOW,0.6577185087468964
TDMS-002226,B000722,2026-10-07 14:30:00,2026-10-07 14:55:00,25,OHE_Team_21,1,4,0.1763,LOW,0.5884985087468964
TDMS-000333,B000722,2026-10-07 14:55:00,2026-10-07 15:20:00,25,OHE_Team_21,1,4,0.2384,LOW,0.6071285087468965
SMMS-001682,B000357,2026-10-07 16:30:00,2026-10-07 17:10:00,40,Signal_Team_01,1,3,0.3911,LOW,0.5001183090240595
SMMS-002208,B000357,2026-10-07 16:30:00,2026-10-07 17:20:00,50,Signal_Team_02,1,3,0.3234,LOW,0.4881416423573929
TDMS-001990,B000841,2026-10-07 17:00:00,2026-10-07 18:25:00,85,OHE_Team_04,1,4,0.8762,CRITICAL,0.8014224113529012
TDMS-001456,B000841,2026-10-07 17:00:00,2026-10-07 18:40:00,100,OHE_Team_03,1,4,0.7648,HIGH,0.7867524113529012
SMMS-002007,B000357,2026-10-07 17:20:00,2026-10-07 17:55:00,35,Signal_Team_02,1,3,0.541,MEDIUM,0.5409216423573929
SMMS-001247,B000357,2026-10-07 17:55:00,2026-10-07 18:30:00,35,Signal_Team_02,1,3,0.3506,LOW,0.48380164235739287
TDMS-002560,B000841,2026-10-07 18:25:00,2026-10-07 19:00:00,35,OHE_Team_04,1,4,0.6371,MEDIUM,0.6671924113529011
SMMS-001856,B000357,2026-10-07 18:30:00,2026-10-07 19:00:00,30,Signal_Team_02,1,3,0.4206,LOW,0.5006349756907262
TDMS-001190,B000841,2026-10-07 18:40:00,2026-10-07 19:00:00,20,OHE_Team_03,1,4,0.6151,MEDIUM,0.6418424113529011
SMMS-000947,B000989,2026-10-07 23:00:00,2026-10-07 23:30:00,30,Signal_Team_08,1,1,0.476,MEDIUM,0.665604028636163
SMMS-000791,B000561,2026-10-07 23:30:00,2026-10-08 01:20:00,110,Signal_Team_15,1,4,0.9107,CRITICAL,0.7567617515111895
SMMS-000868,B000561,2026-10-07 23:30:00,2026-10-08 01:20:00,110,Signal_Team_16,1,4,0.8962,CRITICAL,0.7524117515111894
TMS-003475,B000561,2026-10-07 23:30:00,2026-10-08 01:35:00,125,Track_Team_16;Crane_05,2,4,0.7804,CRITICAL,0.7051717515111894
SMMS-002234,B000100,2026-10-08 00:30:00,2026-10-08 02:15:00,105,Signal_Team_08,1,6,0.5123,MEDIUM,0.6986990379868178
TDMS-001865,B000100,2026-10-08 00:30:00,2026-10-08 02:15:00,105,OHE_Team_07,1,6,0.4329,MEDIUM,0.6748790379868178
TDMS-002491,B000072,2026-10-08 00:30:00,2026-10-08 01:05:00,35,OHE_Team_24,1,5,0.5318,MEDIUM,0.6438857291309135
TDMS-002941,B000072,2026-10-08 00:30:00,2026-10-08 02:45:00,135,OHE_Team_23,1,5,0.4709,MEDIUM,0.6881157291309135
TMS-000081,B000077,2026-10-08 00:30:00,2026-10-08 02:40:00,130,Track_Team_17,1,7,0.4618,MEDIUM,0.7447738057954918
TMS-002228,B000077,2026-10-08 00:30:00,2026-10-08 03:25:00,175,Track_Team_18,1,7,0.4433,MEDIUM,0.7767238057954918
TMS-002878,B000100,2026-10-08 00:30:00,2026-10-08 02:00:00,90,Track_Team_07,1,6,0.4711,MEDIUM,0.6738390379868178
SMMS-001634,B000100,2026-10-08 00:30:00,2026-10-08 01:50:00,80,Signal_Team_07,1,6,0.3229,LOW,0.6210457046534844
SMMS-002485,B000077,2026-10-08 00:30:00,2026-10-08 01:50:00,80,Signal_Team_17,1,7,0.051,LOW,0.5798671391288251
TDMS-000854,B000077,2026-10-08 00:30:00,2026-10-08 02:20:00,110,OHE_Team_18;Tower_Wagon_05,2,7,0.2646,LOW,0.6546614248431109
TDMS-002845,B000100,2026-10-08 00:30:00,2026-10-08 01:35:00,65,OHE_Team_08;Tower_Wagon_03,2,6,0.1824,LOW,0.5497290379868177
TMS-000343,B000316,2026-10-08 00:30:00,2026-10-08 01:15:00,45,Track_Team_08,1,5,0.3352,LOW,0.6126358274200228
TMS-003111,B000072,2026-10-08 00:30:00,2026-10-08 02:35:00,125,Track_Team_23;Tamping_Machine_03,2,5,0.4214,LOW,0.6470157291309133
SMMS-000107,B000643,2026-10-08 01:00:00,2026-10-08 02:15:00,75,Signal_Team_24,1,4,0.6773,HIGH,0.7792383706982795
SMMS-001339,B000643,2026-10-08 01:00:00,2026-10-08 02:50:00,110,Signal_Team_23,1,4,0.7692,HIGH,0.8505583706982796
TDMS-002693,B000827,2026-10-08 01:00:00,2026-10-08 02:30:00,90,OHE_Team_17,1,1,0.6957,HIGH,0.7309710492765894
TMS-002008,B000643,2026-10-08 01:00:00,2026-10-08 02:55:00,115,Track_Team_24,1,4,0.4702,MEDIUM,0.7671083706982795
TDMS-002981,B000643,2026-10-08 01:05:00,2026-10-08 03:00:00,115,OHE_Team_24,1,4,0.7805,CRITICAL,0.8601983706982794
SMMS-000425,B000561,2026-10-08 01:20:00,2026-10-08 02:25:00,65,Signal_Team_15,1,4,0.8824,CRITICAL,0.7107717515111893
SMMS-002301,B000561,2026-10-08 01:20:00,2026-10-08 02:10:00,50,Signal_Team_16,1,4,0.8163,CRITICAL,0.6784417515111894
TMS-001362,B000561,2026-10-08 01:35:00,2026-10-08 02:15:00,40,Track_Team_16,1,4,0.5934,MEDIUM,0.6032384181778561
TDMS-000419,B000100,2026-10-08 01:35:00,2026-10-08 03:00:00,85,OHE_Team_08,1,6,0.1793,LOW,0.5821323713201512
TMS-002723,B000100,2026-10-08 01:50:00,2026-10-08 03:30:00,100,Track_Team_08,1,6,0.6031,MEDIUM,0.721772371320151
SMMS-001085,B000100,2026-10-08 01:55:00,2026-10-08 02:45:00,50,Signal_Team_07,1,6,0.3316,LOW,0.5986557046534845
TMS-001040,B000100,2026-10-08 02:00:00,2026-10-08 03:30:00,90,Track_Team_07,1,6,0.6554,MEDIUM,0.7291290379868177
SMMS-000083,B000820,2026-10-08 02:10:00,2026-10-08 03:25:00,75,Signal_Team_16,1,1,0.7303,HIGH,0.6430440519837863
SMMS-002932,B000100,2026-10-08 02:15:00,2026-10-08 03:25:00,70,Signal_Team_08,1,6,0.6029,MEDIUM,0.6967123713201511
TDMS-000021,B000100,2026-10-08 02:15:00,2026-10-08 03:10:00,55,OHE_Team_07,1,6,0.168,LOW,0.5537423713201511
TMS-003205,B000072,2026-10-08 02:35:00,2026-10-08 04:30:00,115,Track_Team_23,1,5,0.4432,MEDIUM,0.6673057291309135
TDMS-002060,B000072,2026-10-08 02:45:00,2026-10-08 04:00:00,75,OHE_Team_23,1,5,0.4573,MEDIUM,0.6465357291309133
TMS-002160,B000072,2026-10-08 02:55:00,2026-10-08 03:50:00,55,Track_Team_24,1,5,0.1825,LOW,0.5515957291309135
TMS-003990,B000628,2026-10-08 03:00:00,2026-10-08 04:50:00,110,Track_Team_02,1,6,0.8421,CRITICAL,0.7529834925035562
TMS-000874,B000628,2026-10-08 03:00:00,2026-10-08 05:20:00,140,Track_Team_01,1,6,0.7246,HIGH,0.7427334925035562
SMMS-001815,B000674,2026-10-08 03:00:00,2026-10-08 04:45:00,105,Signal_Team_06,1,5,0.5983,MEDIUM,0.7889847295850259
SMMS-002242,B000865,2026-10-08 03:00:00,2026-10-08 04:00:00,60,Signal_Team_02,1,5,0.5159,MEDIUM,0.7650139036054464
TDMS-000381,B000072,2026-10-08 03:00:00,2026-10-08 04:30:00,90,OHE_Team_24,1,5,0.5323,MEDIUM,0.6784107291309134
SMMS-000915,B000865,2026-10-08 03:00:00,2026-10-08 03:35:00,35,Signal_Team_01,1,5,0.3835,LOW,0.6836272369387797
TDMS-001727,B000674,2026-10-08 03:00:00,2026-10-08 03:40:00,40,OHE_Team_05,1,5,0.2552,LOW,0.6048047295850258
TDMS-002666,B000674,2026-10-08 03:00:00,2026-10-08 04:10:00,70,OHE_Team_06,1,5,0.1974,LOW,0.6249647295850258
TMS-002580,B000674,2026-10-08 03:00:00,2026-10-08 03:45:00,45,Track_Team_05,1,5,0.1959,LOW,0.593264729585026
TDMS-002633,B000674,2026-10-08 04:10:00,2026-10-08 04:50:00,40,OHE_Team_06,1,5,0.227,LOW,0.5963447295850259
TMS-000152,B000628,2026-10-08 04:50:00,2026-10-08 05:40:00,50,Track_Team_02,1,6,0.467,MEDIUM,0.5904534925035563
TMS-000912,B000628,2026-10-08 05:20:00,2026-10-08 06:00:00,40,Track_Team_01,1,6,0.5932,MEDIUM,0.6199801591702229
TMS-000344,B000258,2026-10-08 09:00:00,2026-10-08 09:25:00,25,Track_Team_21,1,4,0.4665,MEDIUM,0.7423407848870278
TMS-002416,B000374,2026-10-08 16:30:00,2026-10-08 18:00:00,90,Track_Team_17,1,4,0.1882,LOW,0.6512175477133302
TMS-002844,B000374,2026-10-08 16:30:00,2026-10-08 17:05:00,35,Track_Team_18,1,4,0.1857,LOW,0.5817175477133303
SMMS-001224,B000048,2026-10-09 00:30:00,2026-10-09 01:15:00,45,Signal_Team_19,1,5,0.3269,LOW,0.5742719764365602
TDMS-000846,B000048,2026-10-09 00:30:00,2026-10-09 01:35:00,65,OHE_Team_20,1,5,0.1921,LOW,0.5504986431032268
TDMS-002695,B000048,2026-10-09 00:30:00,2026-10-09 01:05:00,35,OHE_Team_19,1,5,0.2689,LOW,0.5485386431032269
TMS-003730,B000048,2026-10-09 00:30:00,2026-10-09 01:20:00,50,Track_Team_19,1,5,0.2631,LOW,0.559298643103227
TMS-001526,B000048,2026-10-09 00:35:00,2026-10-09 01:25:00,50,Track_Team_20,1,5,0.2738,LOW,0.5625086431032269
SMMS-001507,B000140,2026-10-09 01:00:00,2026-10-09 03:15:00,135,Signal_Team_14,1,6,0.8099,CRITICAL,0.6325704949245087
TMS-000771,B000140,2026-10-09 01:00:00,2026-10-09 04:00:00,180,Track_Team_13,1,6,0.8281,CRITICAL,0.6661554949245088
SMMS-002250,B000023,2026-10-09 01:00:00,2026-10-09 04:10:00,190,Signal_Team_23,1,6,0.6817,HIGH,0.7778956861008647
SMMS-002887,B000140,2026-10-09 01:00:00,2026-10-09 03:25:00,145,Signal_Team_13,1,6,0.745,HIGH,0.6193504949245088
TDMS-000411,B000140,2026-10-09 01:00:00,2026-10-09 02:25:00,85,OHE_Team_14,1,6,0.767,HIGH,0.5884504949245087
TMS-002437,B000140,2026-10-09 01:00:00,2026-10-09 04:30:00,210,Track_Team_14,1,6,0.6875,HIGH,0.6427254949245088
SMMS-002232,B000023,2026-10-09 01:00:00,2026-10-09 04:00:00,180,Signal_Team_24,1,6,0.4983,MEDIUM,0.7166256861008647
TDMS-000522,B000140,2026-10-09 01:00:00,2026-10-09 03:15:00,135,OHE_Team_13,1,6,0.5035,MEDIUM,0.5406504949245088
TDMS-002386,B000319,2026-10-09 01:00:00,2026-10-09 01:45:00,45,OHE_Team_12,1,1,0.0609,LOW,0.5217314839376987
SMMS-000403,B000048,2026-10-09 01:05:00,2026-10-09 03:15:00,130,Signal_Team_20,1,5,0.3033,LOW,0.6380253097698936
TDMS-000204,B000048,2026-10-09 01:15:00,2026-10-09 02:25:00,70,OHE_Team_19,1,5,0.5146,MEDIUM,0.6514153097698936
TMS-000699,B000048,2026-10-09 01:25:00,2026-10-09 02:20:00,55,Track_Team_20,1,5,0.3943,LOW,0.6028253097698937
TDMS-001864,B000545,2026-10-09 01:30:00,2026-10-09 03:25:00,115,OHE_Team_23;Tower_Wagon_03,2,6,0.8,CRITICAL,0.7639047432211185
TMS-001423,B000545,2026-10-09 01:30:00,2026-10-09 03:30:00,120,Track_Team_24,1,6,0.6891,HIGH,0.7514680765544518
TMS-003697,B000545,2026-10-09 01:30:00,2026-10-09 03:30:00,120,Track_Team_23,1,6,0.7767,HIGH,0.7777480765544518
TDMS-002794,B000545,2026-10-09 01:30:00,2026-10-09 02:05:00,35,OHE_Team_24,1,6,0.6117,MEDIUM,0.6574147432211185
TDMS-000225,B000048,2026-10-09 01:35:00,2026-10-09 03:00:00,85,OHE_Team_20,1,5,0.4815,MEDIUM,0.6539853097698936
TMS-000357,B000319,2026-10-09 01:45:00,2026-10-09 02:20:00,35,Track_Team_11,1,1,0.131,LOW,0.5260948172710321
TDMS-002443,B000545,2026-10-09 02:05:00,2026-10-09 02:25:00,20,OHE_Team_24,1,6,0.5701,MEDIUM,0.6324347432211185
TDMS-000375,B000545,2026-10-09 02:25:00,2026-10-09 04:05:00,100,OHE_Team_24;Tower_Wagon_08,2,6,0.6888,HIGH,0.7180447432211184
TDMS-001682,B000140,2026-10-09 02:25:00,2026-10-09 03:00:00,35,OHE_Team_14,1,6,0.446,MEDIUM,0.4609004949245088
TDMS-001489,B000048,2026-10-09 02:25:00,2026-10-09 03:15:00,50,OHE_Team_19,1,5,0.4216,LOW,0.606848643103227
SMMS-000243,B000543,2026-10-09 02:30:00,2026-10-09 04:25:00,115,Signal_Team_06,1,6,0.7999,CRITICAL,0.8232980479500288
SMMS-000603,B000543,2026-10-09 02:30:00,2026-10-09 04:10:00,100,Signal_Team_05,1,6,0.7661,HIGH,0.7944080479500288
TDMS-002664,B000543,2026-10-09 02:30:00,2026-10-09 04:25:00,115,OHE_Team_05,1,6,0.6622,HIGH,0.7819880479500289
TMS-001439,B000543,2026-10-09 02:30:00,2026-10-09 04:20:00,110,Track_Team_05;Crane_01,2,6,0.6851,HIGH,0.7659413812833621
TMS-001821,B000543,2026-10-09 02:30:00,2026-10-09 04:25:00,115,Track_Team_06,1,6,0.6692,HIGH,0.7840880479500288
SMMS-000152,B000161,2026-10-09 02:30:00,2026-10-09 03:35:00,65,Signal_Team_22,1,5,0.2871,LOW,0.6455621396160902
SMMS-000559,B000161,2026-10-09 02:30:00,2026-10-09 03:25:00,55,Signal_Team_21,1,5,0.3387,LOW,0.6485421396160902
TMS-001554,B000598,2026-10-09 03:00:00,2026-10-09 04:30:00,90,Track_Team_01,1,3,0.8149,CRITICAL,0.8490862110026719
TMS-002088,B000547,2026-10-09 03:00:00,2026-10-09 04:45:00,105,Track_Team_21,1,5,0.7969,CRITICAL,0.7968004549926988
TMS-003210,B000547,2026-10-09 03:00:00,2026-10-09 04:55:00,115,Track_Team_22,1,5,0.8348,CRITICAL,0.8206704549926989
TMS-000879,B000598,2026-10-09 03:00:00,2026-10-09 04:55:00,115,Track_Team_02,1,3,0.6908,HIGH,0.8431062110026718
SMMS-002449,B000175,2026-10-09 03:00:00,2026-10-09 03:50:00,50,Signal_Team_12,1,3,0.4774,MEDIUM,0.7591845307871312
TDMS-000759,B000930,2026-10-09 03:00:00,2026-10-09 04:25:00,85,OHE_Team_06;Tower_Wagon_04,2,5,0.5339,MEDIUM,0.6762638479563412
TDMS-000930,B000175,2026-10-09 03:00:00,2026-10-09 04:00:00,60,OHE_Team_12,1,3,0.5392,MEDIUM,0.8027245307871311
TDMS-002877,B000175,2026-10-09 03:00:00,2026-10-09 04:00:00,60,OHE_Team_11,1,3,0.5017,MEDIUM,0.7914745307871311
SMMS-002909,B000838,2026-10-09 03:00:00,2026-10-09 03:40:00,40,Signal_Team_03,1,1,0.3147,LOW,0.5520308001213029
TDMS-000443,B000598,2026-10-09 03:00:00,2026-10-09 04:55:00,115,OHE_Team_02,1,3,0.1021,LOW,0.6664962110026719
TDMS-001777,B000048,2026-10-09 03:00:00,2026-10-09 03:30:00,30,OHE_Team_20,1,5,0.2288,LOW,0.5323419764365602
SMMS-000811,B000140,2026-10-09 03:15:00,2026-10-09 04:05:00,50,Signal_Team_14,1,6,0.5754,MEDIUM,0.5090954949245088
TDMS-002809,B000140,2026-10-09 03:15:00,2026-10-09 04:50:00,95,OHE_Team_14;Tower_Wagon_01,2,6,0.5163,MEDIUM,0.502823828257842
TDMS-002284,B000545,2026-10-09 03:25:00,2026-10-09 04:05:00,40,OHE_Team_23,1,6,0.6117,MEDIUM,0.6615814098877851
TDMS-002774,B000140,2026-10-09 03:25:00,2026-10-09 04:10:00,45,OHE_Team_13,1,6,0.4351,MEDIUM,0.4638804949245088
SMMS-001797,B000161,2026-10-09 03:25:00,2026-10-09 04:00:00,35,Signal_Team_21,1,5,0.3172,LOW,0.6170921396160902
TMS-000583,B000545,2026-10-09 03:30:00,2026-10-09 04:05:00,35,Track_Team_24,1,6,0.6322,MEDIUM,0.6635647432211185
TDMS-001367,B000838,2026-10-09 03:40:00,2026-10-09 04:20:00,40,OHE_Team_03,1,1,0.2008,LOW,0.5178608001213029
SMMS-002834,B000140,2026-10-09 04:00:00,2026-10-09 04:40:00,40,Signal_Team_13,1,6,0.5077,MEDIUM,0.48253549492450876
SMMS-001253,B000140,2026-10-09 04:05:00,2026-10-09 04:45:00,40,Signal_Team_14,1,6,0.692,HIGH,0.5378254949245087
TDMS-000469,B000545,2026-10-09 04:05:00,2026-10-09 04:25:00,20,OHE_Team_24,1,6,0.2544,LOW,0.5377247432211185
TDMS-000817,B000545,2026-10-09 04:05:00,2026-10-09 04:30:00,25,OHE_Team_23;Tower_Wagon_08,2,6,0.4014,LOW,0.5693247432211184
TMS-001596,B000545,2026-10-09 04:05:00,2026-10-09 04:30:00,25,Track_Team_24,1,6,0.3935,LOW,0.5836214098877851
SMMS-000778,B000023,2026-10-09 04:10:00,2026-10-09 05:00:00,50,Signal_Team_23,1,6,0.2945,LOW,0.5742356861008647
TDMS-001654,B000140,2026-10-09 04:10:00,2026-10-09 04:45:00,35,OHE_Team_13,1,6,0.2974,LOW,0.41632049492450873
SMMS-001640,B000838,2026-10-09 04:20:00,2026-10-09 05:00:00,40,Signal_Team_04,1,1,0.4477,MEDIUM,0.5919308001213028
SMMS-001809,B000930,2026-10-09 04:20:00,2026-10-09 05:00:00,40,Signal_Team_05,1,5,0.5249,MEDIUM,0.6373138479563412
SMMS-001127,B000930,2026-10-09 04:25:00,2026-10-09 05:00:00,35,Signal_Team_06,1,5,0.4548,MEDIUM,0.6100338479563412
TDMS-000210,B000930,2026-10-09 04:25:00,2026-10-09 04:55:00,30,OHE_Team_06,1,5,0.4114,LOW,0.5907638479563411
SMMS-000326,B000738,2026-10-09 10:00:00,2026-10-09 10:35:00,35,Signal_Team_08,1,3,0.5483,MEDIUM,0.6739976053751663
TMS-000821,B000849,2026-10-09 10:30:00,2026-10-09 11:25:00,55,Track_Team_18,1,4,0.0857,LOW,0.5554125250928206
TMS-000849,B000849,2026-10-09 10:30:00,2026-10-09 11:15:00,45,Track_Team_17,1,4,0.1998,LOW,0.5813091917594873
SMMS-001778,B000738,2026-10-09 10:35:00,2026-10-09 11:10:00,35,Signal_Team_08,1,3,0.6888,HIGH,0.7161476053751663
TMS-000394,B000849,2026-10-09 11:15:00,2026-10-09 11:55:00,40,Track_Team_17,1,4,0.067,LOW,0.5373025250928205
TMS-002045,B000849,2026-10-09 11:25:00,2026-10-09 12:15:00,50,Track_Team_18,1,4,0.1487,LOW,0.5701458584261538
TMS-001192,B000849,2026-10-09 12:15:00,2026-10-09 12:55:00,40,Track_Team_18,1,4,0.1194,LOW,0.5530225250928205
SMMS-001129,B000793,2026-10-09 13:00:00,2026-10-09 13:55:00,55,Signal_Team_16,1,5,0.5542,MEDIUM,0.7115319582937005
SMMS-002819,B000793,2026-10-09 13:00:00,2026-10-09 13:50:00,50,Signal_Team_15,1,5,0.3645,LOW,0.6483719582937006
SMMS-001857,B000793,2026-10-09 13:50:00,2026-10-09 14:40:00,50,Signal_Team_15,1,5,0.5282,MEDIUM,0.6974819582937006
TMS-001845,B000348,2026-10-09 14:00:00,2026-10-09 14:50:00,50,Track_Team_15,1,4,0.2364,LOW,0.6803165611272217
TMS-003474,B000348,2026-10-09 14:00:00,2026-10-09 14:30:00,30,Track_Team_16,1,4,0.1682,LOW,0.6098565611272218
TMS-001127,B000164,2026-10-09 14:30:00,2026-10-09 15:20:00,50,Track_Team_24,1,2,0.0595,LOW,0.5670284245797507
TMS-001766,B000164,2026-10-09 14:30:00,2026-10-09 15:00:00,30,Track_Team_23,1,2,0.1264,LOW,0.5537650912464174
TDMS-001389,B000791,2026-10-09 15:00:00,2026-10-09 16:00:00,60,OHE_Team_17,1,3,0.4547,MEDIUM,0.6365526481079159
TDMS-000651,B000791,2026-10-09 15:00:00,2026-10-09 15:55:00,55,OHE_Team_18,1,3,0.2937,LOW,0.5799193147745826
TMS-003308,B000164,2026-10-09 15:20:00,2026-10-09 16:00:00,40,Track_Team_24,1,2,0.0866,LOW,0.558491757913084
TMS-000515,B000731,2026-10-09 22:30:00,2026-10-10 01:55:00,205,Track_Team_20,1,4,0.5017,MEDIUM,0.7299993464984436
TDMS-001023,B000935,2026-10-09 22:30:00,2026-10-09 23:00:00,30,OHE_Team_03,1,5,0.4181,LOW,0.6640350114378462
TDMS-001656,B000935,2026-10-09 22:30:00,2026-10-09 23:10:00,40,OHE_Team_04,1,5,0.2519,LOW,0.6266750114378461
TMS-001507,B000731,2026-10-09 22:30:00,2026-10-10 01:25:00,175,Track_Team_19,1,4,0.24,LOW,0.6327393464984437
SMMS-002413,B000327,2026-10-09 23:00:00,2026-10-09 23:50:00,50,Signal_Team_20,1,5,0.6626,HIGH,0.7534133205820652
SMMS-002700,B000327,2026-10-09 23:00:00,2026-10-09 23:35:00,35,Signal_Team_19,1,5,0.4923,MEDIUM,0.6835733205820653
TDMS-001273,B000514,2026-10-09 23:00:00,2026-10-10 00:00:00,60,OHE_Team_13,1,1,0.4502,MEDIUM,0.665522630012349
TDMS-001585,B000935,2026-10-09 23:10:00,2026-10-09 23:50:00,40,OHE_Team_04;Tower_Wagon_05,2,5,0.4167,LOW,0.656115011437846
SMMS-001710,B000327,2026-10-09 23:50:00,2026-10-10 00:20:00,30,Signal_Team_20,1,5,0.4503,MEDIUM,0.6647233205820653
TDMS-002836,B000935,2026-10-09 23:50:00,2026-10-10 00:25:00,35,OHE_Team_04,1,5,0.4401,MEDIUM,0.676885011437846
TDMS-001337,B000514,2026-10-10 00:00:00,2026-10-10 00:30:00,30,OHE_Team_14,1,1,0.3846,LOW,0.595842630012349
SMMS-000841,B000053,2026-10-10 00:30:00,2026-10-10 02:20:00,110,Signal_Team_10,1,7,0.9048,CRITICAL,0.7279469336911502
SMMS-001749,B000053,2026-10-10 00:30:00,2026-10-10 02:05:00,95,Signal_Team_09,1,7,0.8354,CRITICAL,0.6977519336911502
TDMS-001688,B000053,2026-10-10 00:30:00,2026-10-10 02:30:00,120,OHE_Team_09;Tower_Wagon_06,2,7,0.856,CRITICAL,0.7052712194054358
TMS-001219,B000053,2026-10-10 00:30:00,2026-10-10 02:30:00,120,Track_Team_09,1,7,0.9022,CRITICAL,0.7334169336911501
TMS-001892,B000053,2026-10-10 00:30:00,2026-10-10 02:50:00,140,Track_Team_10,1,7,0.8398,CRITICAL,0.7271969336911501
TDMS-002330,B000053,2026-10-10 00:30:00,2026-10-10 02:50:00,140,OHE_Team_10,1,7,0.4589,MEDIUM,0.6129269336911501
SMMS-000871,B000041,2026-10-10 01:00:00,2026-10-10 02:25:00,85,Signal_Team_21,1,4,0.8135,CRITICAL,0.6925515860256319
SMMS-001032,B000041,2026-10-10 01:00:00,2026-10-10 02:30:00,90,Signal_Team_22,1,4,0.8502,CRITICAL,0.706686586025632
TMS-003397,B000041,2026-10-10 01:00:00,2026-10-10 03:15:00,135,Track_Team_21;Crane_05,2,4,0.8167,CRITICAL,0.699761586025632
TDMS-000159,B000085,2026-10-10 01:00:00,2026-10-10 02:10:00,70,OHE_Team_03,1,5,0.6909,HIGH,0.737591047158616
SMMS-000377,B000085,2026-10-10 01:00:00,2026-10-10 03:40:00,160,Signal_Team_04,1,5,0.5128,MEDIUM,0.7591610471586161
TMS-001682,B000085,2026-10-10 01:00:00,2026-10-10 03:40:00,160,Track_Team_03,1,5,0.4836,MEDIUM,0.750401047158616
TMS-003960,B000085,2026-10-10 01:00:00,2026-10-10 03:15:00,135,Track_Team_04,1,5,0.6462,MEDIUM,0.7783477138252828
SMMS-001367,B000085,2026-10-10 01:00:00,2026-10-10 02:10:00,70,Signal_Team_03,1,5,0.3851,LOW,0.6458510471586161
TMS-000712,B000731,2026-10-10 01:25:00,2026-10-10 02:05:00,40,Track_Team_19,1,4,0.4061,LOW,0.5981943464984436
SMMS-000608,B000008,2026-10-10 01:30:00,2026-10-10 04:10:00,160,Signal_Team_02,1,6,0.5141,MEDIUM,0.7437822292706276
SMMS-002381,B000008,2026-10-10 01:30:00,2026-10-10 03:50:00,140,Signal_Team_01,1,6,0.153,LOW,0.6229522292706277
TDMS-000255,B000064,2026-10-10 01:30:00,2026-10-10 02:30:00,60,OHE_Team_22,1,4,0.2087,LOW,0.5482301500887825
TDMS-002118,B000064,2026-10-10 01:30:00,2026-10-10 03:05:00,95,OHE_Team_21,1,4,0.3578,LOW,0.6148351500887825
TMS-000096,B000064,2026-10-10 01:30:00,2026-10-10 02:10:00,40,Track_Team_22,1,4,0.2541,LOW,0.5493501500887825
TMS-000838,B000008,2026-10-10 01:30:00,2026-10-10 04:25:00,175,Track_Team_01,1,6,0.0465,LOW,0.6128772292706277
TMS-002717,B000008,2026-10-10 01:30:00,2026-10-10 04:20:00,170,Track_Team_02,1,6,0.1004,LOW,0.6259222292706277
TMS-003935,B000076,2026-10-10 02:00:00,2026-10-10 04:10:00,130,Track_Team_14,1,7,0.8205,CRITICAL,0.7737652143187853
SMMS-001348,B000076,2026-10-10 02:00:00,2026-10-10 05:10:00,190,Signal_Team_14,1,7,0.7512,HIGH,0.7904752143187853
TDMS-002507,B000076,2026-10-10 02:00:00,2026-10-10 03:45:00,105,OHE_Team_13,1,7,0.6578,HIGH,0.7093302143187854
TMS-002811,B000076,2026-10-10 02:00:00,2026-10-10 04:20:00,140,Track_Team_13,1,7,0.764,HIGH,0.7630652143187854
SMMS-000310,B000659,2026-10-10 02:00:00,2026-10-10 03:20:00,80,Signal_Team_12,1,3,0.482,MEDIUM,0.7327089282684941
SMMS-001718,B000659,2026-10-10 02:00:00,2026-10-10 03:45:00,105,Signal_Team_11,1,3,0.4502,MEDIUM,0.7544189282684941
SMMS-002591,B000076,2026-10-10 02:00:00,2026-10-10 02:15:00,15,Signal_Team_13,1,7,0.5906,MEDIUM,0.6329202143187854
TDMS-001651,B000076,2026-10-10 02:00:00,2026-10-10 05:20:00,200,OHE_Team_14,1,7,0.6311,MEDIUM,0.7606952143187854
TMS-000243,B000659,2026-10-10 02:00:00,2026-10-10 03:50:00,110,Track_Team_11,1,3,0.5409,MEDIUM,0.787878928268494
SMMS-000360,B000053,2026-10-10 02:05:00,2026-10-10 03:40:00,95,Signal_Team_09,1,7,0.6523,MEDIUM,0.6428219336911501
TMS-003077,B000731,2026-10-10 02:05:00,2026-10-10 02:30:00,25,Track_Team_19,1,4,0.4094,LOW,0.5898093464984435
SMMS-002995,B000085,2026-10-10 02:10:00,2026-10-10 03:15:00,65,Signal_Team_03,1,5,0.4658,MEDIUM,0.6658943804919495
TDMS-002727,B000085,2026-10-10 02:10:00,2026-10-10 02:45:00,35,OHE_Team_03,1,5,0.4634,MEDIUM,0.6401743804919493
SMMS-001233,B000053,2026-10-10 02:20:00,2026-10-10 03:20:00,60,Signal_Team_10,1,7,0.5991,MEDIUM,0.6049869336911501
TMS-003778,B000041,2026-10-10 02:25:00,2026-10-10 05:00:00,155,Track_Team_22,1,4,0.8239,CRITICAL,0.7394215860256321
TMS-000506,B000053,2026-10-10 02:30:00,2026-10-10 03:45:00,75,Track_Team_09,1,7,0.8366,CRITICAL,0.6856119336911501
SMMS-001850,B000041,2026-10-10 02:30:00,2026-10-10 03:45:00,75,Signal_Team_21,1,4,0.7752,HIGH,0.6748115860256321
SMMS-001270,B000064,2026-10-10 02:30:00,2026-10-10 04:35:00,125,Signal_Team_22,1,4,0.553,MEDIUM,0.6921451500887825
TDMS-001836,B000053,2026-10-10 02:30:00,2026-10-10 04:15:00,105,OHE_Team_09,1,7,0.4691,MEDIUM,0.5941119336911501
TDMS-001321,B000064,2026-10-10 02:30:00,2026-10-10 03:45:00,75,OHE_Team_22,1,4,0.1952,LOW,0.5535551500887825
TDMS-002510,B000085,2026-10-10 02:45:00,2026-10-10 03:15:00,30,OHE_Team_03,1,5,0.2564,LOW,0.5739077138252826
TMS-001103,B000053,2026-10-10 02:50:00,2026-10-10 03:45:00,55,Track_Team_10,1,7,0.6725,HIGH,0.6238819336911501
TDMS-001164,B000053,2026-10-10 02:50:00,2026-10-10 03:40:00,50,OHE_Team_10;Electrical_Isolation_Team_07,2,7,0.4685,MEDIUM,0.5452712194054358
TDMS-001485,B000524,2026-10-10 03:00:00,2026-10-10 03:30:00,30,OHE_Team_23,1,1,0.4839,MEDIUM,0.6043280859758312
TDMS-002111,B000064,2026-10-10 03:05:00,2026-10-10 04:35:00,90,OHE_Team_21,1,4,0.1753,LOW,0.5569601500887824
TMS-001925,B000041,2026-10-10 03:15:00,2026-10-10 04:55:00,100,Track_Team_21;Rail_Grinder_04,2,4,0.6679,HIGH,0.6332465860256321
TDMS-000719,B000085,2026-10-10 03:15:00,2026-10-10 03:40:00,25,OHE_Team_03,1,5,0.4463,MEDIUM,0.6267110471586161
TDMS-002417,B000085,2026-10-10 03:15:00,2026-10-10 03:50:00,35,OHE_Team_04,1,5,0.4371,MEDIUM,0.6322843804919493
TMS-000937,B000085,2026-10-10 03:15:00,2026-10-10 04:00:00,45,Track_Team_04,1,5,0.4046,LOW,0.6308677138252827
TMS-001046,B000659,2026-10-10 03:20:00,2026-10-10 04:00:00,40,Track_Team_12,1,3,0.2166,LOW,0.603088928268494
TDMS-001782,B000085,2026-10-10 03:40:00,2026-10-10 04:00:00,20,OHE_Team_03,1,5,0.4532,MEDIUM,0.6246143804919493
SMMS-001697,B000041,2026-10-10 03:45:00,2026-10-10 04:50:00,65,Signal_Team_21,1,4,0.8387,CRITICAL,0.687611586025632
TDMS-000970,B000076,2026-10-10 03:45:00,2026-10-10 05:30:00,105,OHE_Team_13,1,7,0.6238,MEDIUM,0.6991302143187854
TMS-003524,B000053,2026-10-10 03:45:00,2026-10-10 04:30:00,45,Track_Team_09,1,7,0.6176,MEDIUM,0.6011619336911501
TDMS-001001,B000064,2026-10-10 03:45:00,2026-10-10 04:50:00,65,OHE_Team_22,1,4,0.1813,LOW,0.5431351500887824
TMS-001525,B000053,2026-10-10 03:45:00,2026-10-10 04:25:00,40,Track_Team_10,1,7,0.3887,LOW,0.5293669336911501
SMMS-000324,B000008,2026-10-10 03:50:00,2026-10-10 05:10:00,80,Signal_Team_01,1,6,0.3341,LOW,0.6397822292706277
TMS-003033,B000076,2026-10-10 04:10:00,2026-10-10 05:55:00,105,Track_Team_14,1,7,0.7861,CRITICAL,0.7478202143187853
SMMS-000618,B000008,2026-10-10 04:10:00,2026-10-10 05:30:00,80,Signal_Team_02,1,6,0.2555,LOW,0.6162022292706276
TMS-000155,B000076,2026-10-10 04:20:00,2026-10-10 05:05:00,45,Track_Team_13,1,7,0.6523,MEDIUM,0.6701802143187854
TMS-002154,B000064,2026-10-10 04:55:00,2026-10-10 05:30:00,35,Track_Team_21,1,4,0.228,LOW,0.5383951500887825
TMS-000636,B000064,2026-10-10 05:00:00,2026-10-10 05:25:00,25,Track_Team_22,1,4,0.2416,LOW,0.5362251500887825
TMS-002127,B000076,2026-10-10 05:05:00,2026-10-10 05:40:00,35,Track_Team_13,1,7,0.5693,MEDIUM,0.6390302143187854
TDMS-000202,B000706,2026-10-10 06:30:00,2026-10-10 07:00:00,30,OHE_Team_13,1,5,0.3283,LOW,0.6092822139696419
TDMS-002857,B000706,2026-10-10 06:30:00,2026-10-10 07:05:00,35,OHE_Team_14,1,5,0.2616,LOW,0.5976055473029753
TDMS-000009,B000706,2026-10-10 07:00:00,2026-10-10 07:35:00,35,OHE_Team_13,1,5,0.4302,MEDIUM,0.6481855473029754
TDMS-001646,B000706,2026-10-10 07:05:00,2026-10-10 07:50:00,45,OHE_Team_14,1,5,0.4314,MEDIUM,0.6652122139696419
TDMS-001731,B000732,2026-10-10 10:30:00,2026-10-10 11:40:00,70,OHE_Team_21,1,1,0.4873,MEDIUM,0.6515550342001099
TMS-001728,B000379,2026-10-10 10:30:00,2026-10-10 12:30:00,120,Track_Team_23,1,1,0.4192,LOW,0.6516428365812975
SMMS-001067,B000972,2026-10-10 13:00:00,2026-10-10 13:40:00,40,Signal_Team_11,1,4,0.2658,LOW,0.589892683915052
SMMS-001604,B000972,2026-10-10 13:00:00,2026-10-10 13:25:00,25,Signal_Team_12,1,4,0.2554,LOW,0.574272683915052
TDMS-002497,B000972,2026-10-10 13:00:00,2026-10-10 13:50:00,50,OHE_Team_12,1,4,0.139,LOW,0.5601860172483855
TDMS-002014,B000972,2026-10-10 13:15:00,2026-10-10 14:00:00,45,OHE_Team_11,1,4,0.2214,LOW,0.5807393505817189
TDMS-002183,B000972,2026-10-10 13:50:00,2026-10-10 14:25:00,35,OHE_Team_12,1,4,0.1428,LOW,0.5488260172483854
TDMS-000161,B000223,2026-10-10 14:00:00,2026-10-10 14:30:00,30,OHE_Team_11,1,2,0.2354,LOW,0.5669442838232875
TDMS-001523,B000223,2026-10-10 14:25:00,2026-10-10 15:00:00,35,OHE_Team_12,1,2,0.2406,LOW,0.5747542838232875
TDMS-001286,B000223,2026-10-10 14:30:00,2026-10-10 15:00:00,30,OHE_Team_11,1,2,0.1399,LOW,0.5382942838232876
TDMS-002039,B000223,2026-10-10 15:00:00,2026-10-10 15:35:00,35,OHE_Team_12,1,2,0.1425,LOW,0.5453242838232876
TDMS-001233,B000223,2026-10-10 15:35:00,2026-10-10 15:50:00,15,OHE_Team_12,1,2,0.115,LOW,0.5120742838232876
SMMS-000228,B000681,2026-10-10 23:00:00,2026-10-11 00:45:00,105,Signal_Team_20,1,5,0.7092,HIGH,0.750382722801938
TMS-000143,B000681,2026-10-10 23:00:00,2026-10-11 01:05:00,125,Track_Team_19,1,5,0.5596,MEDIUM,0.7180027228019379
SMMS-002011,B000681,2026-10-10 23:00:00,2026-10-10 23:35:00,35,Signal_Team_19,1,5,0.3444,LOW,0.597192722801938
TDMS-001548,B000681,2026-10-10 23:00:00,2026-10-11 00:10:00,70,OHE_Team_19,1,5,0.1817,LOW,0.5702577228019379
TMS-002813,B000681,2026-10-10 23:00:00,2026-10-11 01:35:00,155,Track_Team_20,1,5,0.4165,LOW,0.693822722801938
TDMS-001174,B000774,2026-10-10 23:30:00,2026-10-11 00:35:00,65,OHE_Team_20,1,2,0.4318,MEDIUM,0.6287811522297483
SMMS-000923,B000774,2026-10-10 23:35:00,2026-10-11 00:25:00,50,Signal_Team_19,1,2,0.3524,LOW,0.5924611522297483
SMMS-002357,B000681,2026-10-11 00:25:00,2026-10-11 02:10:00,105,Signal_Team_19,1,5,0.5185,MEDIUM,0.693172722801938
TDMS-000837,B000774,2026-10-11 00:25:00,2026-10-11 01:30:00,65,OHE_Team_19,1,2,0.4361,MEDIUM,0.6300711522297483
SMMS-000861,B000179,2026-10-11 00:30:00,2026-10-11 01:30:00,60,Signal_Team_16,1,5,0.2801,LOW,0.6936028443969169
SMMS-001060,B000179,2026-10-11 00:30:00,2026-10-11 01:10:00,40,Signal_Team_15,1,5,0.3576,LOW,0.6835195110635837
TDMS-000965,B000774,2026-10-11 00:35:00,2026-10-11 01:25:00,50,OHE_Team_20,1,2,0.3343,LOW,0.5870311522297483
SMMS-001010,B000681,2026-10-11 00:45:00,2026-10-11 01:25:00,40,Signal_Team_20,1,5,0.5073,MEDIUM,0.6491877228019378
SMMS-001821,B000179,2026-10-11 01:10:00,2026-10-11 01:45:00,35,Signal_Team_15;Cable_Team_04,2,5,0.3003,LOW,0.6379961777302503
TDMS-000602,B000774,2026-10-11 01:25:00,2026-10-11 02:10:00,45,OHE_Team_20,1,2,0.5181,MEDIUM,0.6380044855630816
TDMS-002534,B000774,2026-10-11 01:30:00,2026-10-11 02:20:00,50,OHE_Team_19,1,2,0.4638,MEDIUM,0.6258811522297483
SMMS-000179,B000011,2026-10-11 01:30:00,2026-10-11 02:40:00,70,Signal_Team_11,1,7,0.2578,LOW,0.5663533205227268
TDMS-000770,B000011,2026-10-11 01:30:00,2026-10-11 02:25:00,55,OHE_Team_12,1,7,0.1168,LOW,0.5146783205227268
TDMS-002867,B000011,2026-10-11 01:30:00,2026-10-11 02:15:00,45,OHE_Team_11;Electrical_Isolation_Team_02,2,7,0.116,LOW,0.49390260623701254
SMMS-000712,B000052,2026-10-11 02:00:00,2026-10-11 03:20:00,80,Signal_Team_23,1,6,0.8648,CRITICAL,0.7276102375474679
TDMS-002436,B000052,2026-10-11 02:00:00,2026-10-11 04:05:00,125,OHE_Team_23,1,6,0.6963,HIGH,0.705185237547468
TDMS-002844,B000052,2026-10-11 02:00:00,2026-10-11 03:30:00,90,OHE_Team_24;Tower_Wagon_03,2,6,0.4617,MEDIUM,0.5962635708808012
TMS-000157,B000052,2026-10-11 02:00:00,2026-10-11 05:30:00,210,Track_Team_24,1,6,0.5908,MEDIUM,0.7266602375474679
TMS-003230,B000052,2026-10-11 02:00:00,2026-10-11 05:00:00,180,Track_Team_23,1,6,0.4865,MEDIUM,0.6766202375474679
TDMS-000197,B000999,2026-10-11 02:30:00,2026-10-11 03:30:00,60,OHE_Team_11,1,3,0.7802,CRITICAL,0.6969590533708983
TDMS-002446,B000999,2026-10-11 02:30:00,2026-10-11 04:25:00,115,OHE_Team_12;Tower_Wagon_06,2,3,0.8282,CRITICAL,0.7467757200375648
SMMS-001715,B000630,2026-10-11 02:30:00,2026-10-11 04:20:00,110,Signal_Team_12,1,5,0.5088,MEDIUM,0.7872492256971639
TMS-003056,B000630,2026-10-11 02:30:00,2026-10-11 03:15:00,45,Track_Team_11,1,5,0.3875,LOW,0.669609225697164
TMS-003618,B000630,2026-10-11 02:30:00,2026-10-11 03:10:00,40,Track_Team_12,1,5,0.3634,LOW,0.656129225697164
SMMS-001722,B000630,2026-10-11 02:40:00,2026-10-11 04:05:00,85,Signal_Team_11,1,5,0.5088,MEDIUM,0.7559992256971639
TMS-000124,B000558,2026-10-11 03:00:00,2026-10-11 04:45:00,105,Track_Team_07,1,3,0.6696,HIGH,0.785996210026599
TMS-002439,B000558,2026-10-11 03:00:00,2026-10-11 05:00:00,120,Track_Team_08,1,3,0.6876,HIGH,0.810146210026599
SMMS-000916,B000699,2026-10-11 03:00:00,2026-10-11 03:45:00,45,Signal_Team_05,1,5,0.5802,MEDIUM,0.7514619746066418
SMMS-002388,B000699,2026-10-11 03:00:00,2026-10-11 03:55:00,55,Signal_Team_06,1,5,0.5615,MEDIUM,0.7625186412733085
TDMS-000254,B000699,2026-10-11 03:00:00,2026-10-11 03:45:00,45,OHE_Team_05,1,5,0.2251,LOW,0.6449319746066418
TDMS-001451,B000699,2026-10-11 03:00:00,2026-10-11 03:40:00,40,OHE_Team_06,1,5,0.2194,LOW,0.6348886412733084
TMS-003000,B000630,2026-10-11 03:10:00,2026-10-11 03:45:00,35,Track_Team_12,1,5,0.3394,LOW,0.6426792256971641
TMS-003626,B000630,2026-10-11 03:15:00,2026-10-11 04:00:00,45,Track_Team_11,1,5,0.4063,LOW,0.6752492256971641
SMMS-002049,B000052,2026-10-11 03:20:00,2026-10-11 04:40:00,80,Signal_Team_23,1,6,0.6148,MEDIUM,0.6526102375474679
TDMS-001622,B000052,2026-10-11 03:30:00,2026-10-11 04:00:00,30,OHE_Team_24,1,6,0.5451,MEDIUM,0.600450237547468
TDMS-001924,B000999,2026-10-11 03:30:00,2026-10-11 04:05:00,35,OHE_Team_11,1,3,0.5074,MEDIUM,0.5838690533708981
TDMS-001949,B000699,2026-10-11 03:40:00,2026-10-11 04:05:00,25,OHE_Team_06,1,5,0.4324,MEDIUM,0.6737886412733083
TDMS-002023,B000699,2026-10-11 03:45:00,2026-10-11 04:30:00,45,OHE_Team_05,1,5,0.5191,MEDIUM,0.7331319746066418
TMS-001696,B000630,2026-10-11 03:45:00,2026-10-11 04:10:00,25,Track_Team_12,1,5,0.3881,LOW,0.6447892256971639
SMMS-002236,B000699,2026-10-11 03:55:00,2026-10-11 04:30:00,35,Signal_Team_06,1,5,0.5046,MEDIUM,0.7121153079399751
TDMS-000673,B000999,2026-10-11 04:05:00,2026-10-11 04:30:00,25,OHE_Team_11,1,3,0.5778,MEDIUM,0.5924890533708982
TDMS-000718,B000052,2026-10-11 04:05:00,2026-10-11 05:25:00,80,OHE_Team_23,1,6,0.429,MEDIUM,0.5968702375474679
TDMS-001951,B000699,2026-10-11 04:05:00,2026-10-11 04:25:00,20,OHE_Team_06,1,5,0.502,MEDIUM,0.686335307939975
TMS-001008,B000052,2026-10-11 05:00:00,2026-10-11 05:40:00,40,Track_Team_23,1,6,0.4119,LOW,0.5667402375474679
TDMS-000143,B000052,2026-10-11 05:25:00,2026-10-11 05:55:00,30,OHE_Team_23,1,6,0.4427,MEDIUM,0.5697302375474679
TMS-003569,B000052,2026-10-11 05:30:00,2026-10-11 06:00:00,30,Track_Team_24,1,6,0.3692,LOW,0.5476802375474679
SMMS-000511,B000718,2026-10-11 07:00:00,2026-10-11 08:00:00,60,Signal_Team_23,1,4,0.6111,MEDIUM,0.5870122869149597
SMMS-000679,B000718,2026-10-11 07:00:00,2026-10-11 08:00:00,60,Signal_Team_24,1,4,0.5948,MEDIUM,0.5821222869149596
TMS-003097,B000283,2026-10-11 10:30:00,2026-10-11 12:50:00,140,Track_Team_23;Rail_Grinder_02,2,4,0.5965,MEDIUM,0.7257041117684742
TMS-003224,B000283,2026-10-11 10:30:00,2026-10-11 11:00:00,30,Track_Team_24;Inspection_Unit_02,2,4,0.376,LOW,0.5678874451018074
TMS-001459,B000872,2026-10-11 11:00:00,2026-10-11 11:40:00,40,Track_Team_07,1,3,0.6603,HIGH,0.757939197324464
TMS-002124,B000283,2026-10-11 11:00:00,2026-10-11 12:45:00,105,Track_Team_24;Crane_08,2,4,0.5066,MEDIUM,0.6695674451018075
TMS-002758,B000872,2026-10-11 11:00:00,2026-10-11 11:55:00,55,Track_Team_08,1,3,0.4014,LOW,0.7177691973244641
TMS-003834,B000283,2026-10-11 12:50:00,2026-10-11 13:30:00,40,Track_Team_23,1,4,0.212,LOW,0.5520207784351407
SMMS-001425,B000249,2026-10-11 13:00:00,2026-10-11 13:55:00,55,Signal_Team_13,1,3,0.4341,MEDIUM,0.7114599288287116
SMMS-001986,B000249,2026-10-11 13:00:00,2026-10-11 14:20:00,80,Signal_Team_14,1,3,0.4346,MEDIUM,0.7532765954953782
SMMS-001964,B000476,2026-10-11 14:00:00,2026-10-11 14:35:00,35,Signal_Team_24,1,2,0.222,LOW,0.5437022456040683
TDMS-000775,B000880,2026-10-11 14:00:00,2026-10-11 15:00:00,60,OHE_Team_21;Tower_Wagon_04,2,2,0.3628,LOW,0.5050563196406488
SMMS-000485,B000476,2026-10-11 14:35:00,2026-10-11 15:00:00,25,Signal_Team_24,1,2,0.1085,LOW,0.501318912270735
SMMS-001824,B000880,2026-10-11 15:00:00,2026-10-11 15:45:00,45,Signal_Team_22,1,2,0.6882,HIGH,0.6401763196406488
SMMS-000516,B000880,2026-10-11 15:00:00,2026-10-11 15:45:00,45,Signal_Team_21,1,2,0.5248,MEDIUM,0.5911563196406489
SMMS-000409,B000387,2026-10-11 15:00:00,2026-10-11 15:35:00,35,Signal_Team_07,1,5,0.2645,LOW,0.6593200411878188
SMMS-000550,B000387,2026-10-11 15:00:00,2026-10-11 15:55:00,55,Signal_Team_08,1,5,0.266,LOW,0.709770041187819
TDMS-002306,B000536,2026-10-11 15:00:00,2026-10-11 15:45:00,45,OHE_Team_11;Tower_Wagon_01,2,5,0.2084,LOW,0.68535222769576
TDMS-002739,B000536,2026-10-11 15:00:00,2026-10-11 15:25:00,25,OHE_Team_12,1,5,0.3272,LOW,0.6743255610290932
TMS-003299,B000536,2026-10-11 15:00:00,2026-10-11 15:45:00,45,Track_Team_12,1,5,0.3253,LOW,0.7404222276957599
TMS-003889,B000266,2026-10-11 15:00:00,2026-10-11 15:40:00,40,Track_Team_06,1,1,0.2986,LOW,0.5402380582547254
TDMS-001400,B000536,2026-10-11 15:25:00,2026-10-11 15:45:00,20,OHE_Team_12,1,5,0.1476,LOW,0.6037788943624267
TMS-002800,B000266,2026-10-11 15:40:00,2026-10-11 16:35:00,55,Track_Team_06,1,1,0.1358,LOW,0.5101480582547253
SMMS-000300,B000880,2026-10-11 15:45:00,2026-10-11 16:25:00,40,Signal_Team_22,1,2,0.5424,MEDIUM,0.5922696529739822
TDMS-001887,B000880,2026-10-11 15:45:00,2026-10-11 16:25:00,40,OHE_Team_22,1,2,0.3562,LOW,0.5364096529739821
SMMS-002069,B000880,2026-10-11 16:25:00,2026-10-11 17:00:00,35,Signal_Team_22;Cable_Team_01,2,2,0.5686,MEDIUM,0.5459629863073154
TDMS-000566,B000931,2026-10-11 16:30:00,2026-10-11 17:55:00,85,OHE_Team_18,1,2,0.6677,HIGH,0.755414529694911
TDMS-002760,B000931,2026-10-11 16:30:00,2026-10-11 18:00:00,90,OHE_Team_17,1,2,0.6862,HIGH,0.7692978630282443
SMMS-002366,B000266,2026-10-11 16:35:00,2026-10-11 16:55:00,20,Signal_Team_06,1,1,0.0688,LOW,0.44629805825472535
SMMS-000565,B000747,2026-10-11 19:00:00,2026-10-11 19:50:00,50,Signal_Team_14,1,2,0.479,MEDIUM,0.7107871552343908
SMMS-002774,B000747,2026-10-11 19:00:00,2026-10-11 19:55:00,55,Signal_Team_13,1,2,0.5743,MEDIUM,0.7518771552343909
TDMS-000158,B000656,2026-10-11 23:00:00,2026-10-12 00:45:00,105,OHE_Team_04,1,3,0.663,HIGH,0.700659435998016
TDMS-000946,B000889,2026-10-11 23:00:00,2026-10-12 00:00:00,60,OHE_Team_10,1,1,0.6813,HIGH,0.7946985098295815
TDMS-002204,B000656,2026-10-11 23:00:00,2026-10-12 00:55:00,115,OHE_Team_03,1,3,0.663,HIGH,0.7069094359980159
TMS-003012,B000687,2026-10-11 23:00:00,2026-10-12 02:10:00,190,Track_Team_15,1,6,0.6819,HIGH,0.6609008034547563
TMS-003946,B000687,2026-10-11 23:00:00,2026-10-12 02:20:00,200,Track_Team_16,1,6,0.6703,HIGH,0.6636708034547564
SMMS-000729,B000962,2026-10-11 23:00:00,2026-10-11 23:50:00,50,Signal_Team_01,1,3,0.4531,MEDIUM,0.6917513235636322
SMMS-001347,B000656,2026-10-11 23:00:00,2026-10-12 00:05:00,65,Signal_Team_04,1,3,0.4884,MEDIUM,0.6232794359980159
SMMS-001957,B000687,2026-10-11 23:00:00,2026-10-11 23:35:00,35,Signal_Team_16,1,6,0.3995,LOW,0.47930580345475626
SMMS-002214,B000962,2026-10-11 23:00:00,2026-10-11 23:45:00,45,Signal_Team_02,1,3,0.3812,LOW,0.6618479902302988
SMMS-002575,B000687,2026-10-11 23:00:00,2026-10-11 23:30:00,30,Signal_Team_15,1,6,0.3258,LOW,0.45407080345475637
TDMS-000922,B000962,2026-10-11 23:00:00,2026-10-11 23:45:00,45,OHE_Team_02,1,3,0.1984,LOW,0.6070079902302989
SMMS-002528,B000687,2026-10-11 23:30:00,2026-10-12 01:20:00,110,Signal_Team_15,1,6,0.3473,LOW,0.5105208034547563
SMMS-002856,B000687,2026-10-11 23:35:00,2026-10-12 01:40:00,125,Signal_Team_16;Cable_Team_05,2,6,0.4878,MEDIUM,0.5453791367880897
SMMS-002861,B000962,2026-10-11 23:45:00,2026-10-12 00:25:00,40,Signal_Team_02,1,3,0.5281,MEDIUM,0.6975846568969656
SMMS-001541,B000656,2026-10-12 00:05:00,2026-10-12 01:45:00,100,Signal_Team_03,1,3,0.6166,MEDIUM,0.683614435998016
TMS-003748,B000652,2026-10-12 00:30:00,2026-10-12 04:20:00,230,Track_Team_09,1,4,0.6842,HIGH,0.8232304752548669
SMMS-002769,B000098,2026-10-12 00:30:00,2026-10-12 02:40:00,130,Signal_Team_06,1,7,0.617,MEDIUM,0.7809068365200215
TDMS-000207,B000098,2026-10-12 00:30:00,2026-10-12 02:35:00,125,OHE_Team_06,1,7,0.6561,MEDIUM,0.7884701698533548
TDMS-000505,B000018,2026-10-12 00:30:00,2026-10-12 04:25:00,235,OHE_Team_16,1,5,0.6007,MEDIUM,0.7808920727139164
SMMS-000020,B000652,2026-10-12 00:30:00,2026-10-12 02:10:00,100,Signal_Team_09,1,4,0.3998,LOW,0.656660475254867
SMMS-002737,B000652,2026-10-12 00:30:00,2026-10-12 01:40:00,70,Signal_Team_10,1,4,0.3613,LOW,0.626360475254867
TDMS-000485,B000652,2026-10-12 00:30:00,2026-10-12 01:05:00,35,OHE_Team_10,1,4,0.0637,LOW,0.5152054752548669
TDMS-001212,B000018,2026-10-12 00:30:00,2026-10-12 01:25:00,55,OHE_Team_15,1,5,0.2821,LOW,0.5728120727139163
TDMS-002025,B000098,2026-10-12 00:30:00,2026-10-12 02:00:00,90,OHE_Team_05,1,7,0.1992,LOW,0.6222335031866881
TMS-001589,B000098,2026-10-12 00:30:00,2026-10-12 03:20:00,170,Track_Team_06;Crane_04,2,7,0.1836,LOW,0.6699344555676405
TMS-002503,B000098,2026-10-12 00:30:00,2026-10-12 01:15:00,45,Track_Team_05,1,7,0.2084,LOW,0.5874935031866881
SMMS-000646,B000098,2026-10-12 00:40:00,2026-10-12 03:30:00,170,Signal_Team_05,1,7,0.4558,MEDIUM,0.7658801698533548
TDMS-001620,B000656,2026-10-12 00:45:00,2026-10-12 02:10:00,85,OHE_Team_04,1,3,0.6004,MEDIUM,0.669379435998016
SMMS-001563,B000656,2026-10-12 00:55:00,2026-10-12 02:30:00,95,Signal_Team_04,1,3,0.7729,HIGH,0.727379435998016
TDMS-000450,B000096,2026-10-12 01:00:00,2026-10-12 03:00:00,120,OHE_Team_01,1,4,0.1917,LOW,0.5528593459700848
TDMS-000684,B000692,2026-10-12 01:00:00,2026-10-12 01:35:00,35,OHE_Team_23,1,3,0.344,LOW,0.672231600388304
TDMS-000943,B000096,2026-10-12 01:00:00,2026-10-12 03:00:00,120,OHE_Team_02,1,4,0.3317,LOW,0.5948593459700848
TMS-002451,B000096,2026-10-12 01:05:00,2026-10-12 03:10:00,125,Track_Team_01;Crane_03,2,4,0.4507,MEDIUM,0.6086843459700849
TDMS-001666,B000652,2026-10-12 01:05:00,2026-10-12 02:35:00,90,OHE_Team_09,1,4,0.0846,LOW,0.555850475254867
SMMS-001257,B000018,2026-10-12 01:20:00,2026-10-12 02:40:00,80,Signal_Team_15,1,5,0.7246,HIGH,0.7211870727139165
TDMS-002519,B000018,2026-10-12 01:25:00,2026-10-12 02:25:00,60,OHE_Team_15,1,5,0.1978,LOW,0.5506470727139163
SMMS-001747,B000687,2026-10-12 01:40:00,2026-10-12 02:15:00,35,Signal_Team_16,1,6,0.3903,LOW,0.4765458034547563
TDMS-002884,B000656,2026-10-12 01:45:00,2026-10-12 03:00:00,75,OHE_Team_03,1,3,0.4876,MEDIUM,0.6292894359980159
SMMS-002994,B000019,2026-10-12 02:00:00,2026-10-12 04:10:00,130,Signal_Team_20,1,4,0.3886,LOW,0.6617797754097983
TMS-001348,B000019,2026-10-12 02:00:00,2026-10-12 03:50:00,110,Track_Team_20;Tamping_Machine_03,2,4,0.3847,LOW,0.6231097754097984
TMS-002736,B000019,2026-10-12 02:00:00,2026-10-12 05:40:00,220,Track_Team_19,1,4,0.4221,LOW,0.7280797754097983
SMMS-001586,B000656,2026-10-12 02:10:00,2026-10-12 03:00:00,50,Signal_Team_03,1,3,0.4934,MEDIUM,0.615404435998016
TMS-001142,B000018,2026-10-12 02:10:00,2026-10-12 04:25:00,135,Track_Team_15,1,5,0.6211,MEDIUM,0.7245120727139163
TMS-003229,B000652,2026-10-12 02:10:00,2026-10-12 04:20:00,130,Track_Team_10;Crane_02,2,4,0.5029,MEDIUM,0.681340475254867
SMMS-002222,B000018,2026-10-12 02:15:00,2026-10-12 03:40:00,85,Signal_Team_16,1,5,0.7835,CRITICAL,0.7419820727139164
TMS-003792,B000687,2026-10-12 02:20:00,2026-10-12 02:55:00,35,Track_Team_16,1,6,0.4442,MEDIUM,0.4927158034547563
TDMS-000616,B000018,2026-10-12 02:25:00,2026-10-12 03:10:00,45,OHE_Team_15,1,5,0.406,LOW,0.6037320727139164
SMMS-002870,B000652,2026-10-12 02:35:00,2026-10-12 03:55:00,80,Signal_Team_09,1,4,0.4549,MEDIUM,0.660690475254867
TDMS-001591,B000098,2026-10-12 02:35:00,2026-10-12 03:15:00,40,OHE_Team_06,1,7,0.227,LOW,0.5889068365200215
SMMS-002085,B000018,2026-10-12 02:40:00,2026-10-12 03:25:00,45,Signal_Team_15,1,5,0.3617,LOW,0.5904420727139164
TDMS-001892,B000580,2026-10-12 03:00:00,2026-10-12 07:00:00,240,OHE_Team_09,1,4,0.6864,HIGH,0.7919266680449051
SMMS-000064,B000096,2026-10-12 03:00:00,2026-10-12 04:45:00,105,Signal_Team_02,1,4,0.453,MEDIUM,0.6218743459700848
TDMS-002476,B000580,2026-10-12 03:00:00,2026-10-12 04:35:00,95,OHE_Team_10,1,4,0.4951,MEDIUM,0.6439116680449051
TDMS-001358,B000096,2026-10-12 03:00:00,2026-10-12 05:00:00,120,OHE_Team_02,1,4,0.4263,LOW,0.6232393459700849
SMMS-001559,B000580,2026-10-12 03:10:00,2026-10-12 05:15:00,125,Signal_Team_10,1,4,0.4973,MEDIUM,0.663321668044905
TDMS-001045,B000018,2026-10-12 03:10:00,2026-10-12 03:50:00,40,OHE_Team_15,1,5,0.2082,LOW,0.5412670727139164
TDMS-001194,B000096,2026-10-12 03:10:00,2026-10-12 04:50:00,100,OHE_Team_01;Tower_Wagon_02,2,4,0.3461,LOW,0.5616793459700848
TMS-002804,B000018,2026-10-12 03:25:00,2026-10-12 04:20:00,55,Track_Team_16,1,5,0.3878,LOW,0.6045220727139164
SMMS-001395,B000019,2026-10-12 03:50:00,2026-10-12 04:30:00,40,Signal_Team_19,1,4,0.2689,LOW,0.5696197754097982
TDMS-000672,B000018,2026-10-12 03:50:00,2026-10-12 04:20:00,30,OHE_Team_15;Tower_Wagon_01,2,5,0.2025,LOW,0.5133070727139164
TMS-001245,B000019,2026-10-12 03:50:00,2026-10-12 05:40:00,110,Track_Team_20,1,4,0.1942,LOW,0.5909597754097984
SMMS-001464,B000580,2026-10-12 03:55:00,2026-10-12 04:45:00,50,Signal_Team_09,1,4,0.5011,MEDIUM,0.6175866680449051
SMMS-000344,B000019,2026-10-12 04:10:00,2026-10-12 04:55:00,45,Signal_Team_20,1,4,0.1408,LOW,0.5343147754097983
TMS-003341,B000580,2026-10-12 04:35:00,2026-10-12 06:50:00,135,Track_Team_09,1,4,0.8197,CRITICAL,0.766291668044905
TDMS-000280,B000580,2026-10-12 04:45:00,2026-10-12 05:45:00,60,OHE_Team_10,1,4,0.5301,MEDIUM,0.6325366680449052
SMMS-002282,B000580,2026-10-12 05:15:00,2026-10-12 06:25:00,70,Signal_Team_10,1,4,0.727,HIGH,0.697856668044905
TDMS-001497,B000580,2026-10-12 05:45:00,2026-10-12 06:40:00,55,OHE_Team_10,1,4,0.6195,MEDIUM,0.6562316680449052
SMMS-000248,B000927,2026-10-12 09:00:00,2026-10-12 09:40:00,40,Signal_Team_20,1,1,0.2834,LOW,0.5468918986347279
TDMS-000174,B000905,2026-10-12 10:30:00,2026-10-12 11:25:00,55,OHE_Team_17,1,5,0.4628,MEDIUM,0.6498671113085626
TDMS-002477,B000905,2026-10-12 10:30:00,2026-10-12 11:05:00,35,OHE_Team_18,1,5,0.4663,MEDIUM,0.6175837779752293
TMS-003082,B000227,2026-10-12 11:00:00,2026-10-12 13:40:00,160,Track_Team_16;Tamping_Machine_03,2,5,0.6715,HIGH,0.7197862815971308
TMS-001200,B000227,2026-10-12 11:00:00,2026-10-12 13:25:00,145,Track_Team_15,1,5,0.6012,MEDIUM,0.7093212815971308
TDMS-000902,B000227,2026-10-12 11:00:00,2026-10-12 11:50:00,50,OHE_Team_15,1,5,0.184,LOW,0.5247862815971309
TDMS-001984,B000227,2026-10-12 11:00:00,2026-10-12 12:05:00,65,OHE_Team_16,1,5,0.1836,LOW,0.5340412815971307
TDMS-001171,B000227,2026-10-12 11:50:00,2026-10-12 12:40:00,50,OHE_Team_15,1,5,0.2976,LOW,0.5588662815971308
TDMS-001979,B000227,2026-10-12 12:40:00,2026-10-12 13:25:00,45,OHE_Team_15,1,5,0.2836,LOW,0.5515412815971308
TDMS-002711,B000227,2026-10-12 13:25:00,2026-10-12 14:10:00,45,OHE_Team_15,1,5,0.3098,LOW,0.5594012815971308
TMS-001833,B000227,2026-10-12 13:25:00,2026-10-12 13:55:00,30,Track_Team_15,1,5,0.3606,LOW,0.5652662815971308
TMS-000084,B000227,2026-10-12 13:40:00,2026-10-12 14:45:00,65,Track_Team_16,1,5,0.4553,MEDIUM,0.6155512815971309
SMMS-000353,B000214,2026-10-12 14:30:00,2026-10-12 15:25:00,55,Signal_Team_01,1,4,0.3247,LOW,0.700871798031488
SMMS-002404,B000214,2026-10-12 14:30:00,2026-10-12 15:00:00,30,Signal_Team_02;Signal_Test_Unit_01,2,4,0.3088,LOW,0.608601798031488
SMMS-001712,B000214,2026-10-12 15:00:00,2026-10-12 15:25:00,25,Signal_Team_02,1,4,0.3009,LOW,0.6187317980314879
TDMS-001360,B000818,2026-10-12 15:00:00,2026-10-12 16:40:00,100,OHE_Team_15,1,4,0.2196,LOW,0.6151811583087745
TMS-000186,B000818,2026-10-12 15:00:00,2026-10-12 17:50:00,170,Track_Team_15;Rail_Grinder_04,2,4,0.1515,LOW,0.6280844916421079
TMS-000625,B000818,2026-10-12 15:00:00,2026-10-12 16:55:00,115,Track_Team_16,1,4,0.3684,LOW,0.6723211583087745
TDMS-000140,B000386,2026-10-12 16:30:00,2026-10-12 18:35:00,125,OHE_Team_06,1,5,0.7862,CRITICAL,0.6701478417737528
TDMS-000307,B000386,2026-10-12 16:30:00,2026-10-12 19:00:00,150,OHE_Team_05,1,5,0.7913,CRITICAL,0.692511175107086
SMMS-002157,B000386,2026-10-12 16:30:00,2026-10-12 17:05:00,35,Signal_Team_06,1,5,0.4614,MEDIUM,0.49770784177375266
TDMS-000591,B000818,2026-10-12 16:40:00,2026-10-12 17:50:00,70,OHE_Team_15,1,4,0.1681,LOW,0.5747311583087744
TMS-001764,B000386,2026-10-12 17:00:00,2026-10-12 19:25:00,145,Track_Team_06;Crane_01,2,5,0.6248,MEDIUM,0.6183945084404194
SMMS-001025,B000386,2026-10-12 17:05:00,2026-10-12 17:50:00,45,Signal_Team_06,1,5,0.5087,MEDIUM,0.520231175107086
SMMS-002363,B000386,2026-10-12 17:50:00,2026-10-12 18:40:00,50,Signal_Team_06,1,5,0.5721,MEDIUM,0.5434178417737527
SMMS-000783,B000386,2026-10-12 18:35:00,2026-10-12 19:20:00,45,Signal_Team_05,1,5,0.5691,MEDIUM,0.538351175107086
SMMS-000159,B000386,2026-10-12 18:40:00,2026-10-12 19:15:00,35,Signal_Team_06,1,5,0.5895,MEDIUM,0.5361378417737528
SMMS-002744,B000386,2026-10-12 19:15:00,2026-10-12 19:30:00,15,Signal_Team_06,1,5,0.5283,MEDIUM,0.501111175107086
SMMS-001419,B000491,2026-10-12 22:30:00,2026-10-12 23:15:00,45,Signal_Team_15,1,2,0.5857,MEDIUM,0.800955011147403
TMS-002063,B000907,2026-10-12 22:30:00,2026-10-12 23:15:00,45,Track_Team_23,1,1,0.4149,LOW,0.59988320076975
TMS-000108,B000794,2026-10-12 23:00:00,2026-10-12 23:50:00,50,Track_Team_06,1,3,0.6925,HIGH,0.7467394134656287
TMS-003116,B000794,2026-10-12 23:00:00,2026-10-12 23:40:00,40,Track_Team_05,1,3,0.66,HIGH,0.720322746798962
TMS-003602,B000907,2026-10-12 23:15:00,2026-10-12 23:55:00,40,Track_Team_23,1,1,0.232,LOW,0.53876320076975
TMS-000908,B000794,2026-10-12 23:40:00,2026-10-13 00:20:00,40,Track_Team_05,1,3,0.6763,HIGH,0.725212746798962
TMS-001508,B000907,2026-10-12 23:55:00,2026-10-13 00:30:00,35,Track_Team_23,1,1,0.1936,LOW,0.5209932007697501
TDMS-000613,B000686,2026-10-13 00:30:00,2026-10-13 02:30:00,120,OHE_Team_21,1,3,0.471,MEDIUM,0.5780793401529652
TMS-001045,B000686,2026-10-13 00:30:00,2026-10-13 04:20:00,230,Track_Team_22,1,3,0.5101,MEDIUM,0.6585593401529652
SMMS-002138,B000686,2026-10-13 00:30:00,2026-10-13 01:15:00,45,Signal_Team_21,1,3,0.401,LOW,0.5102043401529652
SMMS-001430,B000686,2026-10-13 01:15:00,2026-10-13 02:55:00,100,Signal_Team_22,1,3,0.5601,MEDIUM,0.5923093401529653
TDMS-000994,B000589,2026-10-13 01:30:00,2026-10-13 03:35:00,125,OHE_Team_01,1,5,0.8408,CRITICAL,0.8165693651638009
TMS-001543,B000075,2026-10-13 01:30:00,2026-10-13 03:35:00,125,Track_Team_14,1,6,0.7918,CRITICAL,0.7589729401692165
SMMS-001886,B000075,2026-10-13 01:30:00,2026-10-13 04:00:00,150,Signal_Team_14,1,6,0.7663,HIGH,0.7669479401692165
TDMS-000694,B000075,2026-10-13 01:30:00,2026-10-13 04:20:00,170,OHE_Team_13,1,6,0.7616,HIGH,0.7780379401692166
TDMS-001072,B000589,2026-10-13 01:30:00,2026-10-13 02:55:00,85,OHE_Team_02,1,5,0.738,HIGH,0.7523960318304674
SMMS-001183,B000075,2026-10-13 01:30:00,2026-10-13 04:00:00,150,Signal_Team_13,1,6,0.5089,MEDIUM,0.6897279401692165
TDMS-001309,B000075,2026-10-13 01:30:00,2026-10-13 03:20:00,110,OHE_Team_14,1,6,0.5706,MEDIUM,0.6832379401692165
TMS-003199,B000075,2026-10-13 01:30:00,2026-10-13 02:15:00,45,Track_Team_13,1,6,0.6532,MEDIUM,0.6673929401692165
TDMS-000062,B000086,2026-10-13 02:00:00,2026-10-13 03:40:00,100,OHE_Team_03,1,4,0.7091,HIGH,0.6946395911110341
SMMS-000364,B000086,2026-10-13 02:00:00,2026-10-13 05:00:00,180,Signal_Team_04,1,4,0.4925,MEDIUM,0.6796595911110341
TDMS-000173,B000086,2026-10-13 02:00:00,2026-10-13 04:00:00,120,OHE_Team_04;Tower_Wagon_03,2,4,0.4807,MEDIUM,0.6136195911110341
TMS-003587,B000837,2026-10-13 02:00:00,2026-10-13 03:30:00,90,Track_Team_07;Crane_06,2,4,0.6382,MEDIUM,0.8074697627310407
SMMS-000363,B000106,2026-10-13 02:00:00,2026-10-13 03:35:00,95,Signal_Team_15,1,7,0.2693,LOW,0.558354140884362
TDMS-000639,B000837,2026-10-13 02:00:00,2026-10-13 03:25:00,85,OHE_Team_08,1,4,0.1378,LOW,0.6740164293977073
TDMS-001690,B000106,2026-10-13 02:00:00,2026-10-13 02:55:00,55,OHE_Team_15,1,7,0.1116,LOW,0.486044140884362
TDMS-001726,B000106,2026-10-13 02:00:00,2026-10-13 03:25:00,85,OHE_Team_16,1,7,0.1574,LOW,0.518534140884362
TDMS-002803,B000837,2026-10-13 02:00:00,2026-10-13 03:30:00,90,OHE_Team_07,1,4,0.3692,LOW,0.7517697627310407
TMS-002191,B000106,2026-10-13 02:00:00,2026-10-13 02:30:00,30,Track_Team_15,1,7,0.0799,LOW,0.46090914088436197
TMS-003560,B000106,2026-10-13 02:00:00,2026-10-13 05:25:00,205,Track_Team_16;Tamping_Machine_06,2,7,0.111,LOW,0.5653284265986476
TMS-000085,B000701,2026-10-13 02:30:00,2026-10-13 04:20:00,110,Track_Team_03,1,4,0.7114,HIGH,0.8393886183014818
TDMS-000441,B000686,2026-10-13 02:30:00,2026-10-13 03:55:00,85,OHE_Team_21,1,3,0.4366,MEDIUM,0.5458843401529653
TMS-000200,B000701,2026-10-13 02:30:00,2026-10-13 03:25:00,55,Track_Team_04,1,4,0.461,MEDIUM,0.6955186183014819
TMS-000190,B000106,2026-10-13 02:30:00,2026-10-13 03:40:00,70,Track_Team_15,1,7,0.0572,LOW,0.47909914088436195
SMMS-000238,B000106,2026-10-13 02:50:00,2026-10-13 04:20:00,90,Signal_Team_16,1,7,0.4617,MEDIUM,0.6129491408843619
TDMS-000895,B000589,2026-10-13 02:55:00,2026-10-13 04:20:00,85,OHE_Team_02,1,5,0.809,CRITICAL,0.7736960318304675
TDMS-002914,B000686,2026-10-13 02:55:00,2026-10-13 04:15:00,80,OHE_Team_22,1,3,0.2079,LOW,0.4741493401529653
TDMS-000198,B000075,2026-10-13 03:20:00,2026-10-13 04:55:00,95,OHE_Team_14,1,6,0.6252,MEDIUM,0.6902429401692164
TMS-001170,B000701,2026-10-13 03:25:00,2026-10-13 04:10:00,45,Track_Team_04,1,4,0.5184,MEDIUM,0.7002386183014819
TDMS-000761,B000106,2026-10-13 03:25:00,2026-10-13 05:45:00,140,OHE_Team_16,1,7,0.2532,LOW,0.5816491408843619
TDMS-001613,B000106,2026-10-13 03:30:00,2026-10-13 05:50:00,140,OHE_Team_15,1,7,0.4359,MEDIUM,0.636459140884362
TMS-000779,B000075,2026-10-13 03:35:00,2026-10-13 05:20:00,105,Track_Team_14,1,6,0.7131,HIGH,0.7228629401692165
TDMS-001652,B000589,2026-10-13 03:35:00,2026-10-13 04:25:00,50,OHE_Team_01,1,5,0.5664,MEDIUM,0.6717493651638007
SMMS-002000,B000106,2026-10-13 03:35:00,2026-10-13 05:05:00,90,Signal_Team_15,1,7,0.1243,LOW,0.5117291408843619
TDMS-001007,B000086,2026-10-13 03:40:00,2026-10-13 04:05:00,25,OHE_Team_03,1,4,0.4313,MEDIUM,0.5644245911110342
TDMS-002173,B000686,2026-10-13 03:55:00,2026-10-13 04:25:00,30,OHE_Team_21,1,3,0.232,LOW,0.45012934015296524
TDMS-000934,B000086,2026-10-13 04:00:00,2026-10-13 04:35:00,35,OHE_Team_04,1,4,0.1925,LOW,0.49903459111103415
TDMS-000075,B000086,2026-10-13 04:05:00,2026-10-13 05:40:00,95,OHE_Team_03;Tower_Wagon_02,2,4,0.5395,MEDIUM,0.6156345911110341
SMMS-001246,B000106,2026-10-13 04:20:00,2026-10-13 04:50:00,30,Signal_Team_16,1,7,0.1166,LOW,0.47191914088436193
TDMS-001623,B000075,2026-10-13 04:20:00,2026-10-13 05:05:00,45,OHE_Team_13,1,6,0.1906,LOW,0.5286129401692164
TMS-000895,B000086,2026-10-13 04:35:00,2026-10-13 05:50:00,75,Track_Team_04,1,4,0.4167,LOW,0.5912945911110341
TDMS-000238,B000086,2026-10-13 05:00:00,2026-10-13 05:30:00,30,OHE_Team_04,1,4,0.3404,LOW,0.5402795911110341
SMMS-000328,B000106,2026-10-13 05:05:00,2026-10-13 05:45:00,40,Signal_Team_15,1,7,0.2604,LOW,0.521309140884362
TMS-000973,B000086,2026-10-13 05:30:00,2026-10-13 06:00:00,30,Track_Team_03,1,4,0.516,MEDIUM,0.5929595911110341
TMS-001345,B000284,2026-10-13 10:00:00,2026-10-13 12:40:00,160,Track_Team_23,1,3,0.4485,MEDIUM,0.7108592273144203
TMS-002703,B000284,2026-10-13 10:00:00,2026-10-13 12:30:00,150,Track_Team_24;Tamping_Machine_02,2,3,0.5382,MEDIUM,0.6961025606477537
SMMS-001447,B000460,2026-10-13 10:00:00,2026-10-13 11:30:00,90,Signal_Team_07,1,1,0.0774,LOW,0.48016713794176547
TMS-001752,B000817,2026-10-13 10:30:00,2026-10-13 12:10:00,100,Track_Team_09,1,2,0.6405,MEDIUM,0.7465520095238224
SMMS-001891,B000460,2026-10-13 11:30:00,2026-10-13 12:55:00,85,Signal_Team_08,1,1,0.1156,LOW,0.48746047127509884
SMMS-000886,B000144,2026-10-13 13:00:00,2026-10-13 13:40:00,40,Signal_Team_04,1,1,0.3011,LOW,0.46390646865598373
TMS-003629,B000483,2026-10-13 13:00:00,2026-10-13 13:45:00,45,Track_Team_07,1,3,0.4133,LOW,0.6969539012704329
SMMS-001694,B000144,2026-10-13 13:40:00,2026-10-13 14:30:00,50,Signal_Team_04,1,1,0.3157,LOW,0.47661980198931697
SMMS-001618,B000318,2026-10-13 14:30:00,2026-10-13 15:20:00,50,Signal_Team_09,1,2,0.69,HIGH,0.7618903954268997
TMS-002594,B000847,2026-10-13 14:30:00,2026-10-13 15:15:00,45,Track_Team_03,1,3,0.4573,MEDIUM,0.6471541511367713
TMS-002657,B000318,2026-10-13 14:30:00,2026-10-13 15:15:00,45,Track_Team_09,1,2,0.5938,MEDIUM,0.7205303954268997
SMMS-000996,B000144,2026-10-13 14:30:00,2026-10-13 15:05:00,35,Signal_Team_03,1,1,0.3081,LOW,0.46183980198931707
TMS-000428,B000206,2026-10-13 14:30:00,2026-10-13 15:05:00,35,Track_Team_17,1,4,0.3619,LOW,0.5583441170561465
TMS-001346,B000206,2026-10-13 14:30:00,2026-10-13 15:10:00,40,Track_Team_18,1,4,0.3967,LOW,0.5729507837228132
SMMS-000047,B000144,2026-10-13 15:05:00,2026-10-13 15:35:00,30,Signal_Team_03,1,1,0.3125,LOW,0.4589931353226504
TMS-002778,B000565,2026-10-13 22:30:00,2026-10-14 01:10:00,160,Track_Team_09,1,5,0.8897,CRITICAL,0.7725068217759443
TMS-003796,B000565,2026-10-13 22:30:00,2026-10-14 01:00:00,150,Track_Team_10;Crane_07,2,5,0.9019,CRITICAL,0.7499168217759442
SMMS-000471,B000636,2026-10-13 22:30:00,2026-10-13 23:55:00,85,Signal_Team_21,1,5,0.6814,HIGH,0.67761688918455
SMMS-002078,B000636,2026-10-13 22:30:00,2026-10-13 23:55:00,85,Signal_Team_22,1,5,0.664,HIGH,0.67239688918455
TMS-002983,B000590,2026-10-13 22:30:00,2026-10-13 23:50:00,80,Track_Team_03;Tamping_Machine_02,2,5,0.678,HIGH,0.723621030130023
TMS-001552,B000208,2026-10-13 22:30:00,2026-10-13 23:15:00,45,Track_Team_20,1,3,0.3364,LOW,0.5520843090607244
SMMS-000666,B000636,2026-10-13 23:55:00,2026-10-14 00:45:00,50,Signal_Team_22,1,5,0.5838,MEDIUM,0.6191702225178832
SMMS-001470,B000636,2026-10-13 23:55:00,2026-10-14 00:40:00,45,Signal_Team_21,1,5,0.6141,MEDIUM,0.6240935558512166
SMMS-000223,B000636,2026-10-14 00:40:00,2026-10-14 01:15:00,35,Signal_Team_21,1,5,0.6883,HIGH,0.6380202225178833
SMMS-000630,B000636,2026-10-14 00:45:00,2026-10-14 01:25:00,40,Signal_Team_22,1,5,0.4574,MEDIUM,0.57291688918455
TMS-001496,B000565,2026-10-14 01:00:00,2026-10-14 02:25:00,85,Track_Team_10,1,5,0.8187,CRITICAL,0.7043318217759442
TDMS-000595,B000165,2026-10-14 01:00:00,2026-10-14 02:15:00,75,OHE_Team_01,1,2,0.4995,MEDIUM,0.6957710094747054
TDMS-001173,B000165,2026-10-14 01:00:00,2026-10-14 01:55:00,55,OHE_Team_02,1,2,0.4314,MEDIUM,0.6503410094747054
TMS-003055,B000565,2026-10-14 01:10:00,2026-10-14 02:30:00,80,Track_Team_09,1,5,0.6878,HIGH,0.6619368217759443
TMS-000093,B000586,2026-10-14 01:30:00,2026-10-14 03:35:00,125,Track_Team_17,1,5,0.6588,HIGH,0.6854876686607623
TMS-000833,B000278,2026-10-14 01:30:00,2026-10-14 03:40:00,130,Track_Team_18,1,3,0.6944,HIGH,0.7212168585067781
TDMS-001753,B000278,2026-10-14 01:30:00,2026-10-14 02:30:00,60,OHE_Team_17,1,3,0.5443,MEDIUM,0.6178535251734447
TDMS-002264,B000278,2026-10-14 01:30:00,2026-10-14 02:15:00,45,OHE_Team_18,1,3,0.4432,MEDIUM,0.5750235251734448
TDMS-000647,B000165,2026-10-14 01:55:00,2026-10-14 02:50:00,55,OHE_Team_02,1,2,0.216,LOW,0.5857210094747054
SMMS-002751,B000129,2026-10-14 02:00:00,2026-10-14 04:05:00,125,Signal_Team_08,1,6,0.8852,CRITICAL,0.8536439203825767
TMS-001872,B000870,2026-10-14 02:00:00,2026-10-14 03:50:00,110,Track_Team_14,1,1,0.7443,HIGH,0.7763601715488936
SMMS-002973,B000129,2026-10-14 02:00:00,2026-10-14 03:05:00,65,Signal_Team_07,1,6,0.3748,LOW,0.6505239203825768
TDMS-001492,B000129,2026-10-14 02:00:00,2026-10-14 02:45:00,45,OHE_Team_07,1,6,0.2633,LOW,0.6004072537159101
TDMS-002465,B000129,2026-10-14 02:00:00,2026-10-14 02:55:00,55,OHE_Team_08,1,6,0.2276,LOW,0.5980305870492435
TMS-003537,B000129,2026-10-14 02:00:00,2026-10-14 04:20:00,140,Track_Team_07,1,6,0.177,LOW,0.6536839203825768
TMS-000310,B000129,2026-10-14 02:05:00,2026-10-14 05:00:00,175,Track_Team_08,1,6,0.1965,LOW,0.6887005870492434
TDMS-000217,B000278,2026-10-14 02:15:00,2026-10-14 02:45:00,30,OHE_Team_18,1,3,0.3991,LOW,0.5492935251734448
TDMS-000028,B000278,2026-10-14 02:30:00,2026-10-14 03:20:00,50,OHE_Team_17,1,3,0.2359,LOW,0.5170001918401114
TDMS-001713,B000129,2026-10-14 02:45:00,2026-10-14 03:55:00,70,OHE_Team_07,1,6,0.5169,MEDIUM,0.6973205870492435
TDMS-002549,B000129,2026-10-14 02:55:00,2026-10-14 04:45:00,110,OHE_Team_08,1,6,0.5913,MEDIUM,0.7529739203825769
SMMS-000494,B000129,2026-10-14 03:05:00,2026-10-14 04:10:00,65,Signal_Team_07,1,6,0.2771,LOW,0.6212139203825768
TDMS-002687,B000586,2026-10-14 03:20:00,2026-10-14 04:20:00,60,OHE_Team_17;Tower_Wagon_05,2,5,0.1792,LOW,0.4809826686607623
TMS-002216,B000586,2026-10-14 03:35:00,2026-10-14 04:55:00,80,Track_Team_17;Crane_01,2,5,0.6808,HIGH,0.6439626686607622
TMS-002922,B000586,2026-10-14 03:40:00,2026-10-14 04:45:00,65,Track_Team_18,1,5,0.4855,MEDIUM,0.5959976686607624
TDMS-001424,B000129,2026-10-14 03:55:00,2026-10-14 04:25:00,30,OHE_Team_07,1,6,0.1878,LOW,0.5652572537159102
SMMS-000317,B000129,2026-10-14 04:05:00,2026-10-14 05:00:00,55,Signal_Team_08,1,6,0.5809,MEDIUM,0.7040205870492434
SMMS-000665,B000129,2026-10-14 04:10:00,2026-10-14 04:45:00,35,Signal_Team_07,1,6,0.635,MEDIUM,0.7035839203825768
TDMS-002738,B000129,2026-10-14 04:25:00,2026-10-14 04:50:00,25,OHE_Team_07,1,6,0.1939,LOW,0.5629205870492435
TDMS-001201,B000425,2026-10-14 10:00:00,2026-10-14 11:55:00,115,OHE_Team_21,1,3,0.1081,LOW,0.5495857243790866
TDMS-001771,B000425,2026-10-14 10:00:00,2026-10-14 10:30:00,30,OHE_Team_22,1,3,0.0768,LOW,0.4870707243790865
SMMS-000901,B000425,2026-10-14 10:05:00,2026-10-14 11:20:00,75,Signal_Team_21,1,3,0.129,LOW,0.5308557243790866
SMMS-002742,B000295,2026-10-14 10:30:00,2026-10-14 11:10:00,40,Signal_Team_12,1,3,0.46,MEDIUM,0.6078208885233221
SMMS-001924,B000295,2026-10-14 10:30:00,2026-10-14 11:25:00,55,Signal_Team_11,1,3,0.4287,LOW,0.6109308885233221
SMMS-002918,B000425,2026-10-14 10:30:00,2026-10-14 13:50:00,200,Signal_Team_22,1,3,0.288,LOW,0.6566807243790865
TMS-002454,B000337,2026-10-14 11:00:00,2026-10-14 13:25:00,145,Track_Team_06,1,4,0.7229,HIGH,0.6700618613883846
TMS-002588,B000337,2026-10-14 11:00:00,2026-10-14 13:35:00,155,Track_Team_05;Crane_01,2,4,0.7007,HIGH,0.6446518613883848
SMMS-002647,B000337,2026-10-14 11:00:00,2026-10-14 11:55:00,55,Signal_Team_06,1,4,0.6418,MEDIUM,0.5894818613883848
SMMS-001772,B000425,2026-10-14 11:20:00,2026-10-14 13:15:00,115,Signal_Team_21,1,3,0.4953,MEDIUM,0.6657457243790865
SMMS-000873,B000295,2026-10-14 11:25:00,2026-10-14 12:10:00,45,Signal_Team_11;Cable_Team_02,2,3,0.4163,LOW,0.5655442218566554
TDMS-000004,B000425,2026-10-14 11:55:00,2026-10-14 13:55:00,120,OHE_Team_21,1,3,0.0895,LOW,0.5471307243790865
SMMS-002798,B000295,2026-10-14 12:10:00,2026-10-14 12:40:00,30,Signal_Team_11,1,3,0.3364,LOW,0.5624075551899888
TDMS-002878,B000425,2026-10-14 13:15:00,2026-10-14 13:50:00,35,OHE_Team_22,1,3,0.1112,LOW,0.5005157243790865
TMS-001638,B000337,2026-10-14 13:25:00,2026-10-14 14:15:00,50,Track_Team_06,1,4,0.4704,MEDIUM,0.5349368613883847
TMS-002999,B000337,2026-10-14 13:35:00,2026-10-14 14:50:00,75,Track_Team_05,1,4,0.723,HIGH,0.6263418613883847
TMS-002618,B000337,2026-10-14 14:15:00,2026-10-14 14:50:00,35,Track_Team_06,1,4,0.4579,MEDIUM,0.5218118613883849
TDMS-002132,B000429,2026-10-14 15:00:00,2026-10-14 15:35:00,35,OHE_Team_02,1,2,0.3065,LOW,0.5412245115504235
TMS-003328,B000429,2026-10-14 15:00:00,2026-10-14 16:50:00,110,Track_Team_01,1,2,0.3927,LOW,0.6295845115504236
TMS-002815,B000429,2026-10-14 15:35:00,2026-10-14 17:55:00,140,Track_Team_02,1,2,0.3774,LOW,0.6499945115504235
SMMS-001867,B000506,2026-10-14 16:30:00,2026-10-14 17:40:00,70,Signal_Team_06,1,1,0.563,MEDIUM,0.6257941191368261
TDMS-000229,B000429,2026-10-14 16:50:00,2026-10-14 17:40:00,50,OHE_Team_02,1,2,0.2149,LOW,0.5262445115504235
SMMS-000046,B000568,2026-10-14 22:30:00,2026-10-15 00:05:00,95,Signal_Team_05,1,3,0.8544,CRITICAL,0.6538903141338923
TMS-001006,B000568,2026-10-14 22:30:00,2026-10-15 00:35:00,125,Track_Team_05,1,3,0.8832,CRITICAL,0.6812803141338922
TMS-001947,B000568,2026-10-14 22:30:00,2026-10-14 23:20:00,50,Track_Team_06,1,3,0.5535,MEDIUM,0.5354953141338923
SMMS-000884,B000568,2026-10-14 23:20:00,2026-10-15 01:25:00,125,Signal_Team_06,1,3,0.7895,CRITICAL,0.6531703141338923
TMS-000724,B000616,2026-10-14 23:30:00,2026-10-15 02:35:00,185,Track_Team_21,1,4,0.702,HIGH,0.7688084108554658
TMS-003123,B000616,2026-10-14 23:30:00,2026-10-15 02:20:00,170,Track_Team_22,1,4,0.7297,HIGH,0.7677434108554657
TMS-001858,B000462,2026-10-14 23:30:00,2026-10-15 00:20:00,50,Track_Team_09,1,4,0.6369,MEDIUM,0.7195145544075028
TMS-002783,B000462,2026-10-14 23:30:00,2026-10-15 00:25:00,55,Track_Team_10,1,4,0.5367,MEDIUM,0.6957045544075027
TDMS-000910,B000568,2026-10-15 00:05:00,2026-10-15 02:25:00,140,OHE_Team_05,1,3,0.4825,MEDIUM,0.5704453141338923
TMS-002476,B000462,2026-10-15 00:20:00,2026-10-15 01:05:00,45,Track_Team_09,1,4,0.6197,MEDIUM,0.7081045544075029
TMS-002501,B000239,2026-10-15 00:30:00,2026-10-15 01:10:00,40,Track_Team_04,1,2,0.6695,HIGH,0.8102220185451853
TMS-002540,B000813,2026-10-15 00:30:00,2026-10-15 01:20:00,50,Track_Team_10,1,1,0.4518,MEDIUM,0.6172868353761031
SMMS-000529,B000568,2026-10-15 00:35:00,2026-10-15 02:10:00,95,Signal_Team_05,1,3,0.8382,CRITICAL,0.6490303141338922
TDMS-001314,B000542,2026-10-15 01:00:00,2026-10-15 05:00:00,240,OHE_Team_09,1,6,0.8011,CRITICAL,0.7282798248389633
TMS-002480,B000563,2026-10-15 01:00:00,2026-10-15 02:45:00,105,Track_Team_06,1,6,0.8428,CRITICAL,0.796256527674676
TMS-003274,B000563,2026-10-15 01:00:00,2026-10-15 02:45:00,105,Track_Team_05,1,6,0.8773,CRITICAL,0.806606527674676
TDMS-000184,B000542,2026-10-15 01:00:00,2026-10-15 04:30:00,210,OHE_Team_10,1,6,0.7231,HIGH,0.6861298248389632
SMMS-002481,B000102,2026-10-15 01:00:00,2026-10-15 02:55:00,115,Signal_Team_10,1,6,0.4636,MEDIUM,0.6327132386061796
TDMS-001529,B000071,2026-10-15 01:00:00,2026-10-15 03:30:00,150,OHE_Team_24,1,6,0.4524,MEDIUM,0.7504788221183418
TDMS-001926,B000071,2026-10-15 01:00:00,2026-10-15 02:40:00,100,OHE_Team_23,1,6,0.5844,MEDIUM,0.7484121554516752
TDMS-002644,B000932,2026-10-15 01:00:00,2026-10-15 01:30:00,30,OHE_Team_18,1,1,0.485,MEDIUM,0.6370630455429148
TMS-000900,B000071,2026-10-15 01:00:00,2026-10-15 03:00:00,120,Track_Team_23,1,6,0.5342,MEDIUM,0.7500188221183419
SMMS-000422,B000102,2026-10-15 01:00:00,2026-10-15 01:35:00,35,Signal_Team_09,1,6,0.1587,LOW,0.47457657193951286
TMS-002021,B000071,2026-10-15 01:00:00,2026-10-15 02:40:00,100,Track_Team_24,1,6,0.3965,LOW,0.6920421554516751
TMS-001114,B000542,2026-10-15 01:05:00,2026-10-15 03:00:00,115,Track_Team_09,1,6,0.849,CRITICAL,0.6645248248389632
TMS-000107,B000542,2026-10-15 01:20:00,2026-10-15 02:25:00,65,Track_Team_10,1,6,0.6111,MEDIUM,0.5619048248389633
SMMS-000802,B000568,2026-10-15 01:25:00,2026-10-15 02:30:00,65,Signal_Team_06,1,3,0.7528,HIGH,0.6046603141338922
TDMS-002935,B000932,2026-10-15 01:30:00,2026-10-15 01:55:00,25,OHE_Team_17,1,1,0.4562,MEDIUM,0.6159230455429149
SMMS-000724,B000102,2026-10-15 01:35:00,2026-10-15 02:50:00,75,Signal_Team_09,1,6,0.4486,MEDIUM,0.5948799052728462
TMS-000117,B000578,2026-10-15 02:00:00,2026-10-15 04:40:00,160,Track_Team_17,1,6,0.7941,CRITICAL,0.7940776625109975
TMS-000574,B000578,2026-10-15 02:00:00,2026-10-15 04:45:00,165,Track_Team_18,1,6,0.7045,HIGH,0.7703226625109976
TMS-002597,B000649,2026-10-15 02:00:00,2026-10-15 04:40:00,160,Track_Team_01,1,5,0.6613,HIGH,0.7896654729449295
TMS-003513,B000649,2026-10-15 02:00:00,2026-10-15 04:15:00,135,Track_Team_02,1,5,0.7003,HIGH,0.7805321396115963
TDMS-000657,B000649,2026-10-15 02:00:00,2026-10-15 03:40:00,100,OHE_Team_02,1,5,0.5238,MEDIUM,0.6984154729449294
TDMS-002061,B000649,2026-10-15 02:00:00,2026-10-15 03:45:00,105,OHE_Team_01,1,5,0.4861,MEDIUM,0.6912721396115962
TDMS-002580,B000092,2026-10-15 02:00:00,2026-10-15 05:55:00,235,OHE_Team_19;Tower_Wagon_02,2,7,0.5004,MEDIUM,0.6575724109207745
TMS-001053,B000092,2026-10-15 02:00:00,2026-10-15 04:00:00,120,Track_Team_19,1,7,0.4901,MEDIUM,0.5968931252064889
TMS-003455,B000092,2026-10-15 02:00:00,2026-10-15 03:45:00,105,Track_Team_20,1,7,0.4744,MEDIUM,0.5828081252064888
SMMS-002004,B000092,2026-10-15 02:00:00,2026-10-15 02:35:00,35,Signal_Team_20,1,7,0.2769,LOW,0.47980812520648886
SMMS-002629,B000092,2026-10-15 02:00:00,2026-10-15 03:30:00,90,Signal_Team_19,1,7,0.3134,LOW,0.5251331252064888
TDMS-000690,B000127,2026-10-15 02:00:00,2026-10-15 03:30:00,90,OHE_Team_06,1,5,0.1932,LOW,0.5735572155377389
TDMS-001917,B000092,2026-10-15 02:00:00,2026-10-15 02:20:00,20,OHE_Team_20,1,7,0.2907,LOW,0.47457312520648876
SMMS-001956,B000127,2026-10-15 02:10:00,2026-10-15 04:45:00,155,Signal_Team_05,1,5,0.7041,HIGH,0.7809938822044056
TMS-003358,B000616,2026-10-15 02:20:00,2026-10-15 03:10:00,50,Track_Team_22,1,4,0.4672,MEDIUM,0.6139934108554657
TDMS-000457,B000092,2026-10-15 02:20:00,2026-10-15 04:30:00,130,OHE_Team_20,1,7,0.3936,LOW,0.5741931252064888
TMS-003118,B000542,2026-10-15 02:25:00,2026-10-15 04:25:00,120,Track_Team_10,1,6,0.8421,CRITICAL,0.6655798248389633
TDMS-002782,B000127,2026-10-15 02:25:00,2026-10-15 03:45:00,80,OHE_Team_05,1,5,0.1198,LOW,0.5432038822044054
TDMS-001467,B000384,2026-10-15 02:30:00,2026-10-15 05:10:00,160,OHE_Team_03,1,4,0.4653,MEDIUM,0.7203796669959308
TDMS-002169,B000384,2026-10-15 02:30:00,2026-10-15 04:45:00,135,OHE_Team_04,1,4,0.499,MEDIUM,0.7096563336625976
TMS-003649,B000616,2026-10-15 02:35:00,2026-10-15 03:10:00,35,Track_Team_21,1,4,0.4473,MEDIUM,0.5986484108554657
TDMS-001245,B000071,2026-10-15 02:40:00,2026-10-15 03:20:00,40,OHE_Team_23,1,6,0.4773,MEDIUM,0.6662821554516751
TMS-001950,B000127,2026-10-15 02:45:00,2026-10-15 04:50:00,125,Track_Team_06,1,5,0.1531,LOW,0.5906938822044054
SMMS-001378,B000102,2026-10-15 02:50:00,2026-10-15 03:40:00,50,Signal_Team_09,1,6,0.1345,LOW,0.4798165719395129
TMS-000825,B000127,2026-10-15 02:50:00,2026-10-15 04:55:00,125,Track_Team_05,1,5,0.1852,LOW,0.6003238822044055
SMMS-000258,B000542,2026-10-15 02:55:00,2026-10-15 04:40:00,105,Signal_Team_10,1,6,0.7683,HIGH,0.6340648248389632
TMS-002760,B000542,2026-10-15 03:00:00,2026-10-15 04:45:00,105,Track_Team_09,1,6,0.8479,CRITICAL,0.6579448248389632
TMS-002358,B000071,2026-10-15 03:00:00,2026-10-15 04:00:00,60,Track_Team_23,1,6,0.1913,LOW,0.5971488221183419
TDMS-000374,B000071,2026-10-15 03:20:00,2026-10-15 04:00:00,40,OHE_Team_23,1,6,0.4798,MEDIUM,0.6670321554516752
TDMS-001371,B000071,2026-10-15 03:30:00,2026-10-15 03:55:00,25,OHE_Team_24,1,6,0.4411,MEDIUM,0.6429221554516752
TDMS-001093,B000127,2026-10-15 03:30:00,2026-10-15 04:35:00,65,OHE_Team_06,1,5,0.1205,LOW,0.5309138822044055
SMMS-000391,B000542,2026-10-15 03:40:00,2026-10-15 04:45:00,65,Signal_Team_09,1,6,0.5616,MEDIUM,0.5470548248389633
TDMS-002113,B000649,2026-10-15 03:40:00,2026-10-15 04:25:00,45,OHE_Team_02,1,5,0.2275,LOW,0.5636921396115964
TDMS-001701,B000649,2026-10-15 03:45:00,2026-10-15 04:30:00,45,OHE_Team_01,1,5,0.443,MEDIUM,0.6283421396115962
SMMS-000430,B000127,2026-10-15 03:45:00,2026-10-15 04:50:00,65,Signal_Team_06,1,5,0.3935,LOW,0.6128138822044056
TMS-003793,B000092,2026-10-15 03:45:00,2026-10-15 04:35:00,50,Track_Team_20,1,7,0.2035,LOW,0.46716312520648884
TMS-000847,B000092,2026-10-15 04:00:00,2026-10-15 05:45:00,105,Track_Team_19,1,7,0.4332,MEDIUM,0.5704481252064888
TMS-001765,B000649,2026-10-15 04:15:00,2026-10-15 05:00:00,45,Track_Team_02,1,5,0.4384,MEDIUM,0.6269621396115963
TMS-003522,B000542,2026-10-15 04:25:00,2026-10-15 05:00:00,35,Track_Team_10,1,6,0.4467,MEDIUM,0.49383482483896335
TDMS-002821,B000649,2026-10-15 04:25:00,2026-10-15 04:55:00,30,OHE_Team_02,1,5,0.2239,LOW,0.5501121396115962
TDMS-001671,B000092,2026-10-15 04:30:00,2026-10-15 05:30:00,60,OHE_Team_20;Tower_Wagon_07,2,7,0.1132,LOW,0.43203741092077447
TDMS-000597,B000384,2026-10-15 04:45:00,2026-10-15 05:30:00,45,OHE_Team_04,1,4,0.2071,LOW,0.5470863336625975
TDMS-002528,B000314,2026-10-15 07:00:00,2026-10-15 07:50:00,50,OHE_Team_05,1,1,0.3105,LOW,0.5166087829508024
TDMS-000658,B000314,2026-10-15 07:50:00,2026-10-15 09:45:00,115,OHE_Team_05,1,1,0.4201,LOW,0.603655449617469
TDMS-000383,B000771,2026-10-15 10:00:00,2026-10-15 10:50:00,50,OHE_Team_24,1,3,0.1343,LOW,0.5671493658365265
TDMS-001555,B000771,2026-10-15 10:00:00,2026-10-15 10:50:00,50,OHE_Team_23,1,3,0.1589,LOW,0.5745293658365265
TMS-003722,B000771,2026-10-15 10:00:00,2026-10-15 11:00:00,60,Track_Team_23,1,3,0.0603,LOW,0.5574493658365265
TDMS-000674,B000771,2026-10-15 10:50:00,2026-10-15 11:30:00,40,OHE_Team_23,1,3,0.1231,LOW,0.5512893658365265
TDMS-001112,B000771,2026-10-15 10:50:00,2026-10-15 11:30:00,40,OHE_Team_24,1,3,0.1439,LOW,0.5575293658365265
TMS-003824,B000969,2026-10-15 11:00:00,2026-10-15 12:00:00,60,Track_Team_21;Rail_Grinder_04,2,2,0.6675,HIGH,0.6280452753248451
TMS-002230,B000969,2026-10-15 12:00:00,2026-10-15 12:20:00,20,Track_Team_21,1,2,0.2593,LOW,0.4889186086581786
SMMS-000411,B000716,2026-10-15 14:00:00,2026-10-15 14:35:00,35,Signal_Team_07,1,4,0.3786,LOW,0.7135641945690467
TDMS-002133,B000716,2026-10-15 14:00:00,2026-10-15 14:45:00,45,OHE_Team_07,1,4,0.1117,LOW,0.6668275279023801
TMS-000308,B000716,2026-10-15 14:00:00,2026-10-15 14:45:00,45,Track_Team_08,1,4,0.2902,LOW,0.7203775279023801
TMS-001665,B000716,2026-10-15 14:00:00,2026-10-15 14:45:00,45,Track_Team_07,1,4,0.3866,LOW,0.7492975279023801
TDMS-001004,B000313,2026-10-15 14:30:00,2026-10-15 16:45:00,135,OHE_Team_05,1,5,0.4386,MEDIUM,0.6726988622255503
TDMS-001902,B000313,2026-10-15 14:30:00,2026-10-15 17:45:00,195,OHE_Team_06,1,5,0.4127,LOW,0.7024288622255503
TDMS-001967,B000313,2026-10-15 16:45:00,2026-10-15 18:15:00,90,OHE_Team_05,1,5,0.3776,LOW,0.6262738622255504
SMMS-002638,B000967,2026-10-15 17:00:00,2026-10-15 17:50:00,50,Signal_Team_10,1,1,0.6859,HIGH,0.6417900555574381
TDMS-002619,B000313,2026-10-15 17:45:00,2026-10-15 18:20:00,35,OHE_Team_06,1,5,0.2976,LOW,0.5678988622255503
TDMS-000275,B000967,2026-10-15 17:50:00,2026-10-15 18:15:00,25,OHE_Team_09,1,1,0.4264,LOW,0.5222733888907715
SMMS-001842,B000213,2026-10-15 23:00:00,2026-10-16 00:10:00,70,Signal_Team_01,1,1,0.5077,MEDIUM,0.6417555574621906
SMMS-002028,B000365,2026-10-15 23:30:00,2026-10-16 00:10:00,40,Signal_Team_09,1,5,0.3512,LOW,0.6755170719667305
SMMS-002106,B000365,2026-10-15 23:30:00,2026-10-16 00:15:00,45,Signal_Team_10,1,5,0.3121,LOW,0.6721204053000638
SMMS-001431,B000213,2026-10-16 00:10:00,2026-10-16 00:45:00,35,Signal_Team_01,1,1,0.6054,MEDIUM,0.6273155574621906
SMMS-002253,B000365,2026-10-16 00:10:00,2026-10-16 01:00:00,50,Signal_Team_09;Signal_Test_Unit_06,2,5,0.5254,MEDIUM,0.7244437386333971
SMMS-001193,B000365,2026-10-16 00:15:00,2026-10-16 01:00:00,45,Signal_Team_10,1,5,0.4437,MEDIUM,0.7116004053000637
