train_id,train_number,train_type,corridor_id,origin,destination,location,chainage_km,arrival_time,departure_time,priority,forecast_status
T000001,58756,Passenger,C009,Konkanganj,Konkankheda,L009-05,209.53,2026-09-15 13:40:00,2026-09-15 14:09:00,HIGH,FORECAST
T000002,30190,Goods,C195,Bharatgunj,Taraganj Road,L195-04,60.26,2026-10-02 23:49:00,2026-10-03 00:40:00,MEDIUM,FORECAST
T000003,13976,Express,C163,Dhanuganj Cantt,Veerhalli Jn,L163-04,36.4,2026-10-15 23:29:00,2026-10-15 23:35:00,HIGH,PROVISIONAL
T000004,12465,Express,C123,Satpurapalli,Charankot Cantt,L123-03,31.28,2026-10-12 18:22:00,2026-10-12 18:36:00,CRITICAL,SCHEDULED
T000005,57033,Passenger,C009,Konkanganj,Konkankheda,L009-03,182.63,2026-09-11 05:49:00,2026-09-11 06:38:00,HIGH,PROVISIONAL
T000006,30620,Goods,C069,Dhanupalli Cantt,Girnarkheda Road,L069-11,333.57,2026-09-27 01:12:00,2026-09-27 02:09:00,MEDIUM,SCHEDULED
T000007,71759,Other,C059,Yamunanagar Jn,Haldikheda,L059-07,362.31,2026-09-26 06:45:00,2026-09-26 07:28:00,LOW,SCHEDULED
T000008,56421,Passenger,C164,Girnarhalli Road,Dhanugunj Cantt,L164-10,357.49,2026-10-04 11:55:00,2026-10-04 12:24:00,HIGH,PROVISIONAL
T000009,56304,Passenger,C165,Jaisalgunj Road,Palanigunj,L165-09,129.49,2026-10-13 15:31:00,2026-10-13 15:43:00,HIGH,SCHEDULED
T000010,31494,Goods,C091,Ashokpur,Indrapalli Road,L091-06,26.81,2026-09-17 03:48:00,2026-09-17 04:00:00,MEDIUM,PROVISIONAL
T000011,57624,Passenger,C140,Sundarkot Jn,Haldikheda,L140-04,29.07,2026-09-07 12:38:00,2026-09-07 12:44:00,HIGH,PROVISIONAL
T000012,57163,Passenger,C026,Sabarabad Cantt,Chitrakot,L026-06,27.69,2026-10-05 17:44:00,2026-10-05 17:50:00,HIGH,SCHEDULED
T000013,58588,Passenger,C069,Dhanupalli Cantt,Girnarkheda Road,L069-01,22.53,2026-10-09 19:05:00,2026-10-09 19:57:00,HIGH,SCHEDULED
T000014,58671,Passenger,C009,Konkanganj,Konkankheda,L009-05,209.53,2026-09-02 22:49:00,2026-09-02 23:19:00,HIGH,FORECAST
T000015,30653,Goods,C052,Tarakheda Road,Bhimapalli Cantt,L052-11,211.52,2026-10-10 00:26:00,2026-10-10 00:59:00,MEDIUM,PROVISIONAL
T000016,13533,Express,C129,Sagargunj Jn,Meeragunj Road,L129-03,24.57,2026-09-29 21:34:00,2026-09-29 21:46:00,CRITICAL,SCHEDULED
T000017,57530,Passenger,C037,Gangaganj Road,Bilaskot,L037-03,30.38,2026-09-30 08:09:00,2026-09-30 08:50:00,MEDIUM,SCHEDULED
T000018,56819,Passenger,C192,Malwanagar,Devgarhgarh,L192-09,96.88,2026-09-14 15:15:00,2026-09-14 15:31:00,HIGH,SCHEDULED
T000019,31055,Goods,C086,Vindhyakot,Girnarhalli Cantt,L086-03,47.33,2026-10-08 21:28:00,2026-10-08 22:25:00,MEDIUM,SCHEDULED
T000020,30520,Goods,C195,Bharatgunj,Taraganj Road,L195-07,109.28,2026-10-07 01:31:00,2026-10-07 02:01:00,MEDIUM,PROVISIONAL
T000021,32032,Goods,C176,Vindhyakot Jn,Ranaganj Cantt,L176-03,49.03,2026-09-13 03:40:00,2026-09-13 04:08:00,MEDIUM,SCHEDULED
T000022,31813,Goods,C176,Vindhyakot Jn,Ranaganj Cantt,L176-09,155.72,2026-10-03 23:25:00,2026-10-04 00:00:00,MEDIUM,SCHEDULED
T000023,32000,Goods,C098,Bilaskheda,Pushkarganj,L098-01,1.11,2026-09-03 04:56:00,2026-09-03 05:02:00,MEDIUM,PROVISIONAL
T000024,12417,Express,C026,Sabarabad Cantt,Chitrakot,L026-05,23.62,2026-10-03 06:42:00,2026-10-03 06:48:00,CRITICAL,PROVISIONAL
T000025,32790,Goods,C153,Veerkot Jn,Veerkheda Road,L153-04,44.0,2026-10-14 07:39:00,2026-10-14 08:04:00,MEDIUM,SCHEDULED
T000026,57487,Passenger,C028,Girnarpalli,Kanhagunj Cantt,L028-11,367.84,2026-09-18 16:13:00,2026-09-18 16:50:00,HIGH,SCHEDULED
T000027,32116,Goods,C047,Vindhyapalli Jn,Dhanukot,L047-07,110.05,2026-09-12 23:02:00,2026-09-12 23:26:00,MEDIUM,SCHEDULED
T000028,31248,Goods,C150,Udaykot Jn,Sagarpalli,L150-08,125.81,2026-10-12 05:20:00,2026-10-12 05:44:00,MEDIUM,SCHEDULED
T000029,58790,Passenger,C026,Sabarabad Cantt,Chitrakot,L026-02,9.14,2026-10-14 08:26:00,2026-10-14 08:32:00,HIGH,SCHEDULED
T000030,57936,Passenger,C140,Sundarkot Jn,Haldikheda,L140-04,29.07,2026-09-18 14:17:00,2026-09-18 14:23:00,HIGH,SCHEDULED
T000031,58154,Passenger,C069,Dhanupalli Cantt,Girnarkheda Road,L069-06,194.8,2026-09-18 10:24:00,2026-09-18 10:56:00,HIGH,SCHEDULED
T000032,57500,Passenger,C009,Konkanganj,Konkankheda,L009-04,201.98,2026-09-05 06:11:00,2026-09-05 06:54:00,HIGH,SCHEDULED
T000033,58913,Passenger,C112,Narmadagunj,Yamunaganj,L112-02,13.4,2026-09-08 18:21:00,2026-09-08 18:41:00,HIGH,SCHEDULED
T000034,14914,Express,C195,Bharatgunj,Taraganj Road,L195-07,109.28,2026-09-28 20:07:00,2026-09-28 20:23:00,CRITICAL,PROVISIONAL
T000035,32369,Goods,C192,Malwanagar,Devgarhgarh,L192-02,24.47,2026-09-13 14:27:00,2026-09-13 14:53:00,MEDIUM,SCHEDULED
T000036,58095,Passenger,C026,Sabarabad Cantt,Chitrakot,L026-03,10.67,2026-10-11 19:39:00,2026-10-11 19:46:00,HIGH,SCHEDULED
T000037,31603,Goods,C009,Konkanganj,Konkankheda,L009-06,222.21,2026-10-05 03:40:00,2026-10-05 04:31:00,MEDIUM,CANCELLED
T000038,13390,Express,C026,Sabarabad Cantt,Chitrakot,L026-02,9.14,2026-10-01 08:29:00,2026-10-01 08:35:00,CRITICAL,FORECAST
T000039,31837,Goods,C164,Girnarhalli Road,Dhanugunj Cantt,L164-01,46.53,2026-10-08 18:00:00,2026-10-08 19:35:00,MEDIUM,PROVISIONAL
T000040,56212,Passenger,C188,Charanpur,Gangagunj,L188-12,172.39,2026-09-27 05:46:00,2026-09-27 06:01:00,HIGH,SCHEDULED
T000041,32856,Goods,C059,Yamunanagar Jn,Haldikheda,L059-10,380.23,2026-09-27 03:28:00,2026-09-27 04:49:00,CRITICAL,SCHEDULED
T000042,58134,Passenger,C071,Jaisalhalli Cantt,Veergarh Road,L071-02,17.02,2026-09-13 14:08:00,2026-09-13 15:02:00,HIGH,SCHEDULED
T000043,56676,Passenger,C026,Sabarabad Cantt,Chitrakot,L026-01,4.01,2026-09-08 06:09:00,2026-09-08 06:15:00,HIGH,PROVISIONAL
T000044,56440,Passenger,C140,Sundarkot Jn,Haldikheda,L140-07,37.73,2026-10-13 08:41:00,2026-10-13 08:47:00,HIGH,FORECAST
T000045,32104,Goods,C018,Haldiganj,Nilgirigunj Road,L018-06,153.82,2026-09-21 19:39:00,2026-09-21 20:11:00,CRITICAL,SCHEDULED
T000046,31623,Goods,C186,Bhimaabad,Omkarabad Cantt,L186-07,209.66,2026-10-13 01:57:00,2026-10-13 03:21:00,MEDIUM,SCHEDULED
T000047,56635,Passenger,C009,Konkanganj,Konkankheda,L009-07,242.71,2026-09-12 10:05:00,2026-09-12 10:42:00,HIGH,SCHEDULED
T000048,31606,Goods,C051,Veerhalli,Shantipalli Cantt,L051-04,115.18,2026-09-02 02:27:00,2026-09-02 03:06:00,MEDIUM,SCHEDULED
T000049,30179,Goods,C018,Haldiganj,Nilgirigunj Road,L018-02,70.47,2026-10-11 00:24:00,2026-10-11 01:08:00,MEDIUM,CANCELLED
T000050,31250,Goods,C123,Satpurapalli,Charankot Cantt,L123-06,44.14,2026-09-17 01:11:00,2026-09-17 01:51:00,MEDIUM,SCHEDULED
T000051,12027,Express,C163,Dhanuganj Cantt,Veerhalli Jn,L163-08,92.08,2026-09-15 12:52:00,2026-09-15 13:00:00,CRITICAL,SCHEDULED
T000052,13795,Express,C069,Dhanupalli Cantt,Girnarkheda Road,L069-07,215.64,2026-10-08 23:22:00,2026-10-08 23:45:00,CRITICAL,PROVISIONAL
T000053,57522,Passenger,C195,Bharatgunj,Taraganj Road,L195-02,28.22,2026-10-12 14:29:00,2026-10-12 14:59:00,HIGH,FORECAST
T000054,30756,Goods,C115,Konkanpalli,Indrakheda Jn,L115-03,133.82,2026-10-01 00:23:00,2026-10-01 01:20:00,MEDIUM,SCHEDULED
T000055,32242,Goods,C163,Dhanuganj Cantt,Veerhalli Jn,L163-05,64.97,2026-09-17 21:57:00,2026-09-17 22:10:00,MEDIUM,SCHEDULED
T000056,58309,Passenger,C026,Sabarabad Cantt,Chitrakot,L026-04,17.94,2026-10-14 14:13:00,2026-10-14 14:19:00,HIGH,FORECAST
T000057,14440,Express,C164,Girnarhalli Road,Dhanugunj Cantt,L164-03,127.28,2026-09-19 13:14:00,2026-09-19 13:36:00,CRITICAL,SCHEDULED
T000058,14595,Express,C150,Udaykot Jn,Sagarpalli,L150-01,1.98,2026-09-14 11:13:00,2026-09-14 11:25:00,CRITICAL,SCHEDULED
T000059,56881,Passenger,C112,Narmadagunj,Yamunaganj,L112-06,71.55,2026-09-16 14:52:00,2026-09-16 15:19:00,HIGH,SCHEDULED
T000060,57502,Passenger,C044,Devgarhkot Jn,Dhanugunj,L044-04,60.78,2026-10-13 21:43:00,2026-10-13 21:56:00,HIGH,SCHEDULED
T000061,72786,Other,C131,Ashokkot,Narmadagarh Cantt,L131-08,224.31,2026-09-29 19:17:00,2026-09-29 19:56:00,LOW,SCHEDULED
T000062,13647,Express,C071,Jaisalhalli Cantt,Veergarh Road,L071-04,70.92,2026-10-07 05:22:00,2026-10-07 05:48:00,CRITICAL,PROVISIONAL
T000063,31568,Goods,C150,Udaykot Jn,Sagarpalli,L150-07,109.46,2026-10-03 02:14:00,2026-10-03 02:38:00,MEDIUM,SCHEDULED
T000064,58107,Passenger,C164,Girnarhalli Road,Dhanugunj Cantt,L164-03,127.28,2026-10-07 13:14:00,2026-10-07 13:51:00,HIGH,PROVISIONAL
T000065,12458,Express,C028,Girnarpalli,Kanhagunj Cantt,L028-03,83.34,2026-10-12 21:22:00,2026-10-12 21:49:00,CRITICAL,SCHEDULED
T000066,56410,Passenger,C075,Charanpur,Ranahalli Cantt,L075-08,192.11,2026-10-05 06:17:00,2026-10-05 06:35:00,HIGH,SCHEDULED
T000067,56856,Passenger,C131,Ashokkot,Narmadagarh Cantt,L131-10,258.71,2026-09-15 06:30:00,2026-09-15 07:05:00,HIGH,SCHEDULED
T000068,56540,Passenger,C069,Dhanupalli Cantt,Girnarkheda Road,L069-02,35.6,2026-09-15 15:00:00,2026-09-15 15:34:00,HIGH,SCHEDULED
T000069,32500,Goods,C195,Bharatgunj,Taraganj Road,L195-05,93.9,2026-09-16 00:04:00,2026-09-16 00:53:00,MEDIUM,PROVISIONAL
T000070,56467,Passenger,C176,Vindhyakot Jn,Ranaganj Cantt,L176-01,21.8,2026-09-20 02:54:00,2026-09-20 03:05:00,CRITICAL,SCHEDULED
T000071,57007,Passenger,C115,Konkanpalli,Indrakheda Jn,L115-07,241.36,2026-10-11 17:45:00,2026-10-11 18:14:00,HIGH,SCHEDULED
T000072,56993,Passenger,C199,Tarakheda Jn,Bhimagarh,L199-06,202.86,2026-09-22 22:46:00,2026-09-22 23:20:00,HIGH,FORECAST
T000073,58674,Passenger,C026,Sabarabad Cantt,Chitrakot,L026-03,10.67,2026-10-13 02:31:00,2026-10-13 02:37:00,HIGH,SCHEDULED
T000074,58407,Passenger,C155,Omkarhalli,Sabarkheda Road,L155-08,49.19,2026-09-28 05:16:00,2026-09-28 05:22:00,HIGH,SCHEDULED
T000075,71980,Other,C009,Konkanganj,Konkankheda,L009-04,201.98,2026-09-15 11:44:00,2026-09-15 12:27:00,LOW,SCHEDULED
T000076,57045,Passenger,C199,Tarakheda Jn,Bhimagarh,L199-06,202.86,2026-09-13 18:43:00,2026-09-13 19:21:00,HIGH,SCHEDULED
T000077,72610,Other,C175,Devgarhnagar Jn,Tarapur,L175-03,202.75,2026-09-26 10:51:00,2026-09-26 12:42:00,LOW,SCHEDULED
T000078,56355,Passenger,C069,Dhanupalli Cantt,Girnarkheda Road,L069-12,378.6,2026-10-06 06:53:00,2026-10-06 07:24:00,HIGH,FORECAST
T000079,14992,Express,C150,Udaykot Jn,Sagarpalli,L150-04,28.77,2026-09-09 07:21:00,2026-09-09 07:29:00,CRITICAL,FORECAST
T000080,12008,Express,C099,Malwagunj,Gangaganj,L099-08,56.68,2026-09-12 06:40:00,2026-09-12 06:46:00,CRITICAL,SCHEDULED
T000081,71711,Other,C129,Sagargunj Jn,Meeragunj Road,L129-02,8.42,2026-10-15 19:43:00,2026-10-15 20:06:00,LOW,SCHEDULED
T000082,56792,Passenger,C153,Veerkot Jn,Veerkheda Road,L153-08,92.38,2026-09-05 10:17:00,2026-09-05 10:28:00,HIGH,CANCELLED
T000083,13162,Express,C131,Ashokkot,Narmadagarh Cantt,L131-11,271.21,2026-09-27 18:47:00,2026-09-27 19:10:00,CRITICAL,SCHEDULED
T000084,14910,Express,C140,Sundarkot Jn,Haldikheda,L140-06,35.5,2026-10-06 10:09:00,2026-10-06 10:15:00,CRITICAL,SCHEDULED
T000085,14259,Express,C059,Yamunanagar Jn,Haldikheda,L059-10,380.23,2026-09-22 13:28:00,2026-09-22 13:58:00,CRITICAL,SCHEDULED
T000086,58344,Passenger,C176,Vindhyakot Jn,Ranaganj Cantt,L176-04,54.44,2026-09-25 01:08:00,2026-09-25 01:27:00,HIGH,SCHEDULED
T000087,13970,Express,C186,Bhimaabad,Omkarabad Cantt,L186-01,9.58,2026-09-09 14:52:00,2026-09-09 15:10:00,CRITICAL,FORECAST
T000088,30089,Goods,C069,Dhanupalli Cantt,Girnarkheda Road,L069-07,215.64,2026-09-05 02:11:00,2026-09-05 03:08:00,MEDIUM,FORECAST
T000089,56615,Passenger,C131,Ashokkot,Narmadagarh Cantt,L131-11,271.21,2026-09-23 15:42:00,2026-09-23 16:18:00,HIGH,SCHEDULED
T000090,58132,Passenger,C140,Sundarkot Jn,Haldikheda,L140-07,37.73,2026-09-15 13:18:00,2026-09-15 13:24:00,CRITICAL,PROVISIONAL
T000091,58093,Passenger,C175,Devgarhnagar Jn,Tarapur,L175-04,212.09,2026-10-11 19:03:00,2026-10-11 20:10:00,HIGH,SCHEDULED
T000092,70232,Other,C140,Sundarkot Jn,Haldikheda,L140-04,29.07,2026-10-14 16:44:00,2026-10-14 16:50:00,LOW,FORECAST
T000093,57702,Passenger,C140,Sundarkot Jn,Haldikheda,L140-03,28.69,2026-09-13 11:13:00,2026-09-13 11:19:00,MEDIUM,FORECAST
T000094,56197,Passenger,C009,Konkanganj,Konkankheda,L009-05,209.53,2026-09-16 14:50:00,2026-09-16 15:18:00,HIGH,PROVISIONAL
T000095,72241,Other,C009,Konkanganj,Konkankheda,L009-03,182.63,2026-09-18 11:10:00,2026-09-18 11:53:00,LOW,SCHEDULED
T000096,12599,Express,C009,Konkanganj,Konkankheda,L009-06,222.21,2026-09-21 23:14:00,2026-09-21 23:47:00,CRITICAL,FORECAST
T000097,32572,Goods,C093,Pushkarhalli,Rohtakkot,L093-02,85.18,2026-10-08 21:04:00,2026-10-08 23:25:00,MEDIUM,FORECAST
T000098,13263,Express,C155,Omkarhalli,Sabarkheda Road,L155-09,52.29,2026-09-26 01:37:00,2026-09-26 01:43:00,CRITICAL,FORECAST
T000099,31763,Goods,C128,Chitrakheda Jn,Satpurapur Road,L128-02,56.17,2026-09-20 10:11:00,2026-09-20 10:45:00,MEDIUM,SCHEDULED
T000100,13245,Express,C050,Taragunj,Haldipur Road,L050-03,34.24,2026-09-29 23:02:00,2026-09-29 23:08:00,CRITICAL,SCHEDULED
T000101,56680,Passenger,C175,Devgarhnagar Jn,Tarapur,L175-02,167.66,2026-09-08 22:59:00,2026-09-09 00:06:00,HIGH,SCHEDULED
T000102,32877,Goods,C009,Konkanganj,Konkankheda,L009-04,201.98,2026-10-07 04:21:00,2026-10-07 05:31:00,MEDIUM,SCHEDULED
T000103,30234,Goods,C192,Malwanagar,Devgarhgarh,L192-10,127.84,2026-09-30 03:40:00,2026-09-30 04:02:00,MEDIUM,SCHEDULED
T000104,57476,Passenger,C123,Satpurapalli,Charankot Cantt,L123-08,113.88,2026-10-03 07:59:00,2026-10-03 08:27:00,HIGH,FORECAST
T000105,71506,Other,C050,Taragunj,Haldipur Road,L050-01,18.15,2026-10-04 19:58:00,2026-10-04 20:12:00,LOW,SCHEDULED
T000106,31209,Goods,C028,Girnarpalli,Kanhagunj Cantt,L028-05,129.0,2026-09-28 00:14:00,2026-09-28 01:09:00,MEDIUM,FORECAST
T000107,32038,Goods,C164,Girnarhalli Road,Dhanugunj Cantt,L164-04,137.62,2026-09-01 21:29:00,2026-09-01 22:39:00,MEDIUM,SCHEDULED
T000108,31308,Goods,C018,Haldiganj,Nilgirigunj Road,L018-07,174.74,2026-09-07 01:07:00,2026-09-07 01:51:00,MEDIUM,SCHEDULED
T000109,70591,Other,C164,Girnarhalli Road,Dhanugunj Cantt,L164-09,325.29,2026-09-06 05:12:00,2026-09-06 06:08:00,LOW,SCHEDULED
T000110,58197,Passenger,C074,Chandrapalli Cantt,Nilgirikheda,L074-07,86.63,2026-09-29 00:07:00,2026-09-29 00:20:00,HIGH,PROVISIONAL
T000111,57503,Passenger,C050,Taragunj,Haldipur Road,L050-04,35.75,2026-09-23 19:42:00,2026-09-23 19:57:00,HIGH,SCHEDULED
T000112,56499,Passenger,C195,Bharatgunj,Taraganj Road,L195-07,109.28,2026-09-01 15:48:00,2026-09-01 16:22:00,HIGH,SCHEDULED
T000113,32563,Goods,C069,Dhanupalli Cantt,Girnarkheda Road,L069-02,35.6,2026-09-02 23:39:00,2026-09-03 00:31:00,MEDIUM,SCHEDULED
T000114,31193,Goods,C164,Girnarhalli Road,Dhanugunj Cantt,L164-10,357.49,2026-09-05 22:09:00,2026-09-05 23:12:00,MEDIUM,PROVISIONAL
T000115,31421,Goods,C050,Taragunj,Haldipur Road,L050-09,113.79,2026-09-12 03:22:00,2026-09-12 03:34:00,MEDIUM,FORECAST
T000116,57087,Passenger,C150,Udaykot Jn,Sagarpalli,L150-10,152.42,2026-10-06 15:16:00,2026-10-06 15:36:00,HIGH,SCHEDULED
T000117,56278,Passenger,C150,Udaykot Jn,Sagarpalli,L150-03,22.68,2026-09-15 23:34:00,2026-09-15 23:51:00,HIGH,SCHEDULED
T000118,12402,Express,C164,Girnarhalli Road,Dhanugunj Cantt,L164-08,276.89,2026-10-08 11:12:00,2026-10-08 11:37:00,CRITICAL,SCHEDULED
T000119,30056,Goods,C163,Dhanuganj Cantt,Veerhalli Jn,L163-02,14.51,2026-09-27 07:28:00,2026-09-27 07:59:00,MEDIUM,SCHEDULED
T000120,30180,Goods,C163,Dhanuganj Cantt,Veerhalli Jn,L163-05,64.97,2026-09-09 12:25:00,2026-09-09 12:48:00,MEDIUM,SCHEDULED
T000121,56819,Passenger,C163,Dhanuganj Cantt,Veerhalli Jn,L163-03,28.41,2026-09-18 18:38:00,2026-09-18 18:51:00,HIGH,SCHEDULED
T000122,57294,Passenger,C164,Girnarhalli Road,Dhanugunj Cantt,L164-07,252.14,2026-09-30 10:27:00,2026-09-30 11:12:00,HIGH,PROVISIONAL
T000123,57914,Passenger,C127,Ambahalli,Satpuranagar Road,L127-05,202.39,2026-09-20 21:47:00,2026-09-20 23:05:00,HIGH,SCHEDULED
T000124,58813,Passenger,C009,Konkanganj,Konkankheda,L009-02,62.41,2026-09-10 15:26:00,2026-09-10 15:59:00,HIGH,FORECAST
T000125,30637,Goods,C009,Konkanganj,Konkankheda,L009-07,242.71,2026-09-30 22:07:00,2026-09-30 23:09:00,MEDIUM,SCHEDULED
T000126,14376,Express,C037,Gangaganj Road,Bilaskot,L037-06,198.68,2026-09-05 09:13:00,2026-09-05 09:30:00,CRITICAL,FORECAST
T000127,58436,Passenger,C140,Sundarkot Jn,Haldikheda,L140-02,16.52,2026-10-09 06:38:00,2026-10-09 06:44:00,MEDIUM,SCHEDULED
T000128,58734,Passenger,C163,Dhanuganj Cantt,Veerhalli Jn,L163-04,36.4,2026-09-05 10:24:00,2026-09-05 10:34:00,HIGH,SCHEDULED
T000129,58310,Passenger,C192,Malwanagar,Devgarhgarh,L192-09,96.88,2026-10-14 08:47:00,2026-10-14 08:54:00,HIGH,PROVISIONAL
T000130,57527,Passenger,C171,Yamunakot Cantt,Krishnapur,L171-02,4.63,2026-09-02 13:52:00,2026-09-02 13:58:00,HIGH,PROVISIONAL
T000131,32589,Goods,C164,Girnarhalli Road,Dhanugunj Cantt,L164-06,229.92,2026-09-21 11:31:00,2026-09-21 12:41:00,MEDIUM,SCHEDULED
T000132,57337,Passenger,C129,Sagargunj Jn,Meeragunj Road,L129-03,24.57,2026-10-03 22:30:00,2026-10-03 22:44:00,HIGH,SCHEDULED
T000133,58807,Passenger,C069,Dhanupalli Cantt,Girnarkheda Road,L069-12,378.6,2026-09-12 16:57:00,2026-09-12 17:25:00,HIGH,SCHEDULED
T000134,56256,Passenger,C123,Satpurapalli,Charankot Cantt,L123-04,31.64,2026-09-08 17:26:00,2026-09-08 17:54:00,HIGH,SCHEDULED
T000135,14747,Express,C164,Girnarhalli Road,Dhanugunj Cantt,L164-07,252.14,2026-09-18 08:00:00,2026-09-18 08:19:00,CRITICAL,PROVISIONAL
T000136,12810,Express,C018,Haldiganj,Nilgirigunj Road,L018-09,213.99,2026-09-08 20:42:00,2026-09-08 21:01:00,CRITICAL,SCHEDULED
T000137,57637,Passenger,C028,Girnarpalli,Kanhagunj Cantt,L028-07,186.56,2026-10-10 19:11:00,2026-10-10 19:43:00,HIGH,SCHEDULED
T000138,58605,Passenger,C091,Ashokpur,Indrapalli Road,L091-12,77.29,2026-09-17 05:01:00,2026-09-17 05:09:00,HIGH,SCHEDULED
T000139,58617,Passenger,C086,Vindhyakot,Girnarhalli Cantt,L086-08,224.86,2026-10-07 10:14:00,2026-10-07 10:48:00,HIGH,SCHEDULED
T000140,58450,Passenger,C199,Tarakheda Jn,Bhimagarh,L199-11,303.6,2026-09-28 18:42:00,2026-09-28 19:17:00,HIGH,SCHEDULED
T000141,31336,Goods,C150,Udaykot Jn,Sagarpalli,L150-05,55.2,2026-10-10 17:29:00,2026-10-10 17:54:00,MEDIUM,PROVISIONAL
T000142,57918,Passenger,C140,Sundarkot Jn,Haldikheda,L140-08,38.21,2026-09-14 21:57:00,2026-09-14 22:03:00,HIGH,SCHEDULED
T000143,57377,Passenger,C196,Devgarhganj,Bharatnagar,L196-07,172.94,2026-10-07 14:26:00,2026-10-07 15:00:00,HIGH,FORECAST
T000144,30887,Goods,C037,Gangaganj Road,Bilaskot,L037-04,32.13,2026-09-24 20:56:00,2026-09-24 21:53:00,MEDIUM,FORECAST
T000145,32913,Goods,C009,Konkanganj,Konkankheda,L009-04,201.98,2026-10-10 04:21:00,2026-10-10 05:36:00,MEDIUM,SCHEDULED
T000146,58023,Passenger,C041,Nilgirikheda Jn,Jaisalgarh,L041-04,21.7,2026-09-16 10:39:00,2026-09-16 10:54:00,HIGH,SCHEDULED
T000147,56563,Passenger,C069,Dhanupalli Cantt,Girnarkheda Road,L069-01,22.53,2026-09-04 10:04:00,2026-09-04 10:39:00,HIGH,SCHEDULED
T000148,56469,Passenger,C176,Vindhyakot Jn,Ranaganj Cantt,L176-05,77.47,2026-09-22 09:11:00,2026-09-22 09:35:00,HIGH,SCHEDULED
T000149,58689,Passenger,C050,Taragunj,Haldipur Road,L050-06,53.65,2026-09-05 17:26:00,2026-09-05 17:39:00,HIGH,FORECAST
T000150,13028,Express,C176,Vindhyakot Jn,Ranaganj Cantt,L176-01,21.8,2026-09-08 17:28:00,2026-09-08 17:40:00,CRITICAL,SCHEDULED
T000151,56755,Passenger,C129,Sagargunj Jn,Meeragunj Road,L129-01,0.75,2026-09-24 06:20:00,2026-09-24 06:32:00,HIGH,SCHEDULED
T000152,30008,Goods,C050,Taragunj,Haldipur Road,L050-05,36.84,2026-10-07 11:20:00,2026-10-07 11:36:00,MEDIUM,SCHEDULED
T000153,31929,Goods,C098,Bilaskheda,Pushkarganj,L098-07,15.99,2026-10-15 23:07:00,2026-10-15 23:13:00,CRITICAL,FORECAST
T000154,58318,Passenger,C131,Ashokkot,Narmadagarh Cantt,L131-09,244.61,2026-09-16 12:30:00,2026-09-16 13:01:00,CRITICAL,FORECAST
T000155,56951,Passenger,C069,Dhanupalli Cantt,Girnarkheda Road,L069-05,175.88,2026-09-14 17:21:00,2026-09-14 17:56:00,HIGH,SCHEDULED
T000156,31080,Goods,C017,Sagargunj Road,Kanhakot,L017-01,15.06,2026-10-09 14:48:00,2026-10-09 15:31:00,MEDIUM,SCHEDULED
T000157,57125,Passenger,C195,Bharatgunj,Taraganj Road,L195-07,109.28,2026-09-21 18:54:00,2026-09-21 19:16:00,HIGH,SCHEDULED
T000158,32097,Goods,C150,Udaykot Jn,Sagarpalli,L150-10,152.42,2026-09-13 16:44:00,2026-09-13 17:07:00,MEDIUM,SCHEDULED
T000159,56068,Passenger,C150,Udaykot Jn,Sagarpalli,L150-07,109.46,2026-09-09 22:20:00,2026-09-09 22:40:00,HIGH,SCHEDULED
T000160,13453,Express,C123,Satpurapalli,Charankot Cantt,L123-01,11.95,2026-10-08 14:18:00,2026-10-08 14:36:00,CRITICAL,SCHEDULED
T000161,58753,Passenger,C140,Sundarkot Jn,Haldikheda,L140-09,40.15,2026-09-26 05:42:00,2026-09-26 05:48:00,HIGH,SCHEDULED
T000162,31503,Goods,C123,Satpurapalli,Charankot Cantt,L123-09,208.13,2026-10-08 22:00:00,2026-10-08 22:37:00,MEDIUM,SCHEDULED
T000163,57086,Passenger,C069,Dhanupalli Cantt,Girnarkheda Road,L069-03,48.56,2026-09-15 16:11:00,2026-09-15 16:33:00,HIGH,SCHEDULED
T000164,57534,Passenger,C018,Haldiganj,Nilgirigunj Road,L018-07,174.74,2026-10-10 07:33:00,2026-10-10 08:14:00,HIGH,SCHEDULED
T000165,31082,Goods,C051,Veerhalli,Shantipalli Cantt,L051-06,149.29,2026-10-11 17:14:00,2026-10-11 17:52:00,MEDIUM,SCHEDULED
T000166,30922,Goods,C112,Narmadagunj,Yamunaganj,L112-06,71.55,2026-10-14 05:49:00,2026-10-14 06:29:00,MEDIUM,SCHEDULED
T000167,12677,Express,C039,Malwaganj Cantt,Satpuraabad Road,L039-03,58.83,2026-09-09 19:25:00,2026-09-09 19:39:00,LOW,SCHEDULED
T000168,13192,Express,C150,Udaykot Jn,Sagarpalli,L150-09,136.48,2026-09-02 07:42:00,2026-09-02 07:55:00,CRITICAL,SCHEDULED
T000169,12570,Express,C098,Bilaskheda,Pushkarganj,L098-09,22.87,2026-10-02 17:43:00,2026-10-02 17:49:00,CRITICAL,SCHEDULED
T000170,32228,Goods,C026,Sabarabad Cantt,Chitrakot,L026-05,23.62,2026-10-04 20:09:00,2026-10-04 20:17:00,MEDIUM,CANCELLED
T000171,57751,Passenger,C039,Malwaganj Cantt,Satpuraabad Road,L039-13,210.07,2026-09-21 20:03:00,2026-09-21 20:25:00,HIGH,SCHEDULED
T000172,56445,Passenger,C078,Vindhyanagar,Rananagar Road,L078-09,81.96,2026-09-01 09:23:00,2026-09-01 09:41:00,HIGH,FORECAST
T000173,31566,Goods,C009,Konkanganj,Konkankheda,L009-01,14.97,2026-09-25 20:49:00,2026-09-25 21:56:00,MEDIUM,FORECAST
T000174,14993,Express,C059,Yamunanagar Jn,Haldikheda,L059-02,30.61,2026-09-04 10:11:00,2026-09-04 10:36:00,CRITICAL,SCHEDULED
T000175,32804,Goods,C050,Taragunj,Haldipur Road,L050-05,36.84,2026-09-06 02:24:00,2026-09-06 02:46:00,MEDIUM,PROVISIONAL
T000176,12525,Express,C176,Vindhyakot Jn,Ranaganj Cantt,L176-11,200.35,2026-10-11 03:45:00,2026-10-11 03:58:00,CRITICAL,SCHEDULED
T000177,32704,Goods,C176,Vindhyakot Jn,Ranaganj Cantt,L176-12,214.5,2026-09-09 21:06:00,2026-09-09 21:33:00,MEDIUM,PROVISIONAL
T000178,30744,Goods,C002,Vindhyakot,Sagarkheda Cantt,L002-03,18.69,2026-10-12 00:03:00,2026-10-12 00:58:00,MEDIUM,SCHEDULED
T000179,14543,Express,C129,Sagargunj Jn,Meeragunj Road,L129-04,51.91,2026-10-10 06:26:00,2026-10-10 06:37:00,CRITICAL,SCHEDULED
T000180,57557,Passenger,C176,Vindhyakot Jn,Ranaganj Cantt,L176-06,96.69,2026-09-07 23:45:00,2026-09-08 00:04:00,HIGH,FORECAST
T000181,12285,Express,C163,Dhanuganj Cantt,Veerhalli Jn,L163-02,14.51,2026-09-02 17:32:00,2026-09-02 17:42:00,CRITICAL,SCHEDULED
T000182,70382,Other,C192,Malwanagar,Devgarhgarh,L192-09,96.88,2026-09-09 16:04:00,2026-09-09 16:23:00,HIGH,SCHEDULED
T000183,57666,Passenger,C176,Vindhyakot Jn,Ranaganj Cantt,L176-04,54.44,2026-10-15 10:26:00,2026-10-15 10:45:00,HIGH,FORECAST
T000184,12487,Express,C075,Charanpur,Ranahalli Cantt,L075-03,84.0,2026-09-21 16:43:00,2026-09-21 16:58:00,CRITICAL,PROVISIONAL
T000185,30897,Goods,C020,Lalitabad Jn,Lalitkheda,L020-02,92.65,2026-09-09 08:37:00,2026-09-09 10:19:00,MEDIUM,SCHEDULED
T000186,14045,Express,C163,Dhanuganj Cantt,Veerhalli Jn,L163-03,28.41,2026-09-10 07:52:00,2026-09-10 08:01:00,CRITICAL,SCHEDULED
T000187,32359,Goods,C131,Ashokkot,Narmadagarh Cantt,L131-05,158.95,2026-10-07 02:53:00,2026-10-07 03:51:00,MEDIUM,SCHEDULED
T000188,57529,Passenger,C164,Girnarhalli Road,Dhanugunj Cantt,L164-03,127.28,2026-09-21 17:16:00,2026-09-21 17:53:00,HIGH,PROVISIONAL
T000189,13205,Express,C011,Tarapur,Bilaspalli Jn,L011-03,44.14,2026-09-08 10:39:00,2026-09-08 10:57:00,CRITICAL,SCHEDULED
T000190,58604,Passenger,C195,Bharatgunj,Taraganj Road,L195-02,28.22,2026-09-08 16:30:00,2026-09-08 17:03:00,CRITICAL,SCHEDULED
T000191,57994,Passenger,C069,Dhanupalli Cantt,Girnarkheda Road,L069-06,194.8,2026-10-06 19:02:00,2026-10-06 19:42:00,HIGH,FORECAST
T000192,58077,Passenger,C115,Konkanpalli,Indrakheda Jn,L115-01,50.74,2026-10-09 02:44:00,2026-10-09 03:11:00,CRITICAL,SCHEDULED
T000193,58711,Passenger,C009,Konkanganj,Konkankheda,L009-01,14.97,2026-09-30 20:27:00,2026-09-30 21:07:00,HIGH,SCHEDULED
T000194,31242,Goods,C128,Chitrakheda Jn,Satpurapur Road,L128-03,69.88,2026-09-21 13:53:00,2026-09-21 14:12:00,MEDIUM,SCHEDULED
T000195,57607,Passenger,C150,Udaykot Jn,Sagarpalli,L150-09,136.48,2026-10-10 13:33:00,2026-10-10 13:56:00,HIGH,FORECAST
T000196,57607,Passenger,C123,Satpurapalli,Charankot Cantt,L123-01,11.95,2026-10-04 08:41:00,2026-10-04 09:01:00,HIGH,FORECAST
T000197,31185,Goods,C150,Udaykot Jn,Sagarpalli,L150-11,162.07,2026-10-02 18:19:00,2026-10-02 18:46:00,MEDIUM,SCHEDULED
T000198,57091,Passenger,C176,Vindhyakot Jn,Ranaganj Cantt,L176-05,77.47,2026-10-05 09:24:00,2026-10-05 09:43:00,HIGH,SCHEDULED
T000199,58750,Passenger,C175,Devgarhnagar Jn,Tarapur,L175-03,202.75,2026-10-03 18:02:00,2026-10-03 19:35:00,MEDIUM,SCHEDULED
T000200,14358,Express,C175,Devgarhnagar Jn,Tarapur,L175-03,202.75,2026-09-06 06:37:00,2026-09-06 07:21:00,CRITICAL,SCHEDULED
T000201,31548,Goods,C150,Udaykot Jn,Sagarpalli,L150-07,109.46,2026-10-12 03:35:00,2026-10-12 04:00:00,CRITICAL,SCHEDULED
T000202,57085,Passenger,C140,Sundarkot Jn,Haldikheda,L140-03,28.69,2026-09-11 11:23:00,2026-09-11 11:29:00,HIGH,SCHEDULED
T000203,12294,Express,C051,Veerhalli,Shantipalli Cantt,L051-02,54.33,2026-09-22 11:30:00,2026-09-22 11:41:00,CRITICAL,SCHEDULED
T000204,56009,Passenger,C050,Taragunj,Haldipur Road,L050-04,35.75,2026-09-27 05:01:00,2026-09-27 05:19:00,HIGH,SCHEDULED
T000205,56674,Passenger,C028,Girnarpalli,Kanhagunj Cantt,L028-07,186.56,2026-09-14 07:35:00,2026-09-14 08:06:00,HIGH,SCHEDULED
T000206,12504,Express,C123,Satpurapalli,Charankot Cantt,L123-07,94.28,2026-09-19 06:54:00,2026-09-19 07:05:00,CRITICAL,CANCELLED
T000207,58553,Passenger,C195,Bharatgunj,Taraganj Road,L195-02,28.22,2026-09-02 16:14:00,2026-09-02 16:40:00,HIGH,SCHEDULED
T000208,56803,Passenger,C050,Taragunj,Haldipur Road,L050-04,35.75,2026-09-11 10:49:00,2026-09-11 10:59:00,HIGH,SCHEDULED
T000209,57175,Passenger,C098,Bilaskheda,Pushkarganj,L098-09,22.87,2026-10-14 13:14:00,2026-10-14 13:20:00,HIGH,SCHEDULED
T000210,12681,Express,C069,Dhanupalli Cantt,Girnarkheda Road,L069-03,48.56,2026-09-19 06:20:00,2026-09-19 06:47:00,CRITICAL,SCHEDULED
T000211,57214,Passenger,C009,Konkanganj,Konkankheda,L009-06,222.21,2026-09-30 07:35:00,2026-09-30 08:17:00,HIGH,SCHEDULED
T000212,58524,Passenger,C115,Konkanpalli,Indrakheda Jn,L115-04,173.95,2026-10-09 05:14:00,2026-10-09 05:51:00,HIGH,SCHEDULED
T000213,58987,Passenger,C150,Udaykot Jn,Sagarpalli,L150-09,136.48,2026-10-03 21:58:00,2026-10-03 22:21:00,HIGH,SCHEDULED
T000214,58392,Passenger,C192,Malwanagar,Devgarhgarh,L192-04,25.45,2026-09-18 09:12:00,2026-09-18 09:24:00,HIGH,SCHEDULED
T000215,58228,Passenger,C140,Sundarkot Jn,Haldikheda,L140-08,38.21,2026-10-06 09:51:00,2026-10-06 09:57:00,HIGH,FORECAST
T000216,57073,Passenger,C069,Dhanupalli Cantt,Girnarkheda Road,L069-02,35.6,2026-09-24 19:35:00,2026-09-24 20:12:00,HIGH,FORECAST
T000217,70858,Other,C098,Bilaskheda,Pushkarganj,L098-08,22.8,2026-09-03 18:51:00,2026-09-03 18:57:00,LOW,FORECAST
T000218,14566,Express,C163,Dhanuganj Cantt,Veerhalli Jn,L163-08,92.08,2026-09-26 08:51:00,2026-09-26 08:59:00,CRITICAL,SCHEDULED
T000219,58825,Passenger,C195,Bharatgunj,Taraganj Road,L195-01,21.94,2026-09-30 21:32:00,2026-09-30 22:03:00,HIGH,PROVISIONAL
T000220,30271,Goods,C028,Girnarpalli,Kanhagunj Cantt,L028-04,101.58,2026-09-15 23:58:00,2026-09-16 01:32:00,MEDIUM,FORECAST
T000221,56417,Passenger,C176,Vindhyakot Jn,Ranaganj Cantt,L176-05,77.47,2026-09-02 09:30:00,2026-09-02 09:45:00,HIGH,SCHEDULED
T000222,58428,Passenger,C109,Bilasabad Cantt,Chitragunj,L109-02,32.85,2026-09-19 12:33:00,2026-09-19 12:52:00,HIGH,SCHEDULED
T000223,32486,Goods,C131,Ashokkot,Narmadagarh Cantt,L131-10,258.71,2026-09-26 06:41:00,2026-09-26 07:35:00,MEDIUM,SCHEDULED
T000224,13093,Express,C181,Konkanabad,Satpurakot Jn,L181-01,132.94,2026-09-28 21:46:00,2026-09-28 22:25:00,CRITICAL,SCHEDULED
T000225,57737,Passenger,C163,Dhanuganj Cantt,Veerhalli Jn,L163-04,36.4,2026-09-20 02:34:00,2026-09-20 02:46:00,HIGH,SCHEDULED
T000226,57129,Passenger,C153,Veerkot Jn,Veerkheda Road,L153-08,92.38,2026-09-20 16:48:00,2026-09-20 17:02:00,HIGH,SCHEDULED
T000227,13354,Express,C074,Chandrapalli Cantt,Nilgirikheda,L074-02,7.77,2026-10-02 16:34:00,2026-10-02 16:43:00,CRITICAL,FORECAST
T000228,14634,Express,C140,Sundarkot Jn,Haldikheda,L140-11,44.31,2026-09-02 07:41:00,2026-09-02 07:47:00,CRITICAL,FORECAST
T000229,58884,Passenger,C195,Bharatgunj,Taraganj Road,L195-07,109.28,2026-09-11 11:19:00,2026-09-11 11:51:00,HIGH,SCHEDULED
T000230,58832,Passenger,C176,Vindhyakot Jn,Ranaganj Cantt,L176-02,35.75,2026-09-29 11:04:00,2026-09-29 11:25:00,HIGH,PROVISIONAL
T000231,57641,Passenger,C163,Dhanuganj Cantt,Veerhalli Jn,L163-05,64.97,2026-10-05 09:06:00,2026-10-05 09:15:00,LOW,SCHEDULED
T000232,31760,Goods,C009,Konkanganj,Konkankheda,L009-04,201.98,2026-10-09 22:47:00,2026-10-09 23:44:00,MEDIUM,SCHEDULED
T000233,56169,Passenger,C036,Ashokgunj Jn,Kanhaganj,L036-04,58.64,2026-09-29 16:14:00,2026-09-29 16:32:00,HIGH,CANCELLED
T000234,56270,Passenger,C051,Veerhalli,Shantipalli Cantt,L051-01,41.51,2026-10-04 06:36:00,2026-10-04 07:01:00,HIGH,FORECAST
T000235,57000,Passenger,C175,Devgarhnagar Jn,Tarapur,L175-02,167.66,2026-10-11 06:49:00,2026-10-11 08:08:00,HIGH,SCHEDULED
T000236,56654,Passenger,C176,Vindhyakot Jn,Ranaganj Cantt,L176-04,54.44,2026-09-01 09:29:00,2026-09-01 09:47:00,HIGH,SCHEDULED
T000237,31173,Goods,C192,Malwanagar,Devgarhgarh,L192-05,32.99,2026-09-19 04:06:00,2026-09-19 04:37:00,MEDIUM,FORECAST
T000238,57171,Passenger,C050,Taragunj,Haldipur Road,L050-07,54.04,2026-10-02 07:46:00,2026-10-02 07:55:00,HIGH,SCHEDULED
T000239,58575,Passenger,C150,Udaykot Jn,Sagarpalli,L150-01,1.98,2026-10-11 17:46:00,2026-10-11 18:06:00,HIGH,SCHEDULED
T000240,31459,Goods,C163,Dhanuganj Cantt,Veerhalli Jn,L163-10,113.37,2026-09-14 20:06:00,2026-09-14 20:28:00,MEDIUM,SCHEDULED
T000241,58136,Passenger,C037,Gangaganj Road,Bilaskot,L037-02,28.29,2026-09-24 07:10:00,2026-09-24 07:46:00,HIGH,FORECAST
T000242,71335,Other,C059,Yamunanagar Jn,Haldikheda,L059-06,354.84,2026-09-16 05:45:00,2026-09-16 06:43:00,LOW,PROVISIONAL
T000243,56373,Passenger,C155,Omkarhalli,Sabarkheda Road,L155-06,27.49,2026-10-01 06:09:00,2026-10-01 06:17:00,HIGH,SCHEDULED
T000244,57299,Passenger,C164,Girnarhalli Road,Dhanugunj Cantt,L164-09,325.29,2026-09-26 15:37:00,2026-09-26 16:14:00,HIGH,FORECAST
T000245,57216,Passenger,C074,Chandrapalli Cantt,Nilgirikheda,L074-09,105.44,2026-09-08 15:30:00,2026-09-08 15:45:00,HIGH,SCHEDULED
T000246,58570,Passenger,C086,Vindhyakot,Girnarhalli Cantt,L086-01,11.58,2026-09-19 08:14:00,2026-09-19 08:52:00,HIGH,SCHEDULED
T000247,71688,Other,C009,Konkanganj,Konkankheda,L009-05,209.53,2026-09-18 00:57:00,2026-09-18 01:45:00,LOW,SCHEDULED
T000248,31556,Goods,C140,Sundarkot Jn,Haldikheda,L140-11,44.31,2026-09-30 18:46:00,2026-09-30 18:53:00,HIGH,SCHEDULED
T000249,56867,Passenger,C082,Kaverikheda,Indranagar Jn,L082-04,145.82,2026-10-11 06:10:00,2026-10-11 07:03:00,HIGH,SCHEDULED
T000250,31803,Goods,C050,Taragunj,Haldipur Road,L050-08,107.89,2026-09-04 03:22:00,2026-09-04 03:43:00,MEDIUM,FORECAST
T000251,14638,Express,C059,Yamunanagar Jn,Haldikheda,L059-08,372.87,2026-09-27 12:41:00,2026-09-27 13:10:00,CRITICAL,SCHEDULED
T000252,14194,Express,C195,Bharatgunj,Taraganj Road,L195-05,93.9,2026-09-20 15:38:00,2026-09-20 15:58:00,LOW,SCHEDULED
T000253,70432,Other,C084,Devgarhgarh Cantt,Chitraganj,L084-04,99.64,2026-09-09 11:29:00,2026-09-09 12:19:00,LOW,SCHEDULED
T000254,32360,Goods,C069,Dhanupalli Cantt,Girnarkheda Road,L069-05,175.88,2026-10-05 23:03:00,2026-10-05 23:57:00,MEDIUM,SCHEDULED
T000255,57663,Passenger,C150,Udaykot Jn,Sagarpalli,L150-10,152.42,2026-09-20 13:45:00,2026-09-20 14:08:00,LOW,SCHEDULED
T000256,31257,Goods,C009,Konkanganj,Konkankheda,L009-01,14.97,2026-10-12 04:24:00,2026-10-12 05:34:00,MEDIUM,SCHEDULED
T000257,58741,Passenger,C195,Bharatgunj,Taraganj Road,L195-04,60.26,2026-10-07 15:07:00,2026-10-07 15:41:00,HIGH,SCHEDULED
T000258,31062,Goods,C195,Bharatgunj,Taraganj Road,L195-01,21.94,2026-09-27 21:02:00,2026-09-27 22:03:00,LOW,SCHEDULED
T000259,56732,Passenger,C140,Sundarkot Jn,Haldikheda,L140-01,12.21,2026-09-03 15:47:00,2026-09-03 15:53:00,HIGH,SCHEDULED
T000260,57382,Passenger,C176,Vindhyakot Jn,Ranaganj Cantt,L176-13,237.01,2026-09-27 21:14:00,2026-09-27 21:35:00,HIGH,SCHEDULED
T000261,58396,Passenger,C059,Yamunanagar Jn,Haldikheda,L059-09,380.03,2026-10-12 22:21:00,2026-10-12 22:55:00,HIGH,SCHEDULED
T000262,57707,Passenger,C111,Krishnapur,Ambapalli,L111-06,120.21,2026-09-08 16:48:00,2026-09-08 17:27:00,HIGH,PROVISIONAL
T000263,13250,Express,C129,Sagargunj Jn,Meeragunj Road,L129-06,56.17,2026-09-08 11:58:00,2026-09-08 12:05:00,CRITICAL,SCHEDULED
T000264,31266,Goods,C150,Udaykot Jn,Sagarpalli,L150-11,162.07,2026-09-14 17:36:00,2026-09-14 18:04:00,MEDIUM,FORECAST
T000265,58272,Passenger,C026,Sabarabad Cantt,Chitrakot,L026-02,9.14,2026-09-06 09:26:00,2026-09-06 09:33:00,HIGH,SCHEDULED
T000266,57448,Passenger,C164,Girnarhalli Road,Dhanugunj Cantt,L164-04,137.62,2026-09-24 06:13:00,2026-09-24 07:06:00,HIGH,SCHEDULED
T000267,31960,Goods,C050,Taragunj,Haldipur Road,L050-07,54.04,2026-09-11 21:47:00,2026-09-11 22:09:00,MEDIUM,SCHEDULED
T000268,72589,Other,C026,Sabarabad Cantt,Chitrakot,L026-01,4.01,2026-09-23 19:17:00,2026-09-23 19:24:00,LOW,SCHEDULED
T000269,56353,Passenger,C051,Veerhalli,Shantipalli Cantt,L051-05,128.3,2026-10-03 16:26:00,2026-10-03 16:51:00,LOW,FORECAST
T000270,30756,Goods,C009,Konkanganj,Konkankheda,L009-07,242.71,2026-09-19 23:43:00,2026-09-20 00:37:00,MEDIUM,SCHEDULED
T000271,31929,Goods,C140,Sundarkot Jn,Haldikheda,L140-04,29.07,2026-09-09 17:17:00,2026-09-09 17:25:00,MEDIUM,FORECAST
T000272,57231,Passenger,C123,Satpurapalli,Charankot Cantt,L123-04,31.64,2026-09-19 05:25:00,2026-09-19 05:52:00,HIGH,FORECAST
T000273,30996,Goods,C018,Haldiganj,Nilgirigunj Road,L018-01,55.34,2026-10-06 03:08:00,2026-10-06 03:46:00,MEDIUM,PROVISIONAL
T000274,32579,Goods,C069,Dhanupalli Cantt,Girnarkheda Road,L069-08,267.94,2026-09-11 17:10:00,2026-09-11 18:10:00,MEDIUM,PROVISIONAL
T000275,56952,Passenger,C028,Girnarpalli,Kanhagunj Cantt,L028-11,367.84,2026-09-25 13:09:00,2026-09-25 13:43:00,CRITICAL,SCHEDULED
T000276,57296,Passenger,C051,Veerhalli,Shantipalli Cantt,L051-07,162.18,2026-09-13 19:16:00,2026-09-13 19:38:00,HIGH,SCHEDULED
T000277,57070,Passenger,C098,Bilaskheda,Pushkarganj,L098-06,11.88,2026-09-18 10:57:00,2026-09-18 11:03:00,HIGH,PROVISIONAL
T000278,57984,Passenger,C150,Udaykot Jn,Sagarpalli,L150-11,162.07,2026-09-04 12:26:00,2026-09-04 12:46:00,HIGH,SCHEDULED
T000279,32112,Goods,C050,Taragunj,Haldipur Road,L050-10,121.98,2026-10-10 08:37:00,2026-10-10 08:54:00,MEDIUM,SCHEDULED
T000280,32685,Goods,C075,Charanpur,Ranahalli Cantt,L075-01,27.8,2026-09-02 22:03:00,2026-09-02 22:48:00,MEDIUM,SCHEDULED
T000281,14303,Express,C026,Sabarabad Cantt,Chitrakot,L026-03,10.67,2026-09-18 06:41:00,2026-09-18 06:47:00,CRITICAL,FORECAST
T000282,13815,Express,C115,Konkanpalli,Indrakheda Jn,L115-06,219.81,2026-10-07 18:51:00,2026-10-07 19:07:00,CRITICAL,FORECAST
T000283,56818,Passenger,C192,Malwanagar,Devgarhgarh,L192-08,59.46,2026-09-22 15:27:00,2026-09-22 15:41:00,HIGH,SCHEDULED
T000284,58169,Passenger,C099,Malwagunj,Gangaganj,L099-01,6.31,2026-10-05 17:28:00,2026-10-05 17:36:00,HIGH,SCHEDULED
T000285,56514,Passenger,C150,Udaykot Jn,Sagarpalli,L150-06,61.26,2026-09-04 05:42:00,2026-09-04 06:03:00,HIGH,SCHEDULED
T000286,14500,Express,C026,Sabarabad Cantt,Chitrakot,L026-03,10.67,2026-09-13 08:17:00,2026-09-13 08:23:00,CRITICAL,SCHEDULED
T000287,30231,Goods,C039,Malwaganj Cantt,Satpuraabad Road,L039-12,209.67,2026-09-13 04:34:00,2026-09-13 04:51:00,MEDIUM,SCHEDULED
T000288,56072,Passenger,C150,Udaykot Jn,Sagarpalli,L150-02,13.59,2026-09-20 20:07:00,2026-09-20 20:26:00,HIGH,FORECAST
T000289,13414,Express,C140,Sundarkot Jn,Haldikheda,L140-09,40.15,2026-10-08 15:44:00,2026-10-08 15:50:00,MEDIUM,SCHEDULED
T000290,31131,Goods,C131,Ashokkot,Narmadagarh Cantt,L131-11,271.21,2026-09-10 23:41:00,2026-09-11 00:35:00,MEDIUM,CANCELLED
T000291,30051,Goods,C009,Konkanganj,Konkankheda,L009-07,242.71,2026-10-13 01:45:00,2026-10-13 03:03:00,MEDIUM,PROVISIONAL
T000292,13024,Express,C071,Jaisalhalli Cantt,Veergarh Road,L071-05,178.19,2026-09-01 17:19:00,2026-09-01 17:43:00,CRITICAL,SCHEDULED
T000293,13980,Express,C140,Sundarkot Jn,Haldikheda,L140-11,44.31,2026-09-06 08:08:00,2026-09-06 08:14:00,CRITICAL,SCHEDULED
T000294,14428,Express,C140,Sundarkot Jn,Haldikheda,L140-07,37.73,2026-09-30 14:53:00,2026-09-30 14:59:00,CRITICAL,SCHEDULED
T000295,31054,Goods,C140,Sundarkot Jn,Haldikheda,L140-03,28.69,2026-10-01 18:02:00,2026-10-01 18:11:00,MEDIUM,SCHEDULED
T000296,32571,Goods,C188,Charanpur,Gangagunj,L188-05,100.28,2026-09-14 11:52:00,2026-09-14 12:17:00,MEDIUM,SCHEDULED
T000297,32251,Goods,C050,Taragunj,Haldipur Road,L050-01,18.15,2026-09-06 18:04:00,2026-09-06 18:25:00,MEDIUM,SCHEDULED
T000298,71485,Other,C199,Tarakheda Jn,Bhimagarh,L199-09,280.1,2026-09-13 08:45:00,2026-09-13 09:23:00,LOW,SCHEDULED
T000299,30778,Goods,C140,Sundarkot Jn,Haldikheda,L140-04,29.07,2026-09-17 05:18:00,2026-09-17 05:28:00,MEDIUM,PROVISIONAL
T000300,12767,Express,C098,Bilaskheda,Pushkarganj,L098-14,38.39,2026-09-25 16:38:00,2026-09-25 16:44:00,CRITICAL,SCHEDULED
T000301,57505,Passenger,C196,Devgarhganj,Bharatnagar,L196-09,242.5,2026-10-08 10:15:00,2026-10-08 10:50:00,HIGH,CANCELLED
T000302,30343,Goods,C026,Sabarabad Cantt,Chitrakot,L026-02,9.14,2026-10-03 18:19:00,2026-10-03 18:27:00,MEDIUM,SCHEDULED
T000303,56467,Passenger,C026,Sabarabad Cantt,Chitrakot,L026-01,4.01,2026-09-07 11:54:00,2026-09-07 12:00:00,HIGH,FORECAST
T000304,14479,Express,C164,Girnarhalli Road,Dhanugunj Cantt,L164-04,137.62,2026-09-09 19:50:00,2026-09-09 20:26:00,CRITICAL,SCHEDULED
T000305,58067,Passenger,C069,Dhanupalli Cantt,Girnarkheda Road,L069-05,175.88,2026-09-18 21:26:00,2026-09-18 22:01:00,HIGH,SCHEDULED
T000306,58506,Passenger,C069,Dhanupalli Cantt,Girnarkheda Road,L069-05,175.88,2026-09-23 20:38:00,2026-09-23 21:17:00,HIGH,SCHEDULED
T000307,14897,Express,C009,Konkanganj,Konkankheda,L009-01,14.97,2026-10-10 07:30:00,2026-10-10 07:55:00,CRITICAL,FORECAST
T000308,13787,Express,C153,Veerkot Jn,Veerkheda Road,L153-07,81.18,2026-09-25 06:33:00,2026-09-25 06:39:00,CRITICAL,SCHEDULED
T000309,30969,Goods,C195,Bharatgunj,Taraganj Road,L195-02,28.22,2026-09-14 11:50:00,2026-09-14 12:36:00,HIGH,SCHEDULED
T000310,12665,Express,C163,Dhanuganj Cantt,Veerhalli Jn,L163-05,64.97,2026-10-06 15:35:00,2026-10-06 15:43:00,CRITICAL,CANCELLED
T000311,31405,Goods,C140,Sundarkot Jn,Haldikheda,L140-02,16.52,2026-09-06 22:52:00,2026-09-06 23:01:00,MEDIUM,PROVISIONAL
T000312,71214,Other,C163,Dhanuganj Cantt,Veerhalli Jn,L163-03,28.41,2026-10-01 05:44:00,2026-10-01 05:58:00,LOW,SCHEDULED
T000313,13276,Express,C164,Girnarhalli Road,Dhanugunj Cantt,L164-05,185.8,2026-09-06 10:01:00,2026-09-06 10:27:00,CRITICAL,SCHEDULED
T000314,57185,Passenger,C076,Jaisalnagar Jn,Veerpalli,L076-02,85.46,2026-09-08 11:00:00,2026-09-08 11:53:00,HIGH,PROVISIONAL
T000315,57501,Passenger,C009,Konkanganj,Konkankheda,L009-02,62.41,2026-09-24 16:11:00,2026-09-24 16:58:00,HIGH,SCHEDULED
T000316,58057,Passenger,C150,Udaykot Jn,Sagarpalli,L150-08,125.81,2026-10-07 20:44:00,2026-10-07 21:01:00,HIGH,SCHEDULED
T000317,12427,Express,C026,Sabarabad Cantt,Chitrakot,L026-07,34.73,2026-09-21 10:45:00,2026-09-21 10:51:00,CRITICAL,SCHEDULED
T000318,58743,Passenger,C111,Krishnapur,Ambapalli,L111-06,120.21,2026-09-02 09:46:00,2026-09-02 10:27:00,HIGH,SCHEDULED
T000319,58829,Passenger,C153,Veerkot Jn,Veerkheda Road,L153-05,61.15,2026-10-08 12:38:00,2026-10-08 12:57:00,HIGH,SCHEDULED
T000320,58954,Passenger,C123,Satpurapalli,Charankot Cantt,L123-01,11.95,2026-10-01 17:33:00,2026-10-01 17:57:00,HIGH,SCHEDULED
T000321,32737,Goods,C059,Yamunanagar Jn,Haldikheda,L059-07,362.31,2026-09-26 08:34:00,2026-09-26 09:26:00,MEDIUM,SCHEDULED
T000322,32766,Goods,C089,Pushkarkot,Gangakot,L089-02,84.6,2026-09-29 04:22:00,2026-09-29 05:56:00,MEDIUM,SCHEDULED
T000323,12546,Express,C059,Yamunanagar Jn,Haldikheda,L059-06,354.84,2026-10-01 00:20:00,2026-10-01 00:45:00,CRITICAL,SCHEDULED
T000324,30947,Goods,C123,Satpurapalli,Charankot Cantt,L123-08,113.88,2026-09-11 03:26:00,2026-09-11 04:04:00,HIGH,SCHEDULED
T000325,30543,Goods,C140,Sundarkot Jn,Haldikheda,L140-03,28.69,2026-10-13 18:47:00,2026-10-13 18:56:00,MEDIUM,PROVISIONAL
T000326,30847,Goods,C150,Udaykot Jn,Sagarpalli,L150-10,152.42,2026-09-30 17:47:00,2026-09-30 18:12:00,MEDIUM,SCHEDULED
T000327,31860,Goods,C026,Sabarabad Cantt,Chitrakot,L026-04,17.94,2026-10-04 05:20:00,2026-10-04 05:28:00,MEDIUM,PROVISIONAL
T000328,56691,Passenger,C175,Devgarhnagar Jn,Tarapur,L175-04,212.09,2026-10-03 19:27:00,2026-10-03 20:48:00,HIGH,FORECAST
T000329,14603,Express,C069,Dhanupalli Cantt,Girnarkheda Road,L069-06,194.8,2026-10-13 06:23:00,2026-10-13 06:48:00,CRITICAL,SCHEDULED
T000330,58455,Passenger,C091,Ashokpur,Indrapalli Road,L091-09,63.54,2026-09-11 16:54:00,2026-09-11 17:01:00,HIGH,SCHEDULED
T000331,58750,Passenger,C059,Yamunanagar Jn,Haldikheda,L059-06,354.84,2026-09-12 09:26:00,2026-09-12 10:11:00,CRITICAL,PROVISIONAL
T000332,30196,Goods,C069,Dhanupalli Cantt,Girnarkheda Road,L069-09,277.58,2026-10-09 02:13:00,2026-10-09 03:12:00,MEDIUM,FORECAST
T000333,32694,Goods,C112,Narmadagunj,Yamunaganj,L112-04,45.65,2026-09-21 11:44:00,2026-09-21 12:05:00,MEDIUM,SCHEDULED
T000334,31831,Goods,C039,Malwaganj Cantt,Satpuraabad Road,L039-08,122.96,2026-10-01 14:49:00,2026-10-01 15:10:00,MEDIUM,SCHEDULED
T000335,32520,Goods,C163,Dhanuganj Cantt,Veerhalli Jn,L163-03,28.41,2026-09-18 23:14:00,2026-09-18 23:34:00,MEDIUM,SCHEDULED
T000336,58381,Passenger,C150,Udaykot Jn,Sagarpalli,L150-12,167.61,2026-10-08 12:26:00,2026-10-08 12:37:00,HIGH,SCHEDULED
T000337,70416,Other,C018,Haldiganj,Nilgirigunj Road,L018-07,174.74,2026-10-09 12:12:00,2026-10-09 12:40:00,LOW,SCHEDULED
T000338,14415,Express,C009,Konkanganj,Konkankheda,L009-05,209.53,2026-09-13 03:57:00,2026-09-13 04:24:00,CRITICAL,SCHEDULED
T000339,58503,Passenger,C129,Sagargunj Jn,Meeragunj Road,L129-09,107.56,2026-09-13 06:52:00,2026-09-13 07:04:00,HIGH,SCHEDULED
T000340,58146,Passenger,C102,Pushkargarh Jn,Veerpalli Road,L102-06,131.71,2026-09-14 08:59:00,2026-09-14 09:56:00,HIGH,SCHEDULED
T000341,31852,Goods,C069,Dhanupalli Cantt,Girnarkheda Road,L069-04,164.65,2026-09-05 23:55:00,2026-09-06 00:31:00,MEDIUM,SCHEDULED
T000342,57549,Passenger,C069,Dhanupalli Cantt,Girnarkheda Road,L069-05,175.88,2026-10-12 20:29:00,2026-10-12 20:51:00,HIGH,SCHEDULED
T000343,30082,Goods,C176,Vindhyakot Jn,Ranaganj Cantt,L176-11,200.35,2026-09-05 06:07:00,2026-09-05 06:40:00,MEDIUM,SCHEDULED
T000344,57854,Passenger,C028,Girnarpalli,Kanhagunj Cantt,L028-05,129.0,2026-10-14 15:21:00,2026-10-14 15:55:00,CRITICAL,SCHEDULED
T000345,12842,Express,C098,Bilaskheda,Pushkarganj,L098-02,3.88,2026-09-19 10:30:00,2026-09-19 10:36:00,CRITICAL,SCHEDULED
T000346,30936,Goods,C077,Ambapalli Jn,Pushkarganj,L077-02,102.94,2026-10-15 12:42:00,2026-10-15 13:16:00,MEDIUM,PROVISIONAL
T000347,31659,Goods,C163,Dhanuganj Cantt,Veerhalli Jn,L163-11,115.88,2026-09-03 11:07:00,2026-09-03 11:28:00,MEDIUM,FORECAST
T000348,57437,Passenger,C075,Charanpur,Ranahalli Cantt,L075-05,165.28,2026-09-07 13:58:00,2026-09-07 14:23:00,HIGH,SCHEDULED
T000349,56957,Passenger,C018,Haldiganj,Nilgirigunj Road,L018-06,153.82,2026-09-18 00:06:00,2026-09-18 00:35:00,HIGH,SCHEDULED
T000350,57918,Passenger,C009,Konkanganj,Konkankheda,L009-01,14.97,2026-10-06 06:54:00,2026-10-06 07:28:00,HIGH,SCHEDULED
T000351,57669,Passenger,C175,Devgarhnagar Jn,Tarapur,L175-03,202.75,2026-09-15 18:35:00,2026-09-15 20:09:00,HIGH,SCHEDULED
T000352,31635,Goods,C051,Veerhalli,Shantipalli Cantt,L051-02,54.33,2026-09-11 09:46:00,2026-09-11 10:20:00,MEDIUM,SCHEDULED
T000353,30714,Goods,C131,Ashokkot,Narmadagarh Cantt,L131-01,20.98,2026-09-14 16:17:00,2026-09-14 17:04:00,MEDIUM,SCHEDULED
T000354,58464,Passenger,C018,Haldiganj,Nilgirigunj Road,L018-04,124.65,2026-10-11 13:56:00,2026-10-11 14:25:00,HIGH,FORECAST
T000355,58229,Passenger,C150,Udaykot Jn,Sagarpalli,L150-01,1.98,2026-09-06 19:25:00,2026-09-06 19:41:00,HIGH,FORECAST
T000356,31914,Goods,C150,Udaykot Jn,Sagarpalli,L150-10,152.42,2026-09-28 01:47:00,2026-09-28 02:14:00,MEDIUM,PROVISIONAL
T000357,57576,Passenger,C071,Jaisalhalli Cantt,Veergarh Road,L071-03,41.93,2026-09-13 19:36:00,2026-09-13 20:29:00,HIGH,SCHEDULED
T000358,31819,Goods,C157,Taptigarh Jn,Udaykot,L157-02,114.37,2026-09-13 15:47:00,2026-09-13 17:08:00,MEDIUM,FORECAST
T000359,31921,Goods,C140,Sundarkot Jn,Haldikheda,L140-04,29.07,2026-10-12 00:53:00,2026-10-12 01:00:00,MEDIUM,FORECAST
T000360,58914,Passenger,C069,Dhanupalli Cantt,Girnarkheda Road,L069-12,378.6,2026-09-04 14:49:00,2026-09-04 15:25:00,HIGH,SCHEDULED
T000361,14879,Express,C163,Dhanuganj Cantt,Veerhalli Jn,L163-11,115.88,2026-09-07 10:25:00,2026-09-07 10:36:00,CRITICAL,SCHEDULED
T000362,56425,Passenger,C018,Haldiganj,Nilgirigunj Road,L018-01,55.34,2026-10-11 03:32:00,2026-10-11 04:01:00,HIGH,SCHEDULED
T000363,12071,Express,C018,Haldiganj,Nilgirigunj Road,L018-01,55.34,2026-10-07 04:12:00,2026-10-07 04:26:00,CRITICAL,SCHEDULED
T000364,32821,Goods,C009,Konkanganj,Konkankheda,L009-01,14.97,2026-09-12 06:09:00,2026-09-12 07:03:00,MEDIUM,SCHEDULED
T000365,57920,Passenger,C164,Girnarhalli Road,Dhanugunj Cantt,L164-02,82.77,2026-10-01 18:01:00,2026-10-01 18:41:00,MEDIUM,SCHEDULED
T000366,32821,Goods,C150,Udaykot Jn,Sagarpalli,L150-02,13.59,2026-09-04 17:38:00,2026-09-04 17:52:00,MEDIUM,PROVISIONAL
T000367,31448,Goods,C050,Taragunj,Haldipur Road,L050-01,18.15,2026-09-10 07:30:00,2026-09-10 07:45:00,MEDIUM,SCHEDULED
T000368,57831,Passenger,C161,Lalitpalli,Kaveripur Cantt,L161-13,266.23,2026-09-12 11:26:00,2026-09-12 11:48:00,HIGH,FORECAST
T000369,30441,Goods,C084,Devgarhgarh Cantt,Chitraganj,L084-04,99.64,2026-10-02 07:50:00,2026-10-02 08:40:00,MEDIUM,SCHEDULED
T000370,13832,Express,C009,Konkanganj,Konkankheda,L009-06,222.21,2026-10-15 19:27:00,2026-10-15 19:58:00,CRITICAL,SCHEDULED
T000371,12853,Express,C075,Charanpur,Ranahalli Cantt,L075-02,31.12,2026-09-06 11:40:00,2026-09-06 11:57:00,CRITICAL,SCHEDULED
T000372,32453,Goods,C150,Udaykot Jn,Sagarpalli,L150-02,13.59,2026-09-16 07:19:00,2026-09-16 07:39:00,MEDIUM,SCHEDULED
T000373,58009,Passenger,C086,Vindhyakot,Girnarhalli Cantt,L086-08,224.86,2026-09-01 15:56:00,2026-09-01 16:33:00,HIGH,SCHEDULED
T000374,57781,Passenger,C192,Malwanagar,Devgarhgarh,L192-06,35.2,2026-10-11 06:42:00,2026-10-11 06:56:00,HIGH,SCHEDULED
T000375,56527,Passenger,C164,Girnarhalli Road,Dhanugunj Cantt,L164-01,46.53,2026-09-28 11:12:00,2026-09-28 11:51:00,HIGH,SCHEDULED
T000376,58128,Passenger,C199,Tarakheda Jn,Bhimagarh,L199-08,277.62,2026-10-14 18:53:00,2026-10-14 19:31:00,HIGH,SCHEDULED
T000377,56189,Passenger,C091,Ashokpur,Indrapalli Road,L091-04,12.51,2026-09-26 12:20:00,2026-09-26 12:26:00,HIGH,SCHEDULED
T000378,56504,Passenger,C135,Jaisalganj,Malwaabad,L135-01,27.86,2026-09-26 05:16:00,2026-09-26 05:45:00,HIGH,SCHEDULED
T000379,32027,Goods,C009,Konkanganj,Konkankheda,L009-03,182.63,2026-10-15 17:10:00,2026-10-15 18:21:00,MEDIUM,PROVISIONAL
T000380,58342,Passenger,C123,Satpurapalli,Charankot Cantt,L123-03,31.28,2026-09-03 16:19:00,2026-09-03 16:51:00,HIGH,SCHEDULED
T000381,56313,Passenger,C155,Omkarhalli,Sabarkheda Road,L155-09,52.29,2026-10-10 08:51:00,2026-10-10 08:57:00,HIGH,CANCELLED
T000382,30086,Goods,C009,Konkanganj,Konkankheda,L009-07,242.71,2026-10-12 16:08:00,2026-10-12 17:03:00,MEDIUM,SCHEDULED
T000383,58344,Passenger,C050,Taragunj,Haldipur Road,L050-01,18.15,2026-09-18 04:03:00,2026-09-18 04:18:00,HIGH,FORECAST
T000384,58864,Passenger,C009,Konkanganj,Konkankheda,L009-04,201.98,2026-09-02 18:42:00,2026-09-02 19:16:00,HIGH,SCHEDULED
T000385,58658,Passenger,C150,Udaykot Jn,Sagarpalli,L150-12,167.61,2026-09-22 19:56:00,2026-09-22 20:14:00,HIGH,PROVISIONAL
T000386,57437,Passenger,C131,Ashokkot,Narmadagarh Cantt,L131-06,167.76,2026-10-14 06:55:00,2026-10-14 07:31:00,HIGH,SCHEDULED
T000387,57901,Passenger,C163,Dhanuganj Cantt,Veerhalli Jn,L163-04,36.4,2026-09-02 14:21:00,2026-09-02 14:30:00,HIGH,SCHEDULED
T000388,31220,Goods,C071,Jaisalhalli Cantt,Veergarh Road,L071-01,16.35,2026-10-14 00:36:00,2026-10-14 01:54:00,MEDIUM,SCHEDULED
T000389,30512,Goods,C129,Sagargunj Jn,Meeragunj Road,L129-07,62.07,2026-10-15 05:25:00,2026-10-15 05:51:00,MEDIUM,SCHEDULED
T000390,31265,Goods,C131,Ashokkot,Narmadagarh Cantt,L131-07,204.72,2026-10-15 18:27:00,2026-10-15 19:23:00,MEDIUM,PROVISIONAL
T000391,32749,Goods,C155,Omkarhalli,Sabarkheda Road,L155-08,49.19,2026-10-11 15:47:00,2026-10-11 15:56:00,MEDIUM,CANCELLED
T000392,31852,Goods,C140,Sundarkot Jn,Haldikheda,L140-11,44.31,2026-10-07 14:23:00,2026-10-07 14:31:00,CRITICAL,SCHEDULED
T000393,31187,Goods,C099,Malwagunj,Gangaganj,L099-02,8.36,2026-09-04 03:43:00,2026-09-04 03:57:00,MEDIUM,FORECAST
T000394,71585,Other,C150,Udaykot Jn,Sagarpalli,L150-03,22.68,2026-09-19 14:30:00,2026-09-19 14:47:00,LOW,SCHEDULED
T000395,31096,Goods,C051,Veerhalli,Shantipalli Cantt,L051-02,54.33,2026-09-18 19:15:00,2026-09-18 19:52:00,MEDIUM,SCHEDULED
T000396,31681,Goods,C163,Dhanuganj Cantt,Veerhalli Jn,L163-04,36.4,2026-09-01 18:45:00,2026-09-01 19:08:00,MEDIUM,SCHEDULED
T000397,72692,Other,C098,Bilaskheda,Pushkarganj,L098-10,26.69,2026-09-11 01:08:00,2026-09-11 01:14:00,LOW,FORECAST
T000398,58712,Passenger,C131,Ashokkot,Narmadagarh Cantt,L131-04,148.79,2026-09-24 16:00:00,2026-09-24 16:22:00,HIGH,SCHEDULED
T000399,57933,Passenger,C066,Udaynagar Road,Meerapur Cantt,L066-04,50.23,2026-10-07 19:51:00,2026-10-07 20:12:00,HIGH,FORECAST
T000400,56589,Passenger,C026,Sabarabad Cantt,Chitrakot,L026-01,4.01,2026-10-05 08:40:00,2026-10-05 08:46:00,HIGH,SCHEDULED
T000401,32571,Goods,C131,Ashokkot,Narmadagarh Cantt,L131-07,204.72,2026-10-07 02:27:00,2026-10-07 03:06:00,MEDIUM,SCHEDULED
T000402,58280,Passenger,C050,Taragunj,Haldipur Road,L050-10,121.98,2026-09-20 11:11:00,2026-09-20 11:23:00,HIGH,SCHEDULED
T000403,57593,Passenger,C009,Konkanganj,Konkankheda,L009-07,242.71,2026-10-12 10:05:00,2026-10-12 10:50:00,HIGH,FORECAST
T000404,30569,Goods,C163,Dhanuganj Cantt,Veerhalli Jn,L163-08,92.08,2026-09-09 00:12:00,2026-09-09 00:32:00,MEDIUM,SCHEDULED
T000405,57470,Passenger,C018,Haldiganj,Nilgirigunj Road,L018-08,211.15,2026-10-02 11:42:00,2026-10-02 12:12:00,HIGH,CANCELLED
T000406,31006,Goods,C140,Sundarkot Jn,Haldikheda,L140-11,44.31,2026-09-22 21:49:00,2026-09-22 21:56:00,HIGH,SCHEDULED
T000407,58740,Passenger,C155,Omkarhalli,Sabarkheda Road,L155-11,70.62,2026-09-12 20:24:00,2026-09-12 20:30:00,HIGH,FORECAST
T000408,30215,Goods,C192,Malwanagar,Devgarhgarh,L192-01,20.94,2026-09-25 14:43:00,2026-09-25 15:04:00,MEDIUM,PROVISIONAL
T000409,57827,Passenger,C163,Dhanuganj Cantt,Veerhalli Jn,L163-04,36.4,2026-10-12 03:54:00,2026-10-12 04:08:00,HIGH,SCHEDULED
T000410,56629,Passenger,C123,Satpurapalli,Charankot Cantt,L123-05,42.98,2026-09-09 15:26:00,2026-09-09 15:54:00,HIGH,SCHEDULED
T000411,58979,Passenger,C009,Konkanganj,Konkankheda,L009-01,14.97,2026-09-21 11:57:00,2026-09-21 12:41:00,HIGH,CANCELLED
T000412,58851,Passenger,C050,Taragunj,Haldipur Road,L050-11,126.85,2026-09-15 02:09:00,2026-09-15 02:21:00,HIGH,FORECAST
T000413,56141,Passenger,C028,Girnarpalli,Kanhagunj Cantt,L028-02,47.72,2026-09-15 20:37:00,2026-09-15 21:18:00,HIGH,SCHEDULED
T000414,71426,Other,C039,Malwaganj Cantt,Satpuraabad Road,L039-12,209.67,2026-09-01 13:14:00,2026-09-01 13:35:00,MEDIUM,SCHEDULED
T000415,57954,Passenger,C028,Girnarpalli,Kanhagunj Cantt,L028-08,213.39,2026-09-22 18:58:00,2026-09-22 19:30:00,HIGH,SCHEDULED
T000416,58365,Passenger,C050,Taragunj,Haldipur Road,L050-01,18.15,2026-10-09 13:38:00,2026-10-09 13:52:00,HIGH,SCHEDULED
T000417,70096,Other,C099,Malwagunj,Gangaganj,L099-07,35.52,2026-10-12 20:50:00,2026-10-12 20:57:00,LOW,SCHEDULED
T000418,58892,Passenger,C037,Gangaganj Road,Bilaskot,L037-05,163.19,2026-09-30 13:22:00,2026-09-30 13:56:00,HIGH,SCHEDULED
T000419,32087,Goods,C155,Omkarhalli,Sabarkheda Road,L155-07,29.35,2026-09-16 00:48:00,2026-09-16 01:01:00,MEDIUM,SCHEDULED
T000420,32286,Goods,C150,Udaykot Jn,Sagarpalli,L150-08,125.81,2026-10-03 14:01:00,2026-10-03 14:30:00,MEDIUM,SCHEDULED
T000421,31345,Goods,C123,Satpurapalli,Charankot Cantt,L123-02,16.66,2026-10-13 17:29:00,2026-10-13 18:06:00,MEDIUM,SCHEDULED
T000422,58922,Passenger,C028,Girnarpalli,Kanhagunj Cantt,L028-06,160.66,2026-09-18 05:50:00,2026-09-18 06:26:00,HIGH,SCHEDULED
T000423,58116,Passenger,C131,Ashokkot,Narmadagarh Cantt,L131-07,204.72,2026-09-14 10:30:00,2026-09-14 11:03:00,HIGH,SCHEDULED
T000424,14611,Express,C075,Charanpur,Ranahalli Cantt,L075-07,186.41,2026-10-14 11:10:00,2026-10-14 11:22:00,LOW,SCHEDULED
T000425,30647,Goods,C184,Charangunj,Devgarhpur Cantt,L184-06,46.06,2026-09-17 21:08:00,2026-09-17 21:28:00,MEDIUM,SCHEDULED
T000426,31842,Goods,C069,Dhanupalli Cantt,Girnarkheda Road,L069-11,333.57,2026-09-30 02:08:00,2026-09-30 03:05:00,MEDIUM,SCHEDULED
T000427,32548,Goods,C029,Charankot,Sagarkot,L029-09,119.34,2026-10-02 18:24:00,2026-10-02 18:47:00,MEDIUM,FORECAST
T000428,30170,Goods,C039,Malwaganj Cantt,Satpuraabad Road,L039-03,58.83,2026-09-29 00:37:00,2026-09-29 01:04:00,MEDIUM,SCHEDULED
T000429,32473,Goods,C165,Jaisalgunj Road,Palanigunj,L165-06,90.28,2026-09-27 22:53:00,2026-09-27 23:16:00,MEDIUM,FORECAST
T000430,58368,Passenger,C164,Girnarhalli Road,Dhanugunj Cantt,L164-06,229.92,2026-09-15 05:20:00,2026-09-15 05:49:00,HIGH,SCHEDULED
T000431,13762,Express,C098,Bilaskheda,Pushkarganj,L098-10,26.69,2026-09-08 04:33:00,2026-09-08 04:39:00,CRITICAL,SCHEDULED
T000432,14139,Express,C163,Dhanuganj Cantt,Veerhalli Jn,L163-02,14.51,2026-10-11 09:49:00,2026-10-11 09:58:00,CRITICAL,SCHEDULED
T000433,31449,Goods,C140,Sundarkot Jn,Haldikheda,L140-05,34.07,2026-10-10 09:51:00,2026-10-10 10:01:00,MEDIUM,FORECAST
T000434,14589,Express,C054,Chandrakot,Satpurahalli Cantt,L054-06,83.87,2026-09-27 09:11:00,2026-09-27 09:20:00,MEDIUM,SCHEDULED
T000435,30765,Goods,C026,Sabarabad Cantt,Chitrakot,L026-05,23.62,2026-10-08 21:55:00,2026-10-08 22:04:00,MEDIUM,SCHEDULED
T000436,58112,Passenger,C130,Malwanagar Road,Veerpur,L130-06,59.9,2026-09-30 17:46:00,2026-09-30 18:12:00,HIGH,FORECAST
T000437,72035,Other,C009,Konkanganj,Konkankheda,L009-05,209.53,2026-09-15 02:48:00,2026-09-15 03:39:00,CRITICAL,SCHEDULED
T000438,71112,Other,C190,Konkanpur,Jaisalhalli Road,L190-05,13.99,2026-10-13 00:00:00,2026-10-13 00:10:00,LOW,SCHEDULED
T000439,72765,Other,C026,Sabarabad Cantt,Chitrakot,L026-03,10.67,2026-09-25 13:53:00,2026-09-25 13:59:00,LOW,PROVISIONAL
T000440,13498,Express,C131,Ashokkot,Narmadagarh Cantt,L131-09,244.61,2026-09-08 19:50:00,2026-09-08 20:06:00,CRITICAL,SCHEDULED
T000441,56028,Passenger,C164,Girnarhalli Road,Dhanugunj Cantt,L164-03,127.28,2026-09-15 12:45:00,2026-09-15 13:27:00,HIGH,SCHEDULED
T000442,56400,Passenger,C069,Dhanupalli Cantt,Girnarkheda Road,L069-08,267.94,2026-09-01 07:56:00,2026-09-01 08:40:00,HIGH,PROVISIONAL
T000443,30109,Goods,C059,Yamunanagar Jn,Haldikheda,L059-09,380.03,2026-10-05 10:30:00,2026-10-05 11:35:00,MEDIUM,SCHEDULED
T000444,57536,Passenger,C176,Vindhyakot Jn,Ranaganj Cantt,L176-14,244.66,2026-09-17 07:13:00,2026-09-17 07:32:00,HIGH,FORECAST
T000445,56636,Passenger,C123,Satpurapalli,Charankot Cantt,L123-07,94.28,2026-09-06 16:07:00,2026-09-06 16:33:00,LOW,PROVISIONAL
T000446,57865,Passenger,C155,Omkarhalli,Sabarkheda Road,L155-08,49.19,2026-09-14 13:13:00,2026-09-14 13:21:00,HIGH,SCHEDULED
T000447,56874,Passenger,C175,Devgarhnagar Jn,Tarapur,L175-01,2.87,2026-09-28 18:43:00,2026-09-28 19:48:00,HIGH,SCHEDULED
T000448,13586,Express,C175,Devgarhnagar Jn,Tarapur,L175-04,212.09,2026-10-10 16:17:00,2026-10-10 17:20:00,CRITICAL,FORECAST
T000449,13287,Express,C098,Bilaskheda,Pushkarganj,L098-01,1.11,2026-10-15 13:50:00,2026-10-15 13:56:00,CRITICAL,FORECAST
T000450,32112,Goods,C114,Satpuraganj,Shantikheda,L114-05,215.19,2026-09-01 00:21:00,2026-09-01 01:39:00,MEDIUM,SCHEDULED
T000451,57759,Passenger,C018,Haldiganj,Nilgirigunj Road,L018-03,76.59,2026-10-01 23:35:00,2026-10-01 23:56:00,HIGH,FORECAST
T000452,14099,Express,C059,Yamunanagar Jn,Haldikheda,L059-02,30.61,2026-10-07 13:42:00,2026-10-07 14:17:00,CRITICAL,PROVISIONAL
T000453,57488,Passenger,C050,Taragunj,Haldipur Road,L050-07,54.04,2026-09-06 18:42:00,2026-09-06 18:57:00,CRITICAL,FORECAST
T000454,31877,Goods,C195,Bharatgunj,Taraganj Road,L195-04,60.26,2026-09-20 00:02:00,2026-09-20 00:44:00,LOW,SCHEDULED
T000455,57611,Passenger,C051,Veerhalli,Shantipalli Cantt,L051-09,175.11,2026-10-07 17:29:00,2026-10-07 17:53:00,HIGH,SCHEDULED
T000456,56290,Passenger,C071,Jaisalhalli Cantt,Veergarh Road,L071-04,70.92,2026-09-10 03:52:00,2026-09-10 04:38:00,HIGH,SCHEDULED
T000457,57278,Passenger,C123,Satpurapalli,Charankot Cantt,L123-06,44.14,2026-09-01 12:40:00,2026-09-01 13:07:00,HIGH,SCHEDULED
T000458,70782,Other,C163,Dhanuganj Cantt,Veerhalli Jn,L163-09,105.99,2026-09-21 14:28:00,2026-09-21 14:47:00,MEDIUM,SCHEDULED
T000459,56691,Passenger,C069,Dhanupalli Cantt,Girnarkheda Road,L069-11,333.57,2026-10-05 22:26:00,2026-10-05 22:54:00,HIGH,SCHEDULED
T000460,30076,Goods,C199,Tarakheda Jn,Bhimagarh,L199-10,287.98,2026-09-19 01:09:00,2026-09-19 01:49:00,MEDIUM,SCHEDULED
T000461,58617,Passenger,C069,Dhanupalli Cantt,Girnarkheda Road,L069-01,22.53,2026-09-18 12:44:00,2026-09-18 13:15:00,HIGH,SCHEDULED
T000462,14867,Express,C123,Satpurapalli,Charankot Cantt,L123-05,42.98,2026-10-03 16:48:00,2026-10-03 17:07:00,CRITICAL,FORECAST
T000463,57574,Passenger,C195,Bharatgunj,Taraganj Road,L195-05,93.9,2026-09-07 07:13:00,2026-09-07 07:40:00,HIGH,FORECAST
T000464,14147,Express,C155,Omkarhalli,Sabarkheda Road,L155-07,29.35,2026-09-28 10:31:00,2026-09-28 10:37:00,CRITICAL,SCHEDULED
T000465,56365,Passenger,C163,Dhanuganj Cantt,Veerhalli Jn,L163-04,36.4,2026-09-06 16:44:00,2026-09-06 16:57:00,HIGH,SCHEDULED
T000466,70505,Other,C018,Haldiganj,Nilgirigunj Road,L018-09,213.99,2026-09-26 07:30:00,2026-09-26 08:02:00,LOW,SCHEDULED
T000467,12761,Express,C123,Satpurapalli,Charankot Cantt,L123-08,113.88,2026-09-13 10:18:00,2026-09-13 10:39:00,CRITICAL,SCHEDULED
T000468,32842,Goods,C150,Udaykot Jn,Sagarpalli,L150-08,125.81,2026-10-01 17:04:00,2026-10-01 17:27:00,MEDIUM,FORECAST
T000469,32479,Goods,C150,Udaykot Jn,Sagarpalli,L150-05,55.2,2026-10-05 15:54:00,2026-10-05 16:30:00,MEDIUM,SCHEDULED
T000470,58851,Passenger,C098,Bilaskheda,Pushkarganj,L098-08,22.8,2026-10-13 06:26:00,2026-10-13 06:32:00,HIGH,SCHEDULED
T000471,58102,Passenger,C069,Dhanupalli Cantt,Girnarkheda Road,L069-12,378.6,2026-10-02 20:03:00,2026-10-02 20:26:00,HIGH,PROVISIONAL
T000472,57794,Passenger,C026,Sabarabad Cantt,Chitrakot,L026-06,27.69,2026-09-13 08:22:00,2026-09-13 08:28:00,HIGH,SCHEDULED
T000473,70798,Other,C009,Konkanganj,Konkankheda,L009-01,14.97,2026-09-05 04:53:00,2026-09-05 05:41:00,LOW,SCHEDULED
T000474,56791,Passenger,C155,Omkarhalli,Sabarkheda Road,L155-02,8.52,2026-09-02 09:19:00,2026-09-02 09:25:00,HIGH,FORECAST
T000475,31410,Goods,C091,Ashokpur,Indrapalli Road,L091-11,72.85,2026-09-05 02:51:00,2026-09-05 03:03:00,MEDIUM,SCHEDULED
T000476,58402,Passenger,C075,Charanpur,Ranahalli Cantt,L075-08,192.11,2026-09-22 17:05:00,2026-09-22 17:36:00,LOW,FORECAST
T000477,57884,Passenger,C069,Dhanupalli Cantt,Girnarkheda Road,L069-09,277.58,2026-09-29 17:54:00,2026-09-29 18:32:00,HIGH,SCHEDULED
T000478,70127,Other,C140,Sundarkot Jn,Haldikheda,L140-11,44.31,2026-09-22 20:18:00,2026-09-22 20:24:00,LOW,CANCELLED
T000479,57322,Passenger,C176,Vindhyakot Jn,Ranaganj Cantt,L176-07,116.6,2026-10-04 13:13:00,2026-10-04 13:34:00,HIGH,SCHEDULED
T000480,57255,Passenger,C050,Taragunj,Haldipur Road,L050-01,18.15,2026-10-01 08:17:00,2026-10-01 08:29:00,HIGH,SCHEDULED
T000481,13401,Express,C009,Konkanganj,Konkankheda,L009-06,222.21,2026-09-15 15:26:00,2026-09-15 15:52:00,CRITICAL,SCHEDULED
T000482,12024,Express,C086,Vindhyakot,Girnarhalli Cantt,L086-06,178.58,2026-09-25 21:29:00,2026-09-25 21:51:00,CRITICAL,SCHEDULED
T000483,14308,Express,C098,Bilaskheda,Pushkarganj,L098-02,3.88,2026-10-06 14:29:00,2026-10-06 14:35:00,CRITICAL,SCHEDULED
T000484,57267,Passenger,C069,Dhanupalli Cantt,Girnarkheda Road,L069-12,378.6,2026-09-22 13:37:00,2026-09-22 14:08:00,HIGH,FORECAST
T000485,58151,Passenger,C028,Girnarpalli,Kanhagunj Cantt,L028-02,47.72,2026-10-02 05:17:00,2026-10-02 05:47:00,HIGH,SCHEDULED
T000486,57169,Passenger,C009,Konkanganj,Konkankheda,L009-03,182.63,2026-09-06 13:31:00,2026-09-06 14:16:00,CRITICAL,SCHEDULED
T000487,31695,Goods,C069,Dhanupalli Cantt,Girnarkheda Road,L069-10,288.36,2026-09-07 03:36:00,2026-09-07 04:17:00,MEDIUM,FORECAST
T000488,31018,Goods,C195,Bharatgunj,Taraganj Road,L195-04,60.26,2026-09-07 14:34:00,2026-09-07 15:31:00,MEDIUM,SCHEDULED
T000489,71804,Other,C050,Taragunj,Haldipur Road,L050-02,30.2,2026-09-23 20:22:00,2026-09-23 20:41:00,LOW,SCHEDULED
T000490,56180,Passenger,C123,Satpurapalli,Charankot Cantt,L123-03,31.28,2026-09-17 10:06:00,2026-09-17 10:31:00,HIGH,SCHEDULED
T000491,32655,Goods,C199,Tarakheda Jn,Bhimagarh,L199-09,280.1,2026-09-10 00:35:00,2026-09-10 01:15:00,MEDIUM,SCHEDULED
T000492,14184,Express,C091,Ashokpur,Indrapalli Road,L091-08,47.2,2026-09-05 06:43:00,2026-09-05 06:49:00,CRITICAL,SCHEDULED
T000493,32577,Goods,C163,Dhanuganj Cantt,Veerhalli Jn,L163-09,105.99,2026-09-26 20:47:00,2026-09-26 21:04:00,MEDIUM,SCHEDULED
T000494,71607,Other,C123,Satpurapalli,Charankot Cantt,L123-01,11.95,2026-09-30 03:07:00,2026-09-30 03:38:00,LOW,PROVISIONAL
T000495,13254,Express,C155,Omkarhalli,Sabarkheda Road,L155-11,70.62,2026-09-22 16:00:00,2026-09-22 16:06:00,CRITICAL,CANCELLED
T000496,56885,Passenger,C133,Konkankot,Shantigarh,L133-05,175.52,2026-10-09 12:09:00,2026-10-09 13:13:00,CRITICAL,SCHEDULED
T000497,14781,Express,C195,Bharatgunj,Taraganj Road,L195-03,41.77,2026-09-01 10:01:00,2026-09-01 10:21:00,CRITICAL,SCHEDULED
T000498,58595,Passenger,C071,Jaisalhalli Cantt,Veergarh Road,L071-04,70.92,2026-09-09 07:28:00,2026-09-09 08:07:00,HIGH,PROVISIONAL
T000499,56504,Passenger,C050,Taragunj,Haldipur Road,L050-09,113.79,2026-09-16 12:56:00,2026-09-16 13:04:00,HIGH,SCHEDULED
T000500,56805,Passenger,C018,Haldiganj,Nilgirigunj Road,L018-06,153.82,2026-09-01 13:29:00,2026-09-01 13:52:00,MEDIUM,SCHEDULED
T000501,30947,Goods,C199,Tarakheda Jn,Bhimagarh,L199-11,303.6,2026-09-17 21:30:00,2026-09-17 22:10:00,MEDIUM,CANCELLED
T000502,72165,Other,C121,Bharatkot Road,Yamunagunj Cantt,L121-03,164.87,2026-10-07 15:45:00,2026-10-07 16:48:00,LOW,SCHEDULED
T000503,56185,Passenger,C075,Charanpur,Ranahalli Cantt,L075-07,186.41,2026-09-29 20:18:00,2026-09-29 20:43:00,HIGH,CANCELLED
T000504,13459,Express,C155,Omkarhalli,Sabarkheda Road,L155-11,70.62,2026-09-21 20:46:00,2026-09-21 20:52:00,CRITICAL,PROVISIONAL
T000505,58560,Passenger,C009,Konkanganj,Konkankheda,L009-07,242.71,2026-09-09 03:50:00,2026-09-09 04:22:00,HIGH,FORECAST
T000506,30665,Goods,C009,Konkanganj,Konkankheda,L009-06,222.21,2026-09-22 15:46:00,2026-09-22 17:01:00,MEDIUM,SCHEDULED
T000507,56779,Passenger,C075,Charanpur,Ranahalli Cantt,L075-02,31.12,2026-10-03 04:09:00,2026-10-03 04:32:00,HIGH,SCHEDULED
T000508,31652,Goods,C140,Sundarkot Jn,Haldikheda,L140-07,37.73,2026-09-26 00:22:00,2026-09-26 00:28:00,MEDIUM,SCHEDULED
T000509,56857,Passenger,C140,Sundarkot Jn,Haldikheda,L140-10,40.29,2026-09-14 06:29:00,2026-09-14 06:35:00,HIGH,SCHEDULED
T000510,32374,Goods,C153,Veerkot Jn,Veerkheda Road,L153-07,81.18,2026-09-30 15:24:00,2026-09-30 15:37:00,MEDIUM,SCHEDULED
T000511,30680,Goods,C199,Tarakheda Jn,Bhimagarh,L199-03,107.15,2026-09-17 03:04:00,2026-09-17 03:44:00,MEDIUM,SCHEDULED
T000512,57488,Passenger,C150,Udaykot Jn,Sagarpalli,L150-05,55.2,2026-09-06 03:28:00,2026-09-06 03:46:00,HIGH,SCHEDULED
T000513,57116,Passenger,C150,Udaykot Jn,Sagarpalli,L150-09,136.48,2026-09-02 15:46:00,2026-09-02 15:58:00,HIGH,PROVISIONAL
T000514,58091,Passenger,C195,Bharatgunj,Taraganj Road,L195-06,98.59,2026-10-01 10:47:00,2026-10-01 11:21:00,HIGH,PROVISIONAL
T000515,56800,Passenger,C150,Udaykot Jn,Sagarpalli,L150-03,22.68,2026-10-12 22:29:00,2026-10-12 22:47:00,HIGH,SCHEDULED
T000516,30637,Goods,C150,Udaykot Jn,Sagarpalli,L150-01,1.98,2026-09-29 13:26:00,2026-09-29 13:44:00,MEDIUM,PROVISIONAL
T000517,56688,Passenger,C140,Sundarkot Jn,Haldikheda,L140-10,40.29,2026-10-07 20:26:00,2026-10-07 20:32:00,HIGH,PROVISIONAL
T000518,58442,Passenger,C018,Haldiganj,Nilgirigunj Road,L018-08,211.15,2026-10-15 11:08:00,2026-10-15 11:34:00,HIGH,SCHEDULED
T000519,14012,Express,C098,Bilaskheda,Pushkarganj,L098-09,22.87,2026-10-02 07:22:00,2026-10-02 07:28:00,CRITICAL,SCHEDULED
T000520,58865,Passenger,C199,Tarakheda Jn,Bhimagarh,L199-09,280.1,2026-10-09 14:29:00,2026-10-09 15:01:00,HIGH,CANCELLED
T000521,56900,Passenger,C009,Konkanganj,Konkankheda,L009-04,201.98,2026-09-16 18:53:00,2026-09-16 19:30:00,HIGH,SCHEDULED
T000522,30040,Goods,C085,Malwapur,Satpuranagar,L085-05,127.77,2026-10-06 04:27:00,2026-10-06 04:58:00,MEDIUM,SCHEDULED
T000523,12636,Express,C086,Vindhyakot,Girnarhalli Cantt,L086-06,178.58,2026-10-11 16:54:00,2026-10-11 17:19:00,CRITICAL,SCHEDULED
T000524,31758,Goods,C098,Bilaskheda,Pushkarganj,L098-03,5.9,2026-10-08 02:51:00,2026-10-08 02:57:00,MEDIUM,SCHEDULED
T000525,72920,Other,C069,Dhanupalli Cantt,Girnarkheda Road,L069-10,288.36,2026-09-06 09:54:00,2026-09-06 10:34:00,LOW,SCHEDULED
T000526,58022,Passenger,C026,Sabarabad Cantt,Chitrakot,L026-06,27.69,2026-09-08 21:04:00,2026-09-08 21:11:00,HIGH,SCHEDULED
T000527,57719,Passenger,C069,Dhanupalli Cantt,Girnarkheda Road,L069-09,277.58,2026-09-27 08:50:00,2026-09-27 09:20:00,HIGH,SCHEDULED
T000528,57840,Passenger,C037,Gangaganj Road,Bilaskot,L037-02,28.29,2026-09-22 09:19:00,2026-09-22 09:50:00,CRITICAL,FORECAST
T000529,58455,Passenger,C164,Girnarhalli Road,Dhanugunj Cantt,L164-05,185.8,2026-10-06 07:52:00,2026-10-06 08:33:00,HIGH,PROVISIONAL
T000530,32300,Goods,C150,Udaykot Jn,Sagarpalli,L150-02,13.59,2026-09-12 18:45:00,2026-09-12 19:11:00,MEDIUM,FORECAST
T000531,31480,Goods,C069,Dhanupalli Cantt,Girnarkheda Road,L069-10,288.36,2026-10-13 22:25:00,2026-10-13 23:19:00,MEDIUM,SCHEDULED
T000532,58874,Passenger,C009,Konkanganj,Konkankheda,L009-07,242.71,2026-10-12 15:39:00,2026-10-12 16:17:00,HIGH,SCHEDULED
T000533,13225,Express,C140,Sundarkot Jn,Haldikheda,L140-09,40.15,2026-09-19 10:10:00,2026-09-19 10:16:00,CRITICAL,SCHEDULED
T000534,58587,Passenger,C195,Bharatgunj,Taraganj Road,L195-07,109.28,2026-09-24 05:24:00,2026-09-24 06:00:00,HIGH,SCHEDULED
T000535,56717,Passenger,C098,Bilaskheda,Pushkarganj,L098-13,35.6,2026-09-15 10:49:00,2026-09-15 10:55:00,HIGH,SCHEDULED
T000536,56470,Passenger,C069,Dhanupalli Cantt,Girnarkheda Road,L069-10,288.36,2026-09-02 07:17:00,2026-09-02 07:45:00,HIGH,SCHEDULED
T000537,56478,Passenger,C131,Ashokkot,Narmadagarh Cantt,L131-01,20.98,2026-09-24 20:33:00,2026-09-24 21:02:00,HIGH,FORECAST
T000538,30293,Goods,C131,Ashokkot,Narmadagarh Cantt,L131-05,158.95,2026-09-06 00:23:00,2026-09-06 01:05:00,MEDIUM,SCHEDULED
T000539,72096,Other,C125,Konkanganj Jn,Omkarganj,L125-12,130.89,2026-09-07 16:22:00,2026-09-07 16:38:00,LOW,SCHEDULED
T000540,57095,Passenger,C047,Vindhyapalli Jn,Dhanukot,L047-05,63.28,2026-09-17 05:00:00,2026-09-17 05:22:00,CRITICAL,SCHEDULED
T000541,14726,Express,C176,Vindhyakot Jn,Ranaganj Cantt,L176-05,77.47,2026-09-08 06:39:00,2026-09-08 06:54:00,CRITICAL,SCHEDULED
T000542,14857,Express,C016,Sabarhalli Road,Ambagunj Road,L016-07,147.18,2026-10-01 16:56:00,2026-10-01 17:09:00,CRITICAL,FORECAST
T000543,30281,Goods,C150,Udaykot Jn,Sagarpalli,L150-05,55.2,2026-09-10 12:46:00,2026-09-10 13:10:00,MEDIUM,SCHEDULED
T000544,30264,Goods,C069,Dhanupalli Cantt,Girnarkheda Road,L069-01,22.53,2026-09-09 14:42:00,2026-09-09 15:45:00,MEDIUM,SCHEDULED
T000545,13867,Express,C195,Bharatgunj,Taraganj Road,L195-03,41.77,2026-10-12 07:40:00,2026-10-12 08:00:00,HIGH,SCHEDULED
T000546,57307,Passenger,C128,Chitrakheda Jn,Satpurapur Road,L128-01,22.24,2026-10-05 00:34:00,2026-10-05 00:53:00,HIGH,SCHEDULED
T000547,30170,Goods,C164,Girnarhalli Road,Dhanugunj Cantt,L164-04,137.62,2026-10-11 09:39:00,2026-10-11 11:08:00,MEDIUM,SCHEDULED
T000548,12171,Express,C150,Udaykot Jn,Sagarpalli,L150-08,125.81,2026-09-27 20:57:00,2026-09-27 21:08:00,CRITICAL,SCHEDULED
T000549,31636,Goods,C129,Sagargunj Jn,Meeragunj Road,L129-08,68.83,2026-09-24 00:43:00,2026-09-24 01:01:00,MEDIUM,FORECAST
T000550,58408,Passenger,C155,Omkarhalli,Sabarkheda Road,L155-06,27.49,2026-10-14 07:01:00,2026-10-14 07:10:00,HIGH,FORECAST
T000551,13666,Express,C150,Udaykot Jn,Sagarpalli,L150-07,109.46,2026-09-20 21:00:00,2026-09-20 21:07:00,CRITICAL,SCHEDULED
T000552,13632,Express,C069,Dhanupalli Cantt,Girnarkheda Road,L069-06,194.8,2026-09-07 14:40:00,2026-09-07 15:07:00,CRITICAL,SCHEDULED
T000553,30644,Goods,C199,Tarakheda Jn,Bhimagarh,L199-07,226.99,2026-09-30 06:13:00,2026-09-30 07:08:00,MEDIUM,SCHEDULED
T000554,58563,Passenger,C018,Haldiganj,Nilgirigunj Road,L018-04,124.65,2026-10-03 10:03:00,2026-10-03 10:32:00,HIGH,FORECAST
T000555,57548,Passenger,C195,Bharatgunj,Taraganj Road,L195-05,93.9,2026-09-12 06:54:00,2026-09-12 07:26:00,HIGH,FORECAST
T000556,30325,Goods,C195,Bharatgunj,Taraganj Road,L195-04,60.26,2026-09-18 18:18:00,2026-09-18 19:09:00,MEDIUM,SCHEDULED
T000557,58146,Passenger,C069,Dhanupalli Cantt,Girnarkheda Road,L069-02,35.6,2026-09-04 14:54:00,2026-09-04 15:22:00,HIGH,SCHEDULED
T000558,57080,Passenger,C150,Udaykot Jn,Sagarpalli,L150-01,1.98,2026-09-05 20:29:00,2026-09-05 20:43:00,HIGH,FORECAST
T000559,57841,Passenger,C163,Dhanuganj Cantt,Veerhalli Jn,L163-05,64.97,2026-10-11 12:04:00,2026-10-11 12:18:00,HIGH,PROVISIONAL
T000560,56745,Passenger,C186,Bhimaabad,Omkarabad Cantt,L186-01,9.58,2026-09-03 20:21:00,2026-09-03 20:55:00,HIGH,FORECAST
T000561,13328,Express,C153,Veerkot Jn,Veerkheda Road,L153-05,61.15,2026-10-02 09:25:00,2026-10-02 09:31:00,CRITICAL,SCHEDULED
T000562,13820,Express,C051,Veerhalli,Shantipalli Cantt,L051-07,162.18,2026-09-28 06:03:00,2026-09-28 06:17:00,CRITICAL,SCHEDULED
T000563,71784,Other,C163,Dhanuganj Cantt,Veerhalli Jn,L163-03,28.41,2026-10-09 12:33:00,2026-10-09 12:51:00,LOW,FORECAST
T000564,31171,Goods,C009,Konkanganj,Konkankheda,L009-05,209.53,2026-09-15 00:59:00,2026-09-15 02:09:00,MEDIUM,SCHEDULED
T000565,58436,Passenger,C023,Krishnakheda Jn,Bhimagarh Cantt,L023-02,66.42,2026-09-07 20:17:00,2026-09-07 20:42:00,HIGH,FORECAST
T000566,58701,Passenger,C050,Taragunj,Haldipur Road,L050-01,18.15,2026-10-06 04:54:00,2026-10-06 05:03:00,HIGH,PROVISIONAL
T000567,57816,Passenger,C146,Devgarhgunj,Jaisalnagar,L146-04,85.94,2026-10-05 15:46:00,2026-10-05 16:18:00,HIGH,SCHEDULED
T000568,32177,Goods,C069,Dhanupalli Cantt,Girnarkheda Road,L069-12,378.6,2026-09-11 15:56:00,2026-09-11 17:00:00,HIGH,FORECAST
T000569,71482,Other,C009,Konkanganj,Konkankheda,L009-07,242.71,2026-09-17 23:32:00,2026-09-18 00:24:00,CRITICAL,SCHEDULED
T000570,56856,Passenger,C155,Omkarhalli,Sabarkheda Road,L155-07,29.35,2026-09-06 04:18:00,2026-09-06 04:24:00,HIGH,SCHEDULED
T000571,56730,Passenger,C176,Vindhyakot Jn,Ranaganj Cantt,L176-09,155.72,2026-09-09 08:10:00,2026-09-09 08:28:00,HIGH,FORECAST
T000572,14450,Express,C059,Yamunanagar Jn,Haldikheda,L059-09,380.03,2026-09-05 18:52:00,2026-09-05 19:22:00,CRITICAL,SCHEDULED
T000573,30764,Goods,C069,Dhanupalli Cantt,Girnarkheda Road,L069-05,175.88,2026-10-02 13:24:00,2026-10-02 14:20:00,MEDIUM,PROVISIONAL
T000574,56739,Passenger,C192,Malwanagar,Devgarhgarh,L192-06,35.2,2026-09-04 17:32:00,2026-09-04 17:46:00,HIGH,FORECAST
T000575,14198,Express,C123,Satpurapalli,Charankot Cantt,L123-02,16.66,2026-09-03 13:59:00,2026-09-03 14:19:00,LOW,SCHEDULED
T000576,70962,Other,C136,Lalitpalli,Sabarabad Road,L136-03,31.79,2026-09-01 01:50:00,2026-09-01 02:07:00,LOW,SCHEDULED
T000577,31949,Goods,C176,Vindhyakot Jn,Ranaganj Cantt,L176-06,96.69,2026-09-08 02:48:00,2026-09-08 03:25:00,MEDIUM,FORECAST
T000578,13913,Express,C054,Chandrakot,Satpurahalli Cantt,L054-01,9.96,2026-10-04 18:01:00,2026-10-04 18:11:00,HIGH,SCHEDULED
T000579,57823,Passenger,C018,Haldiganj,Nilgirigunj Road,L018-09,213.99,2026-09-01 20:55:00,2026-09-01 21:29:00,HIGH,SCHEDULED
T000580,56390,Passenger,C028,Girnarpalli,Kanhagunj Cantt,L028-04,101.58,2026-10-14 15:31:00,2026-10-14 16:08:00,LOW,SCHEDULED
T000581,71502,Other,C140,Sundarkot Jn,Haldikheda,L140-11,44.31,2026-09-23 04:13:00,2026-09-23 04:19:00,LOW,SCHEDULED
T000582,57637,Passenger,C052,Tarakheda Road,Bhimapalli Cantt,L052-02,12.44,2026-09-17 00:28:00,2026-09-17 00:45:00,HIGH,SCHEDULED
T000583,57851,Passenger,C140,Sundarkot Jn,Haldikheda,L140-06,35.5,2026-09-19 06:51:00,2026-09-19 06:57:00,HIGH,FORECAST
T000584,30473,Goods,C069,Dhanupalli Cantt,Girnarkheda Road,L069-01,22.53,2026-09-15 00:29:00,2026-09-15 01:15:00,CRITICAL,SCHEDULED
T000585,30088,Goods,C098,Bilaskheda,Pushkarganj,L098-09,22.87,2026-09-21 22:53:00,2026-09-21 22:59:00,CRITICAL,FORECAST
T000586,58732,Passenger,C028,Girnarpalli,Kanhagunj Cantt,L028-04,101.58,2026-10-02 13:57:00,2026-10-02 14:45:00,HIGH,SCHEDULED
T000587,58762,Passenger,C112,Narmadagunj,Yamunaganj,L112-08,152.38,2026-09-27 18:59:00,2026-09-27 19:22:00,MEDIUM,FORECAST
T000588,56120,Passenger,C140,Sundarkot Jn,Haldikheda,L140-06,35.5,2026-09-06 19:09:00,2026-09-06 19:15:00,HIGH,SCHEDULED
T000589,32447,Goods,C140,Sundarkot Jn,Haldikheda,L140-06,35.5,2026-09-01 17:11:00,2026-09-01 17:17:00,MEDIUM,SCHEDULED
T000590,72957,Other,C069,Dhanupalli Cantt,Girnarkheda Road,L069-10,288.36,2026-09-28 21:07:00,2026-09-28 21:49:00,LOW,SCHEDULED
T000591,58185,Passenger,C176,Vindhyakot Jn,Ranaganj Cantt,L176-01,21.8,2026-09-20 22:11:00,2026-09-20 22:34:00,HIGH,SCHEDULED
T000592,12968,Express,C009,Konkanganj,Konkankheda,L009-02,62.41,2026-09-30 23:18:00,2026-09-30 23:44:00,CRITICAL,FORECAST
T000593,57133,Passenger,C150,Udaykot Jn,Sagarpalli,L150-07,109.46,2026-09-21 16:14:00,2026-09-21 16:31:00,HIGH,PROVISIONAL
T000594,57687,Passenger,C069,Dhanupalli Cantt,Girnarkheda Road,L069-03,48.56,2026-09-05 17:56:00,2026-09-05 18:33:00,HIGH,SCHEDULED
T000595,14620,Express,C039,Malwaganj Cantt,Satpuraabad Road,L039-13,210.07,2026-09-27 18:13:00,2026-09-27 18:22:00,CRITICAL,SCHEDULED
T000596,57780,Passenger,C034,Devgarhnagar,Shantigarh Road,L034-08,58.79,2026-10-06 07:37:00,2026-10-06 07:49:00,HIGH,SCHEDULED
T000597,32843,Goods,C123,Satpurapalli,Charankot Cantt,L123-06,44.14,2026-10-03 15:32:00,2026-10-03 16:18:00,MEDIUM,SCHEDULED
T000598,72315,Other,C155,Omkarhalli,Sabarkheda Road,L155-06,27.49,2026-09-04 00:48:00,2026-09-04 00:56:00,LOW,SCHEDULED
T000599,57697,Passenger,C039,Malwaganj Cantt,Satpuraabad Road,L039-02,34.94,2026-09-05 06:39:00,2026-09-05 06:54:00,HIGH,SCHEDULED
T000600,70132,Other,C192,Malwanagar,Devgarhgarh,L192-07,43.98,2026-09-29 12:20:00,2026-09-29 12:37:00,LOW,SCHEDULED
T000601,57590,Passenger,C196,Devgarhganj,Bharatnagar,L196-03,65.18,2026-09-13 07:57:00,2026-09-13 08:28:00,HIGH,SCHEDULED
T000602,58891,Passenger,C059,Yamunanagar Jn,Haldikheda,L059-09,380.03,2026-10-08 21:09:00,2026-10-08 21:43:00,HIGH,SCHEDULED
T000603,57159,Passenger,C020,Lalitabad Jn,Lalitkheda,L020-03,167.67,2026-09-08 16:26:00,2026-09-08 17:25:00,HIGH,SCHEDULED
T000604,30371,Goods,C129,Sagargunj Jn,Meeragunj Road,L129-04,51.91,2026-10-10 00:45:00,2026-10-10 00:58:00,MEDIUM,SCHEDULED
T000605,56525,Passenger,C150,Udaykot Jn,Sagarpalli,L150-09,136.48,2026-09-21 13:11:00,2026-09-21 13:30:00,HIGH,PROVISIONAL
T000606,72345,Other,C163,Dhanuganj Cantt,Veerhalli Jn,L163-03,28.41,2026-09-11 13:27:00,2026-09-11 13:44:00,LOW,FORECAST
T000607,12521,Express,C059,Yamunanagar Jn,Haldikheda,L059-03,215.56,2026-10-01 16:46:00,2026-10-01 17:11:00,CRITICAL,SCHEDULED
T000608,31861,Goods,C009,Konkanganj,Konkankheda,L009-06,222.21,2026-10-04 23:14:00,2026-10-05 00:06:00,MEDIUM,PROVISIONAL
T000609,56995,Passenger,C150,Udaykot Jn,Sagarpalli,L150-09,136.48,2026-10-09 08:59:00,2026-10-09 09:17:00,HIGH,SCHEDULED
T000610,57022,Passenger,C051,Veerhalli,Shantipalli Cantt,L051-06,149.29,2026-09-07 15:48:00,2026-09-07 16:13:00,HIGH,SCHEDULED
T000611,30538,Goods,C192,Malwanagar,Devgarhgarh,L192-01,20.94,2026-09-10 19:44:00,2026-09-10 20:12:00,MEDIUM,FORECAST
T000612,30397,Goods,C150,Udaykot Jn,Sagarpalli,L150-11,162.07,2026-09-27 02:09:00,2026-09-27 02:31:00,LOW,SCHEDULED
T000613,57023,Passenger,C163,Dhanuganj Cantt,Veerhalli Jn,L163-11,115.88,2026-10-12 09:37:00,2026-10-12 09:49:00,HIGH,SCHEDULED
T000614,32484,Goods,C050,Taragunj,Haldipur Road,L050-05,36.84,2026-10-14 05:42:00,2026-10-14 06:05:00,MEDIUM,SCHEDULED
T000615,58468,Passenger,C009,Konkanganj,Konkankheda,L009-01,14.97,2026-10-05 09:58:00,2026-10-05 10:40:00,HIGH,SCHEDULED
T000616,14385,Express,C163,Dhanuganj Cantt,Veerhalli Jn,L163-08,92.08,2026-09-24 20:51:00,2026-09-24 20:59:00,CRITICAL,SCHEDULED
T000617,58096,Passenger,C022,Gangaganj,Taragarh,L022-09,183.75,2026-10-15 17:46:00,2026-10-15 18:08:00,HIGH,SCHEDULED
T000618,30951,Goods,C028,Girnarpalli,Kanhagunj Cantt,L028-07,186.56,2026-09-17 12:02:00,2026-09-17 13:05:00,MEDIUM,SCHEDULED
T000619,14763,Express,C039,Malwaganj Cantt,Satpuraabad Road,L039-01,1.19,2026-09-13 12:04:00,2026-09-13 12:17:00,CRITICAL,SCHEDULED
T000620,58743,Passenger,C017,Sagargunj Road,Kanhakot,L017-07,177.38,2026-10-15 11:46:00,2026-10-15 12:13:00,HIGH,SCHEDULED
T000621,14420,Express,C129,Sagargunj Jn,Meeragunj Road,L129-08,68.83,2026-09-02 18:35:00,2026-09-02 18:44:00,MEDIUM,SCHEDULED
T000622,32054,Goods,C163,Dhanuganj Cantt,Veerhalli Jn,L163-02,14.51,2026-09-13 15:42:00,2026-09-13 16:02:00,MEDIUM,SCHEDULED
T000623,30596,Goods,C150,Udaykot Jn,Sagarpalli,L150-06,61.26,2026-10-03 02:53:00,2026-10-03 03:15:00,MEDIUM,PROVISIONAL
T000624,12029,Express,C009,Konkanganj,Konkankheda,L009-03,182.63,2026-09-26 07:39:00,2026-09-26 08:02:00,CRITICAL,FORECAST
T000625,12601,Express,C123,Satpurapalli,Charankot Cantt,L123-09,208.13,2026-10-03 15:42:00,2026-10-03 15:54:00,MEDIUM,SCHEDULED
T000626,57442,Passenger,C163,Dhanuganj Cantt,Veerhalli Jn,L163-11,115.88,2026-09-08 07:34:00,2026-09-08 07:53:00,HIGH,PROVISIONAL
T000627,57819,Passenger,C123,Satpurapalli,Charankot Cantt,L123-08,113.88,2026-09-15 20:30:00,2026-09-15 20:58:00,HIGH,SCHEDULED
T000628,56572,Passenger,C175,Devgarhnagar Jn,Tarapur,L175-04,212.09,2026-09-15 11:14:00,2026-09-15 12:38:00,HIGH,SCHEDULED
T000629,12438,Express,C018,Haldiganj,Nilgirigunj Road,L018-06,153.82,2026-09-05 09:20:00,2026-09-05 09:36:00,CRITICAL,SCHEDULED
T000630,56417,Passenger,C123,Satpurapalli,Charankot Cantt,L123-01,11.95,2026-09-17 19:20:00,2026-09-17 19:40:00,HIGH,SCHEDULED
T000631,56864,Passenger,C195,Bharatgunj,Taraganj Road,L195-05,93.9,2026-09-23 09:16:00,2026-09-23 09:43:00,HIGH,SCHEDULED
T000632,58356,Passenger,C050,Taragunj,Haldipur Road,L050-09,113.79,2026-09-12 12:38:00,2026-09-12 12:52:00,HIGH,SCHEDULED
T000633,14814,Express,C069,Dhanupalli Cantt,Girnarkheda Road,L069-06,194.8,2026-09-05 18:32:00,2026-09-05 18:50:00,CRITICAL,CANCELLED
T000634,58293,Passenger,C018,Haldiganj,Nilgirigunj Road,L018-03,76.59,2026-10-13 08:20:00,2026-10-13 08:48:00,HIGH,SCHEDULED
T000635,56266,Passenger,C009,Konkanganj,Konkankheda,L009-06,222.21,2026-09-20 13:44:00,2026-09-20 14:27:00,HIGH,SCHEDULED
T000636,58206,Passenger,C098,Bilaskheda,Pushkarganj,L098-12,29.95,2026-10-04 16:52:00,2026-10-04 16:58:00,HIGH,PROVISIONAL
T000637,32794,Goods,C098,Bilaskheda,Pushkarganj,L098-06,11.88,2026-09-24 09:40:00,2026-09-24 09:46:00,MEDIUM,FORECAST
T000638,32526,Goods,C069,Dhanupalli Cantt,Girnarkheda Road,L069-05,175.88,2026-09-21 08:02:00,2026-09-21 08:57:00,MEDIUM,SCHEDULED
T000639,14570,Express,C176,Vindhyakot Jn,Ranaganj Cantt,L176-09,155.72,2026-09-26 17:11:00,2026-09-26 17:23:00,CRITICAL,CANCELLED
T000640,31548,Goods,C150,Udaykot Jn,Sagarpalli,L150-11,162.07,2026-10-04 04:07:00,2026-10-04 04:25:00,MEDIUM,SCHEDULED
T000641,70259,Other,C075,Charanpur,Ranahalli Cantt,L075-09,208.81,2026-09-04 02:39:00,2026-09-04 03:12:00,LOW,SCHEDULED
T000642,58843,Passenger,C140,Sundarkot Jn,Haldikheda,L140-03,28.69,2026-09-28 19:44:00,2026-09-28 19:50:00,HIGH,PROVISIONAL
T000643,70215,Other,C050,Taragunj,Haldipur Road,L050-04,35.75,2026-09-05 11:32:00,2026-09-05 11:47:00,HIGH,FORECAST
T000644,58029,Passenger,C131,Ashokkot,Narmadagarh Cantt,L131-01,20.98,2026-09-20 12:55:00,2026-09-20 13:26:00,HIGH,SCHEDULED
T000645,56598,Passenger,C125,Konkanganj Jn,Omkarganj,L125-07,78.97,2026-10-07 08:07:00,2026-10-07 08:21:00,HIGH,SCHEDULED
T000646,56583,Passenger,C098,Bilaskheda,Pushkarganj,L098-05,8.04,2026-10-12 08:54:00,2026-10-12 09:00:00,HIGH,FORECAST
T000647,13723,Express,C129,Sagargunj Jn,Meeragunj Road,L129-04,51.91,2026-09-12 19:40:00,2026-09-12 19:49:00,CRITICAL,CANCELLED
T000648,56888,Passenger,C026,Sabarabad Cantt,Chitrakot,L026-02,9.14,2026-09-04 07:43:00,2026-09-04 07:49:00,HIGH,SCHEDULED
T000649,14747,Express,C195,Bharatgunj,Taraganj Road,L195-02,28.22,2026-09-21 16:52:00,2026-09-21 17:13:00,CRITICAL,SCHEDULED
T000650,14438,Express,C069,Dhanupalli Cantt,Girnarkheda Road,L069-02,35.6,2026-10-15 07:00:00,2026-10-15 07:16:00,CRITICAL,SCHEDULED
T000651,13495,Express,C091,Ashokpur,Indrapalli Road,L091-05,19.76,2026-09-26 21:45:00,2026-09-26 21:51:00,CRITICAL,PROVISIONAL
T000652,32831,Goods,C150,Udaykot Jn,Sagarpalli,L150-09,136.48,2026-09-03 14:46:00,2026-09-03 15:14:00,MEDIUM,SCHEDULED
T000653,14975,Express,C195,Bharatgunj,Taraganj Road,L195-07,109.28,2026-10-08 19:23:00,2026-10-08 19:46:00,CRITICAL,SCHEDULED
T000654,12039,Express,C163,Dhanuganj Cantt,Veerhalli Jn,L163-07,71.82,2026-10-11 09:11:00,2026-10-11 09:21:00,CRITICAL,FORECAST
T000655,31376,Goods,C192,Malwanagar,Devgarhgarh,L192-10,127.84,2026-09-12 05:24:00,2026-09-12 05:41:00,MEDIUM,FORECAST
T000656,31498,Goods,C069,Dhanupalli Cantt,Girnarkheda Road,L069-02,35.6,2026-10-11 02:34:00,2026-10-11 03:32:00,MEDIUM,FORECAST
T000657,32820,Goods,C039,Malwaganj Cantt,Satpuraabad Road,L039-06,108.06,2026-10-05 00:46:00,2026-10-05 01:15:00,MEDIUM,FORECAST
T000658,57980,Passenger,C145,Bharatabad Road,Palanigunj Road,L145-04,148.23,2026-10-06 07:00:00,2026-10-06 07:41:00,HIGH,FORECAST
T000659,14634,Express,C164,Girnarhalli Road,Dhanugunj Cantt,L164-06,229.92,2026-10-11 18:25:00,2026-10-11 18:52:00,CRITICAL,PROVISIONAL
T000660,57133,Passenger,C129,Sagargunj Jn,Meeragunj Road,L129-09,107.56,2026-10-06 05:45:00,2026-10-06 06:04:00,HIGH,SCHEDULED
T000661,56839,Passenger,C176,Vindhyakot Jn,Ranaganj Cantt,L176-06,96.69,2026-09-04 13:28:00,2026-09-04 13:47:00,HIGH,SCHEDULED
T000662,56615,Passenger,C150,Udaykot Jn,Sagarpalli,L150-02,13.59,2026-09-05 12:39:00,2026-09-05 12:56:00,HIGH,CANCELLED
T000663,13749,Express,C115,Konkanpalli,Indrakheda Jn,L115-03,133.82,2026-09-30 19:21:00,2026-09-30 19:43:00,HIGH,PROVISIONAL
T000664,13088,Express,C140,Sundarkot Jn,Haldikheda,L140-06,35.5,2026-09-24 05:47:00,2026-09-24 05:53:00,CRITICAL,SCHEDULED
T000665,14425,Express,C195,Bharatgunj,Taraganj Road,L195-03,41.77,2026-10-02 05:27:00,2026-10-02 05:46:00,CRITICAL,SCHEDULED
T000666,57426,Passenger,C123,Satpurapalli,Charankot Cantt,L123-09,208.13,2026-09-23 07:27:00,2026-09-23 07:52:00,HIGH,PROVISIONAL
T000667,56020,Passenger,C069,Dhanupalli Cantt,Girnarkheda Road,L069-12,378.6,2026-09-29 17:24:00,2026-09-29 18:13:00,HIGH,SCHEDULED
T000668,57401,Passenger,C071,Jaisalhalli Cantt,Veergarh Road,L071-01,16.35,2026-10-15 03:49:00,2026-10-15 04:43:00,HIGH,SCHEDULED
T000669,70376,Other,C197,Sundarhalli Cantt,Konkanhalli Jn,L197-03,196.77,2026-09-25 11:51:00,2026-09-25 13:23:00,LOW,PROVISIONAL
T000670,57691,Passenger,C123,Satpurapalli,Charankot Cantt,L123-05,42.98,2026-09-24 13:48:00,2026-09-24 14:15:00,HIGH,SCHEDULED
T000671,58264,Passenger,C015,Sundarhalli Road,Sabarpalli,L015-03,94.64,2026-09-26 18:44:00,2026-09-26 19:13:00,HIGH,SCHEDULED
T000672,31293,Goods,C164,Girnarhalli Road,Dhanugunj Cantt,L164-10,357.49,2026-09-12 22:20:00,2026-09-12 23:32:00,MEDIUM,SCHEDULED
T000673,32622,Goods,C176,Vindhyakot Jn,Ranaganj Cantt,L176-01,21.8,2026-09-04 01:34:00,2026-09-04 02:05:00,MEDIUM,SCHEDULED
T000674,70572,Other,C129,Sagargunj Jn,Meeragunj Road,L129-05,53.43,2026-09-06 20:55:00,2026-09-06 21:10:00,LOW,FORECAST
T000675,56396,Passenger,C163,Dhanuganj Cantt,Veerhalli Jn,L163-07,71.82,2026-09-16 10:53:00,2026-09-16 11:07:00,LOW,PROVISIONAL
T000676,58017,Passenger,C069,Dhanupalli Cantt,Girnarkheda Road,L069-07,215.64,2026-09-16 14:48:00,2026-09-16 15:22:00,LOW,SCHEDULED
T000677,57951,Passenger,C123,Satpurapalli,Charankot Cantt,L123-07,94.28,2026-09-20 14:05:00,2026-09-20 14:25:00,HIGH,FORECAST
T000678,58810,Passenger,C098,Bilaskheda,Pushkarganj,L098-03,5.9,2026-09-17 08:30:00,2026-09-17 08:36:00,CRITICAL,CANCELLED
T000679,30629,Goods,C026,Sabarabad Cantt,Chitrakot,L026-02,9.14,2026-09-22 15:18:00,2026-09-22 15:25:00,MEDIUM,CANCELLED
T000680,13414,Express,C186,Bhimaabad,Omkarabad Cantt,L186-05,167.51,2026-10-04 20:00:00,2026-10-04 20:32:00,CRITICAL,FORECAST
T000681,31046,Goods,C099,Malwagunj,Gangaganj,L099-10,60.2,2026-09-24 05:42:00,2026-09-24 05:51:00,MEDIUM,SCHEDULED
T000682,30266,Goods,C026,Sabarabad Cantt,Chitrakot,L026-06,27.69,2026-09-21 00:03:00,2026-09-21 00:11:00,MEDIUM,FORECAST
T000683,58800,Passenger,C140,Sundarkot Jn,Haldikheda,L140-08,38.21,2026-09-30 05:03:00,2026-09-30 05:09:00,HIGH,SCHEDULED
T000684,72170,Other,C009,Konkanganj,Konkankheda,L009-06,222.21,2026-09-01 01:34:00,2026-09-01 02:16:00,LOW,SCHEDULED
T000685,32487,Goods,C026,Sabarabad Cantt,Chitrakot,L026-04,17.94,2026-10-03 02:22:00,2026-10-03 02:32:00,MEDIUM,SCHEDULED
T000686,30582,Goods,C098,Bilaskheda,Pushkarganj,L098-08,22.8,2026-09-15 17:09:00,2026-09-15 17:15:00,MEDIUM,SCHEDULED
T000687,13154,Express,C009,Konkanganj,Konkankheda,L009-02,62.41,2026-09-30 07:37:00,2026-09-30 08:04:00,CRITICAL,SCHEDULED
T000688,72048,Other,C029,Charankot,Sagarkot,L029-01,7.08,2026-10-13 23:28:00,2026-10-13 23:44:00,LOW,SCHEDULED
T000689,57114,Passenger,C028,Girnarpalli,Kanhagunj Cantt,L028-11,367.84,2026-09-10 08:13:00,2026-09-10 08:48:00,HIGH,SCHEDULED
T000690,57293,Passenger,C069,Dhanupalli Cantt,Girnarkheda Road,L069-10,288.36,2026-09-30 23:12:00,2026-09-30 23:54:00,HIGH,PROVISIONAL
T000691,13347,Express,C009,Konkanganj,Konkankheda,L009-06,222.21,2026-09-05 08:32:00,2026-09-05 08:48:00,CRITICAL,PROVISIONAL
T000692,57668,Passenger,C150,Udaykot Jn,Sagarpalli,L150-06,61.26,2026-09-14 21:10:00,2026-09-14 21:25:00,HIGH,SCHEDULED
T000693,13397,Express,C069,Dhanupalli Cantt,Girnarkheda Road,L069-08,267.94,2026-10-04 16:08:00,2026-10-04 16:30:00,CRITICAL,SCHEDULED
T000694,58924,Passenger,C050,Taragunj,Haldipur Road,L050-06,53.65,2026-09-13 16:33:00,2026-09-13 16:43:00,HIGH,SCHEDULED
T000695,12880,Express,C123,Satpurapalli,Charankot Cantt,L123-05,42.98,2026-09-14 18:49:00,2026-09-14 19:03:00,CRITICAL,SCHEDULED
T000696,58243,Passenger,C140,Sundarkot Jn,Haldikheda,L140-09,40.15,2026-09-01 14:38:00,2026-09-01 14:44:00,HIGH,SCHEDULED
T000697,30341,Goods,C016,Sabarhalli Road,Ambagunj Road,L016-08,150.94,2026-09-05 02:27:00,2026-09-05 02:52:00,MEDIUM,SCHEDULED
T000698,57134,Passenger,C129,Sagargunj Jn,Meeragunj Road,L129-05,53.43,2026-09-07 16:29:00,2026-09-07 16:43:00,HIGH,SCHEDULED
T000699,58850,Passenger,C009,Konkanganj,Konkankheda,L009-03,182.63,2026-10-09 19:17:00,2026-10-09 19:43:00,HIGH,SCHEDULED
T000700,58310,Passenger,C086,Vindhyakot,Girnarhalli Cantt,L086-05,84.66,2026-09-12 15:16:00,2026-09-12 15:47:00,HIGH,SCHEDULED
T000701,58050,Passenger,C051,Veerhalli,Shantipalli Cantt,L051-04,115.18,2026-09-12 08:54:00,2026-09-12 09:18:00,HIGH,SCHEDULED
T000702,30994,Goods,C074,Chandrapalli Cantt,Nilgirikheda,L074-09,105.44,2026-09-12 10:03:00,2026-09-12 10:18:00,MEDIUM,SCHEDULED
T000703,32046,Goods,C081,Kanhahalli Cantt,Palanipalli,L081-02,129.16,2026-09-04 15:33:00,2026-09-04 17:48:00,MEDIUM,SCHEDULED
T000704,56008,Passenger,C018,Haldiganj,Nilgirigunj Road,L018-07,174.74,2026-09-01 06:49:00,2026-09-01 07:20:00,HIGH,SCHEDULED
T000705,71692,Other,C069,Dhanupalli Cantt,Girnarkheda Road,L069-06,194.8,2026-09-05 16:25:00,2026-09-05 17:23:00,CRITICAL,SCHEDULED
T000706,58366,Passenger,C195,Bharatgunj,Taraganj Road,L195-04,60.26,2026-09-11 23:30:00,2026-09-12 00:04:00,HIGH,SCHEDULED
T000707,13803,Express,C075,Charanpur,Ranahalli Cantt,L075-04,162.18,2026-09-03 15:20:00,2026-09-03 15:40:00,CRITICAL,SCHEDULED
T000708,57188,Passenger,C050,Taragunj,Haldipur Road,L050-10,121.98,2026-10-11 21:23:00,2026-10-11 21:38:00,HIGH,SCHEDULED
T000709,12077,Express,C039,Malwaganj Cantt,Satpuraabad Road,L039-02,34.94,2026-09-23 20:36:00,2026-09-23 20:47:00,CRITICAL,SCHEDULED
T000710,70683,Other,C164,Girnarhalli Road,Dhanugunj Cantt,L164-10,357.49,2026-09-11 21:05:00,2026-09-11 21:55:00,LOW,FORECAST
T000711,56916,Passenger,C028,Girnarpalli,Kanhagunj Cantt,L028-02,47.72,2026-10-13 06:06:00,2026-10-13 06:52:00,HIGH,SCHEDULED
T000712,56149,Passenger,C026,Sabarabad Cantt,Chitrakot,L026-03,10.67,2026-10-08 20:54:00,2026-10-08 21:00:00,HIGH,SCHEDULED
T000713,56586,Passenger,C155,Omkarhalli,Sabarkheda Road,L155-07,29.35,2026-09-12 10:19:00,2026-09-12 10:26:00,HIGH,SCHEDULED
T000714,58784,Passenger,C050,Taragunj,Haldipur Road,L050-03,34.24,2026-10-06 12:21:00,2026-10-06 12:36:00,HIGH,SCHEDULED
T000715,56260,Passenger,C164,Girnarhalli Road,Dhanugunj Cantt,L164-02,82.77,2026-10-01 08:38:00,2026-10-01 09:31:00,HIGH,SCHEDULED
T000716,12039,Express,C039,Malwaganj Cantt,Satpuraabad Road,L039-07,116.74,2026-10-08 20:51:00,2026-10-08 21:05:00,CRITICAL,FORECAST
T000717,72062,Other,C059,Yamunanagar Jn,Haldikheda,L059-01,4.72,2026-10-10 20:57:00,2026-10-10 21:52:00,LOW,SCHEDULED
T000718,30688,Goods,C140,Sundarkot Jn,Haldikheda,L140-01,12.21,2026-09-09 01:26:00,2026-09-09 01:34:00,MEDIUM,SCHEDULED
T000719,70198,Other,C195,Bharatgunj,Taraganj Road,L195-02,28.22,2026-10-03 19:25:00,2026-10-03 20:08:00,LOW,SCHEDULED
T000720,32794,Goods,C028,Girnarpalli,Kanhagunj Cantt,L028-06,160.66,2026-10-07 05:03:00,2026-10-07 06:01:00,MEDIUM,PROVISIONAL
T000721,13076,Express,C069,Dhanupalli Cantt,Girnarkheda Road,L069-05,175.88,2026-09-12 23:45:00,2026-09-13 00:05:00,CRITICAL,SCHEDULED
T000722,56239,Passenger,C039,Malwaganj Cantt,Satpuraabad Road,L039-01,1.19,2026-09-20 19:35:00,2026-09-20 19:51:00,HIGH,SCHEDULED
T000723,56106,Passenger,C084,Devgarhgarh Cantt,Chitraganj,L084-02,60.54,2026-10-13 00:41:00,2026-10-13 01:15:00,HIGH,FORECAST
T000724,14573,Express,C018,Haldiganj,Nilgirigunj Road,L018-06,153.82,2026-10-08 08:48:00,2026-10-08 09:05:00,HIGH,SCHEDULED
T000725,58648,Passenger,C163,Dhanuganj Cantt,Veerhalli Jn,L163-05,64.97,2026-09-28 17:18:00,2026-09-28 17:32:00,HIGH,SCHEDULED
T000726,13700,Express,C163,Dhanuganj Cantt,Veerhalli Jn,L163-08,92.08,2026-09-07 05:48:00,2026-09-07 05:56:00,CRITICAL,SCHEDULED
T000727,14182,Express,C075,Charanpur,Ranahalli Cantt,L075-06,182.12,2026-09-12 16:59:00,2026-09-12 17:16:00,CRITICAL,SCHEDULED
T000728,56878,Passenger,C075,Charanpur,Ranahalli Cantt,L075-10,243.0,2026-09-19 13:41:00,2026-09-19 14:02:00,HIGH,SCHEDULED
T000729,56230,Passenger,C123,Satpurapalli,Charankot Cantt,L123-04,31.64,2026-10-04 22:38:00,2026-10-04 23:03:00,HIGH,FORECAST
T000730,56837,Passenger,C026,Sabarabad Cantt,Chitrakot,L026-07,34.73,2026-10-09 11:49:00,2026-10-09 11:55:00,HIGH,SCHEDULED
T000731,32479,Goods,C119,Sagarkheda Jn,Shantiganj,L119-05,230.43,2026-09-05 14:07:00,2026-09-05 15:34:00,MEDIUM,SCHEDULED
T000732,58144,Passenger,C129,Sagargunj Jn,Meeragunj Road,L129-09,107.56,2026-09-23 12:59:00,2026-09-23 13:14:00,HIGH,SCHEDULED
T000733,56224,Passenger,C164,Girnarhalli Road,Dhanugunj Cantt,L164-01,46.53,2026-09-13 14:29:00,2026-09-13 15:13:00,LOW,SCHEDULED
T000734,31801,Goods,C050,Taragunj,Haldipur Road,L050-01,18.15,2026-09-28 02:47:00,2026-09-28 03:10:00,HIGH,SCHEDULED
T000735,58894,Passenger,C164,Girnarhalli Road,Dhanugunj Cantt,L164-07,252.14,2026-10-14 19:46:00,2026-10-14 20:24:00,MEDIUM,PROVISIONAL
T000736,58971,Passenger,C150,Udaykot Jn,Sagarpalli,L150-09,136.48,2026-09-07 12:38:00,2026-09-07 12:55:00,HIGH,SCHEDULED
T000737,13615,Express,C176,Vindhyakot Jn,Ranaganj Cantt,L176-13,237.01,2026-09-15 19:08:00,2026-09-15 19:23:00,CRITICAL,SCHEDULED
T000738,32692,Goods,C195,Bharatgunj,Taraganj Road,L195-02,28.22,2026-10-15 23:21:00,2026-10-16 00:23:00,MEDIUM,SCHEDULED
T000739,58417,Passenger,C140,Sundarkot Jn,Haldikheda,L140-07,37.73,2026-10-13 18:07:00,2026-10-13 18:13:00,HIGH,SCHEDULED
T000740,32538,Goods,C164,Girnarhalli Road,Dhanugunj Cantt,L164-08,276.89,2026-09-22 19:37:00,2026-09-22 20:41:00,MEDIUM,FORECAST
T000741,14257,Express,C051,Veerhalli,Shantipalli Cantt,L051-02,54.33,2026-10-04 09:37:00,2026-10-04 09:50:00,CRITICAL,SCHEDULED
T000742,57404,Passenger,C195,Bharatgunj,Taraganj Road,L195-06,98.59,2026-09-04 00:04:00,2026-09-04 00:32:00,HIGH,SCHEDULED
T000743,57186,Passenger,C074,Chandrapalli Cantt,Nilgirikheda,L074-04,14.02,2026-09-04 17:11:00,2026-09-04 17:21:00,HIGH,FORECAST
T000744,58144,Passenger,C069,Dhanupalli Cantt,Girnarkheda Road,L069-04,164.65,2026-09-26 17:20:00,2026-09-26 17:45:00,HIGH,SCHEDULED
T000745,56636,Passenger,C069,Dhanupalli Cantt,Girnarkheda Road,L069-06,194.8,2026-09-13 07:42:00,2026-09-13 08:20:00,HIGH,SCHEDULED
T000746,72016,Other,C039,Malwaganj Cantt,Satpuraabad Road,L039-08,122.96,2026-09-09 01:04:00,2026-09-09 01:21:00,LOW,PROVISIONAL
T000747,32387,Goods,C129,Sagargunj Jn,Meeragunj Road,L129-01,0.75,2026-09-29 19:11:00,2026-09-29 19:30:00,MEDIUM,SCHEDULED
T000748,56522,Passenger,C091,Ashokpur,Indrapalli Road,L091-08,47.2,2026-09-19 10:26:00,2026-09-19 10:33:00,HIGH,SCHEDULED
T000749,30520,Goods,C069,Dhanupalli Cantt,Girnarkheda Road,L069-02,35.6,2026-10-03 06:56:00,2026-10-03 07:53:00,MEDIUM,SCHEDULED
T000750,13920,Express,C163,Dhanuganj Cantt,Veerhalli Jn,L163-02,14.51,2026-09-14 14:43:00,2026-09-14 14:54:00,LOW,SCHEDULED
T000751,56207,Passenger,C195,Bharatgunj,Taraganj Road,L195-07,109.28,2026-09-23 09:36:00,2026-09-23 10:05:00,HIGH,CANCELLED
T000752,12600,Express,C150,Udaykot Jn,Sagarpalli,L150-08,125.81,2026-09-02 19:37:00,2026-09-02 19:45:00,CRITICAL,CANCELLED
T000753,58777,Passenger,C009,Konkanganj,Konkankheda,L009-06,222.21,2026-09-08 07:02:00,2026-09-08 07:51:00,HIGH,FORECAST
T000754,13488,Express,C150,Udaykot Jn,Sagarpalli,L150-07,109.46,2026-09-01 19:32:00,2026-09-01 19:41:00,CRITICAL,SCHEDULED
T000755,72102,Other,C176,Vindhyakot Jn,Ranaganj Cantt,L176-13,237.01,2026-10-03 03:28:00,2026-10-03 03:54:00,LOW,SCHEDULED
T000756,32122,Goods,C176,Vindhyakot Jn,Ranaganj Cantt,L176-01,21.8,2026-09-15 19:51:00,2026-09-15 20:25:00,MEDIUM,SCHEDULED
T000757,56584,Passenger,C098,Bilaskheda,Pushkarganj,L098-01,1.11,2026-09-21 20:42:00,2026-09-21 20:48:00,HIGH,SCHEDULED
T000758,32184,Goods,C069,Dhanupalli Cantt,Girnarkheda Road,L069-09,277.58,2026-10-14 16:59:00,2026-10-14 17:55:00,MEDIUM,SCHEDULED
T000759,72017,Other,C089,Pushkarkot,Gangakot,L089-05,258.39,2026-09-07 12:16:00,2026-09-07 13:34:00,LOW,SCHEDULED
T000760,57250,Passenger,C036,Ashokgunj Jn,Kanhaganj,L036-02,12.31,2026-09-22 18:26:00,2026-09-22 18:49:00,HIGH,SCHEDULED
T000761,70972,Other,C074,Chandrapalli Cantt,Nilgirikheda,L074-07,86.63,2026-09-03 09:44:00,2026-09-03 10:03:00,LOW,SCHEDULED
T000762,56083,Passenger,C175,Devgarhnagar Jn,Tarapur,L175-02,167.66,2026-09-25 09:50:00,2026-09-25 11:22:00,HIGH,FORECAST
T000763,30122,Goods,C069,Dhanupalli Cantt,Girnarkheda Road,L069-03,48.56,2026-10-01 21:00:00,2026-10-01 21:46:00,MEDIUM,FORECAST
T000764,31140,Goods,C084,Devgarhgarh Cantt,Chitraganj,L084-04,99.64,2026-09-30 21:13:00,2026-09-30 22:00:00,MEDIUM,SCHEDULED
T000765,57419,Passenger,C150,Udaykot Jn,Sagarpalli,L150-10,152.42,2026-09-30 17:38:00,2026-09-30 17:58:00,HIGH,SCHEDULED
T000766,30173,Goods,C050,Taragunj,Haldipur Road,L050-05,36.84,2026-09-12 05:55:00,2026-09-12 06:14:00,MEDIUM,SCHEDULED
T000767,56013,Passenger,C140,Sundarkot Jn,Haldikheda,L140-11,44.31,2026-09-13 12:36:00,2026-09-13 12:42:00,HIGH,SCHEDULED
T000768,57247,Passenger,C153,Veerkot Jn,Veerkheda Road,L153-01,27.86,2026-09-15 16:27:00,2026-09-15 16:40:00,HIGH,SCHEDULED
T000769,14474,Express,C129,Sagargunj Jn,Meeragunj Road,L129-03,24.57,2026-09-26 06:42:00,2026-09-26 06:49:00,CRITICAL,SCHEDULED
T000770,56819,Passenger,C131,Ashokkot,Narmadagarh Cantt,L131-04,148.79,2026-10-04 09:33:00,2026-10-04 09:56:00,MEDIUM,SCHEDULED
T000771,12153,Express,C018,Haldiganj,Nilgirigunj Road,L018-01,55.34,2026-09-25 10:01:00,2026-09-25 10:19:00,CRITICAL,SCHEDULED
T000772,57841,Passenger,C195,Bharatgunj,Taraganj Road,L195-03,41.77,2026-10-08 13:17:00,2026-10-08 13:49:00,HIGH,SCHEDULED
T000773,58050,Passenger,C125,Konkanganj Jn,Omkarganj,L125-07,78.97,2026-10-02 16:17:00,2026-10-02 16:31:00,HIGH,CANCELLED
T000774,58116,Passenger,C175,Devgarhnagar Jn,Tarapur,L175-03,202.75,2026-09-10 18:34:00,2026-09-10 20:02:00,HIGH,FORECAST
T000775,32475,Goods,C009,Konkanganj,Konkankheda,L009-06,222.21,2026-09-13 01:43:00,2026-09-13 02:47:00,MEDIUM,SCHEDULED
T000776,56097,Passenger,C050,Taragunj,Haldipur Road,L050-06,53.65,2026-10-13 19:03:00,2026-10-13 19:14:00,HIGH,FORECAST
T000777,56205,Passenger,C140,Sundarkot Jn,Haldikheda,L140-03,28.69,2026-09-15 08:27:00,2026-09-15 08:33:00,HIGH,SCHEDULED
T000778,56187,Passenger,C050,Taragunj,Haldipur Road,L050-10,121.98,2026-09-22 14:44:00,2026-09-22 14:53:00,HIGH,SCHEDULED
T000779,13379,Express,C131,Ashokkot,Narmadagarh Cantt,L131-04,148.79,2026-09-30 07:12:00,2026-09-30 07:36:00,CRITICAL,SCHEDULED
T000780,58773,Passenger,C129,Sagargunj Jn,Meeragunj Road,L129-06,56.17,2026-09-17 16:10:00,2026-09-17 16:26:00,HIGH,FORECAST
T000781,30620,Goods,C069,Dhanupalli Cantt,Girnarkheda Road,L069-07,215.64,2026-10-09 05:43:00,2026-10-09 06:47:00,MEDIUM,SCHEDULED
T000782,57347,Passenger,C131,Ashokkot,Narmadagarh Cantt,L131-05,158.95,2026-09-12 13:30:00,2026-09-12 14:00:00,HIGH,SCHEDULED
T000783,13319,Express,C069,Dhanupalli Cantt,Girnarkheda Road,L069-05,175.88,2026-09-04 18:45:00,2026-09-04 19:07:00,CRITICAL,SCHEDULED
T000784,31266,Goods,C009,Konkanganj,Konkankheda,L009-05,209.53,2026-09-20 22:09:00,2026-09-20 22:48:00,MEDIUM,FORECAST
T000785,56310,Passenger,C069,Dhanupalli Cantt,Girnarkheda Road,L069-03,48.56,2026-10-05 16:44:00,2026-10-05 17:28:00,HIGH,SCHEDULED
T000786,12143,Express,C071,Jaisalhalli Cantt,Veergarh Road,L071-04,70.92,2026-09-13 17:33:00,2026-09-13 18:11:00,CRITICAL,FORECAST
T000787,56311,Passenger,C195,Bharatgunj,Taraganj Road,L195-01,21.94,2026-10-06 15:59:00,2026-10-06 16:21:00,HIGH,FORECAST
T000788,13637,Express,C009,Konkanganj,Konkankheda,L009-04,201.98,2026-09-20 15:45:00,2026-09-20 16:14:00,CRITICAL,SCHEDULED
T000789,32247,Goods,C175,Devgarhnagar Jn,Tarapur,L175-03,202.75,2026-09-04 06:05:00,2026-09-04 08:25:00,MEDIUM,SCHEDULED
T000790,70619,Other,C140,Sundarkot Jn,Haldikheda,L140-07,37.73,2026-09-18 22:19:00,2026-09-18 22:25:00,LOW,FORECAST
T000791,12247,Express,C136,Lalitpalli,Sabarabad Road,L136-07,91.09,2026-09-25 16:30:00,2026-09-25 16:38:00,CRITICAL,SCHEDULED
T000792,14944,Express,C195,Bharatgunj,Taraganj Road,L195-02,28.22,2026-10-12 09:04:00,2026-10-12 09:21:00,CRITICAL,PROVISIONAL
T000793,58948,Passenger,C003,Ashokganj Road,Konkanabad,L003-05,164.13,2026-09-23 04:18:00,2026-09-23 04:53:00,HIGH,PROVISIONAL
T000794,31547,Goods,C175,Devgarhnagar Jn,Tarapur,L175-02,167.66,2026-09-15 04:58:00,2026-09-15 06:39:00,MEDIUM,PROVISIONAL
T000795,58385,Passenger,C123,Satpurapalli,Charankot Cantt,L123-05,42.98,2026-09-10 09:55:00,2026-09-10 10:20:00,HIGH,FORECAST
T000796,14164,Express,C009,Konkanganj,Konkankheda,L009-02,62.41,2026-10-01 17:50:00,2026-10-01 18:23:00,CRITICAL,SCHEDULED
T000797,57140,Passenger,C155,Omkarhalli,Sabarkheda Road,L155-04,15.66,2026-09-09 17:50:00,2026-09-09 17:56:00,HIGH,SCHEDULED
T000798,58012,Passenger,C037,Gangaganj Road,Bilaskot,L037-02,28.29,2026-09-13 07:37:00,2026-09-13 08:13:00,HIGH,SCHEDULED
T000799,31258,Goods,C199,Tarakheda Jn,Bhimagarh,L199-09,280.1,2026-09-19 17:02:00,2026-09-19 17:57:00,MEDIUM,SCHEDULED
T000800,56928,Passenger,C028,Girnarpalli,Kanhagunj Cantt,L028-11,367.84,2026-10-02 14:18:00,2026-10-02 14:58:00,HIGH,SCHEDULED
T000801,12963,Express,C029,Charankot,Sagarkot,L029-12,167.21,2026-10-14 19:09:00,2026-10-14 19:18:00,CRITICAL,SCHEDULED
T000802,56830,Passenger,C075,Charanpur,Ranahalli Cantt,L075-07,186.41,2026-09-05 16:36:00,2026-09-05 17:12:00,HIGH,SCHEDULED
T000803,58045,Passenger,C150,Udaykot Jn,Sagarpalli,L150-09,136.48,2026-09-28 21:46:00,2026-09-28 22:07:00,HIGH,SCHEDULED
T000804,56221,Passenger,C039,Malwaganj Cantt,Satpuraabad Road,L039-04,71.96,2026-09-24 05:43:00,2026-09-24 06:01:00,HIGH,SCHEDULED
T000805,12614,Express,C163,Dhanuganj Cantt,Veerhalli Jn,L163-01,8.76,2026-10-09 15:55:00,2026-10-09 16:03:00,CRITICAL,SCHEDULED
T000806,57744,Passenger,C069,Dhanupalli Cantt,Girnarkheda Road,L069-12,378.6,2026-09-02 17:48:00,2026-09-02 18:18:00,HIGH,SCHEDULED
T000807,31704,Goods,C164,Girnarhalli Road,Dhanugunj Cantt,L164-08,276.89,2026-09-21 18:28:00,2026-09-21 19:34:00,MEDIUM,SCHEDULED
T000808,31768,Goods,C009,Konkanganj,Konkankheda,L009-01,14.97,2026-10-07 01:56:00,2026-10-07 03:08:00,MEDIUM,SCHEDULED
T000809,56855,Passenger,C071,Jaisalhalli Cantt,Veergarh Road,L071-01,16.35,2026-09-19 07:27:00,2026-09-19 08:01:00,HIGH,SCHEDULED
T000810,56578,Passenger,C195,Bharatgunj,Taraganj Road,L195-01,21.94,2026-10-15 09:00:00,2026-10-15 09:32:00,CRITICAL,SCHEDULED
T000811,31862,Goods,C051,Veerhalli,Shantipalli Cantt,L051-02,54.33,2026-09-14 13:48:00,2026-09-14 14:28:00,MEDIUM,SCHEDULED
T000812,56020,Passenger,C140,Sundarkot Jn,Haldikheda,L140-03,28.69,2026-10-15 10:22:00,2026-10-15 10:28:00,HIGH,SCHEDULED
T000813,30953,Goods,C039,Malwaganj Cantt,Satpuraabad Road,L039-11,191.22,2026-09-08 01:13:00,2026-09-08 01:45:00,MEDIUM,SCHEDULED
T000814,57771,Passenger,C195,Bharatgunj,Taraganj Road,L195-06,98.59,2026-09-06 12:13:00,2026-09-06 12:47:00,HIGH,SCHEDULED
T000815,32711,Goods,C131,Ashokkot,Narmadagarh Cantt,L131-01,20.98,2026-09-25 16:23:00,2026-09-25 17:20:00,MEDIUM,FORECAST
T000816,58195,Passenger,C187,Ashokhalli Jn,Sabarhalli,L187-06,35.66,2026-10-13 05:18:00,2026-10-13 05:24:00,HIGH,SCHEDULED
T000817,57488,Passenger,C153,Veerkot Jn,Veerkheda Road,L153-10,101.52,2026-09-12 22:07:00,2026-09-12 22:18:00,HIGH,CANCELLED
T000818,13632,Express,C018,Haldiganj,Nilgirigunj Road,L018-07,174.74,2026-10-08 14:53:00,2026-10-08 15:07:00,MEDIUM,SCHEDULED
T000819,56563,Passenger,C039,Malwaganj Cantt,Satpuraabad Road,L039-06,108.06,2026-09-25 18:19:00,2026-09-25 18:38:00,HIGH,SCHEDULED
T000820,58715,Passenger,C051,Veerhalli,Shantipalli Cantt,L051-07,162.18,2026-10-09 12:00:00,2026-10-09 12:31:00,HIGH,SCHEDULED
T000821,12525,Express,C026,Sabarabad Cantt,Chitrakot,L026-01,4.01,2026-10-14 07:11:00,2026-10-14 07:17:00,CRITICAL,FORECAST
T000822,30032,Goods,C155,Omkarhalli,Sabarkheda Road,L155-11,70.62,2026-10-06 23:27:00,2026-10-06 23:41:00,MEDIUM,FORECAST
T000823,58054,Passenger,C155,Omkarhalli,Sabarkheda Road,L155-11,70.62,2026-10-02 17:01:00,2026-10-02 17:09:00,HIGH,SCHEDULED
T000824,58088,Passenger,C050,Taragunj,Haldipur Road,L050-07,54.04,2026-09-26 21:49:00,2026-09-26 22:00:00,HIGH,FORECAST
T000825,57826,Passenger,C009,Konkanganj,Konkankheda,L009-01,14.97,2026-09-03 12:30:00,2026-09-03 13:08:00,HIGH,FORECAST
T000826,32049,Goods,C195,Bharatgunj,Taraganj Road,L195-03,41.77,2026-09-05 10:39:00,2026-09-05 11:12:00,MEDIUM,CANCELLED
T000827,13598,Express,C195,Bharatgunj,Taraganj Road,L195-01,21.94,2026-09-23 12:17:00,2026-09-23 12:38:00,CRITICAL,SCHEDULED
T000828,30931,Goods,C059,Yamunanagar Jn,Haldikheda,L059-03,215.56,2026-09-03 02:44:00,2026-09-03 04:01:00,MEDIUM,SCHEDULED
T000829,14223,Express,C009,Konkanganj,Konkankheda,L009-04,201.98,2026-09-13 03:39:00,2026-09-13 03:58:00,CRITICAL,PROVISIONAL
T000830,31808,Goods,C018,Haldiganj,Nilgirigunj Road,L018-07,174.74,2026-09-29 22:06:00,2026-09-29 22:56:00,MEDIUM,PROVISIONAL
T000831,58593,Passenger,C164,Girnarhalli Road,Dhanugunj Cantt,L164-03,127.28,2026-10-02 10:47:00,2026-10-02 11:42:00,HIGH,CANCELLED
T000832,71348,Other,C155,Omkarhalli,Sabarkheda Road,L155-07,29.35,2026-09-04 19:10:00,2026-09-04 19:16:00,MEDIUM,SCHEDULED
T000833,72789,Other,C150,Udaykot Jn,Sagarpalli,L150-06,61.26,2026-09-19 17:08:00,2026-09-19 17:30:00,LOW,SCHEDULED
T000834,72726,Other,C071,Jaisalhalli Cantt,Veergarh Road,L071-03,41.93,2026-09-07 06:56:00,2026-09-07 07:48:00,LOW,SCHEDULED
T000835,58883,Passenger,C059,Yamunanagar Jn,Haldikheda,L059-10,380.23,2026-09-06 07:57:00,2026-09-06 08:35:00,HIGH,FORECAST
T000836,57765,Passenger,C140,Sundarkot Jn,Haldikheda,L140-03,28.69,2026-09-23 18:00:00,2026-09-23 18:06:00,HIGH,PROVISIONAL
T000837,56432,Passenger,C069,Dhanupalli Cantt,Girnarkheda Road,L069-11,333.57,2026-09-14 17:43:00,2026-09-14 18:21:00,HIGH,SCHEDULED
T000838,72668,Other,C150,Udaykot Jn,Sagarpalli,L150-10,152.42,2026-10-13 13:25:00,2026-10-13 13:43:00,LOW,SCHEDULED
T000839,58054,Passenger,C140,Sundarkot Jn,Haldikheda,L140-04,29.07,2026-09-23 13:11:00,2026-09-23 13:17:00,HIGH,SCHEDULED
T000840,31255,Goods,C018,Haldiganj,Nilgirigunj Road,L018-06,153.82,2026-09-18 01:37:00,2026-09-18 02:22:00,MEDIUM,SCHEDULED
T000841,56183,Passenger,C006,Yamunapalli Road,Pushkarkheda Cantt,L006-01,18.93,2026-10-15 17:23:00,2026-10-15 18:26:00,HIGH,SCHEDULED
T000842,71119,Other,C123,Satpurapalli,Charankot Cantt,L123-02,16.66,2026-10-03 09:20:00,2026-10-03 09:51:00,LOW,SCHEDULED
T000843,31233,Goods,C164,Girnarhalli Road,Dhanugunj Cantt,L164-03,127.28,2026-09-14 23:47:00,2026-09-15 00:51:00,MEDIUM,SCHEDULED
T000844,58898,Passenger,C129,Sagargunj Jn,Meeragunj Road,L129-03,24.57,2026-09-29 16:47:00,2026-09-29 17:05:00,HIGH,CANCELLED
T000845,56525,Passenger,C140,Sundarkot Jn,Haldikheda,L140-04,29.07,2026-09-24 10:24:00,2026-09-24 10:30:00,HIGH,FORECAST
T000846,12007,Express,C069,Dhanupalli Cantt,Girnarkheda Road,L069-11,333.57,2026-10-09 16:39:00,2026-10-09 17:06:00,CRITICAL,CANCELLED
T000847,56269,Passenger,C036,Ashokgunj Jn,Kanhaganj,L036-02,12.31,2026-09-07 21:40:00,2026-09-07 21:59:00,HIGH,SCHEDULED
T000848,72032,Other,C098,Bilaskheda,Pushkarganj,L098-07,15.99,2026-09-02 13:46:00,2026-09-02 13:52:00,HIGH,FORECAST
T000849,57794,Passenger,C123,Satpurapalli,Charankot Cantt,L123-06,44.14,2026-09-21 21:28:00,2026-09-21 21:53:00,HIGH,SCHEDULED
T000850,58159,Passenger,C176,Vindhyakot Jn,Ranaganj Cantt,L176-14,244.66,2026-10-13 18:25:00,2026-10-13 18:42:00,HIGH,FORECAST
T000851,57873,Passenger,C123,Satpurapalli,Charankot Cantt,L123-07,94.28,2026-09-29 18:54:00,2026-09-29 19:22:00,HIGH,SCHEDULED
T000852,58156,Passenger,C150,Udaykot Jn,Sagarpalli,L150-11,162.07,2026-10-01 13:33:00,2026-10-01 13:51:00,HIGH,SCHEDULED
T000853,70861,Other,C070,Palaninagar,Pushkargunj,L070-03,8.72,2026-09-28 07:02:00,2026-09-28 07:08:00,LOW,PROVISIONAL
T000854,57269,Passenger,C074,Chandrapalli Cantt,Nilgirikheda,L074-09,105.44,2026-09-02 18:30:00,2026-09-02 18:43:00,HIGH,SCHEDULED
T000855,30331,Goods,C016,Sabarhalli Road,Ambagunj Road,L016-02,8.94,2026-09-14 22:06:00,2026-09-14 22:41:00,MEDIUM,SCHEDULED
T000856,57732,Passenger,C093,Pushkarhalli,Rohtakkot,L093-03,207.27,2026-09-24 16:33:00,2026-09-24 17:48:00,HIGH,SCHEDULED
T000857,71982,Other,C199,Tarakheda Jn,Bhimagarh,L199-11,303.6,2026-09-18 15:04:00,2026-09-18 15:44:00,LOW,SCHEDULED
T000858,58700,Passenger,C018,Haldiganj,Nilgirigunj Road,L018-09,213.99,2026-10-01 11:18:00,2026-10-01 11:38:00,HIGH,CANCELLED
T000859,30582,Goods,C123,Satpurapalli,Charankot Cantt,L123-06,44.14,2026-09-14 21:50:00,2026-09-14 22:32:00,MEDIUM,CANCELLED
T000860,14118,Express,C074,Chandrapalli Cantt,Nilgirikheda,L074-04,14.02,2026-10-04 14:08:00,2026-10-04 14:18:00,CRITICAL,SCHEDULED
T000861,58300,Passenger,C150,Udaykot Jn,Sagarpalli,L150-03,22.68,2026-09-09 14:27:00,2026-09-09 14:38:00,HIGH,FORECAST
T000862,14763,Express,C164,Girnarhalli Road,Dhanugunj Cantt,L164-04,137.62,2026-09-20 19:10:00,2026-09-20 19:41:00,CRITICAL,SCHEDULED
T000863,70594,Other,C050,Taragunj,Haldipur Road,L050-10,121.98,2026-09-11 21:41:00,2026-09-11 21:59:00,LOW,FORECAST
T000864,32630,Goods,C044,Devgarhkot Jn,Dhanugunj,L044-01,26.68,2026-09-15 14:18:00,2026-09-15 14:43:00,MEDIUM,FORECAST
T000865,71793,Other,C048,Yamunakheda,Meerahalli Cantt,L048-03,53.19,2026-09-16 23:13:00,2026-09-16 23:45:00,LOW,SCHEDULED
T000866,56851,Passenger,C075,Charanpur,Ranahalli Cantt,L075-11,268.44,2026-09-23 17:24:00,2026-09-23 18:02:00,HIGH,SCHEDULED
T000867,70014,Other,C175,Devgarhnagar Jn,Tarapur,L175-02,167.66,2026-09-12 19:29:00,2026-09-12 21:14:00,HIGH,SCHEDULED
T000868,13501,Express,C009,Konkanganj,Konkankheda,L009-02,62.41,2026-10-15 19:03:00,2026-10-15 19:35:00,CRITICAL,SCHEDULED
T000869,58650,Passenger,C097,Jaisalnagar,Satpuragarh Cantt,L097-05,295.19,2026-09-04 09:39:00,2026-09-04 11:26:00,HIGH,SCHEDULED
T000870,13362,Express,C069,Dhanupalli Cantt,Girnarkheda Road,L069-05,175.88,2026-09-02 07:31:00,2026-09-02 07:57:00,CRITICAL,SCHEDULED
T000871,12886,Express,C059,Yamunanagar Jn,Haldikheda,L059-04,298.87,2026-10-12 17:49:00,2026-10-12 18:16:00,MEDIUM,FORECAST
T000872,31078,Goods,C059,Yamunanagar Jn,Haldikheda,L059-08,372.87,2026-09-27 20:53:00,2026-09-27 21:38:00,MEDIUM,SCHEDULED
T000873,14615,Express,C150,Udaykot Jn,Sagarpalli,L150-12,167.61,2026-09-07 19:09:00,2026-09-07 19:25:00,LOW,SCHEDULED
T000874,56303,Passenger,C075,Charanpur,Ranahalli Cantt,L075-11,268.44,2026-10-04 14:09:00,2026-10-04 14:35:00,HIGH,FORECAST
T000875,57314,Passenger,C018,Haldiganj,Nilgirigunj Road,L018-05,139.06,2026-09-02 19:39:00,2026-09-02 20:12:00,HIGH,FORECAST
T000876,57288,Passenger,C098,Bilaskheda,Pushkarganj,L098-02,3.88,2026-09-14 10:09:00,2026-09-14 10:15:00,HIGH,SCHEDULED
T000877,56759,Passenger,C015,Sundarhalli Road,Sabarpalli,L015-08,194.59,2026-10-14 22:00:00,2026-10-14 22:20:00,HIGH,SCHEDULED
T000878,57566,Passenger,C037,Gangaganj Road,Bilaskot,L037-03,30.38,2026-10-01 09:08:00,2026-10-01 09:41:00,HIGH,PROVISIONAL
T000879,12384,Express,C051,Veerhalli,Shantipalli Cantt,L051-03,87.0,2026-10-06 05:34:00,2026-10-06 05:48:00,CRITICAL,SCHEDULED
T000880,57746,Passenger,C050,Taragunj,Haldipur Road,L050-06,53.65,2026-09-02 11:30:00,2026-09-02 11:43:00,HIGH,SCHEDULED
T000881,14255,Express,C069,Dhanupalli Cantt,Girnarkheda Road,L069-03,48.56,2026-09-03 15:09:00,2026-09-03 15:28:00,CRITICAL,SCHEDULED
T000882,72313,Other,C059,Yamunanagar Jn,Haldikheda,L059-01,4.72,2026-09-28 15:58:00,2026-09-28 16:54:00,LOW,SCHEDULED
T000883,13592,Express,C136,Lalitpalli,Sabarabad Road,L136-14,178.79,2026-09-10 07:01:00,2026-09-10 07:10:00,CRITICAL,SCHEDULED
T000884,57035,Passenger,C123,Satpurapalli,Charankot Cantt,L123-05,42.98,2026-10-06 22:37:00,2026-10-06 23:08:00,HIGH,SCHEDULED
T000885,31751,Goods,C155,Omkarhalli,Sabarkheda Road,L155-10,58.13,2026-09-01 23:14:00,2026-09-01 23:23:00,CRITICAL,SCHEDULED
T000886,57167,Passenger,C163,Dhanuganj Cantt,Veerhalli Jn,L163-08,92.08,2026-09-24 16:50:00,2026-09-24 17:03:00,HIGH,FORECAST
T000887,70049,Other,C150,Udaykot Jn,Sagarpalli,L150-07,109.46,2026-09-08 01:02:00,2026-09-08 01:29:00,LOW,FORECAST
T000888,14420,Express,C028,Girnarpalli,Kanhagunj Cantt,L028-05,129.0,2026-10-07 19:18:00,2026-10-07 19:32:00,CRITICAL,FORECAST
T000889,57788,Passenger,C050,Taragunj,Haldipur Road,L050-11,126.85,2026-09-08 04:12:00,2026-09-08 04:20:00,HIGH,SCHEDULED
T000890,56595,Passenger,C069,Dhanupalli Cantt,Girnarkheda Road,L069-08,267.94,2026-10-03 23:56:00,2026-10-04 00:19:00,HIGH,SCHEDULED
T000891,57803,Passenger,C129,Sagargunj Jn,Meeragunj Road,L129-01,0.75,2026-09-28 12:50:00,2026-09-28 13:05:00,HIGH,SCHEDULED
T000892,57190,Passenger,C009,Konkanganj,Konkankheda,L009-05,209.53,2026-10-05 10:46:00,2026-10-05 11:31:00,LOW,SCHEDULED
T000893,56602,Passenger,C082,Kaverikheda,Indranagar Jn,L082-04,145.82,2026-10-06 07:59:00,2026-10-06 08:48:00,HIGH,SCHEDULED
T000894,32682,Goods,C150,Udaykot Jn,Sagarpalli,L150-08,125.81,2026-10-11 06:58:00,2026-10-11 07:19:00,MEDIUM,SCHEDULED
T000895,13153,Express,C099,Malwagunj,Gangaganj,L099-01,6.31,2026-10-06 18:48:00,2026-10-06 18:54:00,CRITICAL,SCHEDULED
T000896,58548,Passenger,C009,Konkanganj,Konkankheda,L009-06,222.21,2026-09-22 07:01:00,2026-09-22 07:46:00,HIGH,SCHEDULED
T000897,12095,Express,C195,Bharatgunj,Taraganj Road,L195-06,98.59,2026-10-03 20:55:00,2026-10-03 21:16:00,CRITICAL,SCHEDULED
T000898,12515,Express,C150,Udaykot Jn,Sagarpalli,L150-08,125.81,2026-09-29 04:04:00,2026-09-29 04:11:00,CRITICAL,FORECAST
T000899,57133,Passenger,C163,Dhanuganj Cantt,Veerhalli Jn,L163-08,92.08,2026-10-13 07:40:00,2026-10-13 07:51:00,HIGH,SCHEDULED
T000900,72791,Other,C140,Sundarkot Jn,Haldikheda,L140-03,28.69,2026-10-03 01:31:00,2026-10-03 01:38:00,LOW,SCHEDULED
T000901,57117,Passenger,C131,Ashokkot,Narmadagarh Cantt,L131-09,244.61,2026-09-30 16:43:00,2026-09-30 17:15:00,HIGH,SCHEDULED
T000902,31046,Goods,C009,Konkanganj,Konkankheda,L009-02,62.41,2026-10-09 21:22:00,2026-10-09 22:27:00,MEDIUM,SCHEDULED
T000903,56099,Passenger,C037,Gangaganj Road,Bilaskot,L037-03,30.38,2026-10-03 11:19:00,2026-10-03 11:49:00,HIGH,SCHEDULED
T000904,56446,Passenger,C150,Udaykot Jn,Sagarpalli,L150-12,167.61,2026-09-01 06:58:00,2026-09-01 07:16:00,HIGH,SCHEDULED
T000905,32346,Goods,C195,Bharatgunj,Taraganj Road,L195-04,60.26,2026-09-21 20:49:00,2026-09-21 21:33:00,MEDIUM,SCHEDULED
T000906,30224,Goods,C153,Veerkot Jn,Veerkheda Road,L153-03,36.95,2026-09-07 22:21:00,2026-09-07 22:45:00,MEDIUM,SCHEDULED
T000907,56468,Passenger,C098,Bilaskheda,Pushkarganj,L098-10,26.69,2026-09-19 04:48:00,2026-09-19 04:54:00,HIGH,SCHEDULED
T000908,32457,Goods,C018,Haldiganj,Nilgirigunj Road,L018-06,153.82,2026-10-05 03:50:00,2026-10-05 04:47:00,MEDIUM,SCHEDULED
T000909,32034,Goods,C069,Dhanupalli Cantt,Girnarkheda Road,L069-09,277.58,2026-10-04 05:49:00,2026-10-04 06:51:00,MEDIUM,CANCELLED
T000910,58784,Passenger,C050,Taragunj,Haldipur Road,L050-05,36.84,2026-09-30 13:21:00,2026-09-30 13:31:00,HIGH,FORECAST
T000911,14144,Express,C050,Taragunj,Haldipur Road,L050-06,53.65,2026-09-25 07:13:00,2026-09-25 07:23:00,CRITICAL,SCHEDULED
T000912,13122,Express,C076,Jaisalnagar Jn,Veerpalli,L076-04,210.74,2026-10-04 05:22:00,2026-10-04 05:48:00,CRITICAL,PROVISIONAL
T000913,14752,Express,C150,Udaykot Jn,Sagarpalli,L150-04,28.77,2026-09-06 21:35:00,2026-09-06 21:47:00,CRITICAL,SCHEDULED
T000914,56441,Passenger,C112,Narmadagunj,Yamunaganj,L112-09,195.55,2026-10-01 09:42:00,2026-10-01 10:03:00,HIGH,SCHEDULED
T000915,12490,Express,C039,Malwaganj Cantt,Satpuraabad Road,L039-02,34.94,2026-09-15 13:59:00,2026-09-15 14:07:00,CRITICAL,SCHEDULED
T000916,31055,Goods,C164,Girnarhalli Road,Dhanugunj Cantt,L164-09,325.29,2026-09-04 06:23:00,2026-09-04 07:49:00,MEDIUM,PROVISIONAL
T000917,13585,Express,C163,Dhanuganj Cantt,Veerhalli Jn,L163-02,14.51,2026-09-18 09:59:00,2026-09-18 10:08:00,CRITICAL,SCHEDULED
T000918,13651,Express,C199,Tarakheda Jn,Bhimagarh,L199-11,303.6,2026-09-25 05:34:00,2026-09-25 05:56:00,HIGH,PROVISIONAL
T000919,12960,Express,C123,Satpurapalli,Charankot Cantt,L123-08,113.88,2026-09-17 14:12:00,2026-09-17 14:29:00,CRITICAL,SCHEDULED
T000920,58897,Passenger,C123,Satpurapalli,Charankot Cantt,L123-02,16.66,2026-10-15 07:26:00,2026-10-15 07:58:00,HIGH,SCHEDULED
T000921,32807,Goods,C131,Ashokkot,Narmadagarh Cantt,L131-10,258.71,2026-09-02 19:44:00,2026-09-02 20:42:00,MEDIUM,SCHEDULED
T000922,14966,Express,C107,Malwagunj Jn,Sundargarh Jn,L107-04,266.15,2026-09-24 14:05:00,2026-09-24 15:00:00,CRITICAL,SCHEDULED
T000923,57761,Passenger,C059,Yamunanagar Jn,Haldikheda,L059-03,215.56,2026-10-03 02:19:00,2026-10-03 03:07:00,HIGH,FORECAST
T000924,56913,Passenger,C018,Haldiganj,Nilgirigunj Road,L018-05,139.06,2026-10-01 14:16:00,2026-10-01 14:37:00,HIGH,SCHEDULED
T000925,70705,Other,C199,Tarakheda Jn,Bhimagarh,L199-11,303.6,2026-10-04 07:11:00,2026-10-04 07:50:00,LOW,SCHEDULED
T000926,56003,Passenger,C051,Veerhalli,Shantipalli Cantt,L051-03,87.0,2026-09-03 12:15:00,2026-09-03 12:37:00,HIGH,PROVISIONAL
T000927,58714,Passenger,C098,Bilaskheda,Pushkarganj,L098-04,6.36,2026-10-05 10:01:00,2026-10-05 10:07:00,HIGH,SCHEDULED
T000928,12426,Express,C026,Sabarabad Cantt,Chitrakot,L026-03,10.67,2026-09-18 06:40:00,2026-09-18 06:46:00,CRITICAL,FORECAST
T000929,12625,Express,C164,Girnarhalli Road,Dhanugunj Cantt,L164-06,229.92,2026-10-08 09:50:00,2026-10-08 10:21:00,CRITICAL,SCHEDULED
T000930,32142,Goods,C017,Sagargunj Road,Kanhakot,L017-01,15.06,2026-09-28 01:08:00,2026-09-28 02:00:00,MEDIUM,FORECAST
T000931,14116,Express,C026,Sabarabad Cantt,Chitrakot,L026-06,27.69,2026-09-20 19:03:00,2026-09-20 19:09:00,CRITICAL,FORECAST
T000932,56707,Passenger,C153,Veerkot Jn,Veerkheda Road,L153-09,97.67,2026-10-15 09:48:00,2026-10-15 10:04:00,HIGH,CANCELLED
T000933,12813,Express,C195,Bharatgunj,Taraganj Road,L195-05,93.9,2026-09-07 07:33:00,2026-09-07 07:48:00,CRITICAL,SCHEDULED
T000934,31041,Goods,C039,Malwaganj Cantt,Satpuraabad Road,L039-05,81.18,2026-10-06 22:35:00,2026-10-06 23:04:00,HIGH,PROVISIONAL
T000935,57952,Passenger,C047,Vindhyapalli Jn,Dhanukot,L047-03,43.69,2026-09-07 21:26:00,2026-09-07 21:44:00,HIGH,FORECAST
T000936,32182,Goods,C200,Haldipur Cantt,Haldiabad Jn,L200-03,63.41,2026-09-06 02:12:00,2026-09-06 02:39:00,HIGH,SCHEDULED
T000937,57272,Passenger,C164,Girnarhalli Road,Dhanugunj Cantt,L164-05,185.8,2026-10-12 14:48:00,2026-10-12 15:29:00,HIGH,SCHEDULED
T000938,13370,Express,C009,Konkanganj,Konkankheda,L009-02,62.41,2026-10-11 16:21:00,2026-10-11 16:47:00,CRITICAL,PROVISIONAL
T000939,57322,Passenger,C009,Konkanganj,Konkankheda,L009-05,209.53,2026-10-12 14:02:00,2026-10-12 14:37:00,HIGH,FORECAST
T000940,32787,Goods,C059,Yamunanagar Jn,Haldikheda,L059-10,380.23,2026-10-06 03:00:00,2026-10-06 04:37:00,MEDIUM,SCHEDULED
T000941,58212,Passenger,C037,Gangaganj Road,Bilaskot,L037-08,234.0,2026-10-02 06:24:00,2026-10-02 06:49:00,HIGH,SCHEDULED
T000942,56536,Passenger,C140,Sundarkot Jn,Haldikheda,L140-10,40.29,2026-10-15 19:36:00,2026-10-15 19:42:00,HIGH,SCHEDULED
T000943,56085,Passenger,C195,Bharatgunj,Taraganj Road,L195-04,60.26,2026-10-07 16:18:00,2026-10-07 16:49:00,HIGH,PROVISIONAL
T000944,32161,Goods,C009,Konkanganj,Konkankheda,L009-04,201.98,2026-09-18 16:52:00,2026-09-18 18:03:00,MEDIUM,SCHEDULED
T000945,32428,Goods,C069,Dhanupalli Cantt,Girnarkheda Road,L069-08,267.94,2026-09-14 21:55:00,2026-09-14 22:58:00,MEDIUM,PROVISIONAL
T000946,71509,Other,C018,Haldiganj,Nilgirigunj Road,L018-05,139.06,2026-09-15 19:23:00,2026-09-15 19:59:00,MEDIUM,SCHEDULED
T000947,58730,Passenger,C052,Tarakheda Road,Bhimapalli Cantt,L052-09,182.41,2026-10-02 19:48:00,2026-10-02 20:08:00,HIGH,SCHEDULED
T000948,72857,Other,C153,Veerkot Jn,Veerkheda Road,L153-09,97.67,2026-09-25 21:21:00,2026-09-25 21:41:00,LOW,SCHEDULED
T000949,12384,Express,C059,Yamunanagar Jn,Haldikheda,L059-08,372.87,2026-09-05 03:58:00,2026-09-05 04:21:00,CRITICAL,FORECAST
T000950,58227,Passenger,C199,Tarakheda Jn,Bhimagarh,L199-11,303.6,2026-09-17 19:37:00,2026-09-17 20:10:00,HIGH,SCHEDULED
T000951,70511,Other,C140,Sundarkot Jn,Haldikheda,L140-03,28.69,2026-09-22 19:01:00,2026-09-22 19:07:00,LOW,SCHEDULED
T000952,14541,Express,C060,Ranaabad,Udayganj Cantt,L060-02,40.16,2026-09-09 12:36:00,2026-09-09 12:57:00,CRITICAL,SCHEDULED
T000953,56727,Passenger,C063,Ambanagar Jn,Indrakheda,L063-07,118.43,2026-09-02 00:56:00,2026-09-02 01:14:00,HIGH,SCHEDULED
T000954,30584,Goods,C140,Sundarkot Jn,Haldikheda,L140-01,12.21,2026-09-07 02:34:00,2026-09-07 02:42:00,MEDIUM,CANCELLED
T000955,32564,Goods,C054,Chandrakot,Satpurahalli Cantt,L054-05,83.64,2026-09-26 14:01:00,2026-09-26 14:28:00,MEDIUM,SCHEDULED
T000956,31450,Goods,C153,Veerkot Jn,Veerkheda Road,L153-03,36.95,2026-10-13 02:22:00,2026-10-13 02:45:00,MEDIUM,FORECAST
T000957,12816,Express,C039,Malwaganj Cantt,Satpuraabad Road,L039-01,1.19,2026-10-01 06:15:00,2026-10-01 06:27:00,LOW,PROVISIONAL
T000958,72315,Other,C039,Malwaganj Cantt,Satpuraabad Road,L039-05,81.18,2026-09-07 14:22:00,2026-09-07 14:40:00,LOW,SCHEDULED
T000959,56685,Passenger,C175,Devgarhnagar Jn,Tarapur,L175-04,212.09,2026-10-05 23:24:00,2026-10-06 00:51:00,HIGH,SCHEDULED
T000960,14678,Express,C155,Omkarhalli,Sabarkheda Road,L155-01,0.57,2026-09-15 20:40:00,2026-09-15 20:46:00,CRITICAL,SCHEDULED
T000961,32663,Goods,C199,Tarakheda Jn,Bhimagarh,L199-05,143.67,2026-09-14 22:53:00,2026-09-14 23:48:00,MEDIUM,FORECAST
T000962,30485,Goods,C175,Devgarhnagar Jn,Tarapur,L175-03,202.75,2026-09-11 20:11:00,2026-09-11 21:43:00,LOW,SCHEDULED
T000963,57562,Passenger,C075,Charanpur,Ranahalli Cantt,L075-07,186.41,2026-10-12 11:59:00,2026-10-12 12:27:00,HIGH,SCHEDULED
T000964,14450,Express,C129,Sagargunj Jn,Meeragunj Road,L129-02,8.42,2026-10-06 00:56:00,2026-10-06 01:08:00,CRITICAL,PROVISIONAL
T000965,12274,Express,C075,Charanpur,Ranahalli Cantt,L075-07,186.41,2026-09-07 19:31:00,2026-09-07 19:50:00,LOW,SCHEDULED
T000966,14238,Express,C150,Udaykot Jn,Sagarpalli,L150-01,1.98,2026-10-03 10:49:00,2026-10-03 10:55:00,CRITICAL,SCHEDULED
T000967,13200,Express,C039,Malwaganj Cantt,Satpuraabad Road,L039-11,191.22,2026-10-12 09:50:00,2026-10-12 10:02:00,CRITICAL,SCHEDULED
T000968,72878,Other,C069,Dhanupalli Cantt,Girnarkheda Road,L069-05,175.88,2026-10-13 03:04:00,2026-10-13 03:55:00,LOW,SCHEDULED
T000969,57637,Passenger,C069,Dhanupalli Cantt,Girnarkheda Road,L069-03,48.56,2026-10-07 18:12:00,2026-10-07 18:48:00,HIGH,SCHEDULED
T000970,58012,Passenger,C075,Charanpur,Ranahalli Cantt,L075-05,165.28,2026-09-14 14:30:00,2026-09-14 15:01:00,HIGH,SCHEDULED
T000971,31224,Goods,C150,Udaykot Jn,Sagarpalli,L150-10,152.42,2026-10-11 03:40:00,2026-10-11 03:54:00,MEDIUM,FORECAST
T000972,31392,Goods,C069,Dhanupalli Cantt,Girnarkheda Road,L069-04,164.65,2026-10-06 15:58:00,2026-10-06 16:49:00,MEDIUM,PROVISIONAL
T000973,12429,Express,C075,Charanpur,Ranahalli Cantt,L075-02,31.12,2026-09-27 08:51:00,2026-09-27 09:12:00,CRITICAL,SCHEDULED
T000974,57641,Passenger,C164,Girnarhalli Road,Dhanugunj Cantt,L164-07,252.14,2026-09-13 13:14:00,2026-09-13 13:56:00,HIGH,SCHEDULED
T000975,58613,Passenger,C183,Sabargunj,Ambakot Jn,L183-02,83.4,2026-09-28 17:08:00,2026-09-28 17:39:00,HIGH,PROVISIONAL
T000976,32953,Goods,C051,Veerhalli,Shantipalli Cantt,L051-07,162.18,2026-10-06 17:01:00,2026-10-06 17:44:00,CRITICAL,SCHEDULED
T000977,57269,Passenger,C176,Vindhyakot Jn,Ranaganj Cantt,L176-03,49.03,2026-09-17 16:49:00,2026-09-17 17:12:00,HIGH,SCHEDULED
T000978,13789,Express,C172,Jaisalabad Road,Vindhyanagar,L172-03,288.66,2026-10-05 05:58:00,2026-10-05 07:02:00,LOW,FORECAST
T000979,58405,Passenger,C009,Konkanganj,Konkankheda,L009-05,209.53,2026-09-02 09:39:00,2026-09-02 10:14:00,HIGH,SCHEDULED
T000980,72937,Other,C069,Dhanupalli Cantt,Girnarkheda Road,L069-12,378.6,2026-09-01 03:49:00,2026-09-01 04:31:00,LOW,SCHEDULED
T000981,30366,Goods,C050,Taragunj,Haldipur Road,L050-04,35.75,2026-09-03 22:45:00,2026-09-03 23:04:00,LOW,SCHEDULED
T000982,12815,Express,C124,Chandrakot Road,Meerahalli,L124-03,164.69,2026-09-03 05:37:00,2026-09-03 06:32:00,CRITICAL,SCHEDULED
T000983,30669,Goods,C069,Dhanupalli Cantt,Girnarkheda Road,L069-08,267.94,2026-10-01 20:23:00,2026-10-01 21:22:00,LOW,PROVISIONAL
T000984,30860,Goods,C009,Konkanganj,Konkankheda,L009-06,222.21,2026-10-02 22:15:00,2026-10-02 23:24:00,MEDIUM,SCHEDULED
T000985,12211,Express,C059,Yamunanagar Jn,Haldikheda,L059-09,380.03,2026-10-08 18:24:00,2026-10-08 18:52:00,CRITICAL,FORECAST
T000986,12697,Express,C050,Taragunj,Haldipur Road,L050-01,18.15,2026-10-04 08:04:00,2026-10-04 08:16:00,CRITICAL,SCHEDULED
T000987,72369,Other,C059,Yamunanagar Jn,Haldikheda,L059-06,354.84,2026-09-05 19:59:00,2026-09-05 20:48:00,HIGH,FORECAST
T000988,57282,Passenger,C018,Haldiganj,Nilgirigunj Road,L018-09,213.99,2026-09-09 09:17:00,2026-09-09 09:46:00,HIGH,FORECAST
T000989,31477,Goods,C009,Konkanganj,Konkankheda,L009-06,222.21,2026-09-27 16:07:00,2026-09-27 17:06:00,MEDIUM,SCHEDULED
T000990,14138,Express,C140,Sundarkot Jn,Haldikheda,L140-07,37.73,2026-09-28 09:54:00,2026-09-28 10:00:00,CRITICAL,SCHEDULED
T000991,14465,Express,C059,Yamunanagar Jn,Haldikheda,L059-06,354.84,2026-09-21 06:08:00,2026-09-21 06:35:00,LOW,SCHEDULED
T000992,13497,Express,C153,Veerkot Jn,Veerkheda Road,L153-06,62.51,2026-10-09 13:55:00,2026-10-09 14:06:00,CRITICAL,SCHEDULED
T000993,12986,Express,C163,Dhanuganj Cantt,Veerhalli Jn,L163-08,92.08,2026-09-14 08:07:00,2026-09-14 08:16:00,CRITICAL,SCHEDULED
T000994,58221,Passenger,C164,Girnarhalli Road,Dhanugunj Cantt,L164-01,46.53,2026-09-23 19:33:00,2026-09-23 20:16:00,HIGH,SCHEDULED
T000995,30493,Goods,C164,Girnarhalli Road,Dhanugunj Cantt,L164-01,46.53,2026-09-21 23:58:00,2026-09-22 01:21:00,MEDIUM,SCHEDULED
T000996,30874,Goods,C069,Dhanupalli Cantt,Girnarkheda Road,L069-05,175.88,2026-09-24 02:34:00,2026-09-24 03:21:00,MEDIUM,SCHEDULED
T000997,57577,Passenger,C130,Malwanagar Road,Veerpur,L130-05,45.84,2026-10-08 20:54:00,2026-10-08 21:10:00,HIGH,SCHEDULED
T000998,13381,Express,C176,Vindhyakot Jn,Ranaganj Cantt,L176-09,155.72,2026-10-10 10:44:00,2026-10-10 10:57:00,CRITICAL,SCHEDULED
T000999,12114,Express,C070,Palaninagar,Pushkargunj,L070-11,19.9,2026-09-11 17:58:00,2026-09-11 18:04:00,CRITICAL,PROVISIONAL
T001000,57080,Passenger,C188,Charanpur,Gangagunj,L188-12,172.39,2026-09-07 15:11:00,2026-09-07 15:31:00,HIGH,SCHEDULED
T001001,32101,Goods,C069,Dhanupalli Cantt,Girnarkheda Road,L069-03,48.56,2026-09-08 03:14:00,2026-09-08 04:00:00,MEDIUM,SCHEDULED
T001002,57917,Passenger,C131,Ashokkot,Narmadagarh Cantt,L131-07,204.72,2026-10-14 07:36:00,2026-10-14 08:09:00,HIGH,SCHEDULED
T001003,12839,Express,C098,Bilaskheda,Pushkarganj,L098-04,6.36,2026-09-12 05:02:00,2026-09-12 05:08:00,HIGH,SCHEDULED
T001004,31384,Goods,C051,Veerhalli,Shantipalli Cantt,L051-07,162.18,2026-10-09 23:06:00,2026-10-09 23:42:00,MEDIUM,SCHEDULED
T001005,14168,Express,C150,Udaykot Jn,Sagarpalli,L150-08,125.81,2026-09-04 09:45:00,2026-09-04 09:54:00,HIGH,FORECAST
T001006,57502,Passenger,C163,Dhanuganj Cantt,Veerhalli Jn,L163-02,14.51,2026-09-05 06:42:00,2026-09-05 06:51:00,HIGH,SCHEDULED
T001007,72273,Other,C009,Konkanganj,Konkankheda,L009-07,242.71,2026-10-15 18:04:00,2026-10-15 19:01:00,LOW,SCHEDULED
T001008,31447,Goods,C098,Bilaskheda,Pushkarganj,L098-11,28.84,2026-10-12 01:45:00,2026-10-12 01:51:00,MEDIUM,SCHEDULED
T001009,32724,Goods,C150,Udaykot Jn,Sagarpalli,L150-10,152.42,2026-09-01 03:00:00,2026-09-01 03:24:00,MEDIUM,PROVISIONAL
T001010,56906,Passenger,C039,Malwaganj Cantt,Satpuraabad Road,L039-13,210.07,2026-09-21 20:35:00,2026-09-21 20:56:00,HIGH,FORECAST
T001011,14541,Express,C164,Girnarhalli Road,Dhanugunj Cantt,L164-01,46.53,2026-09-06 21:12:00,2026-09-06 21:46:00,CRITICAL,SCHEDULED
T001012,57640,Passenger,C150,Udaykot Jn,Sagarpalli,L150-03,22.68,2026-09-25 07:21:00,2026-09-25 07:36:00,HIGH,SCHEDULED
T001013,31404,Goods,C150,Udaykot Jn,Sagarpalli,L150-04,28.77,2026-09-11 21:00:00,2026-09-11 21:23:00,MEDIUM,FORECAST
T001014,58571,Passenger,C195,Bharatgunj,Taraganj Road,L195-01,21.94,2026-09-22 07:25:00,2026-09-22 07:50:00,LOW,FORECAST
T001015,12594,Express,C192,Malwanagar,Devgarhgarh,L192-04,25.45,2026-09-24 10:08:00,2026-09-24 10:16:00,CRITICAL,SCHEDULED
T001016,58863,Passenger,C140,Sundarkot Jn,Haldikheda,L140-03,28.69,2026-09-22 10:22:00,2026-09-22 10:28:00,HIGH,FORECAST
T001017,32828,Goods,C051,Veerhalli,Shantipalli Cantt,L051-03,87.0,2026-09-04 19:08:00,2026-09-04 19:46:00,MEDIUM,SCHEDULED
T001018,31401,Goods,C018,Haldiganj,Nilgirigunj Road,L018-05,139.06,2026-09-22 22:24:00,2026-09-22 23:19:00,MEDIUM,SCHEDULED
T001019,57830,Passenger,C199,Tarakheda Jn,Bhimagarh,L199-09,280.1,2026-10-11 18:31:00,2026-10-11 19:00:00,HIGH,SCHEDULED
T001020,56199,Passenger,C153,Veerkot Jn,Veerkheda Road,L153-02,32.34,2026-10-04 20:14:00,2026-10-04 20:25:00,HIGH,SCHEDULED
T001021,14776,Express,C164,Girnarhalli Road,Dhanugunj Cantt,L164-06,229.92,2026-09-28 08:55:00,2026-09-28 09:26:00,CRITICAL,FORECAST
T001022,13136,Express,C086,Vindhyakot,Girnarhalli Cantt,L086-06,178.58,2026-09-08 09:00:00,2026-09-08 09:20:00,CRITICAL,SCHEDULED
T001023,58664,Passenger,C069,Dhanupalli Cantt,Girnarkheda Road,L069-08,267.94,2026-10-06 15:08:00,2026-10-06 15:45:00,HIGH,SCHEDULED
T001024,58282,Passenger,C155,Omkarhalli,Sabarkheda Road,L155-07,29.35,2026-10-08 15:38:00,2026-10-08 15:47:00,HIGH,CANCELLED
T001025,12759,Express,C069,Dhanupalli Cantt,Girnarkheda Road,L069-12,378.6,2026-10-10 09:26:00,2026-10-10 09:49:00,CRITICAL,SCHEDULED
T001026,58082,Passenger,C069,Dhanupalli Cantt,Girnarkheda Road,L069-11,333.57,2026-10-11 03:45:00,2026-10-11 04:11:00,HIGH,SCHEDULED
T001027,57856,Passenger,C059,Yamunanagar Jn,Haldikheda,L059-09,380.03,2026-09-28 16:41:00,2026-09-28 17:36:00,HIGH,FORECAST
T001028,56740,Passenger,C018,Haldiganj,Nilgirigunj Road,L018-08,211.15,2026-09-25 15:31:00,2026-09-25 15:58:00,HIGH,FORECAST
T001029,31493,Goods,C129,Sagargunj Jn,Meeragunj Road,L129-03,24.57,2026-09-03 00:24:00,2026-09-03 00:45:00,MEDIUM,FORECAST
T001030,58277,Passenger,C098,Bilaskheda,Pushkarganj,L098-08,22.8,2026-10-10 14:55:00,2026-10-10 15:01:00,HIGH,CANCELLED
T001031,14468,Express,C150,Udaykot Jn,Sagarpalli,L150-06,61.26,2026-10-04 08:59:00,2026-10-04 09:08:00,CRITICAL,SCHEDULED
T001032,70955,Other,C163,Dhanuganj Cantt,Veerhalli Jn,L163-11,115.88,2026-09-14 06:50:00,2026-09-14 07:09:00,LOW,SCHEDULED
T001033,56219,Passenger,C018,Haldiganj,Nilgirigunj Road,L018-02,70.47,2026-09-15 05:57:00,2026-09-15 06:35:00,HIGH,SCHEDULED
T001034,13699,Express,C026,Sabarabad Cantt,Chitrakot,L026-04,17.94,2026-09-18 10:10:00,2026-09-18 10:16:00,HIGH,SCHEDULED
T001035,30733,Goods,C144,Kanhaganj Cantt,Udayabad Cantt,L144-07,296.44,2026-09-23 15:51:00,2026-09-23 17:12:00,MEDIUM,FORECAST
T001036,13090,Express,C129,Sagargunj Jn,Meeragunj Road,L129-06,56.17,2026-10-15 14:39:00,2026-10-15 14:45:00,CRITICAL,FORECAST
T001037,32763,Goods,C164,Girnarhalli Road,Dhanugunj Cantt,L164-03,127.28,2026-09-07 06:04:00,2026-09-07 06:55:00,MEDIUM,FORECAST
T001038,13273,Express,C192,Malwanagar,Devgarhgarh,L192-09,96.88,2026-10-09 08:01:00,2026-10-09 08:10:00,CRITICAL,SCHEDULED
T001039,12758,Express,C140,Sundarkot Jn,Haldikheda,L140-05,34.07,2026-10-09 17:04:00,2026-10-09 17:10:00,CRITICAL,SCHEDULED
T001040,30512,Goods,C150,Udaykot Jn,Sagarpalli,L150-05,55.2,2026-10-06 22:46:00,2026-10-06 23:12:00,HIGH,SCHEDULED
T001041,57935,Passenger,C069,Dhanupalli Cantt,Girnarkheda Road,L069-08,267.94,2026-09-29 19:58:00,2026-09-29 20:23:00,HIGH,SCHEDULED
T001042,57909,Passenger,C060,Ranaabad,Udayganj Cantt,L060-03,68.78,2026-10-03 18:27:00,2026-10-03 19:11:00,HIGH,SCHEDULED
T001043,57427,Passenger,C051,Veerhalli,Shantipalli Cantt,L051-02,54.33,2026-09-25 12:53:00,2026-09-25 13:17:00,HIGH,SCHEDULED
T001044,56622,Passenger,C019,Meeragarh Road,Shantikheda,L019-02,26.46,2026-10-02 08:15:00,2026-10-02 10:17:00,HIGH,FORECAST
T001045,30072,Goods,C163,Dhanuganj Cantt,Veerhalli Jn,L163-07,71.82,2026-10-11 21:24:00,2026-10-11 21:40:00,MEDIUM,FORECAST
T001046,13920,Express,C059,Yamunanagar Jn,Haldikheda,L059-08,372.87,2026-09-19 15:59:00,2026-09-19 16:35:00,CRITICAL,SCHEDULED
T001047,57353,Passenger,C164,Girnarhalli Road,Dhanugunj Cantt,L164-04,137.62,2026-09-21 04:44:00,2026-09-21 05:37:00,HIGH,SCHEDULED
T001048,13867,Express,C115,Konkanpalli,Indrakheda Jn,L115-03,133.82,2026-09-09 20:32:00,2026-09-09 20:45:00,CRITICAL,SCHEDULED
T001049,56227,Passenger,C176,Vindhyakot Jn,Ranaganj Cantt,L176-06,96.69,2026-09-11 10:41:00,2026-09-11 11:00:00,HIGH,PROVISIONAL
T001050,56731,Passenger,C150,Udaykot Jn,Sagarpalli,L150-12,167.61,2026-09-04 08:15:00,2026-09-04 08:38:00,HIGH,SCHEDULED
T001051,32559,Goods,C039,Malwaganj Cantt,Satpuraabad Road,L039-11,191.22,2026-10-13 16:54:00,2026-10-13 17:28:00,MEDIUM,SCHEDULED
T001052,56544,Passenger,C150,Udaykot Jn,Sagarpalli,L150-08,125.81,2026-10-02 10:48:00,2026-10-02 11:03:00,HIGH,PROVISIONAL
T001053,57743,Passenger,C150,Udaykot Jn,Sagarpalli,L150-05,55.2,2026-09-08 19:03:00,2026-09-08 19:22:00,HIGH,SCHEDULED
T001054,56481,Passenger,C140,Sundarkot Jn,Haldikheda,L140-10,40.29,2026-09-18 13:16:00,2026-09-18 13:22:00,HIGH,PROVISIONAL
T001055,32963,Goods,C069,Dhanupalli Cantt,Girnarkheda Road,L069-09,277.58,2026-10-04 11:25:00,2026-10-04 12:15:00,HIGH,SCHEDULED
T001056,32528,Goods,C155,Omkarhalli,Sabarkheda Road,L155-07,29.35,2026-09-08 21:47:00,2026-09-08 21:58:00,MEDIUM,SCHEDULED
T001057,30891,Goods,C050,Taragunj,Haldipur Road,L050-01,18.15,2026-10-02 13:21:00,2026-10-02 13:37:00,MEDIUM,SCHEDULED
T001058,32891,Goods,C016,Sabarhalli Road,Ambagunj Road,L016-06,101.93,2026-09-29 13:21:00,2026-09-29 13:50:00,MEDIUM,PROVISIONAL
T001059,31349,Goods,C002,Vindhyakot,Sagarkheda Cantt,L002-02,14.11,2026-09-02 14:04:00,2026-09-02 15:00:00,MEDIUM,FORECAST
T001060,12027,Express,C164,Girnarhalli Road,Dhanugunj Cantt,L164-07,252.14,2026-09-01 17:48:00,2026-09-01 18:13:00,CRITICAL,FORECAST
T001061,14281,Express,C018,Haldiganj,Nilgirigunj Road,L018-04,124.65,2026-10-09 20:21:00,2026-10-09 20:41:00,CRITICAL,FORECAST
T001062,31460,Goods,C176,Vindhyakot Jn,Ranaganj Cantt,L176-03,49.03,2026-09-30 20:36:00,2026-09-30 21:14:00,MEDIUM,SCHEDULED
T001063,56702,Passenger,C123,Satpurapalli,Charankot Cantt,L123-05,42.98,2026-09-18 07:20:00,2026-09-18 07:45:00,HIGH,SCHEDULED
T001064,14821,Express,C084,Devgarhgarh Cantt,Chitraganj,L084-04,99.64,2026-10-15 16:09:00,2026-10-15 16:31:00,CRITICAL,SCHEDULED
T001065,12895,Express,C018,Haldiganj,Nilgirigunj Road,L018-03,76.59,2026-09-24 07:56:00,2026-09-24 08:13:00,CRITICAL,SCHEDULED
T001066,32865,Goods,C069,Dhanupalli Cantt,Girnarkheda Road,L069-03,48.56,2026-10-08 13:06:00,2026-10-08 13:46:00,MEDIUM,SCHEDULED
T001067,30397,Goods,C175,Devgarhnagar Jn,Tarapur,L175-04,212.09,2026-09-21 02:03:00,2026-09-21 03:58:00,MEDIUM,SCHEDULED
T001068,14220,Express,C051,Veerhalli,Shantipalli Cantt,L051-06,149.29,2026-09-07 17:51:00,2026-09-07 18:05:00,LOW,SCHEDULED
T001069,13154,Express,C123,Satpurapalli,Charankot Cantt,L123-04,31.64,2026-10-08 08:34:00,2026-10-08 08:47:00,CRITICAL,SCHEDULED
T001070,57938,Passenger,C026,Sabarabad Cantt,Chitrakot,L026-07,34.73,2026-09-24 15:34:00,2026-09-24 15:40:00,HIGH,PROVISIONAL
T001071,70491,Other,C129,Sagargunj Jn,Meeragunj Road,L129-02,8.42,2026-09-16 09:18:00,2026-09-16 09:35:00,LOW,SCHEDULED
T001072,14889,Express,C195,Bharatgunj,Taraganj Road,L195-07,109.28,2026-09-08 05:02:00,2026-09-08 05:21:00,CRITICAL,SCHEDULED
T001073,31796,Goods,C069,Dhanupalli Cantt,Girnarkheda Road,L069-07,215.64,2026-10-07 01:51:00,2026-10-07 02:36:00,MEDIUM,SCHEDULED
T001074,71108,Other,C140,Sundarkot Jn,Haldikheda,L140-11,44.31,2026-10-02 23:52:00,2026-10-02 23:59:00,LOW,SCHEDULED
T001075,56545,Passenger,C150,Udaykot Jn,Sagarpalli,L150-03,22.68,2026-10-13 09:04:00,2026-10-13 09:15:00,HIGH,SCHEDULED
T001076,57938,Passenger,C131,Ashokkot,Narmadagarh Cantt,L131-08,224.31,2026-10-05 08:24:00,2026-10-05 08:49:00,HIGH,PROVISIONAL
T001077,12569,Express,C069,Dhanupalli Cantt,Girnarkheda Road,L069-07,215.64,2026-10-01 11:34:00,2026-10-01 12:01:00,CRITICAL,SCHEDULED
T001078,32519,Goods,C115,Konkanpalli,Indrakheda Jn,L115-05,175.66,2026-09-23 00:47:00,2026-09-23 01:32:00,MEDIUM,SCHEDULED
T001079,58788,Passenger,C050,Taragunj,Haldipur Road,L050-01,18.15,2026-09-27 09:58:00,2026-09-27 10:13:00,HIGH,SCHEDULED
T001080,58976,Passenger,C195,Bharatgunj,Taraganj Road,L195-07,109.28,2026-09-18 17:56:00,2026-09-18 18:25:00,HIGH,SCHEDULED
T001081,71592,Other,C164,Girnarhalli Road,Dhanugunj Cantt,L164-04,137.62,2026-09-05 13:20:00,2026-09-05 14:15:00,LOW,FORECAST
T001082,58094,Passenger,C018,Haldiganj,Nilgirigunj Road,L018-06,153.82,2026-09-29 11:13:00,2026-09-29 11:40:00,HIGH,SCHEDULED
T001083,32855,Goods,C169,Bharatkheda,Ambakheda Cantt,L169-02,70.77,2026-10-02 03:36:00,2026-10-02 04:37:00,MEDIUM,SCHEDULED
T001084,30809,Goods,C129,Sagargunj Jn,Meeragunj Road,L129-08,68.83,2026-09-03 19:41:00,2026-09-03 20:02:00,MEDIUM,SCHEDULED
T001085,57022,Passenger,C071,Jaisalhalli Cantt,Veergarh Road,L071-02,17.02,2026-09-29 13:09:00,2026-09-29 13:42:00,HIGH,SCHEDULED
T001086,30608,Goods,C195,Bharatgunj,Taraganj Road,L195-01,21.94,2026-09-15 04:47:00,2026-09-15 05:40:00,MEDIUM,SCHEDULED
T001087,12342,Express,C150,Udaykot Jn,Sagarpalli,L150-12,167.61,2026-09-29 11:50:00,2026-09-29 12:03:00,CRITICAL,SCHEDULED
T001088,30550,Goods,C164,Girnarhalli Road,Dhanugunj Cantt,L164-08,276.89,2026-10-15 21:25:00,2026-10-15 22:34:00,MEDIUM,PROVISIONAL
T001089,58096,Passenger,C071,Jaisalhalli Cantt,Veergarh Road,L071-05,178.19,2026-09-19 05:12:00,2026-09-19 06:10:00,HIGH,SCHEDULED
T001090,56442,Passenger,C164,Girnarhalli Road,Dhanugunj Cantt,L164-04,137.62,2026-09-11 15:28:00,2026-09-11 16:17:00,HIGH,CANCELLED
T001091,32935,Goods,C050,Taragunj,Haldipur Road,L050-09,113.79,2026-10-01 16:51:00,2026-10-01 17:12:00,MEDIUM,SCHEDULED
T001092,31100,Goods,C199,Tarakheda Jn,Bhimagarh,L199-04,135.92,2026-09-05 14:52:00,2026-09-05 15:45:00,CRITICAL,SCHEDULED
T001093,14455,Express,C150,Udaykot Jn,Sagarpalli,L150-06,61.26,2026-09-05 07:29:00,2026-09-05 07:40:00,CRITICAL,SCHEDULED
T001094,57671,Passenger,C155,Omkarhalli,Sabarkheda Road,L155-02,8.52,2026-09-06 07:24:00,2026-09-06 07:33:00,MEDIUM,FORECAST
T001095,13316,Express,C163,Dhanuganj Cantt,Veerhalli Jn,L163-08,92.08,2026-10-07 12:55:00,2026-10-07 13:05:00,CRITICAL,SCHEDULED
T001096,56495,Passenger,C163,Dhanuganj Cantt,Veerhalli Jn,L163-09,105.99,2026-10-12 10:45:00,2026-10-12 10:53:00,HIGH,FORECAST
T001097,56566,Passenger,C195,Bharatgunj,Taraganj Road,L195-04,60.26,2026-09-26 16:12:00,2026-09-26 16:39:00,HIGH,FORECAST
T001098,12594,Express,C164,Girnarhalli Road,Dhanugunj Cantt,L164-08,276.89,2026-09-17 20:56:00,2026-09-17 21:26:00,CRITICAL,SCHEDULED
T001099,30759,Goods,C009,Konkanganj,Konkankheda,L009-06,222.21,2026-09-21 22:54:00,2026-09-21 23:36:00,LOW,SCHEDULED
T001100,13790,Express,C069,Dhanupalli Cantt,Girnarkheda Road,L069-05,175.88,2026-09-18 21:09:00,2026-09-18 21:31:00,CRITICAL,SCHEDULED
T001101,58178,Passenger,C129,Sagargunj Jn,Meeragunj Road,L129-08,68.83,2026-09-27 06:28:00,2026-09-27 06:41:00,HIGH,SCHEDULED
T001102,58302,Passenger,C150,Udaykot Jn,Sagarpalli,L150-12,167.61,2026-09-15 14:13:00,2026-09-15 14:29:00,HIGH,SCHEDULED
T001103,30160,Goods,C174,Kaverigarh,Bharatkot Road,L174-05,123.4,2026-09-02 02:18:00,2026-09-02 02:52:00,MEDIUM,SCHEDULED
T001104,31789,Goods,C051,Veerhalli,Shantipalli Cantt,L051-10,201.08,2026-09-02 16:10:00,2026-09-02 16:48:00,MEDIUM,PROVISIONAL
T001105,14906,Express,C069,Dhanupalli Cantt,Girnarkheda Road,L069-04,164.65,2026-09-08 06:37:00,2026-09-08 06:59:00,CRITICAL,PROVISIONAL
T001106,57416,Passenger,C140,Sundarkot Jn,Haldikheda,L140-02,16.52,2026-10-01 21:04:00,2026-10-01 21:10:00,HIGH,SCHEDULED
T001107,32960,Goods,C131,Ashokkot,Narmadagarh Cantt,L131-02,53.69,2026-09-25 20:08:00,2026-09-25 20:42:00,MEDIUM,SCHEDULED
T001108,72983,Other,C109,Bilasabad Cantt,Chitragunj,L109-05,64.57,2026-10-08 04:34:00,2026-10-08 05:10:00,LOW,SCHEDULED
T001109,57300,Passenger,C150,Udaykot Jn,Sagarpalli,L150-05,55.2,2026-09-11 08:56:00,2026-09-11 09:10:00,HIGH,PROVISIONAL
T001110,30069,Goods,C069,Dhanupalli Cantt,Girnarkheda Road,L069-10,288.36,2026-09-28 17:25:00,2026-09-28 18:22:00,MEDIUM,SCHEDULED
T001111,13136,Express,C163,Dhanuganj Cantt,Veerhalli Jn,L163-09,105.99,2026-09-07 13:49:00,2026-09-07 13:55:00,CRITICAL,SCHEDULED
T001112,13438,Express,C069,Dhanupalli Cantt,Girnarkheda Road,L069-08,267.94,2026-09-14 15:36:00,2026-09-14 15:50:00,CRITICAL,SCHEDULED
T001113,32766,Goods,C155,Omkarhalli,Sabarkheda Road,L155-11,70.62,2026-10-03 21:41:00,2026-10-03 21:55:00,MEDIUM,PROVISIONAL
T001114,14387,Express,C075,Charanpur,Ranahalli Cantt,L075-05,165.28,2026-09-19 14:46:00,2026-09-19 15:05:00,CRITICAL,FORECAST
T001115,56412,Passenger,C175,Devgarhnagar Jn,Tarapur,L175-02,167.66,2026-09-11 17:49:00,2026-09-11 19:15:00,MEDIUM,PROVISIONAL
T001116,56579,Passenger,C123,Satpurapalli,Charankot Cantt,L123-05,42.98,2026-10-13 14:03:00,2026-10-13 14:32:00,HIGH,SCHEDULED
T001117,30003,Goods,C051,Veerhalli,Shantipalli Cantt,L051-07,162.18,2026-09-29 17:55:00,2026-09-29 18:25:00,MEDIUM,FORECAST
T001118,58392,Passenger,C028,Girnarpalli,Kanhagunj Cantt,L028-02,47.72,2026-09-09 19:31:00,2026-09-09 20:10:00,HIGH,FORECAST
T001119,30250,Goods,C129,Sagargunj Jn,Meeragunj Road,L129-08,68.83,2026-10-07 01:54:00,2026-10-07 02:14:00,MEDIUM,SCHEDULED
T001120,57026,Passenger,C163,Dhanuganj Cantt,Veerhalli Jn,L163-03,28.41,2026-09-25 20:35:00,2026-09-25 20:47:00,HIGH,SCHEDULED
T001121,56195,Passenger,C176,Vindhyakot Jn,Ranaganj Cantt,L176-10,158.5,2026-09-01 23:21:00,2026-09-01 23:36:00,HIGH,SCHEDULED
T001122,14392,Express,C153,Veerkot Jn,Veerkheda Road,L153-03,36.95,2026-09-24 02:40:00,2026-09-24 02:47:00,CRITICAL,PROVISIONAL
T001123,31529,Goods,C098,Bilaskheda,Pushkarganj,L098-07,15.99,2026-09-19 21:48:00,2026-09-19 21:54:00,MEDIUM,FORECAST
T001124,12727,Express,C028,Girnarpalli,Kanhagunj Cantt,L028-07,186.56,2026-09-01 16:12:00,2026-09-01 16:39:00,CRITICAL,SCHEDULED
T001125,31687,Goods,C123,Satpurapalli,Charankot Cantt,L123-08,113.88,2026-09-14 02:31:00,2026-09-14 03:11:00,MEDIUM,SCHEDULED
T001126,32404,Goods,C009,Konkanganj,Konkankheda,L009-02,62.41,2026-10-03 00:12:00,2026-10-03 01:27:00,MEDIUM,SCHEDULED
T001127,32751,Goods,C009,Konkanganj,Konkankheda,L009-04,201.98,2026-10-04 00:41:00,2026-10-04 01:38:00,MEDIUM,SCHEDULED
T001128,13702,Express,C069,Dhanupalli Cantt,Girnarkheda Road,L069-02,35.6,2026-09-06 16:58:00,2026-09-06 17:19:00,CRITICAL,FORECAST
T001129,13941,Express,C037,Gangaganj Road,Bilaskot,L037-02,28.29,2026-10-13 14:02:00,2026-10-13 14:29:00,CRITICAL,SCHEDULED
T001130,56790,Passenger,C018,Haldiganj,Nilgirigunj Road,L018-05,139.06,2026-09-08 18:38:00,2026-09-08 19:06:00,HIGH,SCHEDULED
T001131,14750,Express,C140,Sundarkot Jn,Haldikheda,L140-02,16.52,2026-09-06 15:51:00,2026-09-06 15:57:00,CRITICAL,FORECAST
T001132,58274,Passenger,C009,Konkanganj,Konkankheda,L009-01,14.97,2026-10-14 05:50:00,2026-10-14 06:25:00,HIGH,PROVISIONAL
T001133,30951,Goods,C069,Dhanupalli Cantt,Girnarkheda Road,L069-08,267.94,2026-09-19 06:59:00,2026-09-19 07:30:00,MEDIUM,SCHEDULED
T001134,56713,Passenger,C131,Ashokkot,Narmadagarh Cantt,L131-09,244.61,2026-09-22 10:27:00,2026-09-22 11:08:00,HIGH,SCHEDULED
T001135,12273,Express,C140,Sundarkot Jn,Haldikheda,L140-09,40.15,2026-09-07 10:14:00,2026-09-07 10:20:00,CRITICAL,SCHEDULED
T001136,58215,Passenger,C163,Dhanuganj Cantt,Veerhalli Jn,L163-01,8.76,2026-10-14 06:28:00,2026-10-14 06:42:00,HIGH,SCHEDULED
T001137,58035,Passenger,C069,Dhanupalli Cantt,Girnarkheda Road,L069-12,378.6,2026-09-18 05:46:00,2026-09-18 06:24:00,HIGH,SCHEDULED
T001138,32474,Goods,C026,Sabarabad Cantt,Chitrakot,L026-04,17.94,2026-09-17 00:04:00,2026-09-17 00:14:00,MEDIUM,SCHEDULED
T001139,58223,Passenger,C129,Sagargunj Jn,Meeragunj Road,L129-01,0.75,2026-09-06 15:52:00,2026-09-06 16:07:00,HIGH,SCHEDULED
T001140,58907,Passenger,C018,Haldiganj,Nilgirigunj Road,L018-04,124.65,2026-09-02 09:11:00,2026-09-02 09:41:00,HIGH,SCHEDULED
T001141,30398,Goods,C163,Dhanuganj Cantt,Veerhalli Jn,L163-09,105.99,2026-09-12 22:44:00,2026-09-12 23:03:00,MEDIUM,SCHEDULED
T001142,57780,Passenger,C030,Rohtakpur,Kanhahalli Jn,L030-03,91.02,2026-09-10 09:01:00,2026-09-10 10:17:00,HIGH,SCHEDULED
T001143,14201,Express,C069,Dhanupalli Cantt,Girnarkheda Road,L069-08,267.94,2026-09-12 06:48:00,2026-09-12 07:04:00,CRITICAL,SCHEDULED
T001144,71679,Other,C153,Veerkot Jn,Veerkheda Road,L153-05,61.15,2026-09-20 09:07:00,2026-09-20 09:30:00,LOW,PROVISIONAL
T001145,58953,Passenger,C192,Malwanagar,Devgarhgarh,L192-08,59.46,2026-09-11 02:58:00,2026-09-11 03:11:00,HIGH,SCHEDULED
T001146,57323,Passenger,C133,Konkankot,Shantigarh,L133-01,102.8,2026-10-12 15:49:00,2026-10-12 16:55:00,HIGH,SCHEDULED
T001147,30482,Goods,C028,Girnarpalli,Kanhagunj Cantt,L028-07,186.56,2026-09-15 23:47:00,2026-09-16 01:04:00,MEDIUM,SCHEDULED
T001148,12712,Express,C115,Konkanpalli,Indrakheda Jn,L115-09,283.97,2026-09-15 07:48:00,2026-09-15 08:07:00,CRITICAL,SCHEDULED
T001149,56110,Passenger,C150,Udaykot Jn,Sagarpalli,L150-02,13.59,2026-09-06 06:40:00,2026-09-06 06:53:00,HIGH,PROVISIONAL
T001150,71452,Other,C069,Dhanupalli Cantt,Girnarkheda Road,L069-12,378.6,2026-10-03 08:02:00,2026-10-03 08:44:00,LOW,SCHEDULED
T001151,12752,Express,C009,Konkanganj,Konkankheda,L009-04,201.98,2026-10-01 20:48:00,2026-10-01 21:15:00,CRITICAL,FORECAST
T001152,70835,Other,C140,Sundarkot Jn,Haldikheda,L140-06,35.5,2026-09-23 13:17:00,2026-09-23 13:23:00,LOW,FORECAST
T001153,58769,Passenger,C026,Sabarabad Cantt,Chitrakot,L026-02,9.14,2026-09-22 21:34:00,2026-09-22 21:40:00,HIGH,SCHEDULED
T001154,14245,Express,C140,Sundarkot Jn,Haldikheda,L140-08,38.21,2026-09-04 21:59:00,2026-09-04 22:05:00,CRITICAL,SCHEDULED
T001155,32905,Goods,C140,Sundarkot Jn,Haldikheda,L140-03,28.69,2026-10-02 04:49:00,2026-10-02 04:56:00,MEDIUM,SCHEDULED
T001156,30798,Goods,C071,Jaisalhalli Cantt,Veergarh Road,L071-01,16.35,2026-09-23 13:20:00,2026-09-23 14:35:00,HIGH,SCHEDULED
T001157,12048,Express,C123,Satpurapalli,Charankot Cantt,L123-05,42.98,2026-09-12 11:59:00,2026-09-12 12:18:00,CRITICAL,FORECAST
T001158,56893,Passenger,C069,Dhanupalli Cantt,Girnarkheda Road,L069-06,194.8,2026-09-09 21:41:00,2026-09-09 22:12:00,HIGH,SCHEDULED
T001159,56999,Passenger,C089,Pushkarkot,Gangakot,L089-08,413.48,2026-09-15 16:21:00,2026-09-15 17:20:00,HIGH,SCHEDULED
T001160,57293,Passenger,C018,Haldiganj,Nilgirigunj Road,L018-06,153.82,2026-10-10 17:50:00,2026-10-10 18:32:00,HIGH,SCHEDULED
T001161,13682,Express,C059,Yamunanagar Jn,Haldikheda,L059-03,215.56,2026-09-21 06:29:00,2026-09-21 07:02:00,LOW,SCHEDULED
T001162,32307,Goods,C140,Sundarkot Jn,Haldikheda,L140-04,29.07,2026-09-25 18:40:00,2026-09-25 18:46:00,MEDIUM,SCHEDULED
T001163,31305,Goods,C069,Dhanupalli Cantt,Girnarkheda Road,L069-05,175.88,2026-09-24 02:20:00,2026-09-24 03:07:00,MEDIUM,CANCELLED
T001164,58268,Passenger,C009,Konkanganj,Konkankheda,L009-02,62.41,2026-09-15 15:43:00,2026-09-15 16:24:00,HIGH,SCHEDULED
T001165,31652,Goods,C098,Bilaskheda,Pushkarganj,L098-03,5.9,2026-09-10 04:38:00,2026-09-10 04:44:00,MEDIUM,SCHEDULED
T001166,13185,Express,C150,Udaykot Jn,Sagarpalli,L150-04,28.77,2026-10-11 20:08:00,2026-10-11 20:18:00,CRITICAL,SCHEDULED
T001167,12704,Express,C140,Sundarkot Jn,Haldikheda,L140-05,34.07,2026-09-03 04:21:00,2026-09-03 04:27:00,CRITICAL,SCHEDULED
T001168,12481,Express,C075,Charanpur,Ranahalli Cantt,L075-03,84.0,2026-10-07 14:36:00,2026-10-07 14:54:00,CRITICAL,SCHEDULED
T001169,58230,Passenger,C115,Konkanpalli,Indrakheda Jn,L115-06,219.81,2026-10-11 18:34:00,2026-10-11 19:09:00,HIGH,PROVISIONAL
T001170,13923,Express,C018,Haldiganj,Nilgirigunj Road,L018-09,213.99,2026-10-08 16:47:00,2026-10-08 17:04:00,CRITICAL,SCHEDULED
T001171,56652,Passenger,C123,Satpurapalli,Charankot Cantt,L123-07,94.28,2026-09-25 08:19:00,2026-09-25 08:45:00,HIGH,SCHEDULED
T001172,58176,Passenger,C163,Dhanuganj Cantt,Veerhalli Jn,L163-05,64.97,2026-09-03 15:10:00,2026-09-03 15:21:00,HIGH,FORECAST
T001173,32274,Goods,C129,Sagargunj Jn,Meeragunj Road,L129-03,24.57,2026-09-15 21:37:00,2026-09-15 21:55:00,MEDIUM,SCHEDULED
T001174,58419,Passenger,C026,Sabarabad Cantt,Chitrakot,L026-02,9.14,2026-09-29 16:25:00,2026-09-29 16:31:00,HIGH,FORECAST
T001175,32804,Goods,C009,Konkanganj,Konkankheda,L009-06,222.21,2026-09-23 02:20:00,2026-09-23 03:23:00,MEDIUM,SCHEDULED
T001176,70701,Other,C059,Yamunanagar Jn,Haldikheda,L059-06,354.84,2026-09-17 05:45:00,2026-09-17 06:41:00,LOW,SCHEDULED
T001177,56558,Passenger,C050,Taragunj,Haldipur Road,L050-02,30.2,2026-09-22 06:50:00,2026-09-22 07:08:00,HIGH,FORECAST
T001178,56823,Passenger,C059,Yamunanagar Jn,Haldikheda,L059-08,372.87,2026-10-01 13:46:00,2026-10-01 14:13:00,HIGH,SCHEDULED
T001179,14796,Express,C195,Bharatgunj,Taraganj Road,L195-04,60.26,2026-09-20 09:12:00,2026-09-20 09:33:00,CRITICAL,PROVISIONAL
T001180,57835,Passenger,C075,Charanpur,Ranahalli Cantt,L075-07,186.41,2026-09-24 08:36:00,2026-09-24 09:10:00,HIGH,SCHEDULED
T001181,14176,Express,C009,Konkanganj,Konkankheda,L009-04,201.98,2026-10-07 23:08:00,2026-10-07 23:30:00,CRITICAL,SCHEDULED
T001182,12014,Express,C098,Bilaskheda,Pushkarganj,L098-05,8.04,2026-10-13 19:08:00,2026-10-13 19:14:00,HIGH,SCHEDULED
T001183,14851,Express,C192,Malwanagar,Devgarhgarh,L192-09,96.88,2026-09-28 10:21:00,2026-09-28 10:31:00,MEDIUM,SCHEDULED
T001184,14074,Express,C154,Nilgirinagar,Konkannagar,L154-03,19.96,2026-10-11 03:52:00,2026-10-11 04:05:00,CRITICAL,PROVISIONAL
T001185,56010,Passenger,C176,Vindhyakot Jn,Ranaganj Cantt,L176-14,244.66,2026-09-14 19:01:00,2026-09-14 19:23:00,HIGH,SCHEDULED
T001186,12751,Express,C199,Tarakheda Jn,Bhimagarh,L199-02,90.33,2026-09-16 07:12:00,2026-09-16 07:39:00,LOW,FORECAST
T001187,57999,Passenger,C069,Dhanupalli Cantt,Girnarkheda Road,L069-11,333.57,2026-10-04 16:03:00,2026-10-04 16:38:00,HIGH,SCHEDULED
T001188,14544,Express,C163,Dhanuganj Cantt,Veerhalli Jn,L163-01,8.76,2026-10-03 06:28:00,2026-10-03 06:36:00,CRITICAL,PROVISIONAL
T001189,12149,Express,C153,Veerkot Jn,Veerkheda Road,L153-03,36.95,2026-09-20 18:20:00,2026-09-20 18:28:00,CRITICAL,SCHEDULED
T001190,58591,Passenger,C089,Pushkarkot,Gangakot,L089-06,386.19,2026-10-13 19:01:00,2026-10-13 19:53:00,HIGH,SCHEDULED
T001191,57534,Passenger,C069,Dhanupalli Cantt,Girnarkheda Road,L069-09,277.58,2026-09-15 19:13:00,2026-09-15 19:53:00,HIGH,SCHEDULED
T001192,31908,Goods,C195,Bharatgunj,Taraganj Road,L195-07,109.28,2026-10-04 14:10:00,2026-10-04 15:03:00,MEDIUM,SCHEDULED
T001193,56432,Passenger,C086,Vindhyakot,Girnarhalli Cantt,L086-03,47.33,2026-09-21 08:34:00,2026-09-21 09:16:00,HIGH,SCHEDULED
T001194,31211,Goods,C140,Sundarkot Jn,Haldikheda,L140-08,38.21,2026-09-09 02:22:00,2026-09-09 02:29:00,MEDIUM,SCHEDULED
T001195,13342,Express,C164,Girnarhalli Road,Dhanugunj Cantt,L164-03,127.28,2026-09-26 07:54:00,2026-09-26 08:14:00,CRITICAL,CANCELLED
T001196,13851,Express,C164,Girnarhalli Road,Dhanugunj Cantt,L164-04,137.62,2026-09-04 15:05:00,2026-09-04 15:40:00,CRITICAL,PROVISIONAL
T001197,57224,Passenger,C131,Ashokkot,Narmadagarh Cantt,L131-10,258.71,2026-09-08 10:15:00,2026-09-08 10:51:00,HIGH,SCHEDULED
T001198,58512,Passenger,C069,Dhanupalli Cantt,Girnarkheda Road,L069-04,164.65,2026-09-19 05:19:00,2026-09-19 05:58:00,HIGH,PROVISIONAL
T001199,30552,Goods,C163,Dhanuganj Cantt,Veerhalli Jn,L163-07,71.82,2026-10-02 00:11:00,2026-10-02 00:33:00,HIGH,SCHEDULED
T001200,58866,Passenger,C150,Udaykot Jn,Sagarpalli,L150-08,125.81,2026-09-20 18:37:00,2026-09-20 18:50:00,HIGH,SCHEDULED
T001201,32363,Goods,C140,Sundarkot Jn,Haldikheda,L140-01,12.21,2026-09-26 19:13:00,2026-09-26 19:21:00,HIGH,FORECAST
T001202,58858,Passenger,C098,Bilaskheda,Pushkarganj,L098-01,1.11,2026-09-16 20:38:00,2026-09-16 20:44:00,LOW,SCHEDULED
T001203,56012,Passenger,C161,Lalitpalli,Kaveripur Cantt,L161-10,198.97,2026-10-10 09:18:00,2026-10-10 09:45:00,HIGH,SCHEDULED
T001204,56857,Passenger,C123,Satpurapalli,Charankot Cantt,L123-04,31.64,2026-09-25 07:06:00,2026-09-25 07:31:00,CRITICAL,FORECAST
T001205,58385,Passenger,C131,Ashokkot,Narmadagarh Cantt,L131-10,258.71,2026-09-29 19:50:00,2026-09-29 20:21:00,HIGH,SCHEDULED
T001206,56699,Passenger,C175,Devgarhnagar Jn,Tarapur,L175-02,167.66,2026-09-10 00:08:00,2026-09-10 01:23:00,HIGH,SCHEDULED
T001207,58804,Passenger,C163,Dhanuganj Cantt,Veerhalli Jn,L163-01,8.76,2026-09-01 13:43:00,2026-09-01 13:55:00,HIGH,SCHEDULED
T001208,58526,Passenger,C026,Sabarabad Cantt,Chitrakot,L026-01,4.01,2026-09-14 07:42:00,2026-09-14 07:48:00,HIGH,SCHEDULED
T001209,58514,Passenger,C026,Sabarabad Cantt,Chitrakot,L026-01,4.01,2026-10-03 15:51:00,2026-10-03 15:57:00,LOW,FORECAST
T001210,56269,Passenger,C140,Sundarkot Jn,Haldikheda,L140-03,28.69,2026-09-15 20:47:00,2026-09-15 20:53:00,HIGH,SCHEDULED
T001211,14469,Express,C018,Haldiganj,Nilgirigunj Road,L018-04,124.65,2026-10-02 18:01:00,2026-10-02 18:22:00,CRITICAL,FORECAST
T001212,12594,Express,C026,Sabarabad Cantt,Chitrakot,L026-05,23.62,2026-09-30 22:54:00,2026-09-30 23:00:00,CRITICAL,SCHEDULED
T001213,56594,Passenger,C125,Konkanganj Jn,Omkarganj,L125-04,56.79,2026-10-08 05:49:00,2026-10-08 06:01:00,HIGH,CANCELLED
T001214,31076,Goods,C153,Veerkot Jn,Veerkheda Road,L153-09,97.67,2026-09-19 10:39:00,2026-09-19 10:57:00,MEDIUM,PROVISIONAL
T001215,31933,Goods,C026,Sabarabad Cantt,Chitrakot,L026-02,9.14,2026-09-03 04:01:00,2026-09-03 04:08:00,MEDIUM,FORECAST
T001216,58695,Passenger,C192,Malwanagar,Devgarhgarh,L192-08,59.46,2026-09-12 17:07:00,2026-09-12 17:16:00,CRITICAL,SCHEDULED
T001217,32901,Goods,C123,Satpurapalli,Charankot Cantt,L123-06,44.14,2026-10-06 06:08:00,2026-10-06 06:44:00,MEDIUM,FORECAST
T001218,31758,Goods,C078,Vindhyanagar,Rananagar Road,L078-07,68.55,2026-09-01 02:47:00,2026-09-01 03:07:00,MEDIUM,SCHEDULED
T001219,58404,Passenger,C131,Ashokkot,Narmadagarh Cantt,L131-04,148.79,2026-09-04 20:14:00,2026-09-04 20:50:00,HIGH,SCHEDULED
T001220,58758,Passenger,C050,Taragunj,Haldipur Road,L050-02,30.2,2026-09-26 21:54:00,2026-09-26 22:09:00,HIGH,SCHEDULED
T001221,58656,Passenger,C015,Sundarhalli Road,Sabarpalli,L015-04,118.62,2026-09-10 14:11:00,2026-09-10 14:31:00,HIGH,SCHEDULED
T001222,56955,Passenger,C060,Ranaabad,Udayganj Cantt,L060-07,263.32,2026-09-16 20:17:00,2026-09-16 21:00:00,CRITICAL,SCHEDULED
T001223,56916,Passenger,C150,Udaykot Jn,Sagarpalli,L150-09,136.48,2026-09-30 18:18:00,2026-09-30 18:30:00,HIGH,SCHEDULED
T001224,57355,Passenger,C086,Vindhyakot,Girnarhalli Cantt,L086-02,42.68,2026-10-11 21:56:00,2026-10-11 22:43:00,MEDIUM,SCHEDULED
T001225,12029,Express,C199,Tarakheda Jn,Bhimagarh,L199-11,303.6,2026-09-07 14:49:00,2026-09-07 15:03:00,CRITICAL,SCHEDULED
T001226,32313,Goods,C037,Gangaganj Road,Bilaskot,L037-06,198.68,2026-10-02 12:04:00,2026-10-02 12:49:00,MEDIUM,FORECAST
T001227,58137,Passenger,C069,Dhanupalli Cantt,Girnarkheda Road,L069-03,48.56,2026-10-14 18:06:00,2026-10-14 18:31:00,HIGH,SCHEDULED
T001228,14390,Express,C155,Omkarhalli,Sabarkheda Road,L155-05,18.46,2026-10-03 19:07:00,2026-10-03 19:13:00,CRITICAL,PROVISIONAL
T001229,13487,Express,C009,Konkanganj,Konkankheda,L009-03,182.63,2026-10-14 01:08:00,2026-10-14 01:26:00,CRITICAL,SCHEDULED
T001230,72127,Other,C072,Udayganj,Indragarh,L072-03,95.94,2026-09-27 13:01:00,2026-09-27 14:16:00,LOW,FORECAST
T001231,56304,Passenger,C150,Udaykot Jn,Sagarpalli,L150-05,55.2,2026-09-30 07:05:00,2026-09-30 07:24:00,HIGH,SCHEDULED
T001232,13078,Express,C057,Charannagar,Jaisalgunj Jn,L057-01,40.61,2026-09-26 17:34:00,2026-09-26 18:10:00,CRITICAL,SCHEDULED
T001233,72109,Other,C176,Vindhyakot Jn,Ranaganj Cantt,L176-03,49.03,2026-09-26 11:51:00,2026-09-26 12:21:00,LOW,SCHEDULED
T001234,56486,Passenger,C089,Pushkarkot,Gangakot,L089-07,404.13,2026-09-06 11:38:00,2026-09-06 12:32:00,MEDIUM,FORECAST
T001235,57212,Passenger,C199,Tarakheda Jn,Bhimagarh,L199-06,202.86,2026-09-09 04:28:00,2026-09-09 04:53:00,CRITICAL,SCHEDULED
T001236,32735,Goods,C059,Yamunanagar Jn,Haldikheda,L059-09,380.03,2026-09-21 00:31:00,2026-09-21 01:26:00,MEDIUM,SCHEDULED
T001237,57321,Passenger,C129,Sagargunj Jn,Meeragunj Road,L129-09,107.56,2026-09-13 17:06:00,2026-09-13 17:22:00,MEDIUM,FORECAST
T001238,30929,Goods,C018,Haldiganj,Nilgirigunj Road,L018-01,55.34,2026-09-02 18:28:00,2026-09-02 18:56:00,MEDIUM,SCHEDULED
T001239,56386,Passenger,C026,Sabarabad Cantt,Chitrakot,L026-05,23.62,2026-09-21 07:57:00,2026-09-21 08:03:00,HIGH,SCHEDULED
T001240,71256,Other,C140,Sundarkot Jn,Haldikheda,L140-02,16.52,2026-10-01 01:07:00,2026-10-01 01:13:00,LOW,SCHEDULED
T001241,57371,Passenger,C009,Konkanganj,Konkankheda,L009-06,222.21,2026-09-09 09:43:00,2026-09-09 10:17:00,HIGH,SCHEDULED
T001242,72236,Other,C028,Girnarpalli,Kanhagunj Cantt,L028-03,83.34,2026-10-15 02:57:00,2026-10-15 03:29:00,LOW,SCHEDULED
T001243,14637,Express,C028,Girnarpalli,Kanhagunj Cantt,L028-04,101.58,2026-09-06 18:57:00,2026-09-06 19:24:00,CRITICAL,SCHEDULED
T001244,58110,Passenger,C150,Udaykot Jn,Sagarpalli,L150-09,136.48,2026-10-06 06:26:00,2026-10-06 06:45:00,HIGH,SCHEDULED
T001245,56668,Passenger,C129,Sagargunj Jn,Meeragunj Road,L129-09,107.56,2026-09-03 19:43:00,2026-09-03 19:58:00,HIGH,SCHEDULED
T001246,56206,Passenger,C050,Taragunj,Haldipur Road,L050-11,126.85,2026-10-15 19:36:00,2026-10-15 19:44:00,HIGH,SCHEDULED
T001247,30259,Goods,C069,Dhanupalli Cantt,Girnarkheda Road,L069-04,164.65,2026-10-03 04:44:00,2026-10-03 05:40:00,MEDIUM,SCHEDULED
T001248,58828,Passenger,C164,Girnarhalli Road,Dhanugunj Cantt,L164-02,82.77,2026-09-23 20:21:00,2026-09-23 21:00:00,HIGH,SCHEDULED
T001249,58093,Passenger,C009,Konkanganj,Konkankheda,L009-01,14.97,2026-09-05 07:31:00,2026-09-05 08:17:00,HIGH,SCHEDULED
T001250,57606,Passenger,C129,Sagargunj Jn,Meeragunj Road,L129-05,53.43,2026-10-02 10:29:00,2026-10-02 10:43:00,HIGH,SCHEDULED
T001251,57935,Passenger,C155,Omkarhalli,Sabarkheda Road,L155-08,49.19,2026-09-27 18:22:00,2026-09-27 18:29:00,HIGH,PROVISIONAL
T001252,58127,Passenger,C176,Vindhyakot Jn,Ranaganj Cantt,L176-07,116.6,2026-10-15 13:44:00,2026-10-15 13:58:00,HIGH,SCHEDULED
T001253,71271,Other,C150,Udaykot Jn,Sagarpalli,L150-07,109.46,2026-09-22 20:59:00,2026-09-22 21:18:00,LOW,SCHEDULED
T001254,71256,Other,C186,Bhimaabad,Omkarabad Cantt,L186-01,9.58,2026-10-09 19:37:00,2026-10-09 20:22:00,LOW,SCHEDULED
T001255,72676,Other,C125,Konkanganj Jn,Omkarganj,L125-02,45.31,2026-09-05 17:37:00,2026-09-05 17:51:00,LOW,SCHEDULED
T001256,58440,Passenger,C009,Konkanganj,Konkankheda,L009-03,182.63,2026-09-14 16:31:00,2026-09-14 17:08:00,HIGH,SCHEDULED
T001257,58235,Passenger,C123,Satpurapalli,Charankot Cantt,L123-08,113.88,2026-10-03 20:40:00,2026-10-03 21:10:00,HIGH,FORECAST
T001258,31995,Goods,C094,Bhimakot Jn,Pushkarnagar Jn,L094-05,117.63,2026-10-02 02:24:00,2026-10-02 03:30:00,MEDIUM,SCHEDULED
T001259,30179,Goods,C131,Ashokkot,Narmadagarh Cantt,L131-04,148.79,2026-09-14 19:27:00,2026-09-14 20:12:00,MEDIUM,SCHEDULED
T001260,12442,Express,C140,Sundarkot Jn,Haldikheda,L140-08,38.21,2026-10-13 05:51:00,2026-10-13 05:57:00,CRITICAL,SCHEDULED
T001261,56098,Passenger,C084,Devgarhgarh Cantt,Chitraganj,L084-03,90.73,2026-09-24 09:27:00,2026-09-24 10:06:00,HIGH,SCHEDULED
T001262,72360,Other,C059,Yamunanagar Jn,Haldikheda,L059-04,298.87,2026-10-07 16:50:00,2026-10-07 17:25:00,LOW,SCHEDULED
T001263,31604,Goods,C123,Satpurapalli,Charankot Cantt,L123-05,42.98,2026-09-18 21:39:00,2026-09-18 22:12:00,MEDIUM,SCHEDULED
T001264,32446,Goods,C163,Dhanuganj Cantt,Veerhalli Jn,L163-04,36.4,2026-09-15 04:59:00,2026-09-15 05:20:00,MEDIUM,PROVISIONAL
T001265,57143,Passenger,C009,Konkanganj,Konkankheda,L009-07,242.71,2026-09-01 20:38:00,2026-09-01 21:15:00,HIGH,SCHEDULED
T001266,31951,Goods,C195,Bharatgunj,Taraganj Road,L195-05,93.9,2026-09-18 23:48:00,2026-09-19 00:21:00,MEDIUM,SCHEDULED
T001267,13433,Express,C195,Bharatgunj,Taraganj Road,L195-07,109.28,2026-09-08 23:58:00,2026-09-09 00:21:00,CRITICAL,SCHEDULED
T001268,56230,Passenger,C140,Sundarkot Jn,Haldikheda,L140-03,28.69,2026-09-29 15:57:00,2026-09-29 16:03:00,HIGH,SCHEDULED
T001269,57345,Passenger,C192,Malwanagar,Devgarhgarh,L192-06,35.2,2026-09-13 16:04:00,2026-09-13 16:20:00,HIGH,SCHEDULED
T001270,31382,Goods,C098,Bilaskheda,Pushkarganj,L098-11,28.84,2026-09-23 05:49:00,2026-09-23 05:55:00,MEDIUM,SCHEDULED
T001271,70109,Other,C005,Bilaskheda Jn,Malwahalli Cantt,L005-07,88.72,2026-10-04 20:39:00,2026-10-04 20:54:00,LOW,FORECAST
T001272,57815,Passenger,C037,Gangaganj Road,Bilaskot,L037-06,198.68,2026-10-07 21:24:00,2026-10-07 21:48:00,HIGH,CANCELLED
T001273,12795,Express,C155,Omkarhalli,Sabarkheda Road,L155-03,13.91,2026-10-12 23:31:00,2026-10-12 23:37:00,CRITICAL,SCHEDULED
T001274,31213,Goods,C028,Girnarpalli,Kanhagunj Cantt,L028-09,222.43,2026-10-08 05:54:00,2026-10-08 07:05:00,MEDIUM,SCHEDULED
T001275,56219,Passenger,C075,Charanpur,Ranahalli Cantt,L075-11,268.44,2026-09-23 07:11:00,2026-09-23 07:42:00,HIGH,SCHEDULED
T001276,14803,Express,C123,Satpurapalli,Charankot Cantt,L123-06,44.14,2026-09-08 16:26:00,2026-09-08 16:39:00,CRITICAL,SCHEDULED
T001277,56272,Passenger,C039,Malwaganj Cantt,Satpuraabad Road,L039-04,71.96,2026-10-11 12:28:00,2026-10-11 12:43:00,LOW,SCHEDULED
T001278,58787,Passenger,C140,Sundarkot Jn,Haldikheda,L140-11,44.31,2026-09-04 11:11:00,2026-09-04 11:17:00,HIGH,SCHEDULED
T001279,12934,Express,C150,Udaykot Jn,Sagarpalli,L150-03,22.68,2026-10-12 17:47:00,2026-10-12 17:57:00,CRITICAL,SCHEDULED
T001280,13002,Express,C037,Gangaganj Road,Bilaskot,L037-07,224.52,2026-10-01 05:25:00,2026-10-01 05:39:00,CRITICAL,SCHEDULED
T001281,12228,Express,C140,Sundarkot Jn,Haldikheda,L140-07,37.73,2026-09-03 16:49:00,2026-09-03 16:55:00,CRITICAL,SCHEDULED
T001282,12764,Express,C018,Haldiganj,Nilgirigunj Road,L018-05,139.06,2026-09-26 13:04:00,2026-09-26 13:27:00,CRITICAL,SCHEDULED
T001283,57153,Passenger,C069,Dhanupalli Cantt,Girnarkheda Road,L069-07,215.64,2026-09-04 15:20:00,2026-09-04 15:55:00,HIGH,SCHEDULED
T001284,58096,Passenger,C164,Girnarhalli Road,Dhanugunj Cantt,L164-03,127.28,2026-09-16 07:48:00,2026-09-16 08:43:00,HIGH,SCHEDULED
T001285,72960,Other,C129,Sagargunj Jn,Meeragunj Road,L129-06,56.17,2026-10-07 19:32:00,2026-10-07 19:41:00,LOW,SCHEDULED
T001286,70256,Other,C140,Sundarkot Jn,Haldikheda,L140-04,29.07,2026-10-12 03:21:00,2026-10-12 03:28:00,LOW,SCHEDULED
T001287,32536,Goods,C103,Malwaabad,Yamunahalli Jn,L103-07,125.97,2026-10-15 12:01:00,2026-10-15 12:34:00,MEDIUM,SCHEDULED
T001288,32651,Goods,C059,Yamunanagar Jn,Haldikheda,L059-07,362.31,2026-09-06 07:53:00,2026-09-06 08:31:00,MEDIUM,SCHEDULED
T001289,13165,Express,C146,Devgarhgunj,Jaisalnagar,L146-07,156.36,2026-09-23 15:28:00,2026-09-23 15:57:00,CRITICAL,PROVISIONAL
T001290,32517,Goods,C069,Dhanupalli Cantt,Girnarkheda Road,L069-06,194.8,2026-09-06 22:14:00,2026-09-06 22:55:00,MEDIUM,SCHEDULED
T001291,58458,Passenger,C140,Sundarkot Jn,Haldikheda,L140-05,34.07,2026-10-09 23:09:00,2026-10-09 23:15:00,HIGH,PROVISIONAL
T001292,70053,Other,C163,Dhanuganj Cantt,Veerhalli Jn,L163-08,92.08,2026-09-02 14:57:00,2026-09-02 15:13:00,LOW,SCHEDULED
T001293,32041,Goods,C176,Vindhyakot Jn,Ranaganj Cantt,L176-03,49.03,2026-10-04 04:39:00,2026-10-04 05:07:00,CRITICAL,PROVISIONAL
T001294,58559,Passenger,C069,Dhanupalli Cantt,Girnarkheda Road,L069-06,194.8,2026-10-09 22:53:00,2026-10-09 23:21:00,HIGH,FORECAST
T001295,70522,Other,C150,Udaykot Jn,Sagarpalli,L150-02,13.59,2026-09-21 21:06:00,2026-09-21 21:28:00,LOW,SCHEDULED
T001296,57378,Passenger,C099,Malwagunj,Gangaganj,L099-02,8.36,2026-10-08 01:55:00,2026-10-08 02:02:00,HIGH,PROVISIONAL
T001297,56463,Passenger,C175,Devgarhnagar Jn,Tarapur,L175-04,212.09,2026-09-08 07:41:00,2026-09-08 09:05:00,HIGH,PROVISIONAL
T001298,31137,Goods,C050,Taragunj,Haldipur Road,L050-02,30.2,2026-09-28 16:56:00,2026-09-28 17:10:00,LOW,SCHEDULED
T001299,72740,Other,C039,Malwaganj Cantt,Satpuraabad Road,L039-01,1.19,2026-09-20 22:01:00,2026-09-20 22:23:00,LOW,FORECAST
T001300,14614,Express,C075,Charanpur,Ranahalli Cantt,L075-01,27.8,2026-09-09 11:51:00,2026-09-09 12:11:00,CRITICAL,SCHEDULED
T001301,13820,Express,C164,Girnarhalli Road,Dhanugunj Cantt,L164-04,137.62,2026-10-05 13:19:00,2026-10-05 13:44:00,CRITICAL,PROVISIONAL
T001302,56392,Passenger,C150,Udaykot Jn,Sagarpalli,L150-06,61.26,2026-09-26 05:35:00,2026-09-26 05:50:00,HIGH,PROVISIONAL
T001303,31554,Goods,C155,Omkarhalli,Sabarkheda Road,L155-02,8.52,2026-09-30 05:55:00,2026-09-30 06:05:00,MEDIUM,FORECAST
T001304,56579,Passenger,C127,Ambahalli,Satpuranagar Road,L127-04,192.4,2026-09-07 17:09:00,2026-09-07 18:17:00,HIGH,SCHEDULED
T001305,56527,Passenger,C131,Ashokkot,Narmadagarh Cantt,L131-02,53.69,2026-09-10 06:35:00,2026-09-10 07:00:00,HIGH,SCHEDULED
T001306,58904,Passenger,C195,Bharatgunj,Taraganj Road,L195-07,109.28,2026-09-13 22:32:00,2026-09-13 22:54:00,HIGH,SCHEDULED
T001307,32078,Goods,C176,Vindhyakot Jn,Ranaganj Cantt,L176-06,96.69,2026-09-08 05:36:00,2026-09-08 06:25:00,MEDIUM,SCHEDULED
T001308,32994,Goods,C059,Yamunanagar Jn,Haldikheda,L059-02,30.61,2026-09-13 07:58:00,2026-09-13 09:07:00,MEDIUM,SCHEDULED
T001309,57795,Passenger,C009,Konkanganj,Konkankheda,L009-04,201.98,2026-10-06 19:25:00,2026-10-06 20:12:00,HIGH,CANCELLED
T001310,30102,Goods,C129,Sagargunj Jn,Meeragunj Road,L129-04,51.91,2026-09-28 19:25:00,2026-09-28 19:52:00,LOW,FORECAST
T001311,58792,Passenger,C060,Ranaabad,Udayganj Cantt,L060-02,40.16,2026-09-23 20:59:00,2026-09-23 21:43:00,HIGH,SCHEDULED
T001312,57848,Passenger,C050,Taragunj,Haldipur Road,L050-05,36.84,2026-09-18 08:54:00,2026-09-18 09:10:00,HIGH,FORECAST
T001313,31227,Goods,C140,Sundarkot Jn,Haldikheda,L140-09,40.15,2026-09-20 01:48:00,2026-09-20 01:55:00,MEDIUM,CANCELLED
T001314,12244,Express,C150,Udaykot Jn,Sagarpalli,L150-02,13.59,2026-09-26 21:23:00,2026-09-26 21:35:00,CRITICAL,PROVISIONAL
T001315,14659,Express,C150,Udaykot Jn,Sagarpalli,L150-11,162.07,2026-10-05 15:20:00,2026-10-05 15:27:00,CRITICAL,FORECAST
T001316,30409,Goods,C059,Yamunanagar Jn,Haldikheda,L059-03,215.56,2026-09-10 09:31:00,2026-09-10 10:37:00,MEDIUM,CANCELLED
T001317,56992,Passenger,C069,Dhanupalli Cantt,Girnarkheda Road,L069-10,288.36,2026-09-17 05:54:00,2026-09-17 06:31:00,HIGH,FORECAST
T001318,31947,Goods,C039,Malwaganj Cantt,Satpuraabad Road,L039-03,58.83,2026-09-13 20:59:00,2026-09-13 21:23:00,MEDIUM,CANCELLED
T001319,13449,Express,C153,Veerkot Jn,Veerkheda Road,L153-01,27.86,2026-09-26 07:50:00,2026-09-26 07:58:00,CRITICAL,SCHEDULED
T001320,57091,Passenger,C150,Udaykot Jn,Sagarpalli,L150-04,28.77,2026-10-13 12:04:00,2026-10-13 12:20:00,HIGH,SCHEDULED
T001321,56056,Passenger,C140,Sundarkot Jn,Haldikheda,L140-09,40.15,2026-10-04 23:41:00,2026-10-04 23:47:00,HIGH,SCHEDULED
T001322,13288,Express,C086,Vindhyakot,Girnarhalli Cantt,L086-06,178.58,2026-09-01 17:46:00,2026-09-01 18:17:00,CRITICAL,SCHEDULED
T001323,14293,Express,C037,Gangaganj Road,Bilaskot,L037-04,32.13,2026-09-28 20:04:00,2026-09-28 20:24:00,CRITICAL,FORECAST
T001324,58668,Passenger,C140,Sundarkot Jn,Haldikheda,L140-03,28.69,2026-09-15 21:56:00,2026-09-15 22:02:00,HIGH,SCHEDULED
T001325,32067,Goods,C009,Konkanganj,Konkankheda,L009-05,209.53,2026-09-21 20:23:00,2026-09-21 21:26:00,MEDIUM,FORECAST
T001326,58011,Passenger,C069,Dhanupalli Cantt,Girnarkheda Road,L069-04,164.65,2026-09-27 09:27:00,2026-09-27 09:51:00,HIGH,FORECAST
T001327,32980,Goods,C163,Dhanuganj Cantt,Veerhalli Jn,L163-04,36.4,2026-09-01 09:44:00,2026-09-01 10:03:00,HIGH,SCHEDULED
T001328,72036,Other,C051,Veerhalli,Shantipalli Cantt,L051-06,149.29,2026-09-22 22:32:00,2026-09-22 23:01:00,LOW,SCHEDULED
T001329,56275,Passenger,C161,Lalitpalli,Kaveripur Cantt,L161-04,15.42,2026-10-14 05:38:00,2026-10-14 05:59:00,HIGH,FORECAST
T001330,31492,Goods,C098,Bilaskheda,Pushkarganj,L098-13,35.6,2026-09-16 03:48:00,2026-09-16 03:54:00,MEDIUM,SCHEDULED
T001331,57654,Passenger,C150,Udaykot Jn,Sagarpalli,L150-10,152.42,2026-09-24 08:14:00,2026-09-24 08:33:00,HIGH,SCHEDULED
T001332,58477,Passenger,C005,Bilaskheda Jn,Malwahalli Cantt,L005-01,49.19,2026-09-28 02:02:00,2026-09-28 02:13:00,LOW,SCHEDULED
T001333,30229,Goods,C051,Veerhalli,Shantipalli Cantt,L051-05,128.3,2026-10-03 21:26:00,2026-10-03 22:09:00,MEDIUM,SCHEDULED
T001334,13443,Express,C123,Satpurapalli,Charankot Cantt,L123-08,113.88,2026-09-10 08:44:00,2026-09-10 09:02:00,CRITICAL,SCHEDULED
T001335,57999,Passenger,C018,Haldiganj,Nilgirigunj Road,L018-03,76.59,2026-09-29 15:43:00,2026-09-29 16:12:00,HIGH,CANCELLED
T001336,12936,Express,C150,Udaykot Jn,Sagarpalli,L150-12,167.61,2026-09-22 16:15:00,2026-09-22 16:27:00,CRITICAL,SCHEDULED
T001337,30566,Goods,C150,Udaykot Jn,Sagarpalli,L150-11,162.07,2026-09-21 22:10:00,2026-09-21 22:33:00,CRITICAL,SCHEDULED
T001338,56889,Passenger,C059,Yamunanagar Jn,Haldikheda,L059-02,30.61,2026-09-02 18:21:00,2026-09-02 19:05:00,HIGH,PROVISIONAL
T001339,71969,Other,C177,Dhanunagar,Bhimakot Cantt,L177-03,45.27,2026-10-15 07:49:00,2026-10-15 08:03:00,LOW,SCHEDULED
T001340,13993,Express,C018,Haldiganj,Nilgirigunj Road,L018-09,213.99,2026-09-22 09:08:00,2026-09-22 09:28:00,CRITICAL,FORECAST
T001341,31308,Goods,C150,Udaykot Jn,Sagarpalli,L150-01,1.98,2026-09-07 17:55:00,2026-09-07 18:25:00,MEDIUM,FORECAST
T001342,58712,Passenger,C153,Veerkot Jn,Veerkheda Road,L153-05,61.15,2026-09-24 17:53:00,2026-09-24 18:08:00,HIGH,FORECAST
T001343,14468,Express,C028,Girnarpalli,Kanhagunj Cantt,L028-03,83.34,2026-10-13 19:18:00,2026-10-13 19:40:00,CRITICAL,SCHEDULED
T001344,14189,Express,C164,Girnarhalli Road,Dhanugunj Cantt,L164-01,46.53,2026-09-02 19:24:00,2026-09-02 19:53:00,CRITICAL,SCHEDULED
T001345,58904,Passenger,C155,Omkarhalli,Sabarkheda Road,L155-09,52.29,2026-09-29 14:56:00,2026-09-29 15:02:00,CRITICAL,SCHEDULED
T001346,72152,Other,C129,Sagargunj Jn,Meeragunj Road,L129-01,0.75,2026-10-06 18:56:00,2026-10-06 19:19:00,LOW,SCHEDULED
T001347,58341,Passenger,C069,Dhanupalli Cantt,Girnarkheda Road,L069-11,333.57,2026-09-20 17:26:00,2026-09-20 18:06:00,HIGH,SCHEDULED
T001348,58725,Passenger,C192,Malwanagar,Devgarhgarh,L192-02,24.47,2026-09-09 14:04:00,2026-09-09 14:19:00,HIGH,SCHEDULED
T001349,13362,Express,C163,Dhanuganj Cantt,Veerhalli Jn,L163-03,28.41,2026-09-29 04:08:00,2026-09-29 04:18:00,CRITICAL,FORECAST
T001350,12266,Express,C176,Vindhyakot Jn,Ranaganj Cantt,L176-04,54.44,2026-09-03 05:14:00,2026-09-03 05:31:00,CRITICAL,SCHEDULED
T001351,14359,Express,C164,Girnarhalli Road,Dhanugunj Cantt,L164-09,325.29,2026-09-09 15:02:00,2026-09-09 15:28:00,CRITICAL,SCHEDULED
T001352,58026,Passenger,C150,Udaykot Jn,Sagarpalli,L150-12,167.61,2026-09-26 19:49:00,2026-09-26 20:07:00,HIGH,PROVISIONAL
T001353,13066,Express,C016,Sabarhalli Road,Ambagunj Road,L016-05,68.39,2026-10-10 06:32:00,2026-10-10 06:53:00,CRITICAL,FORECAST
T001354,31779,Goods,C050,Taragunj,Haldipur Road,L050-07,54.04,2026-09-11 16:07:00,2026-09-11 16:22:00,MEDIUM,SCHEDULED
T001355,70198,Other,C146,Devgarhgunj,Jaisalnagar,L146-02,37.94,2026-09-18 00:53:00,2026-09-18 01:29:00,LOW,SCHEDULED
T001356,57743,Passenger,C123,Satpurapalli,Charankot Cantt,L123-03,31.28,2026-10-06 09:48:00,2026-10-06 10:13:00,HIGH,SCHEDULED
T001357,58775,Passenger,C153,Veerkot Jn,Veerkheda Road,L153-05,61.15,2026-09-06 05:35:00,2026-09-06 05:49:00,HIGH,SCHEDULED
T001358,70626,Other,C059,Yamunanagar Jn,Haldikheda,L059-10,380.23,2026-09-24 20:38:00,2026-09-24 21:32:00,LOW,SCHEDULED
T001359,57437,Passenger,C153,Veerkot Jn,Veerkheda Road,L153-08,92.38,2026-09-21 19:22:00,2026-09-21 19:34:00,HIGH,SCHEDULED
T001360,32587,Goods,C176,Vindhyakot Jn,Ranaganj Cantt,L176-04,54.44,2026-09-24 00:05:00,2026-09-24 00:39:00,MEDIUM,SCHEDULED
T001361,14969,Express,C039,Malwaganj Cantt,Satpuraabad Road,L039-01,1.19,2026-10-13 08:21:00,2026-10-13 08:29:00,CRITICAL,SCHEDULED
T001362,71212,Other,C176,Vindhyakot Jn,Ranaganj Cantt,L176-10,158.5,2026-10-08 09:17:00,2026-10-08 09:46:00,LOW,SCHEDULED
T001363,57418,Passenger,C131,Ashokkot,Narmadagarh Cantt,L131-04,148.79,2026-09-19 04:24:00,2026-09-19 04:55:00,HIGH,SCHEDULED
T001364,13259,Express,C164,Girnarhalli Road,Dhanugunj Cantt,L164-05,185.8,2026-09-21 00:41:00,2026-09-21 01:05:00,CRITICAL,FORECAST
T001365,31914,Goods,C163,Dhanuganj Cantt,Veerhalli Jn,L163-04,36.4,2026-10-03 23:49:00,2026-10-04 00:10:00,MEDIUM,FORECAST
T001366,31490,Goods,C195,Bharatgunj,Taraganj Road,L195-05,93.9,2026-09-26 22:01:00,2026-09-26 22:48:00,HIGH,SCHEDULED
T001367,32680,Goods,C195,Bharatgunj,Taraganj Road,L195-04,60.26,2026-10-14 16:04:00,2026-10-14 17:00:00,MEDIUM,SCHEDULED
T001368,30965,Goods,C150,Udaykot Jn,Sagarpalli,L150-10,152.42,2026-09-13 04:32:00,2026-09-13 04:48:00,MEDIUM,SCHEDULED
T001369,12085,Express,C164,Girnarhalli Road,Dhanugunj Cantt,L164-03,127.28,2026-09-19 15:58:00,2026-09-19 16:23:00,CRITICAL,SCHEDULED
T001370,56291,Passenger,C140,Sundarkot Jn,Haldikheda,L140-08,38.21,2026-10-15 16:32:00,2026-10-15 16:38:00,HIGH,SCHEDULED
T001371,12199,Express,C030,Rohtakpur,Kanhahalli Jn,L030-01,42.79,2026-09-15 19:33:00,2026-09-15 20:34:00,CRITICAL,SCHEDULED
T001372,14729,Express,C175,Devgarhnagar Jn,Tarapur,L175-04,212.09,2026-10-07 10:51:00,2026-10-07 11:36:00,CRITICAL,SCHEDULED
T001373,31865,Goods,C009,Konkanganj,Konkankheda,L009-07,242.71,2026-09-03 03:49:00,2026-09-03 04:47:00,MEDIUM,FORECAST
T001374,30444,Goods,C199,Tarakheda Jn,Bhimagarh,L199-01,47.99,2026-10-02 23:45:00,2026-10-03 00:35:00,MEDIUM,SCHEDULED
T001375,14891,Express,C163,Dhanuganj Cantt,Veerhalli Jn,L163-01,8.76,2026-10-15 06:33:00,2026-10-15 06:42:00,CRITICAL,CANCELLED
T001376,31304,Goods,C140,Sundarkot Jn,Haldikheda,L140-07,37.73,2026-09-29 04:06:00,2026-09-29 04:12:00,MEDIUM,SCHEDULED
T001377,56595,Passenger,C051,Veerhalli,Shantipalli Cantt,L051-01,41.51,2026-09-19 11:11:00,2026-09-19 11:38:00,HIGH,FORECAST
T001378,56469,Passenger,C150,Udaykot Jn,Sagarpalli,L150-06,61.26,2026-09-28 08:53:00,2026-09-28 09:08:00,HIGH,SCHEDULED
T001379,72132,Other,C150,Udaykot Jn,Sagarpalli,L150-05,55.2,2026-10-12 05:37:00,2026-10-12 05:57:00,LOW,SCHEDULED
T001380,57858,Passenger,C129,Sagargunj Jn,Meeragunj Road,L129-01,0.75,2026-09-14 08:54:00,2026-09-14 09:06:00,HIGH,SCHEDULED
T001381,58317,Passenger,C150,Udaykot Jn,Sagarpalli,L150-07,109.46,2026-09-19 18:47:00,2026-09-19 19:01:00,HIGH,SCHEDULED
T001382,72287,Other,C059,Yamunanagar Jn,Haldikheda,L059-01,4.72,2026-09-01 18:44:00,2026-09-01 19:41:00,LOW,SCHEDULED
T001383,13195,Express,C091,Ashokpur,Indrapalli Road,L091-12,77.29,2026-09-16 17:02:00,2026-09-16 17:08:00,CRITICAL,PROVISIONAL
T001384,56085,Passenger,C164,Girnarhalli Road,Dhanugunj Cantt,L164-09,325.29,2026-10-14 02:01:00,2026-10-14 02:43:00,HIGH,SCHEDULED
T001385,72860,Other,C176,Vindhyakot Jn,Ranaganj Cantt,L176-01,21.8,2026-10-05 09:19:00,2026-10-05 09:38:00,MEDIUM,SCHEDULED
T001386,57119,Passenger,C075,Charanpur,Ranahalli Cantt,L075-08,192.11,2026-10-09 15:51:00,2026-10-09 16:18:00,HIGH,SCHEDULED
T001387,32350,Goods,C039,Malwaganj Cantt,Satpuraabad Road,L039-07,116.74,2026-09-28 20:12:00,2026-09-28 20:40:00,MEDIUM,SCHEDULED
T001388,57000,Passenger,C028,Girnarpalli,Kanhagunj Cantt,L028-07,186.56,2026-10-14 17:36:00,2026-10-14 18:19:00,LOW,SCHEDULED
T001389,57438,Passenger,C018,Haldiganj,Nilgirigunj Road,L018-01,55.34,2026-09-17 06:39:00,2026-09-17 06:57:00,HIGH,SCHEDULED
T001390,58005,Passenger,C099,Malwagunj,Gangaganj,L099-06,22.41,2026-10-10 11:33:00,2026-10-10 11:40:00,HIGH,CANCELLED
T001391,58221,Passenger,C069,Dhanupalli Cantt,Girnarkheda Road,L069-08,267.94,2026-09-21 18:19:00,2026-09-21 18:51:00,HIGH,SCHEDULED
T001392,14705,Express,C131,Ashokkot,Narmadagarh Cantt,L131-08,224.31,2026-09-07 12:00:00,2026-09-07 12:17:00,CRITICAL,PROVISIONAL
T001393,31985,Goods,C009,Konkanganj,Konkankheda,L009-07,242.71,2026-09-01 23:41:00,2026-09-02 01:10:00,MEDIUM,FORECAST
T001394,14691,Express,C150,Udaykot Jn,Sagarpalli,L150-09,136.48,2026-09-16 05:49:00,2026-09-16 05:59:00,CRITICAL,PROVISIONAL
T001395,12125,Express,C009,Konkanganj,Konkankheda,L009-07,242.71,2026-09-30 07:09:00,2026-09-30 07:37:00,CRITICAL,SCHEDULED
T001396,56120,Passenger,C069,Dhanupalli Cantt,Girnarkheda Road,L069-12,378.6,2026-09-28 08:16:00,2026-09-28 08:45:00,HIGH,SCHEDULED
T001397,13668,Express,C195,Bharatgunj,Taraganj Road,L195-03,41.77,2026-10-13 21:35:00,2026-10-13 21:54:00,CRITICAL,SCHEDULED
T001398,58408,Passenger,C028,Girnarpalli,Kanhagunj Cantt,L028-11,367.84,2026-09-14 15:40:00,2026-09-14 16:25:00,HIGH,FORECAST
T001399,56457,Passenger,C059,Yamunanagar Jn,Haldikheda,L059-06,354.84,2026-09-01 13:35:00,2026-09-01 14:20:00,HIGH,SCHEDULED
T001400,57738,Passenger,C150,Udaykot Jn,Sagarpalli,L150-12,167.61,2026-09-24 16:10:00,2026-09-24 16:21:00,HIGH,SCHEDULED
T001401,32878,Goods,C084,Devgarhgarh Cantt,Chitraganj,L084-05,111.42,2026-10-03 17:31:00,2026-10-03 18:29:00,MEDIUM,SCHEDULED
T001402,57748,Passenger,C005,Bilaskheda Jn,Malwahalli Cantt,L005-10,133.29,2026-09-30 10:15:00,2026-09-30 10:36:00,HIGH,FORECAST
T001403,56804,Passenger,C069,Dhanupalli Cantt,Girnarkheda Road,L069-04,164.65,2026-09-09 06:33:00,2026-09-09 07:11:00,HIGH,SCHEDULED
T001404,32167,Goods,C131,Ashokkot,Narmadagarh Cantt,L131-10,258.71,2026-10-15 00:15:00,2026-10-15 00:56:00,MEDIUM,FORECAST
T001405,57992,Passenger,C069,Dhanupalli Cantt,Girnarkheda Road,L069-03,48.56,2026-09-14 20:40:00,2026-09-14 21:19:00,HIGH,SCHEDULED
T001406,30439,Goods,C009,Konkanganj,Konkankheda,L009-03,182.63,2026-09-13 05:01:00,2026-09-13 06:02:00,MEDIUM,SCHEDULED
T001407,71625,Other,C196,Devgarhganj,Bharatnagar,L196-10,244.38,2026-10-09 07:24:00,2026-10-09 07:52:00,LOW,FORECAST
T001408,57641,Passenger,C155,Omkarhalli,Sabarkheda Road,L155-07,29.35,2026-09-24 12:57:00,2026-09-24 13:05:00,HIGH,SCHEDULED
T001409,58672,Passenger,C009,Konkanganj,Konkankheda,L009-01,14.97,2026-10-14 16:55:00,2026-10-14 17:38:00,HIGH,SCHEDULED
T001410,56748,Passenger,C115,Konkanpalli,Indrakheda Jn,L115-02,77.35,2026-10-15 10:07:00,2026-10-15 10:32:00,HIGH,SCHEDULED
T001411,13032,Express,C140,Sundarkot Jn,Haldikheda,L140-01,12.21,2026-09-25 15:17:00,2026-09-25 15:23:00,CRITICAL,SCHEDULED
T001412,71025,Other,C108,Krishnakheda,Palanipur,L108-02,152.29,2026-10-08 13:46:00,2026-10-08 14:57:00,LOW,SCHEDULED
T001413,56556,Passenger,C069,Dhanupalli Cantt,Girnarkheda Road,L069-12,378.6,2026-10-07 06:43:00,2026-10-07 07:08:00,HIGH,SCHEDULED
T001414,30889,Goods,C129,Sagargunj Jn,Meeragunj Road,L129-05,53.43,2026-09-10 20:14:00,2026-09-10 20:35:00,MEDIUM,SCHEDULED
T001415,56218,Passenger,C051,Veerhalli,Shantipalli Cantt,L051-03,87.0,2026-10-13 07:27:00,2026-10-13 07:47:00,HIGH,SCHEDULED
T001416,58406,Passenger,C037,Gangaganj Road,Bilaskot,L037-07,224.52,2026-10-06 10:32:00,2026-10-06 11:03:00,HIGH,SCHEDULED
T001417,58478,Passenger,C164,Girnarhalli Road,Dhanugunj Cantt,L164-06,229.92,2026-09-10 20:06:00,2026-09-10 20:38:00,HIGH,SCHEDULED
T001418,56257,Passenger,C176,Vindhyakot Jn,Ranaganj Cantt,L176-11,200.35,2026-09-19 18:07:00,2026-09-19 18:23:00,HIGH,SCHEDULED
T001419,31810,Goods,C050,Taragunj,Haldipur Road,L050-10,121.98,2026-09-01 00:18:00,2026-09-01 00:40:00,MEDIUM,SCHEDULED
T001420,57386,Passenger,C059,Yamunanagar Jn,Haldikheda,L059-03,215.56,2026-09-22 05:24:00,2026-09-22 06:12:00,HIGH,PROVISIONAL
T001421,30629,Goods,C150,Udaykot Jn,Sagarpalli,L150-07,109.46,2026-10-15 21:30:00,2026-10-15 21:48:00,MEDIUM,SCHEDULED
T001422,57191,Passenger,C140,Sundarkot Jn,Haldikheda,L140-06,35.5,2026-09-08 16:13:00,2026-09-08 16:19:00,HIGH,SCHEDULED
T001423,57755,Passenger,C140,Sundarkot Jn,Haldikheda,L140-09,40.15,2026-09-13 01:49:00,2026-09-13 01:55:00,HIGH,FORECAST
T001424,56232,Passenger,C005,Bilaskheda Jn,Malwahalli Cantt,L005-10,133.29,2026-09-19 09:26:00,2026-09-19 09:43:00,HIGH,CANCELLED
T001425,14991,Express,C140,Sundarkot Jn,Haldikheda,L140-04,29.07,2026-09-01 20:13:00,2026-09-01 20:19:00,CRITICAL,SCHEDULED
T001426,57218,Passenger,C069,Dhanupalli Cantt,Girnarkheda Road,L069-12,378.6,2026-09-17 18:52:00,2026-09-17 19:34:00,HIGH,SCHEDULED
T001427,31908,Goods,C123,Satpurapalli,Charankot Cantt,L123-09,208.13,2026-10-04 04:09:00,2026-10-04 04:46:00,MEDIUM,PROVISIONAL
T001428,13843,Express,C140,Sundarkot Jn,Haldikheda,L140-08,38.21,2026-10-04 17:21:00,2026-10-04 17:27:00,CRITICAL,SCHEDULED
T001429,58440,Passenger,C131,Ashokkot,Narmadagarh Cantt,L131-03,120.06,2026-09-18 22:54:00,2026-09-18 23:17:00,HIGH,CANCELLED
T001430,58978,Passenger,C123,Satpurapalli,Charankot Cantt,L123-08,113.88,2026-09-10 17:41:00,2026-09-10 18:14:00,HIGH,SCHEDULED
T001431,70012,Other,C164,Girnarhalli Road,Dhanugunj Cantt,L164-10,357.49,2026-10-05 22:01:00,2026-10-05 22:55:00,LOW,FORECAST
T001432,13692,Express,C150,Udaykot Jn,Sagarpalli,L150-07,109.46,2026-09-09 19:37:00,2026-09-09 19:49:00,MEDIUM,FORECAST
T001433,57498,Passenger,C009,Konkanganj,Konkankheda,L009-07,242.71,2026-10-13 19:28:00,2026-10-13 20:10:00,HIGH,SCHEDULED
T001434,12942,Express,C150,Udaykot Jn,Sagarpalli,L150-08,125.81,2026-09-25 17:36:00,2026-09-25 17:44:00,CRITICAL,SCHEDULED
T001435,57589,Passenger,C150,Udaykot Jn,Sagarpalli,L150-06,61.26,2026-09-27 21:46:00,2026-09-27 22:05:00,HIGH,SCHEDULED
T001436,56834,Passenger,C199,Tarakheda Jn,Bhimagarh,L199-07,226.99,2026-09-27 18:01:00,2026-09-27 18:30:00,HIGH,SCHEDULED
T001437,32525,Goods,C163,Dhanuganj Cantt,Veerhalli Jn,L163-10,113.37,2026-09-26 01:21:00,2026-09-26 01:47:00,MEDIUM,SCHEDULED
T001438,58437,Passenger,C129,Sagargunj Jn,Meeragunj Road,L129-02,8.42,2026-10-13 11:20:00,2026-10-13 11:33:00,CRITICAL,SCHEDULED
T001439,70728,Other,C140,Sundarkot Jn,Haldikheda,L140-07,37.73,2026-09-24 12:42:00,2026-09-24 12:48:00,LOW,SCHEDULED
T001440,56627,Passenger,C140,Sundarkot Jn,Haldikheda,L140-08,38.21,2026-09-26 14:49:00,2026-09-26 14:55:00,HIGH,SCHEDULED
T001441,13345,Express,C050,Taragunj,Haldipur Road,L050-07,54.04,2026-09-17 19:47:00,2026-09-17 19:55:00,CRITICAL,FORECAST
T001442,58542,Passenger,C196,Devgarhganj,Bharatnagar,L196-03,65.18,2026-09-18 20:53:00,2026-09-18 21:20:00,HIGH,SCHEDULED
T001443,58923,Passenger,C131,Ashokkot,Narmadagarh Cantt,L131-03,120.06,2026-09-16 21:59:00,2026-09-16 22:45:00,HIGH,SCHEDULED
T001444,32059,Goods,C069,Dhanupalli Cantt,Girnarkheda Road,L069-12,378.6,2026-09-01 22:40:00,2026-09-01 23:26:00,MEDIUM,SCHEDULED
T001445,70915,Other,C074,Chandrapalli Cantt,Nilgirikheda,L074-03,10.97,2026-10-04 14:34:00,2026-10-04 14:57:00,LOW,CANCELLED
T001446,30114,Goods,C150,Udaykot Jn,Sagarpalli,L150-08,125.81,2026-09-06 16:41:00,2026-09-06 17:17:00,MEDIUM,FORECAST
T001447,30540,Goods,C018,Haldiganj,Nilgirigunj Road,L018-01,55.34,2026-09-20 14:35:00,2026-09-20 15:31:00,MEDIUM,CANCELLED
T001448,71527,Other,C188,Charanpur,Gangagunj,L188-02,11.8,2026-10-09 20:23:00,2026-10-09 20:42:00,LOW,SCHEDULED
T001449,56970,Passenger,C059,Yamunanagar Jn,Haldikheda,L059-10,380.23,2026-09-19 06:09:00,2026-09-19 06:49:00,HIGH,FORECAST
T001450,14642,Express,C071,Jaisalhalli Cantt,Veergarh Road,L071-05,178.19,2026-09-23 08:42:00,2026-09-23 09:11:00,CRITICAL,SCHEDULED
T001451,57199,Passenger,C150,Udaykot Jn,Sagarpalli,L150-11,162.07,2026-10-02 23:44:00,2026-10-02 23:58:00,HIGH,CANCELLED
T001452,57499,Passenger,C163,Dhanuganj Cantt,Veerhalli Jn,L163-01,8.76,2026-10-14 17:00:00,2026-10-14 17:08:00,HIGH,SCHEDULED
T001453,30523,Goods,C051,Veerhalli,Shantipalli Cantt,L051-01,41.51,2026-09-24 19:58:00,2026-09-24 20:29:00,MEDIUM,SCHEDULED
T001454,58803,Passenger,C129,Sagargunj Jn,Meeragunj Road,L129-04,51.91,2026-09-08 07:43:00,2026-09-08 08:00:00,HIGH,SCHEDULED
T001455,57734,Passenger,C069,Dhanupalli Cantt,Girnarkheda Road,L069-11,333.57,2026-10-15 05:45:00,2026-10-15 06:35:00,HIGH,SCHEDULED
T001456,71696,Other,C163,Dhanuganj Cantt,Veerhalli Jn,L163-04,36.4,2026-09-03 12:21:00,2026-09-03 12:35:00,LOW,SCHEDULED
T001457,70787,Other,C074,Chandrapalli Cantt,Nilgirikheda,L074-05,22.41,2026-10-04 05:59:00,2026-10-04 06:16:00,LOW,SCHEDULED
T001458,30490,Goods,C050,Taragunj,Haldipur Road,L050-11,126.85,2026-10-02 07:49:00,2026-10-02 08:15:00,MEDIUM,SCHEDULED
T001459,58807,Passenger,C018,Haldiganj,Nilgirigunj Road,L018-07,174.74,2026-09-06 17:59:00,2026-09-06 18:25:00,HIGH,SCHEDULED
T001460,12532,Express,C069,Dhanupalli Cantt,Girnarkheda Road,L069-11,333.57,2026-09-22 06:41:00,2026-09-22 07:06:00,CRITICAL,SCHEDULED
T001461,30472,Goods,C099,Malwagunj,Gangaganj,L099-10,60.2,2026-09-13 04:16:00,2026-09-13 04:25:00,MEDIUM,SCHEDULED
T001462,57149,Passenger,C131,Ashokkot,Narmadagarh Cantt,L131-06,167.76,2026-09-03 14:28:00,2026-09-03 15:04:00,HIGH,SCHEDULED
T001463,56955,Passenger,C115,Konkanpalli,Indrakheda Jn,L115-03,133.82,2026-09-24 19:42:00,2026-09-24 20:18:00,HIGH,SCHEDULED
T001464,30936,Goods,C009,Konkanganj,Konkankheda,L009-02,62.41,2026-10-12 23:33:00,2026-10-13 00:51:00,MEDIUM,SCHEDULED
T001465,13227,Express,C086,Vindhyakot,Girnarhalli Cantt,L086-04,63.03,2026-09-10 18:03:00,2026-09-10 18:38:00,CRITICAL,FORECAST
T001466,31494,Goods,C069,Dhanupalli Cantt,Girnarkheda Road,L069-12,378.6,2026-10-07 20:10:00,2026-10-07 20:48:00,MEDIUM,PROVISIONAL
T001467,70406,Other,C069,Dhanupalli Cantt,Girnarkheda Road,L069-02,35.6,2026-10-14 11:52:00,2026-10-14 12:38:00,LOW,FORECAST
T001468,71624,Other,C155,Omkarhalli,Sabarkheda Road,L155-08,49.19,2026-10-13 09:53:00,2026-10-13 10:00:00,LOW,SCHEDULED
T001469,30861,Goods,C176,Vindhyakot Jn,Ranaganj Cantt,L176-06,96.69,2026-09-08 06:02:00,2026-09-08 06:37:00,CRITICAL,SCHEDULED
T001470,57271,Passenger,C199,Tarakheda Jn,Bhimagarh,L199-11,303.6,2026-10-08 09:44:00,2026-10-08 10:07:00,HIGH,PROVISIONAL
T001471,57034,Passenger,C071,Jaisalhalli Cantt,Veergarh Road,L071-05,178.19,2026-09-02 05:23:00,2026-09-02 06:08:00,HIGH,SCHEDULED
T001472,30003,Goods,C150,Udaykot Jn,Sagarpalli,L150-06,61.26,2026-09-28 01:57:00,2026-09-28 02:13:00,MEDIUM,SCHEDULED
T001473,13202,Express,C164,Girnarhalli Road,Dhanugunj Cantt,L164-05,185.8,2026-10-08 07:18:00,2026-10-08 07:45:00,CRITICAL,SCHEDULED
T001474,31829,Goods,C069,Dhanupalli Cantt,Girnarkheda Road,L069-11,333.57,2026-09-29 09:34:00,2026-09-29 10:28:00,MEDIUM,SCHEDULED
T001475,31774,Goods,C150,Udaykot Jn,Sagarpalli,L150-01,1.98,2026-10-11 09:19:00,2026-10-11 09:40:00,MEDIUM,SCHEDULED
T001476,70430,Other,C071,Jaisalhalli Cantt,Veergarh Road,L071-02,17.02,2026-09-01 22:22:00,2026-09-01 23:05:00,LOW,SCHEDULED
T001477,57130,Passenger,C140,Sundarkot Jn,Haldikheda,L140-04,29.07,2026-10-05 20:47:00,2026-10-05 20:53:00,HIGH,SCHEDULED
T001478,32751,Goods,C029,Charankot,Sagarkot,L029-02,31.19,2026-09-08 20:47:00,2026-09-08 21:07:00,MEDIUM,SCHEDULED
T001479,57693,Passenger,C051,Veerhalli,Shantipalli Cantt,L051-08,173.27,2026-10-05 06:06:00,2026-10-05 06:32:00,HIGH,SCHEDULED
T001480,31806,Goods,C002,Vindhyakot,Sagarkheda Cantt,L002-03,18.69,2026-09-18 22:04:00,2026-09-18 23:06:00,MEDIUM,SCHEDULED
T001481,72725,Other,C175,Devgarhnagar Jn,Tarapur,L175-02,167.66,2026-09-26 22:55:00,2026-09-26 23:54:00,LOW,SCHEDULED
T001482,57454,Passenger,C074,Chandrapalli Cantt,Nilgirikheda,L074-03,10.97,2026-10-09 21:19:00,2026-10-09 21:26:00,HIGH,FORECAST
T001483,58043,Passenger,C051,Veerhalli,Shantipalli Cantt,L051-01,41.51,2026-09-19 07:51:00,2026-09-19 08:16:00,HIGH,SCHEDULED
T001484,56151,Passenger,C047,Vindhyapalli Jn,Dhanukot,L047-07,110.05,2026-09-03 16:21:00,2026-09-03 16:48:00,HIGH,FORECAST
T001485,58092,Passenger,C150,Udaykot Jn,Sagarpalli,L150-05,55.2,2026-09-04 15:57:00,2026-09-04 16:16:00,HIGH,CANCELLED
T001486,58044,Passenger,C123,Satpurapalli,Charankot Cantt,L123-07,94.28,2026-10-13 20:20:00,2026-10-13 20:43:00,HIGH,FORECAST
T001487,13654,Express,C002,Vindhyakot,Sagarkheda Cantt,L002-01,3.31,2026-09-04 16:01:00,2026-09-04 16:24:00,CRITICAL,SCHEDULED
T001488,56672,Passenger,C039,Malwaganj Cantt,Satpuraabad Road,L039-03,58.83,2026-10-11 14:50:00,2026-10-11 15:08:00,HIGH,PROVISIONAL
T001489,30922,Goods,C131,Ashokkot,Narmadagarh Cantt,L131-06,167.76,2026-10-10 01:49:00,2026-10-10 03:00:00,MEDIUM,PROVISIONAL
T001490,14060,Express,C192,Malwanagar,Devgarhgarh,L192-01,20.94,2026-10-01 08:31:00,2026-10-01 08:41:00,CRITICAL,FORECAST
T001491,14842,Express,C176,Vindhyakot Jn,Ranaganj Cantt,L176-05,77.47,2026-10-14 13:35:00,2026-10-14 13:44:00,CRITICAL,CANCELLED
T001492,57966,Passenger,C060,Ranaabad,Udayganj Cantt,L060-05,179.81,2026-09-26 03:27:00,2026-09-26 03:58:00,HIGH,SCHEDULED
T001493,31315,Goods,C192,Malwanagar,Devgarhgarh,L192-03,25.29,2026-09-27 23:10:00,2026-09-27 23:43:00,MEDIUM,FORECAST
T001494,31787,Goods,C164,Girnarhalli Road,Dhanugunj Cantt,L164-05,185.8,2026-09-18 01:08:00,2026-09-18 02:14:00,MEDIUM,SCHEDULED
T001495,71538,Other,C026,Sabarabad Cantt,Chitrakot,L026-06,27.69,2026-09-28 15:28:00,2026-09-28 15:34:00,LOW,PROVISIONAL
T001496,70352,Other,C140,Sundarkot Jn,Haldikheda,L140-03,28.69,2026-09-11 17:58:00,2026-09-11 18:05:00,LOW,SCHEDULED
T001497,14441,Express,C150,Udaykot Jn,Sagarpalli,L150-11,162.07,2026-09-14 19:13:00,2026-09-14 19:25:00,CRITICAL,SCHEDULED
T001498,57822,Passenger,C155,Omkarhalli,Sabarkheda Road,L155-01,0.57,2026-09-02 15:52:00,2026-09-02 15:58:00,HIGH,SCHEDULED
T001499,13242,Express,C140,Sundarkot Jn,Haldikheda,L140-11,44.31,2026-09-26 08:35:00,2026-09-26 08:41:00,CRITICAL,CANCELLED
T001500,14511,Express,C051,Veerhalli,Shantipalli Cantt,L051-03,87.0,2026-10-04 20:13:00,2026-10-04 20:30:00,CRITICAL,PROVISIONAL
T001501,56715,Passenger,C018,Haldiganj,Nilgirigunj Road,L018-03,76.59,2026-10-14 11:20:00,2026-10-14 11:47:00,HIGH,SCHEDULED
T001502,56710,Passenger,C059,Yamunanagar Jn,Haldikheda,L059-05,332.86,2026-09-07 13:06:00,2026-09-07 13:48:00,HIGH,SCHEDULED
T001503,56994,Passenger,C009,Konkanganj,Konkankheda,L009-03,182.63,2026-10-13 17:47:00,2026-10-13 18:35:00,HIGH,SCHEDULED
T001504,13783,Express,C039,Malwaganj Cantt,Satpuraabad Road,L039-05,81.18,2026-09-12 08:47:00,2026-09-12 08:57:00,CRITICAL,FORECAST
T001505,58310,Passenger,C140,Sundarkot Jn,Haldikheda,L140-02,16.52,2026-09-02 17:15:00,2026-09-02 17:21:00,HIGH,SCHEDULED
T001506,13160,Express,C091,Ashokpur,Indrapalli Road,L091-06,26.81,2026-09-28 11:00:00,2026-09-28 11:06:00,CRITICAL,SCHEDULED
T001507,56277,Passenger,C115,Konkanpalli,Indrakheda Jn,L115-07,241.36,2026-09-01 10:51:00,2026-09-01 11:26:00,HIGH,SCHEDULED
T001508,70772,Other,C059,Yamunanagar Jn,Haldikheda,L059-02,30.61,2026-09-08 23:14:00,2026-09-09 00:01:00,LOW,PROVISIONAL
T001509,72247,Other,C071,Jaisalhalli Cantt,Veergarh Road,L071-04,70.92,2026-09-05 16:44:00,2026-09-05 17:55:00,LOW,SCHEDULED
T001510,56061,Passenger,C129,Sagargunj Jn,Meeragunj Road,L129-06,56.17,2026-10-09 13:19:00,2026-10-09 13:33:00,HIGH,CANCELLED
T001511,56524,Passenger,C131,Ashokkot,Narmadagarh Cantt,L131-04,148.79,2026-10-11 18:20:00,2026-10-11 18:57:00,HIGH,SCHEDULED
T001512,30363,Goods,C069,Dhanupalli Cantt,Girnarkheda Road,L069-11,333.57,2026-10-11 00:35:00,2026-10-11 01:32:00,MEDIUM,FORECAST
T001513,12962,Express,C140,Sundarkot Jn,Haldikheda,L140-10,40.29,2026-09-21 08:56:00,2026-09-21 09:02:00,CRITICAL,SCHEDULED
T001514,57049,Passenger,C059,Yamunanagar Jn,Haldikheda,L059-02,30.61,2026-10-14 15:42:00,2026-10-14 16:33:00,HIGH,FORECAST
T001515,58652,Passenger,C051,Veerhalli,Shantipalli Cantt,L051-10,201.08,2026-09-18 05:42:00,2026-09-18 06:14:00,MEDIUM,SCHEDULED
T001516,58640,Passenger,C098,Bilaskheda,Pushkarganj,L098-05,8.04,2026-10-11 00:27:00,2026-10-11 00:33:00,HIGH,SCHEDULED
T001517,72685,Other,C129,Sagargunj Jn,Meeragunj Road,L129-03,24.57,2026-10-11 01:28:00,2026-10-11 01:45:00,LOW,SCHEDULED
T001518,58733,Passenger,C026,Sabarabad Cantt,Chitrakot,L026-06,27.69,2026-10-08 20:06:00,2026-10-08 20:12:00,HIGH,SCHEDULED
T001519,56995,Passenger,C199,Tarakheda Jn,Bhimagarh,L199-11,303.6,2026-09-01 10:01:00,2026-09-01 10:40:00,HIGH,SCHEDULED
T001520,56106,Passenger,C098,Bilaskheda,Pushkarganj,L098-11,28.84,2026-09-11 05:32:00,2026-09-11 05:38:00,HIGH,CANCELLED
T001521,31813,Goods,C098,Bilaskheda,Pushkarganj,L098-04,6.36,2026-10-01 04:50:00,2026-10-01 04:56:00,MEDIUM,SCHEDULED
T001522,14504,Express,C011,Tarapur,Bilaspalli Jn,L011-03,44.14,2026-09-12 04:29:00,2026-09-12 04:46:00,CRITICAL,FORECAST
T001523,57167,Passenger,C050,Taragunj,Haldipur Road,L050-02,30.2,2026-09-21 12:37:00,2026-09-21 12:50:00,HIGH,PROVISIONAL
T001524,32087,Goods,C155,Omkarhalli,Sabarkheda Road,L155-02,8.52,2026-09-14 16:00:00,2026-09-14 16:10:00,MEDIUM,SCHEDULED
T001525,58911,Passenger,C069,Dhanupalli Cantt,Girnarkheda Road,L069-06,194.8,2026-09-26 16:07:00,2026-09-26 16:37:00,HIGH,CANCELLED
T001526,58265,Passenger,C150,Udaykot Jn,Sagarpalli,L150-09,136.48,2026-10-13 18:58:00,2026-10-13 19:18:00,MEDIUM,SCHEDULED
T001527,57906,Passenger,C176,Vindhyakot Jn,Ranaganj Cantt,L176-05,77.47,2026-09-19 04:48:00,2026-09-19 05:09:00,HIGH,SCHEDULED
T001528,58200,Passenger,C080,Pushkarabad,Lalitkot Jn,L080-01,79.67,2026-09-03 06:34:00,2026-09-03 07:24:00,HIGH,FORECAST
T001529,58613,Passenger,C164,Girnarhalli Road,Dhanugunj Cantt,L164-04,137.62,2026-10-02 07:26:00,2026-10-02 08:19:00,HIGH,FORECAST
T001530,70377,Other,C026,Sabarabad Cantt,Chitrakot,L026-05,23.62,2026-09-02 01:58:00,2026-09-02 02:04:00,LOW,SCHEDULED
T001531,31476,Goods,C140,Sundarkot Jn,Haldikheda,L140-05,34.07,2026-09-26 20:01:00,2026-09-26 20:11:00,MEDIUM,FORECAST
T001532,30169,Goods,C176,Vindhyakot Jn,Ranaganj Cantt,L176-07,116.6,2026-09-24 09:03:00,2026-09-24 09:35:00,MEDIUM,SCHEDULED
T001533,56341,Passenger,C199,Tarakheda Jn,Bhimagarh,L199-02,90.33,2026-10-07 20:21:00,2026-10-07 20:52:00,HIGH,SCHEDULED
T001534,13493,Express,C164,Girnarhalli Road,Dhanugunj Cantt,L164-05,185.8,2026-10-10 12:51:00,2026-10-10 13:11:00,CRITICAL,SCHEDULED
T001535,56021,Passenger,C163,Dhanuganj Cantt,Veerhalli Jn,L163-06,67.58,2026-09-18 19:08:00,2026-09-18 19:23:00,HIGH,FORECAST
T001536,56777,Passenger,C059,Yamunanagar Jn,Haldikheda,L059-01,4.72,2026-10-12 22:28:00,2026-10-12 23:13:00,HIGH,FORECAST
T001537,56981,Passenger,C131,Ashokkot,Narmadagarh Cantt,L131-08,224.31,2026-09-25 18:01:00,2026-09-25 18:26:00,HIGH,SCHEDULED
T001538,57128,Passenger,C195,Bharatgunj,Taraganj Road,L195-01,21.94,2026-09-07 20:08:00,2026-09-07 20:37:00,HIGH,FORECAST
T001539,57596,Passenger,C009,Konkanganj,Konkankheda,L009-04,201.98,2026-09-25 15:59:00,2026-09-25 16:42:00,HIGH,SCHEDULED
T001540,56702,Passenger,C018,Haldiganj,Nilgirigunj Road,L018-01,55.34,2026-09-28 17:52:00,2026-09-28 18:27:00,HIGH,SCHEDULED
T001541,13744,Express,C050,Taragunj,Haldipur Road,L050-01,18.15,2026-10-14 17:46:00,2026-10-14 17:54:00,CRITICAL,SCHEDULED
T001542,32643,Goods,C163,Dhanuganj Cantt,Veerhalli Jn,L163-03,28.41,2026-09-21 03:26:00,2026-09-21 03:51:00,MEDIUM,SCHEDULED
T001543,30713,Goods,C016,Sabarhalli Road,Ambagunj Road,L016-02,8.94,2026-10-09 00:53:00,2026-10-09 01:32:00,MEDIUM,SCHEDULED
T001544,57048,Passenger,C155,Omkarhalli,Sabarkheda Road,L155-10,58.13,2026-09-27 17:34:00,2026-09-27 17:41:00,HIGH,PROVISIONAL
T001545,13882,Express,C050,Taragunj,Haldipur Road,L050-05,36.84,2026-09-12 18:02:00,2026-09-12 18:09:00,CRITICAL,PROVISIONAL
T001546,13032,Express,C161,Lalitpalli,Kaveripur Cantt,L161-09,168.0,2026-09-08 18:06:00,2026-09-08 18:22:00,CRITICAL,SCHEDULED
T001547,31679,Goods,C123,Satpurapalli,Charankot Cantt,L123-07,94.28,2026-10-13 02:49:00,2026-10-13 03:38:00,MEDIUM,SCHEDULED
T001548,32874,Goods,C140,Sundarkot Jn,Haldikheda,L140-06,35.5,2026-09-03 21:36:00,2026-09-03 21:43:00,MEDIUM,PROVISIONAL
T001549,71751,Other,C164,Girnarhalli Road,Dhanugunj Cantt,L164-03,127.28,2026-09-17 13:56:00,2026-09-17 14:57:00,LOW,SCHEDULED
T001550,32252,Goods,C050,Taragunj,Haldipur Road,L050-02,30.2,2026-09-18 03:15:00,2026-09-18 03:40:00,MEDIUM,SCHEDULED
T001551,58688,Passenger,C193,Bilaskheda Jn,Devgarhkheda,L193-01,79.62,2026-09-18 05:46:00,2026-09-18 06:22:00,LOW,SCHEDULED
T001552,58135,Passenger,C028,Girnarpalli,Kanhagunj Cantt,L028-01,12.06,2026-09-20 11:45:00,2026-09-20 12:31:00,HIGH,FORECAST
T001553,72341,Other,C075,Charanpur,Ranahalli Cantt,L075-04,162.18,2026-09-12 07:17:00,2026-09-12 07:41:00,LOW,SCHEDULED
T001554,14276,Express,C069,Dhanupalli Cantt,Girnarkheda Road,L069-01,22.53,2026-09-03 17:57:00,2026-09-03 18:21:00,CRITICAL,SCHEDULED
T001555,30562,Goods,C050,Taragunj,Haldipur Road,L050-10,121.98,2026-10-15 15:52:00,2026-10-15 16:12:00,MEDIUM,SCHEDULED
T001556,14205,Express,C028,Girnarpalli,Kanhagunj Cantt,L028-02,47.72,2026-09-28 20:21:00,2026-09-28 20:45:00,CRITICAL,SCHEDULED
T001557,31654,Goods,C195,Bharatgunj,Taraganj Road,L195-03,41.77,2026-09-30 14:34:00,2026-09-30 15:31:00,MEDIUM,SCHEDULED
T001558,30726,Goods,C140,Sundarkot Jn,Haldikheda,L140-10,40.29,2026-09-06 14:06:00,2026-09-06 14:16:00,MEDIUM,SCHEDULED
T001559,57313,Passenger,C163,Dhanuganj Cantt,Veerhalli Jn,L163-11,115.88,2026-09-13 16:53:00,2026-09-13 17:02:00,HIGH,SCHEDULED
T001560,56503,Passenger,C131,Ashokkot,Narmadagarh Cantt,L131-06,167.76,2026-09-17 07:09:00,2026-09-17 07:37:00,HIGH,SCHEDULED
T001561,13595,Express,C114,Satpuraganj,Shantikheda,L114-01,44.87,2026-09-11 08:47:00,2026-09-11 09:32:00,CRITICAL,FORECAST
T001562,13583,Express,C050,Taragunj,Haldipur Road,L050-11,126.85,2026-09-19 21:49:00,2026-09-19 21:56:00,CRITICAL,FORECAST
T001563,57670,Passenger,C123,Satpurapalli,Charankot Cantt,L123-08,113.88,2026-09-24 14:18:00,2026-09-24 14:44:00,HIGH,FORECAST
T001564,56541,Passenger,C199,Tarakheda Jn,Bhimagarh,L199-11,303.6,2026-09-03 17:18:00,2026-09-03 17:43:00,HIGH,PROVISIONAL
T001565,57886,Passenger,C140,Sundarkot Jn,Haldikheda,L140-09,40.15,2026-10-02 04:44:00,2026-10-02 04:50:00,LOW,SCHEDULED
T001566,31707,Goods,C199,Tarakheda Jn,Bhimagarh,L199-10,287.98,2026-09-23 03:42:00,2026-09-23 04:16:00,MEDIUM,FORECAST
T001567,30041,Goods,C199,Tarakheda Jn,Bhimagarh,L199-02,90.33,2026-09-30 14:54:00,2026-09-30 15:49:00,MEDIUM,SCHEDULED
T001568,31627,Goods,C123,Satpurapalli,Charankot Cantt,L123-04,31.64,2026-10-04 20:23:00,2026-10-04 21:09:00,MEDIUM,FORECAST
T001569,32294,Goods,C150,Udaykot Jn,Sagarpalli,L150-11,162.07,2026-09-03 07:36:00,2026-09-03 08:03:00,MEDIUM,SCHEDULED
T001570,31479,Goods,C026,Sabarabad Cantt,Chitrakot,L026-07,34.73,2026-09-04 02:50:00,2026-09-04 02:58:00,MEDIUM,SCHEDULED
T001571,32005,Goods,C155,Omkarhalli,Sabarkheda Road,L155-01,0.57,2026-09-26 22:30:00,2026-09-26 22:42:00,CRITICAL,SCHEDULED
T001572,58696,Passenger,C083,Chitrakheda,Sundarhalli,L083-08,321.91,2026-10-02 07:26:00,2026-10-02 08:25:00,HIGH,FORECAST
T001573,56545,Passenger,C129,Sagargunj Jn,Meeragunj Road,L129-05,53.43,2026-09-04 13:10:00,2026-09-04 13:26:00,HIGH,FORECAST
T001574,12711,Express,C123,Satpurapalli,Charankot Cantt,L123-05,42.98,2026-09-09 17:54:00,2026-09-09 18:14:00,CRITICAL,FORECAST
T001575,14794,Express,C140,Sundarkot Jn,Haldikheda,L140-07,37.73,2026-09-14 14:44:00,2026-09-14 14:50:00,CRITICAL,SCHEDULED
T001576,58796,Passenger,C155,Omkarhalli,Sabarkheda Road,L155-07,29.35,2026-10-09 19:17:00,2026-10-09 19:25:00,HIGH,PROVISIONAL
T001577,31045,Goods,C140,Sundarkot Jn,Haldikheda,L140-04,29.07,2026-09-08 02:07:00,2026-09-08 02:18:00,MEDIUM,SCHEDULED
T001578,58405,Passenger,C115,Konkanpalli,Indrakheda Jn,L115-05,175.66,2026-09-20 08:11:00,2026-09-20 08:38:00,HIGH,SCHEDULED
T001579,57553,Passenger,C115,Konkanpalli,Indrakheda Jn,L115-01,50.74,2026-09-02 07:34:00,2026-09-02 08:09:00,HIGH,SCHEDULED
T001580,57018,Passenger,C176,Vindhyakot Jn,Ranaganj Cantt,L176-07,116.6,2026-09-12 23:11:00,2026-09-12 23:23:00,HIGH,FORECAST
T001581,30017,Goods,C076,Jaisalnagar Jn,Veerpalli,L076-04,210.74,2026-09-23 04:54:00,2026-09-23 06:04:00,MEDIUM,SCHEDULED
T001582,70403,Other,C028,Girnarpalli,Kanhagunj Cantt,L028-02,47.72,2026-10-04 04:14:00,2026-10-04 05:00:00,LOW,SCHEDULED
T001583,31010,Goods,C163,Dhanuganj Cantt,Veerhalli Jn,L163-06,67.58,2026-10-09 18:04:00,2026-10-09 18:32:00,MEDIUM,SCHEDULED
T001584,12595,Express,C150,Udaykot Jn,Sagarpalli,L150-04,28.77,2026-10-09 14:44:00,2026-10-09 14:55:00,CRITICAL,SCHEDULED
T001585,58002,Passenger,C069,Dhanupalli Cantt,Girnarkheda Road,L069-05,175.88,2026-09-06 20:16:00,2026-09-06 20:49:00,HIGH,SCHEDULED
T001586,58357,Passenger,C131,Ashokkot,Narmadagarh Cantt,L131-06,167.76,2026-10-06 10:04:00,2026-10-06 10:32:00,HIGH,SCHEDULED
T001587,56156,Passenger,C164,Girnarhalli Road,Dhanugunj Cantt,L164-09,325.29,2026-10-02 17:48:00,2026-10-02 18:41:00,HIGH,SCHEDULED
T001588,13696,Express,C136,Lalitpalli,Sabarabad Road,L136-09,145.21,2026-10-07 17:30:00,2026-10-07 17:39:00,CRITICAL,SCHEDULED
T001589,58467,Passenger,C009,Konkanganj,Konkankheda,L009-06,222.21,2026-10-05 16:00:00,2026-10-05 16:37:00,HIGH,SCHEDULED
T001590,32823,Goods,C140,Sundarkot Jn,Haldikheda,L140-03,28.69,2026-09-12 08:38:00,2026-09-12 08:46:00,MEDIUM,SCHEDULED
T001591,14019,Express,C069,Dhanupalli Cantt,Girnarkheda Road,L069-03,48.56,2026-10-03 06:48:00,2026-10-03 07:13:00,CRITICAL,SCHEDULED
T001592,13949,Express,C143,Gangapur,Charangunj Jn,L143-02,43.69,2026-09-09 11:31:00,2026-09-09 11:57:00,CRITICAL,FORECAST
T001593,56833,Passenger,C164,Girnarhalli Road,Dhanugunj Cantt,L164-04,137.62,2026-09-08 17:29:00,2026-09-08 18:06:00,HIGH,SCHEDULED
T001594,13552,Express,C129,Sagargunj Jn,Meeragunj Road,L129-01,0.75,2026-10-10 08:40:00,2026-10-10 08:49:00,CRITICAL,SCHEDULED
T001595,30477,Goods,C144,Kanhaganj Cantt,Udayabad Cantt,L144-01,36.58,2026-09-11 21:03:00,2026-09-11 22:16:00,CRITICAL,SCHEDULED
T001596,30852,Goods,C150,Udaykot Jn,Sagarpalli,L150-03,22.68,2026-09-28 00:57:00,2026-09-28 01:26:00,MEDIUM,SCHEDULED
T001597,31245,Goods,C151,Omkarabad Cantt,Gangapalli Cantt,L151-01,60.67,2026-10-08 19:45:00,2026-10-08 21:08:00,CRITICAL,SCHEDULED
T001598,57885,Passenger,C155,Omkarhalli,Sabarkheda Road,L155-02,8.52,2026-10-09 13:11:00,2026-10-09 13:17:00,HIGH,SCHEDULED
T001599,31043,Goods,C114,Satpuraganj,Shantikheda,L114-03,128.68,2026-09-02 22:19:00,2026-09-03 00:05:00,MEDIUM,SCHEDULED
T001600,14962,Express,C059,Yamunanagar Jn,Haldikheda,L059-03,215.56,2026-09-12 07:08:00,2026-09-12 07:28:00,CRITICAL,SCHEDULED
T001601,14808,Express,C039,Malwaganj Cantt,Satpuraabad Road,L039-03,58.83,2026-09-27 15:38:00,2026-09-27 15:48:00,CRITICAL,PROVISIONAL
T001602,30482,Goods,C077,Ambapalli Jn,Pushkarganj,L077-07,151.43,2026-09-07 01:08:00,2026-09-07 01:43:00,MEDIUM,SCHEDULED
T001603,12665,Express,C176,Vindhyakot Jn,Ranaganj Cantt,L176-05,77.47,2026-09-03 20:18:00,2026-09-03 20:28:00,CRITICAL,SCHEDULED
T001604,32086,Goods,C150,Udaykot Jn,Sagarpalli,L150-07,109.46,2026-09-25 03:32:00,2026-09-25 03:58:00,MEDIUM,SCHEDULED
T001605,56911,Passenger,C195,Bharatgunj,Taraganj Road,L195-04,60.26,2026-09-21 17:14:00,2026-09-21 17:47:00,HIGH,SCHEDULED
T001606,57256,Passenger,C191,Ranagunj Cantt,Sundarkot,L191-02,107.58,2026-10-08 14:04:00,2026-10-08 15:52:00,HIGH,SCHEDULED
T001607,71598,Other,C123,Satpurapalli,Charankot Cantt,L123-03,31.28,2026-09-17 04:34:00,2026-09-17 05:04:00,LOW,SCHEDULED
T001608,14975,Express,C123,Satpurapalli,Charankot Cantt,L123-01,11.95,2026-09-07 15:12:00,2026-09-07 15:29:00,CRITICAL,FORECAST
T001609,31890,Goods,C009,Konkanganj,Konkankheda,L009-07,242.71,2026-09-07 15:08:00,2026-09-07 16:11:00,MEDIUM,SCHEDULED
T001610,57443,Passenger,C155,Omkarhalli,Sabarkheda Road,L155-06,27.49,2026-09-28 16:23:00,2026-09-28 16:30:00,HIGH,SCHEDULED
T001611,30936,Goods,C069,Dhanupalli Cantt,Girnarkheda Road,L069-02,35.6,2026-10-08 05:05:00,2026-10-08 05:56:00,MEDIUM,SCHEDULED
T001612,32122,Goods,C050,Taragunj,Haldipur Road,L050-09,113.79,2026-10-07 15:14:00,2026-10-07 15:36:00,MEDIUM,SCHEDULED
T001613,13020,Express,C051,Veerhalli,Shantipalli Cantt,L051-02,54.33,2026-09-27 15:01:00,2026-09-27 15:17:00,CRITICAL,FORECAST
T001614,14464,Express,C131,Ashokkot,Narmadagarh Cantt,L131-01,20.98,2026-09-20 07:05:00,2026-09-20 07:18:00,CRITICAL,FORECAST
T001615,32461,Goods,C026,Sabarabad Cantt,Chitrakot,L026-02,9.14,2026-09-09 14:38:00,2026-09-09 14:46:00,MEDIUM,PROVISIONAL
T001616,58460,Passenger,C078,Vindhyanagar,Rananagar Road,L078-04,34.82,2026-10-14 16:50:00,2026-10-14 17:05:00,LOW,SCHEDULED
T001617,56320,Passenger,C026,Sabarabad Cantt,Chitrakot,L026-04,17.94,2026-09-19 18:14:00,2026-09-19 18:20:00,HIGH,SCHEDULED
T001618,56655,Passenger,C054,Chandrakot,Satpurahalli Cantt,L054-02,18.17,2026-09-23 20:32:00,2026-09-23 20:47:00,HIGH,SCHEDULED
T001619,30557,Goods,C123,Satpurapalli,Charankot Cantt,L123-03,31.28,2026-09-17 21:35:00,2026-09-17 22:20:00,HIGH,PROVISIONAL
T001620,32117,Goods,C199,Tarakheda Jn,Bhimagarh,L199-07,226.99,2026-09-04 14:30:00,2026-09-04 15:21:00,MEDIUM,SCHEDULED
T001621,57074,Passenger,C175,Devgarhnagar Jn,Tarapur,L175-02,167.66,2026-10-12 08:19:00,2026-10-12 09:47:00,HIGH,SCHEDULED
T001622,56679,Passenger,C192,Malwanagar,Devgarhgarh,L192-08,59.46,2026-10-02 09:32:00,2026-10-02 09:49:00,HIGH,SCHEDULED
T001623,31296,Goods,C127,Ambahalli,Satpuranagar Road,L127-05,202.39,2026-10-08 16:55:00,2026-10-08 18:15:00,MEDIUM,SCHEDULED
T001624,70200,Other,C128,Chitrakheda Jn,Satpurapur Road,L128-03,69.88,2026-10-11 13:30:00,2026-10-11 13:55:00,LOW,SCHEDULED
T001625,56632,Passenger,C075,Charanpur,Ranahalli Cantt,L075-05,165.28,2026-10-03 22:10:00,2026-10-03 22:44:00,HIGH,SCHEDULED
T001626,57293,Passenger,C018,Haldiganj,Nilgirigunj Road,L018-01,55.34,2026-10-08 07:27:00,2026-10-08 07:47:00,HIGH,SCHEDULED
T001627,56584,Passenger,C150,Udaykot Jn,Sagarpalli,L150-07,109.46,2026-09-15 19:34:00,2026-09-15 19:55:00,HIGH,FORECAST
T001628,30012,Goods,C150,Udaykot Jn,Sagarpalli,L150-03,22.68,2026-10-07 19:07:00,2026-10-07 19:28:00,MEDIUM,SCHEDULED
T001629,56937,Passenger,C009,Konkanganj,Konkankheda,L009-05,209.53,2026-09-08 06:40:00,2026-09-08 07:20:00,HIGH,FORECAST
T001630,30006,Goods,C069,Dhanupalli Cantt,Girnarkheda Road,L069-12,378.6,2026-09-06 08:41:00,2026-09-06 09:30:00,MEDIUM,SCHEDULED
T001631,56836,Passenger,C069,Dhanupalli Cantt,Girnarkheda Road,L069-10,288.36,2026-09-06 18:43:00,2026-09-06 19:12:00,HIGH,FORECAST
T001632,56060,Passenger,C009,Konkanganj,Konkankheda,L009-02,62.41,2026-09-02 19:19:00,2026-09-02 19:52:00,HIGH,FORECAST
T001633,56707,Passenger,C195,Bharatgunj,Taraganj Road,L195-01,21.94,2026-09-02 16:50:00,2026-09-02 17:23:00,HIGH,SCHEDULED
T001634,56807,Passenger,C129,Sagargunj Jn,Meeragunj Road,L129-04,51.91,2026-09-10 18:57:00,2026-09-10 19:08:00,HIGH,SCHEDULED
T001635,57569,Passenger,C026,Sabarabad Cantt,Chitrakot,L026-03,10.67,2026-10-14 20:11:00,2026-10-14 20:19:00,HIGH,PROVISIONAL
T001636,58968,Passenger,C176,Vindhyakot Jn,Ranaganj Cantt,L176-14,244.66,2026-09-25 18:35:00,2026-09-25 18:55:00,HIGH,FORECAST
T001637,13596,Express,C009,Konkanganj,Konkankheda,L009-03,182.63,2026-09-04 00:04:00,2026-09-04 00:33:00,CRITICAL,SCHEDULED
T001638,72508,Other,C070,Palaninagar,Pushkargunj,L070-02,8.62,2026-09-30 21:22:00,2026-09-30 21:28:00,LOW,SCHEDULED
T001639,31840,Goods,C192,Malwanagar,Devgarhgarh,L192-07,43.98,2026-09-27 16:28:00,2026-09-27 16:49:00,MEDIUM,SCHEDULED
T001640,56964,Passenger,C069,Dhanupalli Cantt,Girnarkheda Road,L069-07,215.64,2026-10-14 09:08:00,2026-10-14 09:49:00,HIGH,SCHEDULED
T001641,12822,Express,C026,Sabarabad Cantt,Chitrakot,L026-01,4.01,2026-09-21 13:13:00,2026-09-21 13:19:00,CRITICAL,FORECAST
T001642,57305,Passenger,C164,Girnarhalli Road,Dhanugunj Cantt,L164-06,229.92,2026-10-15 11:36:00,2026-10-15 12:22:00,HIGH,SCHEDULED
T001643,56014,Passenger,C169,Bharatkheda,Ambakheda Cantt,L169-04,147.97,2026-09-05 06:49:00,2026-09-05 07:34:00,HIGH,SCHEDULED
T001644,32907,Goods,C163,Dhanuganj Cantt,Veerhalli Jn,L163-11,115.88,2026-09-22 22:50:00,2026-09-22 23:12:00,MEDIUM,FORECAST
T001645,30673,Goods,C131,Ashokkot,Narmadagarh Cantt,L131-01,20.98,2026-10-03 05:09:00,2026-10-03 05:57:00,MEDIUM,SCHEDULED
T001646,56020,Passenger,C060,Ranaabad,Udayganj Cantt,L060-07,263.32,2026-09-20 16:23:00,2026-09-20 16:54:00,HIGH,SCHEDULED
T001647,71484,Other,C131,Ashokkot,Narmadagarh Cantt,L131-10,258.71,2026-09-29 23:30:00,2026-09-30 00:06:00,LOW,SCHEDULED
T001648,32498,Goods,C131,Ashokkot,Narmadagarh Cantt,L131-03,120.06,2026-09-02 23:36:00,2026-09-03 00:27:00,MEDIUM,SCHEDULED
T001649,56877,Passenger,C009,Konkanganj,Konkankheda,L009-07,242.71,2026-10-01 07:24:00,2026-10-01 08:11:00,MEDIUM,PROVISIONAL
T001650,56862,Passenger,C148,Ambagarh,Haldipur Road,L148-07,116.48,2026-09-25 07:43:00,2026-09-25 08:12:00,HIGH,SCHEDULED
T001651,57846,Passenger,C140,Sundarkot Jn,Haldikheda,L140-05,34.07,2026-09-11 22:50:00,2026-09-11 22:56:00,HIGH,SCHEDULED
T001652,58740,Passenger,C199,Tarakheda Jn,Bhimagarh,L199-08,277.62,2026-10-09 17:45:00,2026-10-09 18:19:00,HIGH,SCHEDULED
T001653,14386,Express,C163,Dhanuganj Cantt,Veerhalli Jn,L163-06,67.58,2026-09-05 07:28:00,2026-09-05 07:37:00,CRITICAL,SCHEDULED
T001654,58873,Passenger,C069,Dhanupalli Cantt,Girnarkheda Road,L069-02,35.6,2026-09-04 19:49:00,2026-09-04 20:15:00,HIGH,SCHEDULED
T001655,32672,Goods,C066,Udaynagar Road,Meerapur Cantt,L066-04,50.23,2026-09-10 21:47:00,2026-09-10 22:17:00,MEDIUM,SCHEDULED
T001656,56142,Passenger,C018,Haldiganj,Nilgirigunj Road,L018-09,213.99,2026-09-30 12:50:00,2026-09-30 13:12:00,HIGH,SCHEDULED
T001657,12729,Express,C150,Udaykot Jn,Sagarpalli,L150-02,13.59,2026-09-10 10:18:00,2026-09-10 10:31:00,CRITICAL,SCHEDULED
T001658,32083,Goods,C155,Omkarhalli,Sabarkheda Road,L155-07,29.35,2026-09-22 04:13:00,2026-09-22 04:27:00,MEDIUM,FORECAST
T001659,57930,Passenger,C123,Satpurapalli,Charankot Cantt,L123-09,208.13,2026-10-09 13:52:00,2026-10-09 14:17:00,HIGH,SCHEDULED
T001660,32930,Goods,C164,Girnarhalli Road,Dhanugunj Cantt,L164-01,46.53,2026-10-08 02:34:00,2026-10-08 03:30:00,MEDIUM,SCHEDULED
T001661,58788,Passenger,C069,Dhanupalli Cantt,Girnarkheda Road,L069-10,288.36,2026-10-04 10:53:00,2026-10-04 11:33:00,HIGH,SCHEDULED
T001662,12460,Express,C015,Sundarhalli Road,Sabarpalli,L015-01,1.45,2026-10-03 19:38:00,2026-10-03 19:53:00,CRITICAL,SCHEDULED
T001663,12035,Express,C069,Dhanupalli Cantt,Girnarkheda Road,L069-02,35.6,2026-09-17 08:23:00,2026-09-17 08:43:00,LOW,SCHEDULED
T001664,12290,Express,C176,Vindhyakot Jn,Ranaganj Cantt,L176-08,119.37,2026-09-22 06:03:00,2026-09-22 06:14:00,CRITICAL,SCHEDULED
T001665,31435,Goods,C140,Sundarkot Jn,Haldikheda,L140-05,34.07,2026-09-29 04:44:00,2026-09-29 04:51:00,MEDIUM,SCHEDULED
T001666,57765,Passenger,C140,Sundarkot Jn,Haldikheda,L140-02,16.52,2026-10-06 16:03:00,2026-10-06 16:09:00,HIGH,SCHEDULED
T001667,12772,Express,C123,Satpurapalli,Charankot Cantt,L123-04,31.64,2026-09-28 06:30:00,2026-09-28 06:50:00,CRITICAL,FORECAST
T001668,58542,Passenger,C164,Girnarhalli Road,Dhanugunj Cantt,L164-04,137.62,2026-09-12 20:27:00,2026-09-12 21:14:00,HIGH,SCHEDULED
T001669,32978,Goods,C190,Konkanpur,Jaisalhalli Road,L190-02,3.67,2026-09-07 20:25:00,2026-09-07 20:35:00,MEDIUM,PROVISIONAL
T001670,13440,Express,C028,Girnarpalli,Kanhagunj Cantt,L028-05,129.0,2026-10-04 19:49:00,2026-10-04 20:18:00,CRITICAL,SCHEDULED
T001671,30524,Goods,C069,Dhanupalli Cantt,Girnarkheda Road,L069-01,22.53,2026-09-24 04:45:00,2026-09-24 05:35:00,MEDIUM,FORECAST
T001672,32553,Goods,C153,Veerkot Jn,Veerkheda Road,L153-05,61.15,2026-10-05 22:52:00,2026-10-05 23:14:00,MEDIUM,SCHEDULED
T001673,57105,Passenger,C164,Girnarhalli Road,Dhanugunj Cantt,L164-02,82.77,2026-09-15 04:24:00,2026-09-15 04:57:00,MEDIUM,SCHEDULED
T001674,12836,Express,C018,Haldiganj,Nilgirigunj Road,L018-01,55.34,2026-09-22 07:37:00,2026-09-22 07:50:00,CRITICAL,PROVISIONAL
T001675,57540,Passenger,C131,Ashokkot,Narmadagarh Cantt,L131-06,167.76,2026-09-03 18:24:00,2026-09-03 19:01:00,HIGH,FORECAST
T001676,12606,Express,C150,Udaykot Jn,Sagarpalli,L150-10,152.42,2026-09-05 19:59:00,2026-09-05 20:09:00,CRITICAL,SCHEDULED
T001677,30743,Goods,C086,Vindhyakot,Girnarhalli Cantt,L086-04,63.03,2026-09-30 16:18:00,2026-09-30 17:27:00,MEDIUM,PROVISIONAL
T001678,56566,Passenger,C109,Bilasabad Cantt,Chitragunj,L109-09,169.17,2026-09-12 06:05:00,2026-09-12 06:22:00,HIGH,SCHEDULED
T001679,58970,Passenger,C050,Taragunj,Haldipur Road,L050-10,121.98,2026-09-16 00:53:00,2026-09-16 01:06:00,HIGH,FORECAST
T001680,70115,Other,C075,Charanpur,Ranahalli Cantt,L075-08,192.11,2026-10-09 13:51:00,2026-10-09 14:25:00,LOW,SCHEDULED
T001681,56835,Passenger,C069,Dhanupalli Cantt,Girnarkheda Road,L069-11,333.57,2026-09-26 02:45:00,2026-09-26 03:30:00,HIGH,SCHEDULED
T001682,13099,Express,C039,Malwaganj Cantt,Satpuraabad Road,L039-06,108.06,2026-09-27 16:44:00,2026-09-27 16:55:00,CRITICAL,SCHEDULED
T001683,13243,Express,C028,Girnarpalli,Kanhagunj Cantt,L028-09,222.43,2026-09-27 09:22:00,2026-09-27 09:43:00,CRITICAL,FORECAST
T001684,71764,Other,C140,Sundarkot Jn,Haldikheda,L140-05,34.07,2026-10-11 07:05:00,2026-10-11 07:13:00,HIGH,SCHEDULED
T001685,13082,Express,C009,Konkanganj,Konkankheda,L009-01,14.97,2026-09-26 18:32:00,2026-09-26 19:03:00,CRITICAL,SCHEDULED
T001686,30810,Goods,C140,Sundarkot Jn,Haldikheda,L140-04,29.07,2026-10-06 05:35:00,2026-10-06 05:42:00,MEDIUM,SCHEDULED
T001687,31743,Goods,C195,Bharatgunj,Taraganj Road,L195-02,28.22,2026-09-05 21:29:00,2026-09-05 22:23:00,MEDIUM,SCHEDULED
T001688,57790,Passenger,C140,Sundarkot Jn,Haldikheda,L140-06,35.5,2026-09-21 12:05:00,2026-09-21 12:11:00,HIGH,SCHEDULED
T001689,32140,Goods,C176,Vindhyakot Jn,Ranaganj Cantt,L176-02,35.75,2026-09-27 23:23:00,2026-09-27 23:52:00,MEDIUM,SCHEDULED
T001690,12869,Express,C074,Chandrapalli Cantt,Nilgirikheda,L074-09,105.44,2026-10-03 15:13:00,2026-10-03 15:23:00,CRITICAL,SCHEDULED
T001691,58184,Passenger,C018,Haldiganj,Nilgirigunj Road,L018-05,139.06,2026-09-11 16:49:00,2026-09-11 17:23:00,HIGH,SCHEDULED
T001692,56461,Passenger,C050,Taragunj,Haldipur Road,L050-11,126.85,2026-09-28 18:38:00,2026-09-28 18:54:00,MEDIUM,CANCELLED
T001693,56785,Passenger,C163,Dhanuganj Cantt,Veerhalli Jn,L163-02,14.51,2026-09-29 19:47:00,2026-09-29 19:57:00,HIGH,SCHEDULED
T001694,30667,Goods,C150,Udaykot Jn,Sagarpalli,L150-08,125.81,2026-10-03 03:00:00,2026-10-03 03:26:00,CRITICAL,SCHEDULED
T001695,71532,Other,C164,Girnarhalli Road,Dhanugunj Cantt,L164-07,252.14,2026-10-14 17:32:00,2026-10-14 18:31:00,CRITICAL,SCHEDULED
T001696,58940,Passenger,C195,Bharatgunj,Taraganj Road,L195-07,109.28,2026-10-06 17:29:00,2026-10-06 18:02:00,HIGH,SCHEDULED
T001697,31046,Goods,C069,Dhanupalli Cantt,Girnarkheda Road,L069-05,175.88,2026-09-07 04:44:00,2026-09-07 05:33:00,MEDIUM,SCHEDULED
T001698,13432,Express,C131,Ashokkot,Narmadagarh Cantt,L131-07,204.72,2026-09-23 19:20:00,2026-09-23 19:40:00,CRITICAL,SCHEDULED
T001699,56204,Passenger,C040,Sundargarh Cantt,Lalitnagar Jn,L040-01,22.06,2026-10-05 12:00:00,2026-10-05 13:02:00,HIGH,SCHEDULED
T001700,58164,Passenger,C009,Konkanganj,Konkankheda,L009-04,201.98,2026-09-21 07:52:00,2026-09-21 08:41:00,HIGH,SCHEDULED
T001701,71872,Other,C099,Malwagunj,Gangaganj,L099-09,58.0,2026-09-01 23:35:00,2026-09-01 23:43:00,LOW,SCHEDULED
T001702,12702,Express,C150,Udaykot Jn,Sagarpalli,L150-06,61.26,2026-09-02 20:21:00,2026-09-02 20:29:00,CRITICAL,FORECAST
T001703,72360,Other,C099,Malwagunj,Gangaganj,L099-07,35.52,2026-10-14 00:00:00,2026-10-14 00:08:00,LOW,SCHEDULED
T001704,58247,Passenger,C059,Yamunanagar Jn,Haldikheda,L059-02,30.61,2026-09-30 15:55:00,2026-09-30 16:35:00,CRITICAL,CANCELLED
T001705,30986,Goods,C155,Omkarhalli,Sabarkheda Road,L155-07,29.35,2026-09-18 20:03:00,2026-09-18 20:18:00,MEDIUM,SCHEDULED
T001706,30546,Goods,C069,Dhanupalli Cantt,Girnarkheda Road,L069-10,288.36,2026-10-08 00:29:00,2026-10-08 01:27:00,MEDIUM,SCHEDULED
T001707,13888,Express,C131,Ashokkot,Narmadagarh Cantt,L131-10,258.71,2026-10-02 06:19:00,2026-10-02 06:34:00,CRITICAL,SCHEDULED
T001708,56112,Passenger,C155,Omkarhalli,Sabarkheda Road,L155-11,70.62,2026-10-10 22:47:00,2026-10-10 22:56:00,HIGH,SCHEDULED
T001709,56082,Passenger,C069,Dhanupalli Cantt,Girnarkheda Road,L069-01,22.53,2026-10-15 17:42:00,2026-10-15 18:18:00,HIGH,FORECAST
T001710,32139,Goods,C140,Sundarkot Jn,Haldikheda,L140-08,38.21,2026-10-06 22:51:00,2026-10-06 22:59:00,MEDIUM,SCHEDULED
T001711,58475,Passenger,C028,Girnarpalli,Kanhagunj Cantt,L028-09,222.43,2026-09-05 08:20:00,2026-09-05 09:09:00,HIGH,SCHEDULED
T001712,32673,Goods,C039,Malwaganj Cantt,Satpuraabad Road,L039-08,122.96,2026-10-15 20:01:00,2026-10-15 20:31:00,MEDIUM,FORECAST
T001713,30339,Goods,C050,Taragunj,Haldipur Road,L050-10,121.98,2026-09-26 23:00:00,2026-09-26 23:23:00,MEDIUM,SCHEDULED
T001714,56380,Passenger,C150,Udaykot Jn,Sagarpalli,L150-05,55.2,2026-10-05 17:30:00,2026-10-05 17:48:00,CRITICAL,PROVISIONAL
T001715,13444,Express,C050,Taragunj,Haldipur Road,L050-10,121.98,2026-10-10 04:24:00,2026-10-10 04:32:00,CRITICAL,PROVISIONAL
T001716,58305,Passenger,C050,Taragunj,Haldipur Road,L050-10,121.98,2026-09-04 18:55:00,2026-09-04 19:08:00,HIGH,SCHEDULED
T001717,71625,Other,C069,Dhanupalli Cantt,Girnarkheda Road,L069-11,333.57,2026-09-12 16:59:00,2026-09-12 17:51:00,LOW,FORECAST
T001718,56041,Passenger,C051,Veerhalli,Shantipalli Cantt,L051-03,87.0,2026-09-29 18:04:00,2026-09-29 18:23:00,HIGH,SCHEDULED
T001719,56482,Passenger,C123,Satpurapalli,Charankot Cantt,L123-06,44.14,2026-09-22 15:34:00,2026-09-22 16:04:00,HIGH,SCHEDULED
T001720,56645,Passenger,C175,Devgarhnagar Jn,Tarapur,L175-02,167.66,2026-10-08 06:41:00,2026-10-08 07:57:00,HIGH,SCHEDULED
T001721,32059,Goods,C026,Sabarabad Cantt,Chitrakot,L026-06,27.69,2026-09-11 12:06:00,2026-09-11 12:15:00,MEDIUM,FORECAST
T001722,31681,Goods,C115,Konkanpalli,Indrakheda Jn,L115-07,241.36,2026-09-16 22:59:00,2026-09-16 23:44:00,MEDIUM,SCHEDULED
T001723,12328,Express,C060,Ranaabad,Udayganj Cantt,L060-03,68.78,2026-09-24 17:07:00,2026-09-24 17:23:00,CRITICAL,PROVISIONAL
T001724,70002,Other,C176,Vindhyakot Jn,Ranaganj Cantt,L176-09,155.72,2026-09-30 00:28:00,2026-09-30 00:53:00,LOW,SCHEDULED
T001725,57866,Passenger,C059,Yamunanagar Jn,Haldikheda,L059-01,4.72,2026-10-01 10:45:00,2026-10-01 11:34:00,HIGH,PROVISIONAL
T001726,58855,Passenger,C150,Udaykot Jn,Sagarpalli,L150-08,125.81,2026-10-04 16:32:00,2026-10-04 16:46:00,HIGH,SCHEDULED
T001727,31343,Goods,C107,Malwagunj Jn,Sundargarh Jn,L107-04,266.15,2026-09-09 21:32:00,2026-09-09 23:09:00,MEDIUM,SCHEDULED
T001728,57925,Passenger,C059,Yamunanagar Jn,Haldikheda,L059-10,380.23,2026-10-06 21:48:00,2026-10-06 22:38:00,HIGH,SCHEDULED
T001729,57995,Passenger,C074,Chandrapalli Cantt,Nilgirikheda,L074-02,7.77,2026-10-13 20:57:00,2026-10-13 21:12:00,HIGH,FORECAST
T001730,32358,Goods,C131,Ashokkot,Narmadagarh Cantt,L131-02,53.69,2026-10-09 18:15:00,2026-10-09 19:10:00,MEDIUM,SCHEDULED
T001731,32272,Goods,C163,Dhanuganj Cantt,Veerhalli Jn,L163-06,67.58,2026-09-15 02:12:00,2026-09-15 02:33:00,MEDIUM,FORECAST
T001732,57053,Passenger,C084,Devgarhgarh Cantt,Chitraganj,L084-02,60.54,2026-09-28 05:19:00,2026-09-28 05:56:00,HIGH,SCHEDULED
T001733,14764,Express,C069,Dhanupalli Cantt,Girnarkheda Road,L069-10,288.36,2026-09-06 19:14:00,2026-09-06 19:37:00,CRITICAL,SCHEDULED
T001734,31696,Goods,C075,Charanpur,Ranahalli Cantt,L075-06,182.12,2026-09-15 16:25:00,2026-09-15 17:12:00,MEDIUM,SCHEDULED
T001735,58607,Passenger,C164,Girnarhalli Road,Dhanugunj Cantt,L164-08,276.89,2026-09-06 23:41:00,2026-09-07 00:09:00,HIGH,PROVISIONAL
T001736,56791,Passenger,C140,Sundarkot Jn,Haldikheda,L140-04,29.07,2026-09-25 15:41:00,2026-09-25 15:47:00,HIGH,SCHEDULED
T001737,32758,Goods,C069,Dhanupalli Cantt,Girnarkheda Road,L069-12,378.6,2026-10-08 12:23:00,2026-10-08 13:22:00,MEDIUM,CANCELLED
T001738,32553,Goods,C074,Chandrapalli Cantt,Nilgirikheda,L074-01,7.63,2026-10-03 03:04:00,2026-10-03 03:24:00,MEDIUM,SCHEDULED
T001739,58046,Passenger,C199,Tarakheda Jn,Bhimagarh,L199-11,303.6,2026-09-07 17:02:00,2026-09-07 17:25:00,HIGH,SCHEDULED
T001740,32456,Goods,C199,Tarakheda Jn,Bhimagarh,L199-05,143.67,2026-09-22 12:05:00,2026-09-22 12:47:00,MEDIUM,SCHEDULED
T001741,58362,Passenger,C069,Dhanupalli Cantt,Girnarkheda Road,L069-01,22.53,2026-10-02 16:34:00,2026-10-02 17:09:00,HIGH,SCHEDULED
T001742,32120,Goods,C052,Tarakheda Road,Bhimapalli Cantt,L052-06,85.15,2026-09-14 04:09:00,2026-09-14 04:34:00,MEDIUM,FORECAST
T001743,58077,Passenger,C150,Udaykot Jn,Sagarpalli,L150-10,152.42,2026-10-11 18:15:00,2026-10-11 18:31:00,HIGH,FORECAST
T001744,30332,Goods,C069,Dhanupalli Cantt,Girnarkheda Road,L069-12,378.6,2026-10-07 17:48:00,2026-10-07 18:32:00,MEDIUM,SCHEDULED
T001745,13176,Express,C009,Konkanganj,Konkankheda,L009-05,209.53,2026-09-30 19:18:00,2026-09-30 19:44:00,MEDIUM,FORECAST
T001746,13618,Express,C069,Dhanupalli Cantt,Girnarkheda Road,L069-10,288.36,2026-09-11 21:23:00,2026-09-11 21:46:00,CRITICAL,SCHEDULED
T001747,32052,Goods,C030,Rohtakpur,Kanhahalli Jn,L030-01,42.79,2026-10-01 18:00:00,2026-10-01 19:44:00,MEDIUM,PROVISIONAL
T001748,31040,Goods,C123,Satpurapalli,Charankot Cantt,L123-01,11.95,2026-09-07 05:37:00,2026-09-07 06:20:00,MEDIUM,FORECAST
T001749,56742,Passenger,C098,Bilaskheda,Pushkarganj,L098-04,6.36,2026-10-10 19:34:00,2026-10-10 19:40:00,HIGH,SCHEDULED
T001750,13718,Express,C009,Konkanganj,Konkankheda,L009-03,182.63,2026-09-04 13:29:00,2026-09-04 13:58:00,CRITICAL,SCHEDULED
T001751,56527,Passenger,C140,Sundarkot Jn,Haldikheda,L140-07,37.73,2026-10-13 06:59:00,2026-10-13 07:05:00,HIGH,FORECAST
T001752,58898,Passenger,C075,Charanpur,Ranahalli Cantt,L075-11,268.44,2026-09-11 00:55:00,2026-09-11 01:30:00,HIGH,SCHEDULED
T001753,57065,Passenger,C150,Udaykot Jn,Sagarpalli,L150-10,152.42,2026-10-08 18:49:00,2026-10-08 19:06:00,HIGH,SCHEDULED
T001754,32092,Goods,C069,Dhanupalli Cantt,Girnarkheda Road,L069-12,378.6,2026-10-13 19:16:00,2026-10-13 20:01:00,MEDIUM,SCHEDULED
T001755,72871,Other,C163,Dhanuganj Cantt,Veerhalli Jn,L163-10,113.37,2026-10-07 18:20:00,2026-10-07 18:45:00,LOW,PROVISIONAL
T001756,58992,Passenger,C150,Udaykot Jn,Sagarpalli,L150-02,13.59,2026-10-12 05:34:00,2026-10-12 05:50:00,HIGH,PROVISIONAL
T001757,57068,Passenger,C199,Tarakheda Jn,Bhimagarh,L199-04,135.92,2026-09-22 14:43:00,2026-09-22 15:21:00,HIGH,SCHEDULED
T001758,56333,Passenger,C071,Jaisalhalli Cantt,Veergarh Road,L071-06,179.2,2026-10-03 17:44:00,2026-10-03 18:31:00,HIGH,SCHEDULED
T001759,32802,Goods,C069,Dhanupalli Cantt,Girnarkheda Road,L069-01,22.53,2026-09-14 00:23:00,2026-09-14 01:23:00,MEDIUM,SCHEDULED
T001760,30193,Goods,C140,Sundarkot Jn,Haldikheda,L140-03,28.69,2026-10-08 05:08:00,2026-10-08 05:19:00,MEDIUM,SCHEDULED
T001761,31868,Goods,C075,Charanpur,Ranahalli Cantt,L075-04,162.18,2026-09-24 23:54:00,2026-09-25 00:29:00,MEDIUM,SCHEDULED
T001762,32230,Goods,C028,Girnarpalli,Kanhagunj Cantt,L028-05,129.0,2026-09-07 23:10:00,2026-09-07 23:52:00,MEDIUM,SCHEDULED
T001763,32163,Goods,C069,Dhanupalli Cantt,Girnarkheda Road,L069-09,277.58,2026-10-14 23:03:00,2026-10-15 00:03:00,MEDIUM,FORECAST
T001764,32344,Goods,C051,Veerhalli,Shantipalli Cantt,L051-08,173.27,2026-10-05 16:27:00,2026-10-05 17:03:00,MEDIUM,SCHEDULED
T001765,56498,Passenger,C101,Narmadanagar Road,Chandrapur Road,L101-02,55.18,2026-09-13 07:50:00,2026-09-13 08:21:00,HIGH,SCHEDULED
T001766,30582,Goods,C164,Girnarhalli Road,Dhanugunj Cantt,L164-03,127.28,2026-10-14 22:47:00,2026-10-14 23:41:00,MEDIUM,PROVISIONAL
T001767,58165,Passenger,C069,Dhanupalli Cantt,Girnarkheda Road,L069-12,378.6,2026-09-05 08:43:00,2026-09-05 09:12:00,HIGH,SCHEDULED
T001768,14559,Express,C039,Malwaganj Cantt,Satpuraabad Road,L039-10,171.17,2026-09-21 20:06:00,2026-09-21 20:16:00,CRITICAL,SCHEDULED
T001769,56090,Passenger,C192,Malwanagar,Devgarhgarh,L192-09,96.88,2026-10-04 09:20:00,2026-10-04 09:34:00,HIGH,SCHEDULED
T001770,12306,Express,C069,Dhanupalli Cantt,Girnarkheda Road,L069-12,378.6,2026-10-02 07:50:00,2026-10-02 08:13:00,CRITICAL,SCHEDULED
T001771,57466,Passenger,C037,Gangaganj Road,Bilaskot,L037-08,234.0,2026-09-10 15:50:00,2026-09-10 16:31:00,HIGH,SCHEDULED
T001772,13703,Express,C155,Omkarhalli,Sabarkheda Road,L155-07,29.35,2026-10-13 16:47:00,2026-10-13 16:53:00,CRITICAL,SCHEDULED
T001773,13808,Express,C037,Gangaganj Road,Bilaskot,L037-05,163.19,2026-10-01 18:01:00,2026-10-01 18:21:00,CRITICAL,FORECAST
T001774,58379,Passenger,C199,Tarakheda Jn,Bhimagarh,L199-01,47.99,2026-10-14 05:17:00,2026-10-14 05:48:00,HIGH,FORECAST
T001775,32546,Goods,C163,Dhanuganj Cantt,Veerhalli Jn,L163-03,28.41,2026-09-06 06:13:00,2026-09-06 06:35:00,MEDIUM,SCHEDULED
T001776,58653,Passenger,C039,Malwaganj Cantt,Satpuraabad Road,L039-03,58.83,2026-10-15 16:09:00,2026-10-15 16:26:00,HIGH,SCHEDULED
T001777,12869,Express,C098,Bilaskheda,Pushkarganj,L098-07,15.99,2026-09-18 20:11:00,2026-09-18 20:17:00,CRITICAL,FORECAST
T001778,58877,Passenger,C075,Charanpur,Ranahalli Cantt,L075-08,192.11,2026-10-14 13:10:00,2026-10-14 13:43:00,HIGH,FORECAST
T001779,57003,Passenger,C150,Udaykot Jn,Sagarpalli,L150-07,109.46,2026-10-07 17:41:00,2026-10-07 17:59:00,LOW,FORECAST
T001780,31583,Goods,C050,Taragunj,Haldipur Road,L050-02,30.2,2026-10-02 18:18:00,2026-10-02 18:45:00,MEDIUM,SCHEDULED
T001781,31365,Goods,C050,Taragunj,Haldipur Road,L050-06,53.65,2026-09-23 20:31:00,2026-09-23 20:52:00,MEDIUM,SCHEDULED
T001782,31703,Goods,C069,Dhanupalli Cantt,Girnarkheda Road,L069-06,194.8,2026-09-17 21:27:00,2026-09-17 22:13:00,MEDIUM,SCHEDULED
T001783,56101,Passenger,C155,Omkarhalli,Sabarkheda Road,L155-05,18.46,2026-09-16 20:38:00,2026-09-16 20:44:00,HIGH,SCHEDULED
T001784,70529,Other,C123,Satpurapalli,Charankot Cantt,L123-08,113.88,2026-09-04 03:13:00,2026-09-04 03:45:00,LOW,SCHEDULED
T001785,56399,Passenger,C115,Konkanpalli,Indrakheda Jn,L115-06,219.81,2026-09-12 17:56:00,2026-09-12 18:28:00,HIGH,SCHEDULED
T001786,31346,Goods,C150,Udaykot Jn,Sagarpalli,L150-04,28.77,2026-09-14 01:19:00,2026-09-14 01:47:00,MEDIUM,SCHEDULED
T001787,14456,Express,C195,Bharatgunj,Taraganj Road,L195-02,28.22,2026-09-23 19:47:00,2026-09-23 20:03:00,CRITICAL,FORECAST
T001788,32231,Goods,C158,Chandrapalli,Kaveriganj,L158-05,345.99,2026-10-05 01:09:00,2026-10-05 03:35:00,MEDIUM,SCHEDULED
T001789,56421,Passenger,C052,Tarakheda Road,Bhimapalli Cantt,L052-06,85.15,2026-10-04 08:32:00,2026-10-04 08:47:00,HIGH,SCHEDULED
T001790,57041,Passenger,C150,Udaykot Jn,Sagarpalli,L150-01,1.98,2026-10-05 10:00:00,2026-10-05 10:13:00,MEDIUM,SCHEDULED
T001791,13924,Express,C195,Bharatgunj,Taraganj Road,L195-06,98.59,2026-10-05 13:08:00,2026-10-05 13:30:00,CRITICAL,FORECAST
T001792,58419,Passenger,C052,Tarakheda Road,Bhimapalli Cantt,L052-11,211.52,2026-09-08 11:14:00,2026-09-08 11:37:00,HIGH,SCHEDULED
T001793,56513,Passenger,C164,Girnarhalli Road,Dhanugunj Cantt,L164-07,252.14,2026-10-03 14:16:00,2026-10-03 15:14:00,HIGH,FORECAST
T001794,12164,Express,C150,Udaykot Jn,Sagarpalli,L150-04,28.77,2026-09-26 13:51:00,2026-09-26 14:01:00,CRITICAL,SCHEDULED
T001795,56077,Passenger,C192,Malwanagar,Devgarhgarh,L192-09,96.88,2026-10-07 18:13:00,2026-10-07 18:29:00,HIGH,SCHEDULED
T001796,30451,Goods,C163,Dhanuganj Cantt,Veerhalli Jn,L163-11,115.88,2026-09-15 21:58:00,2026-09-15 22:24:00,MEDIUM,SCHEDULED
T001797,32878,Goods,C039,Malwaganj Cantt,Satpuraabad Road,L039-03,58.83,2026-09-26 23:59:00,2026-09-27 00:31:00,MEDIUM,FORECAST
T001798,56537,Passenger,C009,Konkanganj,Konkankheda,L009-05,209.53,2026-09-16 09:16:00,2026-09-16 09:40:00,HIGH,FORECAST
T001799,56246,Passenger,C140,Sundarkot Jn,Haldikheda,L140-01,12.21,2026-09-09 09:21:00,2026-09-09 09:27:00,MEDIUM,SCHEDULED
T001800,31977,Goods,C033,Malwapalli,Chandraabad Road,L033-05,70.02,2026-09-29 16:10:00,2026-09-29 16:36:00,CRITICAL,SCHEDULED
T001801,30040,Goods,C176,Vindhyakot Jn,Ranaganj Cantt,L176-06,96.69,2026-10-02 01:43:00,2026-10-02 02:16:00,MEDIUM,SCHEDULED
T001802,30524,Goods,C112,Narmadagunj,Yamunaganj,L112-01,7.82,2026-09-23 21:16:00,2026-09-23 21:51:00,MEDIUM,FORECAST
T001803,57626,Passenger,C150,Udaykot Jn,Sagarpalli,L150-02,13.59,2026-10-06 09:22:00,2026-10-06 09:45:00,HIGH,SCHEDULED
T001804,71107,Other,C131,Ashokkot,Narmadagarh Cantt,L131-08,224.31,2026-09-15 00:50:00,2026-09-15 01:22:00,CRITICAL,FORECAST
T001805,12853,Express,C069,Dhanupalli Cantt,Girnarkheda Road,L069-02,35.6,2026-09-04 06:04:00,2026-09-04 06:31:00,CRITICAL,SCHEDULED
T001806,32508,Goods,C164,Girnarhalli Road,Dhanugunj Cantt,L164-02,82.77,2026-09-11 17:39:00,2026-09-11 18:40:00,MEDIUM,FORECAST
T001807,57844,Passenger,C098,Bilaskheda,Pushkarganj,L098-07,15.99,2026-09-02 12:58:00,2026-09-02 13:04:00,HIGH,FORECAST
T001808,58838,Passenger,C039,Malwaganj Cantt,Satpuraabad Road,L039-12,209.67,2026-10-06 13:53:00,2026-10-06 14:09:00,HIGH,FORECAST
T001809,31300,Goods,C155,Omkarhalli,Sabarkheda Road,L155-06,27.49,2026-09-02 20:20:00,2026-09-02 20:33:00,MEDIUM,SCHEDULED
T001810,30172,Goods,C009,Konkanganj,Konkankheda,L009-03,182.63,2026-10-09 10:57:00,2026-10-09 11:39:00,MEDIUM,FORECAST
T001811,14017,Express,C195,Bharatgunj,Taraganj Road,L195-06,98.59,2026-09-07 15:27:00,2026-09-07 15:44:00,CRITICAL,SCHEDULED
T001812,56560,Passenger,C140,Sundarkot Jn,Haldikheda,L140-06,35.5,2026-09-17 09:28:00,2026-09-17 09:34:00,HIGH,CANCELLED
T001813,32604,Goods,C091,Ashokpur,Indrapalli Road,L091-06,26.81,2026-09-10 11:11:00,2026-09-10 11:23:00,MEDIUM,FORECAST
T001814,56019,Passenger,C150,Udaykot Jn,Sagarpalli,L150-10,152.42,2026-10-02 11:41:00,2026-10-02 12:02:00,HIGH,SCHEDULED
T001815,57342,Passenger,C059,Yamunanagar Jn,Haldikheda,L059-05,332.86,2026-10-04 19:32:00,2026-10-04 20:07:00,HIGH,SCHEDULED
T001816,13786,Express,C071,Jaisalhalli Cantt,Veergarh Road,L071-05,178.19,2026-09-09 17:12:00,2026-09-09 17:44:00,CRITICAL,SCHEDULED
T001817,58644,Passenger,C163,Dhanuganj Cantt,Veerhalli Jn,L163-09,105.99,2026-10-15 15:10:00,2026-10-15 15:26:00,HIGH,SCHEDULED
T001818,56848,Passenger,C026,Sabarabad Cantt,Chitrakot,L026-03,10.67,2026-10-03 19:52:00,2026-10-03 19:58:00,HIGH,SCHEDULED
T001819,58226,Passenger,C026,Sabarabad Cantt,Chitrakot,L026-05,23.62,2026-10-03 05:25:00,2026-10-03 05:31:00,HIGH,SCHEDULED
T001820,32380,Goods,C131,Ashokkot,Narmadagarh Cantt,L131-08,224.31,2026-09-25 01:00:00,2026-09-25 02:04:00,MEDIUM,SCHEDULED
T001821,57178,Passenger,C112,Narmadagunj,Yamunaganj,L112-04,45.65,2026-09-05 21:21:00,2026-09-05 21:48:00,HIGH,PROVISIONAL
T001822,13653,Express,C059,Yamunanagar Jn,Haldikheda,L059-10,380.23,2026-10-14 16:16:00,2026-10-14 16:46:00,HIGH,SCHEDULED
T001823,56528,Passenger,C009,Konkanganj,Konkankheda,L009-06,222.21,2026-10-02 21:21:00,2026-10-02 21:59:00,LOW,SCHEDULED
T001824,31829,Goods,C063,Ambanagar Jn,Indrakheda,L063-03,61.23,2026-10-11 08:09:00,2026-10-11 08:38:00,MEDIUM,SCHEDULED
T001825,56318,Passenger,C051,Veerhalli,Shantipalli Cantt,L051-03,87.0,2026-09-13 16:05:00,2026-09-13 16:30:00,HIGH,PROVISIONAL
T001826,31591,Goods,C069,Dhanupalli Cantt,Girnarkheda Road,L069-11,333.57,2026-09-11 14:21:00,2026-09-11 15:15:00,MEDIUM,FORECAST
T001827,32266,Goods,C123,Satpurapalli,Charankot Cantt,L123-01,11.95,2026-09-28 09:45:00,2026-09-28 10:43:00,HIGH,SCHEDULED
T001828,31516,Goods,C192,Malwanagar,Devgarhgarh,L192-01,20.94,2026-10-14 01:23:00,2026-10-14 01:44:00,MEDIUM,PROVISIONAL
T001829,13241,Express,C071,Jaisalhalli Cantt,Veergarh Road,L071-02,17.02,2026-10-09 16:00:00,2026-10-09 16:28:00,CRITICAL,SCHEDULED
T001830,13325,Express,C069,Dhanupalli Cantt,Girnarkheda Road,L069-02,35.6,2026-10-07 16:10:00,2026-10-07 16:27:00,CRITICAL,FORECAST
T001831,12292,Express,C051,Veerhalli,Shantipalli Cantt,L051-10,201.08,2026-09-16 16:15:00,2026-09-16 16:32:00,CRITICAL,SCHEDULED
T001832,31210,Goods,C069,Dhanupalli Cantt,Girnarkheda Road,L069-10,288.36,2026-10-11 01:40:00,2026-10-11 02:34:00,MEDIUM,PROVISIONAL
T001833,32157,Goods,C026,Sabarabad Cantt,Chitrakot,L026-01,4.01,2026-10-05 13:03:00,2026-10-05 13:12:00,MEDIUM,SCHEDULED
T001834,13821,Express,C050,Taragunj,Haldipur Road,L050-07,54.04,2026-10-13 11:24:00,2026-10-13 11:33:00,CRITICAL,SCHEDULED
T001835,56135,Passenger,C164,Girnarhalli Road,Dhanugunj Cantt,L164-09,325.29,2026-10-09 16:11:00,2026-10-09 17:09:00,HIGH,SCHEDULED
T001836,13583,Express,C009,Konkanganj,Konkankheda,L009-06,222.21,2026-09-28 22:44:00,2026-09-28 23:11:00,CRITICAL,SCHEDULED
T001837,58107,Passenger,C180,Devgarhganj,Charankot Road,L180-03,77.21,2026-09-21 05:51:00,2026-09-21 06:27:00,HIGH,SCHEDULED
T001838,13995,Express,C051,Veerhalli,Shantipalli Cantt,L051-03,87.0,2026-09-28 19:28:00,2026-09-28 19:42:00,CRITICAL,SCHEDULED
T001839,13903,Express,C050,Taragunj,Haldipur Road,L050-03,34.24,2026-09-03 19:51:00,2026-09-03 19:58:00,CRITICAL,PROVISIONAL
T001840,70582,Other,C088,Rohtakpalli Cantt,Omkargarh,L088-07,106.16,2026-10-14 06:37:00,2026-10-14 07:10:00,LOW,SCHEDULED
T001841,58841,Passenger,C069,Dhanupalli Cantt,Girnarkheda Road,L069-03,48.56,2026-10-02 13:43:00,2026-10-02 14:28:00,HIGH,SCHEDULED
T001842,57738,Passenger,C069,Dhanupalli Cantt,Girnarkheda Road,L069-10,288.36,2026-09-28 12:38:00,2026-09-28 13:16:00,HIGH,SCHEDULED
T001843,32888,Goods,C009,Konkanganj,Konkankheda,L009-07,242.71,2026-09-11 23:42:00,2026-09-12 01:14:00,MEDIUM,FORECAST
T001844,70197,Other,C150,Udaykot Jn,Sagarpalli,L150-06,61.26,2026-09-30 12:01:00,2026-09-30 12:18:00,LOW,PROVISIONAL
T001845,30055,Goods,C164,Girnarhalli Road,Dhanugunj Cantt,L164-05,185.8,2026-09-06 23:16:00,2026-09-07 00:26:00,MEDIUM,SCHEDULED
T001846,32291,Goods,C176,Vindhyakot Jn,Ranaganj Cantt,L176-09,155.72,2026-10-13 05:19:00,2026-10-13 05:50:00,MEDIUM,FORECAST
T001847,72049,Other,C131,Ashokkot,Narmadagarh Cantt,L131-03,120.06,2026-10-12 17:17:00,2026-10-12 17:44:00,LOW,SCHEDULED
T001848,70347,Other,C150,Udaykot Jn,Sagarpalli,L150-11,162.07,2026-09-29 08:37:00,2026-09-29 08:56:00,LOW,SCHEDULED
T001849,31292,Goods,C150,Udaykot Jn,Sagarpalli,L150-05,55.2,2026-09-24 21:55:00,2026-09-24 22:17:00,MEDIUM,FORECAST
T001850,12068,Express,C051,Veerhalli,Shantipalli Cantt,L051-10,201.08,2026-09-19 17:28:00,2026-09-19 17:45:00,CRITICAL,SCHEDULED
T001851,32216,Goods,C175,Devgarhnagar Jn,Tarapur,L175-03,202.75,2026-10-09 03:36:00,2026-10-09 05:45:00,MEDIUM,PROVISIONAL
T001852,14887,Express,C150,Udaykot Jn,Sagarpalli,L150-11,162.07,2026-10-06 03:41:00,2026-10-06 03:55:00,CRITICAL,PROVISIONAL
T001853,56251,Passenger,C069,Dhanupalli Cantt,Girnarkheda Road,L069-04,164.65,2026-09-29 18:17:00,2026-09-29 18:50:00,HIGH,SCHEDULED
T001854,57674,Passenger,C175,Devgarhnagar Jn,Tarapur,L175-02,167.66,2026-09-19 17:05:00,2026-09-19 18:02:00,HIGH,SCHEDULED
T001855,56367,Passenger,C145,Bharatabad Road,Palanigunj Road,L145-01,76.87,2026-10-08 00:11:00,2026-10-08 00:54:00,HIGH,CANCELLED
T001856,57324,Passenger,C123,Satpurapalli,Charankot Cantt,L123-09,208.13,2026-09-29 10:09:00,2026-09-29 10:36:00,HIGH,FORECAST
T001857,58187,Passenger,C140,Sundarkot Jn,Haldikheda,L140-01,12.21,2026-10-12 11:21:00,2026-10-12 11:27:00,HIGH,SCHEDULED
T001858,57295,Passenger,C176,Vindhyakot Jn,Ranaganj Cantt,L176-14,244.66,2026-09-28 14:10:00,2026-09-28 14:23:00,HIGH,FORECAST
T001859,31466,Goods,C199,Tarakheda Jn,Bhimagarh,L199-05,143.67,2026-09-25 07:28:00,2026-09-25 08:15:00,MEDIUM,SCHEDULED
T001860,58218,Passenger,C186,Bhimaabad,Omkarabad Cantt,L186-06,171.46,2026-09-27 07:00:00,2026-09-27 07:38:00,HIGH,SCHEDULED
T001861,58919,Passenger,C123,Satpurapalli,Charankot Cantt,L123-02,16.66,2026-09-27 18:13:00,2026-09-27 18:29:00,HIGH,SCHEDULED
T001862,58150,Passenger,C131,Ashokkot,Narmadagarh Cantt,L131-03,120.06,2026-09-04 14:35:00,2026-09-04 15:10:00,HIGH,SCHEDULED
T001863,32547,Goods,C195,Bharatgunj,Taraganj Road,L195-05,93.9,2026-09-17 04:39:00,2026-09-17 05:18:00,LOW,SCHEDULED
T001864,14364,Express,C051,Veerhalli,Shantipalli Cantt,L051-02,54.33,2026-10-13 13:11:00,2026-10-13 13:28:00,CRITICAL,SCHEDULED
T001865,57233,Passenger,C123,Satpurapalli,Charankot Cantt,L123-09,208.13,2026-10-05 16:03:00,2026-10-05 16:28:00,HIGH,SCHEDULED
T001866,30734,Goods,C131,Ashokkot,Narmadagarh Cantt,L131-08,224.31,2026-10-11 02:03:00,2026-10-11 02:57:00,HIGH,SCHEDULED
T001867,31210,Goods,C069,Dhanupalli Cantt,Girnarkheda Road,L069-08,267.94,2026-09-29 21:12:00,2026-09-29 22:10:00,MEDIUM,PROVISIONAL
T001868,58704,Passenger,C129,Sagargunj Jn,Meeragunj Road,L129-09,107.56,2026-10-11 04:42:00,2026-10-11 04:53:00,HIGH,SCHEDULED
T001869,56276,Passenger,C028,Girnarpalli,Kanhagunj Cantt,L028-07,186.56,2026-09-19 08:34:00,2026-09-19 09:34:00,CRITICAL,FORECAST
T001870,57238,Passenger,C129,Sagargunj Jn,Meeragunj Road,L129-05,53.43,2026-09-20 17:11:00,2026-09-20 17:22:00,HIGH,FORECAST
T001871,56872,Passenger,C098,Bilaskheda,Pushkarganj,L098-13,35.6,2026-09-30 08:11:00,2026-09-30 08:17:00,HIGH,PROVISIONAL
T001872,56678,Passenger,C129,Sagargunj Jn,Meeragunj Road,L129-05,53.43,2026-09-21 14:29:00,2026-09-21 14:43:00,HIGH,SCHEDULED
T001873,58658,Passenger,C069,Dhanupalli Cantt,Girnarkheda Road,L069-08,267.94,2026-09-10 20:03:00,2026-09-10 20:40:00,MEDIUM,FORECAST
T001874,14908,Express,C155,Omkarhalli,Sabarkheda Road,L155-05,18.46,2026-09-16 06:54:00,2026-09-16 07:00:00,CRITICAL,SCHEDULED
T001875,56723,Passenger,C075,Charanpur,Ranahalli Cantt,L075-01,27.8,2026-09-14 11:14:00,2026-09-14 11:43:00,HIGH,SCHEDULED
T001876,14451,Express,C079,Jaisalganj Road,Krishnaganj,L079-03,56.21,2026-09-11 09:30:00,2026-09-11 09:50:00,HIGH,SCHEDULED
T001877,13883,Express,C136,Lalitpalli,Sabarabad Road,L136-02,30.54,2026-10-14 07:56:00,2026-10-14 08:04:00,CRITICAL,FORECAST
T001878,13010,Express,C121,Bharatkot Road,Yamunagunj Cantt,L121-01,112.83,2026-10-01 17:56:00,2026-10-01 18:35:00,CRITICAL,CANCELLED
T001879,57914,Passenger,C150,Udaykot Jn,Sagarpalli,L150-09,136.48,2026-09-10 08:13:00,2026-09-10 08:29:00,HIGH,SCHEDULED
T001880,58226,Passenger,C069,Dhanupalli Cantt,Girnarkheda Road,L069-04,164.65,2026-09-06 17:06:00,2026-09-06 17:40:00,HIGH,SCHEDULED
T001881,14767,Express,C129,Sagargunj Jn,Meeragunj Road,L129-08,68.83,2026-09-21 16:34:00,2026-09-21 16:43:00,CRITICAL,FORECAST
T001882,13738,Express,C115,Konkanpalli,Indrakheda Jn,L115-09,283.97,2026-09-21 15:08:00,2026-09-21 15:32:00,CRITICAL,PROVISIONAL
T001883,57280,Passenger,C150,Udaykot Jn,Sagarpalli,L150-11,162.07,2026-09-10 06:25:00,2026-09-10 06:46:00,HIGH,SCHEDULED
T001884,12013,Express,C195,Bharatgunj,Taraganj Road,L195-02,28.22,2026-09-13 21:45:00,2026-09-13 22:02:00,CRITICAL,SCHEDULED
T001885,72807,Other,C016,Sabarhalli Road,Ambagunj Road,L016-04,20.05,2026-10-09 02:27:00,2026-10-09 03:01:00,CRITICAL,SCHEDULED
T001886,56716,Passenger,C072,Udayganj,Indragarh,L072-06,135.66,2026-09-23 16:36:00,2026-09-23 17:24:00,HIGH,SCHEDULED
T001887,14076,Express,C069,Dhanupalli Cantt,Girnarkheda Road,L069-11,333.57,2026-10-11 12:17:00,2026-10-11 12:35:00,CRITICAL,SCHEDULED
T001888,31217,Goods,C067,Pushkarkheda,Charankheda,L067-01,12.22,2026-10-15 00:00:00,2026-10-15 00:25:00,MEDIUM,SCHEDULED
T001889,56766,Passenger,C026,Sabarabad Cantt,Chitrakot,L026-02,9.14,2026-10-03 13:26:00,2026-10-03 13:32:00,HIGH,SCHEDULED
T001890,56426,Passenger,C195,Bharatgunj,Taraganj Road,L195-05,93.9,2026-10-02 12:52:00,2026-10-02 13:25:00,HIGH,SCHEDULED
T001891,31419,Goods,C140,Sundarkot Jn,Haldikheda,L140-02,16.52,2026-09-10 04:20:00,2026-09-10 04:26:00,MEDIUM,SCHEDULED
T001892,32265,Goods,C086,Vindhyakot,Girnarhalli Cantt,L086-05,84.66,2026-10-01 15:29:00,2026-10-01 16:03:00,MEDIUM,FORECAST
T001893,30764,Goods,C059,Yamunanagar Jn,Haldikheda,L059-04,298.87,2026-09-05 00:23:00,2026-09-05 01:43:00,MEDIUM,SCHEDULED
T001894,56098,Passenger,C069,Dhanupalli Cantt,Girnarkheda Road,L069-03,48.56,2026-10-13 16:30:00,2026-10-13 16:39:00,HIGH,SCHEDULED
T001895,30396,Goods,C175,Devgarhnagar Jn,Tarapur,L175-04,212.09,2026-09-27 02:17:00,2026-09-27 04:17:00,MEDIUM,SCHEDULED
T001896,57166,Passenger,C026,Sabarabad Cantt,Chitrakot,L026-04,17.94,2026-10-02 10:31:00,2026-10-02 10:37:00,HIGH,SCHEDULED
T001897,58990,Passenger,C018,Haldiganj,Nilgirigunj Road,L018-05,139.06,2026-10-01 20:00:00,2026-10-01 20:29:00,HIGH,SCHEDULED
T001898,58984,Passenger,C009,Konkanganj,Konkankheda,L009-02,62.41,2026-09-12 06:45:00,2026-09-12 07:19:00,HIGH,PROVISIONAL
T001899,58886,Passenger,C069,Dhanupalli Cantt,Girnarkheda Road,L069-03,48.56,2026-09-24 15:17:00,2026-09-24 15:39:00,HIGH,FORECAST
T001900,57187,Passenger,C069,Dhanupalli Cantt,Girnarkheda Road,L069-06,194.8,2026-09-03 02:22:00,2026-09-03 02:54:00,HIGH,FORECAST
T001901,32294,Goods,C164,Girnarhalli Road,Dhanugunj Cantt,L164-02,82.77,2026-10-05 02:51:00,2026-10-05 03:56:00,MEDIUM,SCHEDULED
T001902,12571,Express,C195,Bharatgunj,Taraganj Road,L195-03,41.77,2026-09-12 18:30:00,2026-09-12 18:49:00,CRITICAL,PROVISIONAL
T001903,13473,Express,C037,Gangaganj Road,Bilaskot,L037-04,32.13,2026-09-15 17:59:00,2026-09-15 18:17:00,CRITICAL,SCHEDULED
T001904,12143,Express,C071,Jaisalhalli Cantt,Veergarh Road,L071-01,16.35,2026-09-20 09:44:00,2026-09-20 10:07:00,CRITICAL,PROVISIONAL
T001905,31647,Goods,C009,Konkanganj,Konkankheda,L009-04,201.98,2026-10-07 03:15:00,2026-10-07 04:04:00,MEDIUM,SCHEDULED
T001906,30523,Goods,C085,Malwapur,Satpuranagar,L085-02,31.87,2026-09-21 08:14:00,2026-09-21 08:54:00,MEDIUM,SCHEDULED
T001907,57888,Passenger,C155,Omkarhalli,Sabarkheda Road,L155-12,75.94,2026-09-07 14:42:00,2026-09-07 14:49:00,HIGH,SCHEDULED
T001908,58371,Passenger,C071,Jaisalhalli Cantt,Veergarh Road,L071-03,41.93,2026-10-15 10:41:00,2026-10-15 11:38:00,HIGH,PROVISIONAL
T001909,58340,Passenger,C009,Konkanganj,Konkankheda,L009-07,242.71,2026-09-22 10:17:00,2026-09-22 10:52:00,HIGH,SCHEDULED
T001910,12808,Express,C009,Konkanganj,Konkankheda,L009-04,201.98,2026-09-02 06:35:00,2026-09-02 06:59:00,CRITICAL,SCHEDULED
T001911,56762,Passenger,C059,Yamunanagar Jn,Haldikheda,L059-09,380.03,2026-10-10 15:44:00,2026-10-10 16:23:00,HIGH,SCHEDULED
T001912,72735,Other,C199,Tarakheda Jn,Bhimagarh,L199-07,226.99,2026-09-24 18:20:00,2026-09-24 19:07:00,LOW,PROVISIONAL
T001913,12520,Express,C039,Malwaganj Cantt,Satpuraabad Road,L039-05,81.18,2026-09-21 13:28:00,2026-09-21 13:35:00,CRITICAL,SCHEDULED
T001914,12463,Express,C140,Sundarkot Jn,Haldikheda,L140-05,34.07,2026-10-10 07:28:00,2026-10-10 07:34:00,CRITICAL,FORECAST
T001915,58111,Passenger,C176,Vindhyakot Jn,Ranaganj Cantt,L176-12,214.5,2026-10-03 08:31:00,2026-10-03 08:56:00,HIGH,SCHEDULED
T001916,14477,Express,C075,Charanpur,Ranahalli Cantt,L075-09,208.81,2026-09-01 12:47:00,2026-09-01 13:03:00,MEDIUM,PROVISIONAL
T001917,58911,Passenger,C140,Sundarkot Jn,Haldikheda,L140-10,40.29,2026-09-08 21:37:00,2026-09-08 21:44:00,HIGH,SCHEDULED
T001918,30997,Goods,C123,Satpurapalli,Charankot Cantt,L123-05,42.98,2026-09-14 02:13:00,2026-09-14 02:46:00,MEDIUM,PROVISIONAL
T001919,13802,Express,C150,Udaykot Jn,Sagarpalli,L150-03,22.68,2026-09-15 09:21:00,2026-09-15 09:31:00,CRITICAL,FORECAST
T001920,57265,Passenger,C051,Veerhalli,Shantipalli Cantt,L051-02,54.33,2026-09-12 19:28:00,2026-09-12 19:52:00,HIGH,SCHEDULED
T001921,71970,Other,C195,Bharatgunj,Taraganj Road,L195-04,60.26,2026-09-27 15:26:00,2026-09-27 16:09:00,LOW,SCHEDULED
T001922,56073,Passenger,C069,Dhanupalli Cantt,Girnarkheda Road,L069-08,267.94,2026-10-13 06:39:00,2026-10-13 07:15:00,CRITICAL,FORECAST
T001923,13097,Express,C098,Bilaskheda,Pushkarganj,L098-08,22.8,2026-10-05 23:31:00,2026-10-05 23:37:00,CRITICAL,SCHEDULED
T001924,32690,Goods,C176,Vindhyakot Jn,Ranaganj Cantt,L176-07,116.6,2026-09-16 23:00:00,2026-09-16 23:32:00,MEDIUM,SCHEDULED
T001925,32416,Goods,C060,Ranaabad,Udayganj Cantt,L060-04,90.61,2026-10-09 00:41:00,2026-10-09 01:53:00,MEDIUM,SCHEDULED
T001926,57722,Passenger,C129,Sagargunj Jn,Meeragunj Road,L129-06,56.17,2026-09-29 08:13:00,2026-09-29 08:30:00,HIGH,FORECAST
T001927,56227,Passenger,C018,Haldiganj,Nilgirigunj Road,L018-03,76.59,2026-09-07 23:57:00,2026-09-08 00:26:00,HIGH,SCHEDULED
T001928,57895,Passenger,C164,Girnarhalli Road,Dhanugunj Cantt,L164-03,127.28,2026-09-15 16:27:00,2026-09-15 17:09:00,HIGH,SCHEDULED
T001929,57245,Passenger,C123,Satpurapalli,Charankot Cantt,L123-04,31.64,2026-09-20 18:20:00,2026-09-20 18:56:00,HIGH,SCHEDULED
T001930,31275,Goods,C075,Charanpur,Ranahalli Cantt,L075-09,208.81,2026-09-23 23:48:00,2026-09-24 00:34:00,MEDIUM,SCHEDULED
T001931,71912,Other,C050,Taragunj,Haldipur Road,L050-10,121.98,2026-09-04 11:10:00,2026-09-04 11:29:00,LOW,SCHEDULED
T001932,12833,Express,C140,Sundarkot Jn,Haldikheda,L140-05,34.07,2026-09-14 05:58:00,2026-09-14 06:04:00,CRITICAL,CANCELLED
T001933,72710,Other,C069,Dhanupalli Cantt,Girnarkheda Road,L069-02,35.6,2026-09-22 02:00:00,2026-09-22 02:50:00,LOW,FORECAST
T001934,57461,Passenger,C026,Sabarabad Cantt,Chitrakot,L026-07,34.73,2026-09-12 19:06:00,2026-09-12 19:12:00,HIGH,PROVISIONAL
T001935,58226,Passenger,C153,Veerkot Jn,Veerkheda Road,L153-07,81.18,2026-09-01 07:10:00,2026-09-01 07:26:00,HIGH,SCHEDULED
T001936,57536,Passenger,C163,Dhanuganj Cantt,Veerhalli Jn,L163-08,92.08,2026-09-05 20:56:00,2026-09-05 21:10:00,MEDIUM,SCHEDULED
T001937,12714,Express,C098,Bilaskheda,Pushkarganj,L098-02,3.88,2026-10-15 13:13:00,2026-10-15 13:19:00,CRITICAL,FORECAST
T001938,57214,Passenger,C150,Udaykot Jn,Sagarpalli,L150-05,55.2,2026-09-21 13:30:00,2026-09-21 13:46:00,HIGH,FORECAST
T001939,56175,Passenger,C017,Sagargunj Road,Kanhakot,L017-03,60.73,2026-10-10 12:06:00,2026-10-10 12:30:00,HIGH,SCHEDULED
T001940,32660,Goods,C058,Sundarkot Jn,Bharatpur Cantt,L058-06,28.11,2026-09-19 12:41:00,2026-09-19 12:49:00,MEDIUM,SCHEDULED
T001941,12512,Express,C069,Dhanupalli Cantt,Girnarkheda Road,L069-01,22.53,2026-10-03 07:26:00,2026-10-03 07:45:00,CRITICAL,SCHEDULED
T001942,30859,Goods,C163,Dhanuganj Cantt,Veerhalli Jn,L163-02,14.51,2026-10-15 17:22:00,2026-10-15 17:45:00,MEDIUM,SCHEDULED
T001943,58300,Passenger,C195,Bharatgunj,Taraganj Road,L195-06,98.59,2026-10-09 10:34:00,2026-10-09 11:02:00,HIGH,SCHEDULED
T001944,13561,Express,C074,Chandrapalli Cantt,Nilgirikheda,L074-03,10.97,2026-10-06 19:01:00,2026-10-06 19:09:00,CRITICAL,SCHEDULED
T001945,57740,Passenger,C062,Kanhanagar Road,Sabargunj Cantt,L062-02,134.42,2026-10-09 16:51:00,2026-10-09 17:40:00,HIGH,FORECAST
T001946,58199,Passenger,C155,Omkarhalli,Sabarkheda Road,L155-01,0.57,2026-09-07 20:52:00,2026-09-07 20:59:00,HIGH,SCHEDULED
T001947,30612,Goods,C098,Bilaskheda,Pushkarganj,L098-03,5.9,2026-10-05 00:04:00,2026-10-05 00:10:00,MEDIUM,SCHEDULED
T001948,30869,Goods,C164,Girnarhalli Road,Dhanugunj Cantt,L164-08,276.89,2026-09-08 10:48:00,2026-09-08 12:00:00,MEDIUM,PROVISIONAL
T001949,56809,Passenger,C123,Satpurapalli,Charankot Cantt,L123-01,11.95,2026-10-04 17:59:00,2026-10-04 18:24:00,LOW,SCHEDULED
T001950,58658,Passenger,C150,Udaykot Jn,Sagarpalli,L150-06,61.26,2026-09-15 06:35:00,2026-09-15 06:50:00,HIGH,SCHEDULED
T001951,58107,Passenger,C050,Taragunj,Haldipur Road,L050-11,126.85,2026-09-19 15:05:00,2026-09-19 15:18:00,HIGH,PROVISIONAL
T001952,31756,Goods,C086,Vindhyakot,Girnarhalli Cantt,L086-05,84.66,2026-09-07 22:22:00,2026-09-07 23:05:00,MEDIUM,SCHEDULED
T001953,58693,Passenger,C193,Bilaskheda Jn,Devgarhkheda,L193-03,86.39,2026-10-12 16:26:00,2026-10-12 16:50:00,HIGH,SCHEDULED
T001954,57637,Passenger,C163,Dhanuganj Cantt,Veerhalli Jn,L163-05,64.97,2026-09-29 07:14:00,2026-09-29 07:27:00,HIGH,SCHEDULED
T001955,31187,Goods,C051,Veerhalli,Shantipalli Cantt,L051-09,175.11,2026-10-14 00:36:00,2026-10-14 01:14:00,MEDIUM,SCHEDULED
T001956,14811,Express,C113,Kaverikheda,Krishnapalli,L113-04,108.17,2026-09-20 07:32:00,2026-09-20 08:03:00,CRITICAL,SCHEDULED
T001957,30321,Goods,C018,Haldiganj,Nilgirigunj Road,L018-07,174.74,2026-09-02 05:03:00,2026-09-02 05:49:00,MEDIUM,SCHEDULED
T001958,70732,Other,C069,Dhanupalli Cantt,Girnarkheda Road,L069-01,22.53,2026-09-22 22:54:00,2026-09-22 23:31:00,LOW,PROVISIONAL
T001959,56309,Passenger,C099,Malwagunj,Gangaganj,L099-06,22.41,2026-09-30 20:07:00,2026-09-30 20:13:00,HIGH,PROVISIONAL
T001960,56794,Passenger,C086,Vindhyakot,Girnarhalli Cantt,L086-08,224.86,2026-09-08 12:24:00,2026-09-08 13:02:00,HIGH,PROVISIONAL
T001961,72841,Other,C050,Taragunj,Haldipur Road,L050-10,121.98,2026-09-18 23:24:00,2026-09-18 23:42:00,LOW,SCHEDULED
T001962,57971,Passenger,C034,Devgarhnagar,Shantigarh Road,L034-08,58.79,2026-09-06 07:02:00,2026-09-06 07:08:00,HIGH,FORECAST
T001963,56206,Passenger,C032,Palaninagar,Gangapur,L032-05,218.24,2026-10-10 13:25:00,2026-10-10 14:10:00,HIGH,SCHEDULED
T001964,56057,Passenger,C123,Satpurapalli,Charankot Cantt,L123-09,208.13,2026-09-07 19:52:00,2026-09-07 20:16:00,HIGH,SCHEDULED
T001965,70791,Other,C133,Konkankot,Shantigarh,L133-03,135.98,2026-10-05 11:40:00,2026-10-05 12:53:00,LOW,SCHEDULED
T001966,58107,Passenger,C164,Girnarhalli Road,Dhanugunj Cantt,L164-01,46.53,2026-10-12 18:24:00,2026-10-12 19:13:00,HIGH,FORECAST
T001967,13651,Express,C164,Girnarhalli Road,Dhanugunj Cantt,L164-10,357.49,2026-09-28 08:31:00,2026-09-28 09:02:00,CRITICAL,SCHEDULED
T001968,12974,Express,C175,Devgarhnagar Jn,Tarapur,L175-02,167.66,2026-09-13 10:16:00,2026-09-13 11:05:00,CRITICAL,SCHEDULED
T001969,57561,Passenger,C069,Dhanupalli Cantt,Girnarkheda Road,L069-11,333.57,2026-09-21 03:28:00,2026-09-21 04:07:00,HIGH,SCHEDULED
T001970,57142,Passenger,C069,Dhanupalli Cantt,Girnarkheda Road,L069-10,288.36,2026-09-27 14:35:00,2026-09-27 15:12:00,HIGH,SCHEDULED
T001971,30023,Goods,C163,Dhanuganj Cantt,Veerhalli Jn,L163-03,28.41,2026-09-22 03:17:00,2026-09-22 03:39:00,MEDIUM,SCHEDULED
T001972,71614,Other,C059,Yamunanagar Jn,Haldikheda,L059-03,215.56,2026-10-08 08:32:00,2026-10-08 09:07:00,LOW,SCHEDULED
T001973,30617,Goods,C069,Dhanupalli Cantt,Girnarkheda Road,L069-05,175.88,2026-09-13 21:57:00,2026-09-13 22:56:00,MEDIUM,SCHEDULED
T001974,13954,Express,C140,Sundarkot Jn,Haldikheda,L140-03,28.69,2026-09-16 08:52:00,2026-09-16 08:58:00,CRITICAL,FORECAST
T001975,56229,Passenger,C140,Sundarkot Jn,Haldikheda,L140-06,35.5,2026-09-20 17:19:00,2026-09-20 17:25:00,HIGH,SCHEDULED
T001976,30252,Goods,C123,Satpurapalli,Charankot Cantt,L123-03,31.28,2026-10-01 22:23:00,2026-10-01 22:58:00,MEDIUM,SCHEDULED
T001977,56767,Passenger,C026,Sabarabad Cantt,Chitrakot,L026-07,34.73,2026-09-20 06:03:00,2026-09-20 06:09:00,LOW,SCHEDULED
T001978,14163,Express,C140,Sundarkot Jn,Haldikheda,L140-01,12.21,2026-09-26 13:59:00,2026-09-26 14:05:00,CRITICAL,FORECAST
T001979,70775,Other,C150,Udaykot Jn,Sagarpalli,L150-11,162.07,2026-10-07 11:06:00,2026-10-07 11:26:00,LOW,SCHEDULED
T001980,14819,Express,C175,Devgarhnagar Jn,Tarapur,L175-02,167.66,2026-10-08 23:43:00,2026-10-09 00:36:00,CRITICAL,SCHEDULED
T001981,32964,Goods,C150,Udaykot Jn,Sagarpalli,L150-12,167.61,2026-09-28 00:17:00,2026-09-28 00:43:00,MEDIUM,SCHEDULED
T001982,30485,Goods,C153,Veerkot Jn,Veerkheda Road,L153-04,44.0,2026-10-11 04:39:00,2026-10-11 05:05:00,MEDIUM,SCHEDULED
T001983,12958,Express,C098,Bilaskheda,Pushkarganj,L098-14,38.39,2026-09-25 06:51:00,2026-09-25 06:57:00,CRITICAL,PROVISIONAL
T001984,30887,Goods,C050,Taragunj,Haldipur Road,L050-02,30.2,2026-10-07 04:35:00,2026-10-07 04:58:00,LOW,FORECAST
T001985,30547,Goods,C037,Gangaganj Road,Bilaskot,L037-01,26.3,2026-10-14 03:04:00,2026-10-14 04:00:00,MEDIUM,SCHEDULED
T001986,57835,Passenger,C195,Bharatgunj,Taraganj Road,L195-07,109.28,2026-10-08 04:20:00,2026-10-08 04:57:00,HIGH,SCHEDULED
T001987,56777,Passenger,C155,Omkarhalli,Sabarkheda Road,L155-10,58.13,2026-10-13 20:35:00,2026-10-13 20:42:00,HIGH,SCHEDULED
T001988,13217,Express,C140,Sundarkot Jn,Haldikheda,L140-11,44.31,2026-09-12 08:53:00,2026-09-12 08:59:00,CRITICAL,SCHEDULED
T001989,13394,Express,C150,Udaykot Jn,Sagarpalli,L150-03,22.68,2026-09-30 06:24:00,2026-09-30 06:35:00,MEDIUM,SCHEDULED
T001990,58245,Passenger,C115,Konkanpalli,Indrakheda Jn,L115-01,50.74,2026-09-23 20:35:00,2026-09-23 21:02:00,HIGH,PROVISIONAL
T001991,56359,Passenger,C009,Konkanganj,Konkankheda,L009-06,222.21,2026-09-14 10:06:00,2026-09-14 10:52:00,HIGH,SCHEDULED
T001992,58391,Passenger,C164,Girnarhalli Road,Dhanugunj Cantt,L164-02,82.77,2026-10-07 05:43:00,2026-10-07 06:20:00,HIGH,SCHEDULED
T001993,30894,Goods,C009,Konkanganj,Konkankheda,L009-03,182.63,2026-10-10 22:46:00,2026-10-11 00:04:00,MEDIUM,FORECAST
T001994,70727,Other,C050,Taragunj,Haldipur Road,L050-08,107.89,2026-09-29 21:04:00,2026-09-29 21:26:00,LOW,FORECAST
T001995,14902,Express,C050,Taragunj,Haldipur Road,L050-04,35.75,2026-09-04 18:50:00,2026-09-04 19:02:00,CRITICAL,FORECAST
T001996,58471,Passenger,C018,Haldiganj,Nilgirigunj Road,L018-01,55.34,2026-09-07 18:40:00,2026-09-07 19:08:00,HIGH,FORECAST
T001997,70027,Other,C074,Chandrapalli Cantt,Nilgirikheda,L074-04,14.02,2026-09-29 21:59:00,2026-09-29 22:18:00,LOW,SCHEDULED
T001998,56830,Passenger,C140,Sundarkot Jn,Haldikheda,L140-03,28.69,2026-09-02 18:39:00,2026-09-02 18:45:00,HIGH,CANCELLED
T001999,57755,Passenger,C176,Vindhyakot Jn,Ranaganj Cantt,L176-06,96.69,2026-09-30 07:36:00,2026-09-30 07:49:00,HIGH,SCHEDULED
T002000,56065,Passenger,C200,Haldipur Cantt,Haldiabad Jn,L200-06,103.18,2026-10-13 14:37:00,2026-10-13 14:59:00,HIGH,SCHEDULED
T002001,72691,Other,C078,Vindhyanagar,Rananagar Road,L078-11,99.09,2026-10-14 05:57:00,2026-10-14 06:15:00,LOW,SCHEDULED
T002002,12425,Express,C050,Taragunj,Haldipur Road,L050-05,36.84,2026-10-10 10:53:00,2026-10-10 11:00:00,CRITICAL,SCHEDULED
T002003,58251,Passenger,C069,Dhanupalli Cantt,Girnarkheda Road,L069-11,333.57,2026-09-01 12:29:00,2026-09-01 13:06:00,HIGH,PROVISIONAL
T002004,12308,Express,C140,Sundarkot Jn,Haldikheda,L140-01,12.21,2026-09-23 12:44:00,2026-09-23 12:50:00,CRITICAL,SCHEDULED
T002005,58666,Passenger,C111,Krishnapur,Ambapalli,L111-04,92.22,2026-09-04 22:08:00,2026-09-04 23:11:00,HIGH,FORECAST
T002006,32616,Goods,C155,Omkarhalli,Sabarkheda Road,L155-01,0.57,2026-10-13 04:38:00,2026-10-13 04:48:00,MEDIUM,SCHEDULED
T002007,72780,Other,C050,Taragunj,Haldipur Road,L050-09,113.79,2026-09-05 05:57:00,2026-09-05 06:14:00,LOW,SCHEDULED
T002008,13875,Express,C150,Udaykot Jn,Sagarpalli,L150-04,28.77,2026-10-07 08:26:00,2026-10-07 08:36:00,CRITICAL,FORECAST
T002009,31192,Goods,C171,Yamunakot Cantt,Krishnapur,L171-01,3.1,2026-09-13 01:39:00,2026-09-13 01:45:00,CRITICAL,SCHEDULED
T002010,71665,Other,C172,Jaisalabad Road,Vindhyanagar,L172-01,119.21,2026-09-07 14:21:00,2026-09-07 16:20:00,LOW,SCHEDULED
T002011,57650,Passenger,C164,Girnarhalli Road,Dhanugunj Cantt,L164-09,325.29,2026-09-24 12:05:00,2026-09-24 12:45:00,HIGH,SCHEDULED
T002012,12660,Express,C111,Krishnapur,Ambapalli,L111-04,92.22,2026-09-10 06:33:00,2026-09-10 07:04:00,CRITICAL,SCHEDULED
T002013,58655,Passenger,C050,Taragunj,Haldipur Road,L050-03,34.24,2026-10-13 17:24:00,2026-10-13 17:35:00,HIGH,FORECAST
T002014,57640,Passenger,C195,Bharatgunj,Taraganj Road,L195-04,60.26,2026-10-11 14:04:00,2026-10-11 14:33:00,HIGH,SCHEDULED
T002015,12070,Express,C069,Dhanupalli Cantt,Girnarkheda Road,L069-04,164.65,2026-10-05 18:26:00,2026-10-05 18:49:00,CRITICAL,SCHEDULED
T002016,57967,Passenger,C018,Haldiganj,Nilgirigunj Road,L018-03,76.59,2026-09-13 18:59:00,2026-09-13 19:33:00,HIGH,SCHEDULED
T002017,56680,Passenger,C075,Charanpur,Ranahalli Cantt,L075-11,268.44,2026-09-30 22:41:00,2026-09-30 23:13:00,HIGH,FORECAST
T002018,31992,Goods,C063,Ambanagar Jn,Indrakheda,L063-08,119.35,2026-10-01 12:20:00,2026-10-01 12:53:00,MEDIUM,SCHEDULED
T002019,56844,Passenger,C111,Krishnapur,Ambapalli,L111-02,54.49,2026-09-22 21:23:00,2026-09-22 22:06:00,HIGH,FORECAST
T002020,58865,Passenger,C069,Dhanupalli Cantt,Girnarkheda Road,L069-06,194.8,2026-09-22 06:01:00,2026-09-22 06:42:00,MEDIUM,SCHEDULED
T002021,32638,Goods,C098,Bilaskheda,Pushkarganj,L098-04,6.36,2026-09-02 00:56:00,2026-09-02 01:02:00,MEDIUM,SCHEDULED
T002022,56602,Passenger,C050,Taragunj,Haldipur Road,L050-10,121.98,2026-09-19 17:36:00,2026-09-19 17:48:00,HIGH,SCHEDULED
T002023,30788,Goods,C069,Dhanupalli Cantt,Girnarkheda Road,L069-01,22.53,2026-09-16 00:55:00,2026-09-16 02:03:00,MEDIUM,SCHEDULED
T002024,14199,Express,C059,Yamunanagar Jn,Haldikheda,L059-07,362.31,2026-10-07 06:00:00,2026-10-07 06:30:00,CRITICAL,SCHEDULED
T002025,32712,Goods,C120,Udayganj,Haldiganj Jn,L120-06,99.07,2026-09-17 00:37:00,2026-09-17 01:26:00,MEDIUM,SCHEDULED
T002026,12812,Express,C150,Udaykot Jn,Sagarpalli,L150-05,55.2,2026-10-15 10:03:00,2026-10-15 10:14:00,CRITICAL,SCHEDULED
T002027,56108,Passenger,C163,Dhanuganj Cantt,Veerhalli Jn,L163-11,115.88,2026-10-04 11:19:00,2026-10-04 11:34:00,HIGH,SCHEDULED
T002028,31294,Goods,C131,Ashokkot,Narmadagarh Cantt,L131-03,120.06,2026-09-19 06:06:00,2026-09-19 07:04:00,MEDIUM,SCHEDULED
T002029,58752,Passenger,C195,Bharatgunj,Taraganj Road,L195-07,109.28,2026-09-27 13:19:00,2026-09-27 13:42:00,HIGH,SCHEDULED
T002030,12916,Express,C069,Dhanupalli Cantt,Girnarkheda Road,L069-04,164.65,2026-09-17 09:59:00,2026-09-17 10:23:00,CRITICAL,SCHEDULED
T002031,14904,Express,C050,Taragunj,Haldipur Road,L050-11,126.85,2026-09-29 05:00:00,2026-09-29 05:07:00,CRITICAL,PROVISIONAL
T002032,57021,Passenger,C069,Dhanupalli Cantt,Girnarkheda Road,L069-08,267.94,2026-10-03 18:46:00,2026-10-03 19:34:00,HIGH,SCHEDULED
T002033,13337,Express,C150,Udaykot Jn,Sagarpalli,L150-12,167.61,2026-09-04 07:35:00,2026-09-04 07:46:00,MEDIUM,SCHEDULED
T002034,58298,Passenger,C050,Taragunj,Haldipur Road,L050-04,35.75,2026-09-05 09:33:00,2026-09-05 09:45:00,HIGH,SCHEDULED
T002035,58202,Passenger,C026,Sabarabad Cantt,Chitrakot,L026-05,23.62,2026-09-12 19:57:00,2026-09-12 20:05:00,HIGH,FORECAST
T002036,58701,Passenger,C037,Gangaganj Road,Bilaskot,L037-01,26.3,2026-10-01 09:46:00,2026-10-01 10:08:00,HIGH,SCHEDULED
T002037,58363,Passenger,C155,Omkarhalli,Sabarkheda Road,L155-12,75.94,2026-10-15 11:02:00,2026-10-15 11:08:00,HIGH,SCHEDULED
T002038,57651,Passenger,C098,Bilaskheda,Pushkarganj,L098-10,26.69,2026-09-12 07:17:00,2026-09-12 07:23:00,HIGH,SCHEDULED
T002039,31047,Goods,C123,Satpurapalli,Charankot Cantt,L123-09,208.13,2026-09-16 00:22:00,2026-09-16 00:59:00,MEDIUM,FORECAST
T002040,31757,Goods,C071,Jaisalhalli Cantt,Veergarh Road,L071-05,178.19,2026-09-07 00:07:00,2026-09-07 01:25:00,MEDIUM,SCHEDULED
T002041,56050,Passenger,C150,Udaykot Jn,Sagarpalli,L150-08,125.81,2026-10-02 17:32:00,2026-10-02 17:43:00,HIGH,SCHEDULED
T002042,56620,Passenger,C192,Malwanagar,Devgarhgarh,L192-05,32.99,2026-10-15 06:53:00,2026-10-15 07:08:00,HIGH,SCHEDULED
T002043,58437,Passenger,C069,Dhanupalli Cantt,Girnarkheda Road,L069-07,215.64,2026-09-19 10:30:00,2026-09-19 10:58:00,HIGH,SCHEDULED
T002044,57331,Passenger,C155,Omkarhalli,Sabarkheda Road,L155-08,49.19,2026-10-14 08:50:00,2026-10-14 08:58:00,HIGH,CANCELLED
T002045,12335,Express,C155,Omkarhalli,Sabarkheda Road,L155-02,8.52,2026-09-30 17:08:00,2026-09-30 17:14:00,CRITICAL,SCHEDULED
T002046,72545,Other,C050,Taragunj,Haldipur Road,L050-05,36.84,2026-10-10 01:56:00,2026-10-10 02:18:00,LOW,FORECAST
T002047,57318,Passenger,C009,Konkanganj,Konkankheda,L009-05,209.53,2026-09-17 09:46:00,2026-09-17 10:28:00,HIGH,SCHEDULED
T002048,57991,Passenger,C195,Bharatgunj,Taraganj Road,L195-07,109.28,2026-09-17 10:21:00,2026-09-17 10:49:00,HIGH,PROVISIONAL
T002049,30450,Goods,C098,Bilaskheda,Pushkarganj,L098-06,11.88,2026-09-07 15:18:00,2026-09-07 15:24:00,MEDIUM,SCHEDULED
T002050,56159,Passenger,C192,Malwanagar,Devgarhgarh,L192-01,20.94,2026-10-06 20:11:00,2026-10-06 20:28:00,HIGH,FORECAST
T002051,30920,Goods,C131,Ashokkot,Narmadagarh Cantt,L131-01,20.98,2026-09-16 21:45:00,2026-09-16 22:36:00,MEDIUM,PROVISIONAL
T002052,30099,Goods,C195,Bharatgunj,Taraganj Road,L195-06,98.59,2026-09-20 23:12:00,2026-09-20 23:44:00,MEDIUM,SCHEDULED
T002053,13205,Express,C140,Sundarkot Jn,Haldikheda,L140-09,40.15,2026-09-02 22:49:00,2026-09-02 22:55:00,CRITICAL,FORECAST
T002054,13975,Express,C137,Bhimakheda,Bilasgunj,L137-02,141.44,2026-10-10 21:55:00,2026-10-10 22:55:00,CRITICAL,PROVISIONAL
T002055,58593,Passenger,C140,Sundarkot Jn,Haldikheda,L140-07,37.73,2026-10-11 06:03:00,2026-10-11 06:09:00,HIGH,SCHEDULED
T002056,12427,Express,C016,Sabarhalli Road,Ambagunj Road,L016-07,147.18,2026-10-05 18:33:00,2026-10-05 18:46:00,CRITICAL,SCHEDULED
T002057,56533,Passenger,C039,Malwaganj Cantt,Satpuraabad Road,L039-07,116.74,2026-09-16 12:16:00,2026-09-16 12:35:00,HIGH,SCHEDULED
T002058,57998,Passenger,C075,Charanpur,Ranahalli Cantt,L075-01,27.8,2026-10-04 19:36:00,2026-10-04 20:08:00,HIGH,SCHEDULED
T002059,70898,Other,C051,Veerhalli,Shantipalli Cantt,L051-08,173.27,2026-09-21 02:49:00,2026-09-21 03:15:00,LOW,PROVISIONAL
T002060,12378,Express,C164,Girnarhalli Road,Dhanugunj Cantt,L164-04,137.62,2026-09-20 16:02:00,2026-09-20 16:23:00,CRITICAL,SCHEDULED
T002061,57749,Passenger,C195,Bharatgunj,Taraganj Road,L195-07,109.28,2026-09-26 05:10:00,2026-09-26 05:36:00,MEDIUM,SCHEDULED
T002062,58052,Passenger,C155,Omkarhalli,Sabarkheda Road,L155-06,27.49,2026-09-08 17:09:00,2026-09-08 17:16:00,HIGH,FORECAST
T002063,71952,Other,C071,Jaisalhalli Cantt,Veergarh Road,L071-01,16.35,2026-09-17 22:07:00,2026-09-17 22:59:00,LOW,SCHEDULED
T002064,57274,Passenger,C075,Charanpur,Ranahalli Cantt,L075-10,243.0,2026-09-25 13:38:00,2026-09-25 14:11:00,HIGH,SCHEDULED
T002065,31088,Goods,C049,Vindhyaganj Road,Haldihalli,L049-08,275.51,2026-09-23 04:20:00,2026-09-23 05:15:00,MEDIUM,SCHEDULED
T002066,57763,Passenger,C172,Jaisalabad Road,Vindhyanagar,L172-01,119.21,2026-09-24 18:22:00,2026-09-24 20:16:00,HIGH,SCHEDULED
T002067,57380,Passenger,C131,Ashokkot,Narmadagarh Cantt,L131-03,120.06,2026-10-11 12:24:00,2026-10-11 12:50:00,HIGH,SCHEDULED
T002068,58015,Passenger,C069,Dhanupalli Cantt,Girnarkheda Road,L069-06,194.8,2026-09-11 16:37:00,2026-09-11 17:13:00,HIGH,SCHEDULED
T002069,56278,Passenger,C074,Chandrapalli Cantt,Nilgirikheda,L074-02,7.77,2026-10-12 16:16:00,2026-10-12 16:30:00,HIGH,SCHEDULED
T002070,31556,Goods,C196,Devgarhganj,Bharatnagar,L196-05,114.09,2026-09-08 08:26:00,2026-09-08 09:10:00,HIGH,CANCELLED
T002071,14796,Express,C009,Konkanganj,Konkankheda,L009-06,222.21,2026-09-29 15:08:00,2026-09-29 15:36:00,CRITICAL,PROVISIONAL
T002072,13158,Express,C195,Bharatgunj,Taraganj Road,L195-05,93.9,2026-09-26 18:46:00,2026-09-26 19:10:00,LOW,SCHEDULED
T002073,58471,Passenger,C140,Sundarkot Jn,Haldikheda,L140-08,38.21,2026-09-21 17:46:00,2026-09-21 17:52:00,HIGH,SCHEDULED
T002074,32069,Goods,C123,Satpurapalli,Charankot Cantt,L123-02,16.66,2026-09-25 21:43:00,2026-09-25 22:19:00,MEDIUM,FORECAST
T002075,70320,Other,C140,Sundarkot Jn,Haldikheda,L140-03,28.69,2026-09-29 19:13:00,2026-09-29 19:19:00,LOW,SCHEDULED
T002076,12995,Express,C039,Malwaganj Cantt,Satpuraabad Road,L039-01,1.19,2026-09-28 15:05:00,2026-09-28 15:19:00,CRITICAL,FORECAST
T002077,57747,Passenger,C091,Ashokpur,Indrapalli Road,L091-01,0.94,2026-09-03 08:01:00,2026-09-03 08:07:00,HIGH,SCHEDULED
T002078,57881,Passenger,C175,Devgarhnagar Jn,Tarapur,L175-04,212.09,2026-09-04 10:09:00,2026-09-04 11:19:00,HIGH,SCHEDULED
T002079,56683,Passenger,C069,Dhanupalli Cantt,Girnarkheda Road,L069-08,267.94,2026-10-02 19:13:00,2026-10-02 19:45:00,HIGH,SCHEDULED
T002080,30916,Goods,C051,Veerhalli,Shantipalli Cantt,L051-08,173.27,2026-09-08 02:45:00,2026-09-08 03:10:00,MEDIUM,SCHEDULED
T002081,58634,Passenger,C036,Ashokgunj Jn,Kanhaganj,L036-01,0.2,2026-09-20 18:30:00,2026-09-20 18:46:00,HIGH,SCHEDULED
T002082,30451,Goods,C039,Malwaganj Cantt,Satpuraabad Road,L039-02,34.94,2026-09-09 22:52:00,2026-09-09 23:27:00,MEDIUM,SCHEDULED
T002083,31706,Goods,C176,Vindhyakot Jn,Ranaganj Cantt,L176-04,54.44,2026-10-06 01:30:00,2026-10-06 02:03:00,MEDIUM,FORECAST
T002084,12639,Express,C009,Konkanganj,Konkankheda,L009-04,201.98,2026-09-10 23:11:00,2026-09-10 23:37:00,CRITICAL,SCHEDULED
T002085,58465,Passenger,C155,Omkarhalli,Sabarkheda Road,L155-03,13.91,2026-09-24 19:10:00,2026-09-24 19:17:00,HIGH,SCHEDULED
T002086,56047,Passenger,C069,Dhanupalli Cantt,Girnarkheda Road,L069-02,35.6,2026-09-06 08:03:00,2026-09-06 08:33:00,HIGH,SCHEDULED
T002087,31489,Goods,C029,Charankot,Sagarkot,L029-12,167.21,2026-09-30 03:18:00,2026-09-30 03:43:00,MEDIUM,SCHEDULED
T002088,31956,Goods,C039,Malwaganj Cantt,Satpuraabad Road,L039-12,209.67,2026-09-30 18:34:00,2026-09-30 19:08:00,MEDIUM,SCHEDULED
T002089,12686,Express,C129,Sagargunj Jn,Meeragunj Road,L129-09,107.56,2026-09-10 19:54:00,2026-09-10 20:02:00,CRITICAL,SCHEDULED
T002090,57458,Passenger,C099,Malwagunj,Gangaganj,L099-06,22.41,2026-10-10 11:58:00,2026-10-10 12:04:00,HIGH,SCHEDULED
T002091,13563,Express,C051,Veerhalli,Shantipalli Cantt,L051-05,128.3,2026-10-07 13:51:00,2026-10-07 14:04:00,CRITICAL,SCHEDULED
T002092,72345,Other,C026,Sabarabad Cantt,Chitrakot,L026-07,34.73,2026-09-21 09:18:00,2026-09-21 09:26:00,LOW,SCHEDULED
T002093,57798,Passenger,C150,Udaykot Jn,Sagarpalli,L150-11,162.07,2026-09-24 01:55:00,2026-09-24 02:12:00,HIGH,SCHEDULED
T002094,13172,Express,C123,Satpurapalli,Charankot Cantt,L123-01,11.95,2026-10-10 19:31:00,2026-10-10 19:48:00,CRITICAL,SCHEDULED
T002095,56096,Passenger,C051,Veerhalli,Shantipalli Cantt,L051-09,175.11,2026-10-14 20:08:00,2026-10-14 20:32:00,HIGH,FORECAST
T002096,12145,Express,C026,Sabarabad Cantt,Chitrakot,L026-03,10.67,2026-10-06 10:48:00,2026-10-06 10:54:00,CRITICAL,SCHEDULED
T002097,56039,Passenger,C050,Taragunj,Haldipur Road,L050-11,126.85,2026-10-09 21:28:00,2026-10-09 21:45:00,HIGH,SCHEDULED
T002098,57732,Passenger,C155,Omkarhalli,Sabarkheda Road,L155-01,0.57,2026-09-01 13:22:00,2026-09-01 13:31:00,HIGH,FORECAST
T002099,30230,Goods,C009,Konkanganj,Konkankheda,L009-06,222.21,2026-10-01 04:20:00,2026-10-01 05:31:00,MEDIUM,SCHEDULED
T002100,57403,Passenger,C123,Satpurapalli,Charankot Cantt,L123-02,16.66,2026-09-23 16:41:00,2026-09-23 17:18:00,LOW,SCHEDULED
T002101,32427,Goods,C075,Charanpur,Ranahalli Cantt,L075-05,165.28,2026-09-30 05:54:00,2026-09-30 06:38:00,MEDIUM,SCHEDULED
T002102,58164,Passenger,C175,Devgarhnagar Jn,Tarapur,L175-01,2.87,2026-09-21 12:55:00,2026-09-21 14:10:00,HIGH,FORECAST
T002103,58546,Passenger,C098,Bilaskheda,Pushkarganj,L098-08,22.8,2026-09-28 19:24:00,2026-09-28 19:30:00,HIGH,PROVISIONAL
T002104,56967,Passenger,C120,Udayganj,Haldiganj Jn,L120-02,5.34,2026-10-02 06:22:00,2026-10-02 06:57:00,HIGH,SCHEDULED
T002105,32543,Goods,C089,Pushkarkot,Gangakot,L089-05,258.39,2026-09-01 14:03:00,2026-09-01 15:41:00,MEDIUM,FORECAST
T002106,31218,Goods,C155,Omkarhalli,Sabarkheda Road,L155-08,49.19,2026-10-12 01:55:00,2026-10-12 02:04:00,MEDIUM,SCHEDULED
T002107,30962,Goods,C050,Taragunj,Haldipur Road,L050-05,36.84,2026-09-21 04:31:00,2026-09-21 04:48:00,MEDIUM,FORECAST
T002108,31261,Goods,C131,Ashokkot,Narmadagarh Cantt,L131-06,167.76,2026-09-17 20:46:00,2026-09-17 21:42:00,MEDIUM,SCHEDULED
T002109,14984,Express,C195,Bharatgunj,Taraganj Road,L195-03,41.77,2026-09-20 15:12:00,2026-09-20 15:33:00,CRITICAL,FORECAST
T002110,58953,Passenger,C069,Dhanupalli Cantt,Girnarkheda Road,L069-03,48.56,2026-09-23 04:43:00,2026-09-23 05:20:00,HIGH,SCHEDULED
T002111,58292,Passenger,C195,Bharatgunj,Taraganj Road,L195-06,98.59,2026-09-17 19:16:00,2026-09-17 19:29:00,HIGH,SCHEDULED
T002112,58319,Passenger,C050,Taragunj,Haldipur Road,L050-10,121.98,2026-10-12 22:16:00,2026-10-12 22:27:00,HIGH,SCHEDULED
T002113,13787,Express,C123,Satpurapalli,Charankot Cantt,L123-03,31.28,2026-09-06 02:50:00,2026-09-06 03:00:00,CRITICAL,SCHEDULED
T002114,56366,Passenger,C039,Malwaganj Cantt,Satpuraabad Road,L039-06,108.06,2026-09-24 18:52:00,2026-09-24 19:11:00,HIGH,CANCELLED
T002115,57483,Passenger,C133,Konkankot,Shantigarh,L133-01,102.8,2026-09-03 12:00:00,2026-09-03 13:00:00,HIGH,SCHEDULED
T002116,14557,Express,C195,Bharatgunj,Taraganj Road,L195-01,21.94,2026-10-07 14:03:00,2026-10-07 14:22:00,CRITICAL,CANCELLED
T002117,58055,Passenger,C009,Konkanganj,Konkankheda,L009-06,222.21,2026-10-08 21:39:00,2026-10-08 22:22:00,LOW,SCHEDULED
T002118,57182,Passenger,C016,Sabarhalli Road,Ambagunj Road,L016-05,68.39,2026-09-09 21:12:00,2026-09-09 21:34:00,HIGH,SCHEDULED
T002119,56783,Passenger,C150,Udaykot Jn,Sagarpalli,L150-07,109.46,2026-09-19 07:19:00,2026-09-19 07:33:00,HIGH,SCHEDULED
T002120,32385,Goods,C069,Dhanupalli Cantt,Girnarkheda Road,L069-03,48.56,2026-10-02 03:41:00,2026-10-02 05:01:00,MEDIUM,SCHEDULED
T002121,72612,Other,C150,Udaykot Jn,Sagarpalli,L150-06,61.26,2026-09-29 06:14:00,2026-09-29 06:29:00,LOW,PROVISIONAL
T002122,13411,Express,C026,Sabarabad Cantt,Chitrakot,L026-02,9.14,2026-09-15 07:35:00,2026-09-15 07:41:00,CRITICAL,SCHEDULED
T002123,58430,Passenger,C080,Pushkarabad,Lalitkot Jn,L080-05,306.15,2026-10-08 14:52:00,2026-10-08 15:33:00,HIGH,FORECAST
T002124,72497,Other,C123,Satpurapalli,Charankot Cantt,L123-05,42.98,2026-09-29 00:26:00,2026-09-29 00:53:00,LOW,SCHEDULED
T002125,31185,Goods,C195,Bharatgunj,Taraganj Road,L195-04,60.26,2026-10-10 19:09:00,2026-10-10 19:50:00,MEDIUM,SCHEDULED
T002126,57959,Passenger,C115,Konkanpalli,Indrakheda Jn,L115-05,175.66,2026-10-05 12:42:00,2026-10-05 13:18:00,HIGH,SCHEDULED
T002127,12156,Express,C140,Sundarkot Jn,Haldikheda,L140-06,35.5,2026-09-05 06:47:00,2026-09-05 06:53:00,CRITICAL,SCHEDULED
T002128,31715,Goods,C176,Vindhyakot Jn,Ranaganj Cantt,L176-10,158.5,2026-09-27 23:31:00,2026-09-28 00:03:00,MEDIUM,SCHEDULED
T002129,72770,Other,C069,Dhanupalli Cantt,Girnarkheda Road,L069-05,175.88,2026-09-25 22:38:00,2026-09-25 23:28:00,LOW,PROVISIONAL
T002130,72682,Other,C069,Dhanupalli Cantt,Girnarkheda Road,L069-08,267.94,2026-09-10 18:17:00,2026-09-10 18:53:00,LOW,SCHEDULED
T002131,31956,Goods,C140,Sundarkot Jn,Haldikheda,L140-03,28.69,2026-09-24 07:02:00,2026-09-24 07:11:00,MEDIUM,SCHEDULED
T002132,31639,Goods,C009,Konkanganj,Konkankheda,L009-07,242.71,2026-09-04 22:58:00,2026-09-05 00:23:00,MEDIUM,SCHEDULED
T002133,32957,Goods,C150,Udaykot Jn,Sagarpalli,L150-01,1.98,2026-10-09 01:04:00,2026-10-09 01:32:00,MEDIUM,SCHEDULED
T002134,57097,Passenger,C164,Girnarhalli Road,Dhanugunj Cantt,L164-02,82.77,2026-09-17 05:34:00,2026-09-17 06:11:00,MEDIUM,SCHEDULED
T002135,58965,Passenger,C069,Dhanupalli Cantt,Girnarkheda Road,L069-03,48.56,2026-10-13 20:12:00,2026-10-13 20:40:00,HIGH,SCHEDULED
T002136,57600,Passenger,C050,Taragunj,Haldipur Road,L050-11,126.85,2026-09-20 14:02:00,2026-09-20 14:16:00,HIGH,SCHEDULED
T002137,56517,Passenger,C036,Ashokgunj Jn,Kanhaganj,L036-01,0.2,2026-10-08 09:22:00,2026-10-08 09:46:00,HIGH,FORECAST
T002138,31066,Goods,C195,Bharatgunj,Taraganj Road,L195-03,41.77,2026-10-11 18:39:00,2026-10-11 19:43:00,MEDIUM,PROVISIONAL
T002139,14657,Express,C009,Konkanganj,Konkankheda,L009-05,209.53,2026-09-20 13:04:00,2026-09-20 13:28:00,CRITICAL,SCHEDULED
T002140,58901,Passenger,C069,Dhanupalli Cantt,Girnarkheda Road,L069-02,35.6,2026-09-29 06:45:00,2026-09-29 07:12:00,HIGH,SCHEDULED
T002141,57639,Passenger,C026,Sabarabad Cantt,Chitrakot,L026-02,9.14,2026-09-04 18:25:00,2026-09-04 18:31:00,HIGH,FORECAST
T002142,56024,Passenger,C075,Charanpur,Ranahalli Cantt,L075-10,243.0,2026-09-15 09:37:00,2026-09-15 10:05:00,HIGH,FORECAST
T002143,56346,Passenger,C059,Yamunanagar Jn,Haldikheda,L059-03,215.56,2026-09-18 06:31:00,2026-09-18 07:26:00,HIGH,CANCELLED
T002144,56499,Passenger,C150,Udaykot Jn,Sagarpalli,L150-06,61.26,2026-10-07 15:29:00,2026-10-07 15:45:00,HIGH,SCHEDULED
T002145,13453,Express,C168,Udaypur Road,Narmadakot,L168-03,83.29,2026-10-10 11:25:00,2026-10-10 12:20:00,CRITICAL,SCHEDULED
T002146,58388,Passenger,C026,Sabarabad Cantt,Chitrakot,L026-06,27.69,2026-09-24 17:36:00,2026-09-24 17:42:00,HIGH,FORECAST
T002147,56313,Passenger,C009,Konkanganj,Konkankheda,L009-06,222.21,2026-09-29 07:47:00,2026-09-29 08:17:00,HIGH,PROVISIONAL
T002148,57215,Passenger,C075,Charanpur,Ranahalli Cantt,L075-09,208.81,2026-10-02 21:22:00,2026-10-02 21:59:00,HIGH,SCHEDULED
T002149,14383,Express,C199,Tarakheda Jn,Bhimagarh,L199-06,202.86,2026-09-09 20:18:00,2026-09-09 20:32:00,CRITICAL,SCHEDULED
T002150,13643,Express,C005,Bilaskheda Jn,Malwahalli Cantt,L005-03,54.41,2026-09-28 19:32:00,2026-09-28 19:41:00,CRITICAL,SCHEDULED
T002151,72643,Other,C026,Sabarabad Cantt,Chitrakot,L026-02,9.14,2026-10-03 10:46:00,2026-10-03 10:52:00,LOW,FORECAST
T002152,71243,Other,C131,Ashokkot,Narmadagarh Cantt,L131-10,258.71,2026-09-07 07:54:00,2026-09-07 08:29:00,LOW,SCHEDULED
T002153,14628,Express,C131,Ashokkot,Narmadagarh Cantt,L131-05,158.95,2026-09-27 17:18:00,2026-09-27 17:39:00,CRITICAL,SCHEDULED
T002154,56934,Passenger,C141,Narmadapalli Jn,Palanipur,L141-05,314.09,2026-09-10 09:45:00,2026-09-10 11:02:00,HIGH,SCHEDULED
T002155,56662,Passenger,C075,Charanpur,Ranahalli Cantt,L075-11,268.44,2026-09-23 19:17:00,2026-09-23 19:42:00,HIGH,FORECAST
T002156,30987,Goods,C123,Satpurapalli,Charankot Cantt,L123-06,44.14,2026-10-08 15:04:00,2026-10-08 15:49:00,MEDIUM,SCHEDULED
T002157,30104,Goods,C163,Dhanuganj Cantt,Veerhalli Jn,L163-06,67.58,2026-09-13 03:46:00,2026-09-13 04:02:00,MEDIUM,FORECAST
T002158,56415,Passenger,C140,Sundarkot Jn,Haldikheda,L140-08,38.21,2026-10-01 20:34:00,2026-10-01 20:40:00,HIGH,SCHEDULED
T002159,70152,Other,C164,Girnarhalli Road,Dhanugunj Cantt,L164-08,276.89,2026-09-22 00:02:00,2026-09-22 00:44:00,LOW,SCHEDULED
T002160,71944,Other,C176,Vindhyakot Jn,Ranaganj Cantt,L176-03,49.03,2026-10-05 11:28:00,2026-10-05 11:54:00,LOW,SCHEDULED
T002161,31054,Goods,C199,Tarakheda Jn,Bhimagarh,L199-11,303.6,2026-09-23 09:31:00,2026-09-23 10:05:00,MEDIUM,FORECAST
T002162,57202,Passenger,C129,Sagargunj Jn,Meeragunj Road,L129-02,8.42,2026-09-11 07:05:00,2026-09-11 07:20:00,HIGH,SCHEDULED
T002163,31059,Goods,C176,Vindhyakot Jn,Ranaganj Cantt,L176-09,155.72,2026-09-04 23:35:00,2026-09-05 00:19:00,MEDIUM,SCHEDULED
T002164,57930,Passenger,C017,Sagargunj Road,Kanhakot,L017-02,33.32,2026-09-25 09:07:00,2026-09-25 09:34:00,HIGH,PROVISIONAL
T002165,56170,Passenger,C122,Sundarganj,Sagarhalli Road,L122-06,110.9,2026-10-14 10:08:00,2026-10-14 10:27:00,HIGH,SCHEDULED
T002166,31241,Goods,C176,Vindhyakot Jn,Ranaganj Cantt,L176-04,54.44,2026-09-19 23:44:00,2026-09-20 00:15:00,LOW,SCHEDULED
T002167,32148,Goods,C009,Konkanganj,Konkankheda,L009-02,62.41,2026-09-20 12:03:00,2026-09-20 13:03:00,CRITICAL,FORECAST
T002168,13282,Express,C071,Jaisalhalli Cantt,Veergarh Road,L071-03,41.93,2026-10-12 10:11:00,2026-10-12 10:44:00,CRITICAL,SCHEDULED
T002169,58856,Passenger,C160,Haldinagar Cantt,Ashokkot,L160-03,232.82,2026-10-06 06:28:00,2026-10-06 08:13:00,HIGH,SCHEDULED
T002170,32126,Goods,C163,Dhanuganj Cantt,Veerhalli Jn,L163-09,105.99,2026-09-27 08:40:00,2026-09-27 09:03:00,MEDIUM,FORECAST
T002171,13506,Express,C009,Konkanganj,Konkankheda,L009-02,62.41,2026-10-07 17:43:00,2026-10-07 18:04:00,CRITICAL,SCHEDULED
T002172,32671,Goods,C164,Girnarhalli Road,Dhanugunj Cantt,L164-06,229.92,2026-09-22 01:44:00,2026-09-22 02:53:00,MEDIUM,SCHEDULED
T002173,56063,Passenger,C164,Girnarhalli Road,Dhanugunj Cantt,L164-02,82.77,2026-09-11 18:07:00,2026-09-11 18:52:00,LOW,SCHEDULED
T002174,56266,Passenger,C051,Veerhalli,Shantipalli Cantt,L051-07,162.18,2026-09-17 13:24:00,2026-09-17 13:50:00,HIGH,FORECAST
T002175,32829,Goods,C047,Vindhyapalli Jn,Dhanukot,L047-06,71.8,2026-09-07 19:11:00,2026-09-07 19:40:00,MEDIUM,SCHEDULED
T002176,14800,Express,C050,Taragunj,Haldipur Road,L050-08,107.89,2026-09-10 05:54:00,2026-09-10 06:03:00,CRITICAL,SCHEDULED
T002177,58620,Passenger,C112,Narmadagunj,Yamunaganj,L112-10,208.14,2026-09-12 09:16:00,2026-09-12 09:38:00,HIGH,SCHEDULED
T002178,58035,Passenger,C192,Malwanagar,Devgarhgarh,L192-05,32.99,2026-09-01 09:30:00,2026-09-01 09:47:00,HIGH,SCHEDULED
T002179,13633,Express,C164,Girnarhalli Road,Dhanugunj Cantt,L164-05,185.8,2026-09-19 00:31:00,2026-09-19 00:52:00,CRITICAL,PROVISIONAL
T002180,31118,Goods,C131,Ashokkot,Narmadagarh Cantt,L131-01,20.98,2026-09-20 19:35:00,2026-09-20 20:29:00,LOW,SCHEDULED
T002181,30064,Goods,C149,Veerkot,Ashokgunj,L149-04,115.13,2026-09-02 00:51:00,2026-09-02 01:42:00,MEDIUM,PROVISIONAL
T002182,31385,Goods,C140,Sundarkot Jn,Haldikheda,L140-08,38.21,2026-09-22 23:26:00,2026-09-22 23:35:00,MEDIUM,SCHEDULED
T002183,56756,Passenger,C175,Devgarhnagar Jn,Tarapur,L175-01,2.87,2026-09-17 16:17:00,2026-09-17 17:18:00,HIGH,FORECAST
T002184,56831,Passenger,C024,Ashokkot Jn,Taptigarh,L024-03,72.03,2026-09-22 16:44:00,2026-09-22 17:11:00,HIGH,SCHEDULED
T002185,31902,Goods,C016,Sabarhalli Road,Ambagunj Road,L016-03,15.56,2026-10-07 22:53:00,2026-10-07 23:20:00,MEDIUM,SCHEDULED
T002186,56145,Passenger,C190,Konkanpur,Jaisalhalli Road,L190-10,62.41,2026-09-14 06:04:00,2026-09-14 06:10:00,HIGH,FORECAST
T002187,58381,Passenger,C069,Dhanupalli Cantt,Girnarkheda Road,L069-11,333.57,2026-09-09 16:14:00,2026-09-09 16:45:00,HIGH,PROVISIONAL
T002188,58036,Passenger,C199,Tarakheda Jn,Bhimagarh,L199-11,303.6,2026-10-10 09:20:00,2026-10-10 09:56:00,HIGH,SCHEDULED
T002189,58097,Passenger,C069,Dhanupalli Cantt,Girnarkheda Road,L069-09,277.58,2026-10-12 00:21:00,2026-10-12 01:09:00,HIGH,SCHEDULED
T002190,70550,Other,C026,Sabarabad Cantt,Chitrakot,L026-03,10.67,2026-09-18 02:25:00,2026-09-18 02:33:00,LOW,SCHEDULED
T002191,56066,Passenger,C150,Udaykot Jn,Sagarpalli,L150-01,1.98,2026-10-08 20:48:00,2026-10-08 21:05:00,HIGH,FORECAST
T002192,56145,Passenger,C050,Taragunj,Haldipur Road,L050-02,30.2,2026-10-05 12:40:00,2026-10-05 12:53:00,HIGH,SCHEDULED
T002193,58465,Passenger,C028,Girnarpalli,Kanhagunj Cantt,L028-04,101.58,2026-09-09 18:56:00,2026-09-09 19:34:00,HIGH,SCHEDULED
T002194,56984,Passenger,C169,Bharatkheda,Ambakheda Cantt,L169-08,253.6,2026-10-03 09:40:00,2026-10-03 10:13:00,HIGH,SCHEDULED
T002195,56992,Passenger,C059,Yamunanagar Jn,Haldikheda,L059-08,372.87,2026-10-03 16:51:00,2026-10-03 17:51:00,HIGH,SCHEDULED
T002196,12927,Express,C018,Haldiganj,Nilgirigunj Road,L018-03,76.59,2026-09-25 07:54:00,2026-09-25 08:12:00,CRITICAL,CANCELLED
T002197,32570,Goods,C195,Bharatgunj,Taraganj Road,L195-06,98.59,2026-09-11 09:50:00,2026-09-11 10:39:00,MEDIUM,SCHEDULED
T002198,13017,Express,C028,Girnarpalli,Kanhagunj Cantt,L028-11,367.84,2026-09-02 14:49:00,2026-09-02 15:13:00,CRITICAL,SCHEDULED
T002199,57255,Passenger,C186,Bhimaabad,Omkarabad Cantt,L186-02,14.66,2026-09-11 12:45:00,2026-09-11 13:17:00,MEDIUM,CANCELLED
T002200,13229,Express,C140,Sundarkot Jn,Haldikheda,L140-05,34.07,2026-09-04 11:01:00,2026-09-04 11:07:00,CRITICAL,SCHEDULED
T002201,32758,Goods,C017,Sagargunj Road,Kanhakot,L017-03,60.73,2026-09-24 20:52:00,2026-09-24 21:23:00,MEDIUM,SCHEDULED
T002202,58952,Passenger,C163,Dhanuganj Cantt,Veerhalli Jn,L163-10,113.37,2026-09-07 10:58:00,2026-09-07 11:11:00,HIGH,SCHEDULED
T002203,72715,Other,C175,Devgarhnagar Jn,Tarapur,L175-01,2.87,2026-09-27 04:26:00,2026-09-27 05:38:00,LOW,SCHEDULED
T002204,58853,Passenger,C150,Udaykot Jn,Sagarpalli,L150-05,55.2,2026-10-14 07:55:00,2026-10-14 08:13:00,HIGH,SCHEDULED
T002205,14038,Express,C164,Girnarhalli Road,Dhanugunj Cantt,L164-10,357.49,2026-10-08 23:02:00,2026-10-08 23:35:00,CRITICAL,SCHEDULED
T002206,14383,Express,C150,Udaykot Jn,Sagarpalli,L150-03,22.68,2026-09-10 19:56:00,2026-09-10 20:06:00,CRITICAL,FORECAST
T002207,57045,Passenger,C098,Bilaskheda,Pushkarganj,L098-12,29.95,2026-10-13 06:47:00,2026-10-13 06:53:00,HIGH,SCHEDULED
T002208,30880,Goods,C026,Sabarabad Cantt,Chitrakot,L026-07,34.73,2026-09-26 08:41:00,2026-09-26 08:48:00,MEDIUM,SCHEDULED
T002209,32855,Goods,C123,Satpurapalli,Charankot Cantt,L123-02,16.66,2026-10-14 01:08:00,2026-10-14 01:54:00,MEDIUM,SCHEDULED
T002210,31140,Goods,C026,Sabarabad Cantt,Chitrakot,L026-02,9.14,2026-09-05 00:41:00,2026-09-05 00:50:00,MEDIUM,FORECAST
T002211,72014,Other,C069,Dhanupalli Cantt,Girnarkheda Road,L069-10,288.36,2026-10-07 01:53:00,2026-10-07 02:43:00,LOW,SCHEDULED
T002212,57529,Passenger,C037,Gangaganj Road,Bilaskot,L037-05,163.19,2026-09-02 17:35:00,2026-09-02 18:10:00,HIGH,SCHEDULED
T002213,58130,Passenger,C175,Devgarhnagar Jn,Tarapur,L175-04,212.09,2026-09-24 06:48:00,2026-09-24 08:23:00,HIGH,SCHEDULED
T002214,30218,Goods,C009,Konkanganj,Konkankheda,L009-05,209.53,2026-09-11 22:33:00,2026-09-11 23:37:00,MEDIUM,FORECAST
T002215,72179,Other,C150,Udaykot Jn,Sagarpalli,L150-10,152.42,2026-09-28 03:28:00,2026-09-28 03:45:00,MEDIUM,FORECAST
T002216,32952,Goods,C026,Sabarabad Cantt,Chitrakot,L026-01,4.01,2026-10-01 23:17:00,2026-10-01 23:25:00,MEDIUM,SCHEDULED
T002217,56778,Passenger,C199,Tarakheda Jn,Bhimagarh,L199-05,143.67,2026-09-17 13:42:00,2026-09-17 14:04:00,HIGH,CANCELLED
T002218,32153,Goods,C155,Omkarhalli,Sabarkheda Road,L155-04,15.66,2026-10-13 19:06:00,2026-10-13 19:18:00,MEDIUM,CANCELLED
T002219,30706,Goods,C164,Girnarhalli Road,Dhanugunj Cantt,L164-03,127.28,2026-10-07 09:48:00,2026-10-07 10:58:00,MEDIUM,SCHEDULED
T002220,32281,Goods,C140,Sundarkot Jn,Haldikheda,L140-03,28.69,2026-09-10 00:21:00,2026-09-10 00:28:00,MEDIUM,SCHEDULED
T002221,32484,Goods,C123,Satpurapalli,Charankot Cantt,L123-08,113.88,2026-09-17 05:12:00,2026-09-17 05:47:00,MEDIUM,FORECAST
T002222,56058,Passenger,C150,Udaykot Jn,Sagarpalli,L150-07,109.46,2026-09-02 20:21:00,2026-09-02 20:36:00,HIGH,PROVISIONAL
T002223,31748,Goods,C026,Sabarabad Cantt,Chitrakot,L026-03,10.67,2026-09-27 23:41:00,2026-09-27 23:48:00,MEDIUM,SCHEDULED
T002224,32944,Goods,C129,Sagargunj Jn,Meeragunj Road,L129-05,53.43,2026-09-09 11:05:00,2026-09-09 11:30:00,MEDIUM,SCHEDULED
T002225,56052,Passenger,C009,Konkanganj,Konkankheda,L009-05,209.53,2026-09-14 14:22:00,2026-09-14 15:08:00,HIGH,SCHEDULED
T002226,32224,Goods,C199,Tarakheda Jn,Bhimagarh,L199-08,277.62,2026-09-11 00:13:00,2026-09-11 00:56:00,MEDIUM,SCHEDULED
T002227,13727,Express,C123,Satpurapalli,Charankot Cantt,L123-07,94.28,2026-09-22 13:17:00,2026-09-22 13:38:00,CRITICAL,SCHEDULED
T002228,31496,Goods,C155,Omkarhalli,Sabarkheda Road,L155-06,27.49,2026-10-12 21:29:00,2026-10-12 21:44:00,MEDIUM,SCHEDULED
T002229,14124,Express,C009,Konkanganj,Konkankheda,L009-04,201.98,2026-10-03 13:35:00,2026-10-03 13:58:00,CRITICAL,SCHEDULED
T002230,12052,Express,C195,Bharatgunj,Taraganj Road,L195-04,60.26,2026-10-01 07:54:00,2026-10-01 08:15:00,CRITICAL,SCHEDULED
T002231,70012,Other,C150,Udaykot Jn,Sagarpalli,L150-07,109.46,2026-09-04 07:47:00,2026-09-04 08:07:00,LOW,SCHEDULED
T002232,56947,Passenger,C071,Jaisalhalli Cantt,Veergarh Road,L071-04,70.92,2026-09-04 18:59:00,2026-09-04 19:48:00,HIGH,SCHEDULED
T002233,72795,Other,C009,Konkanganj,Konkankheda,L009-07,242.71,2026-10-04 21:02:00,2026-10-04 21:47:00,LOW,SCHEDULED
T002234,14197,Express,C131,Ashokkot,Narmadagarh Cantt,L131-06,167.76,2026-09-25 19:29:00,2026-09-25 19:53:00,CRITICAL,SCHEDULED
T002235,14280,Express,C155,Omkarhalli,Sabarkheda Road,L155-08,49.19,2026-09-21 10:32:00,2026-09-21 10:38:00,CRITICAL,FORECAST
T002236,30442,Goods,C050,Taragunj,Haldipur Road,L050-08,107.89,2026-09-28 02:45:00,2026-09-28 03:04:00,MEDIUM,SCHEDULED
T002237,31676,Goods,C111,Krishnapur,Ambapalli,L111-02,54.49,2026-09-01 06:28:00,2026-09-01 07:47:00,MEDIUM,SCHEDULED
T002238,12219,Express,C175,Devgarhnagar Jn,Tarapur,L175-02,167.66,2026-10-05 14:32:00,2026-10-05 15:09:00,CRITICAL,SCHEDULED
T002239,57070,Passenger,C074,Chandrapalli Cantt,Nilgirikheda,L074-01,7.63,2026-10-13 19:53:00,2026-10-13 20:05:00,HIGH,SCHEDULED
T002240,14680,Express,C050,Taragunj,Haldipur Road,L050-03,34.24,2026-09-05 09:26:00,2026-09-05 09:32:00,CRITICAL,FORECAST
T002241,70699,Other,C026,Sabarabad Cantt,Chitrakot,L026-01,4.01,2026-10-10 19:29:00,2026-10-10 19:36:00,LOW,SCHEDULED
T002242,13593,Express,C163,Dhanuganj Cantt,Veerhalli Jn,L163-09,105.99,2026-10-04 10:18:00,2026-10-04 10:27:00,CRITICAL,PROVISIONAL
T002243,12295,Express,C192,Malwanagar,Devgarhgarh,L192-02,24.47,2026-09-29 07:11:00,2026-09-29 07:19:00,CRITICAL,SCHEDULED
T002244,71438,Other,C131,Ashokkot,Narmadagarh Cantt,L131-11,271.21,2026-10-08 12:05:00,2026-10-08 12:32:00,LOW,FORECAST
T002245,32014,Goods,C050,Taragunj,Haldipur Road,L050-01,18.15,2026-10-01 22:14:00,2026-10-01 22:35:00,MEDIUM,PROVISIONAL
T002246,72916,Other,C163,Dhanuganj Cantt,Veerhalli Jn,L163-02,14.51,2026-09-08 01:48:00,2026-09-08 02:08:00,LOW,SCHEDULED
T002247,12401,Express,C058,Sundarkot Jn,Bharatpur Cantt,L058-01,0.52,2026-10-01 17:34:00,2026-10-01 17:40:00,CRITICAL,PROVISIONAL
T002248,32206,Goods,C009,Konkanganj,Konkankheda,L009-07,242.71,2026-09-01 19:40:00,2026-09-01 21:04:00,MEDIUM,SCHEDULED
T002249,57342,Passenger,C140,Sundarkot Jn,Haldikheda,L140-01,12.21,2026-09-02 08:57:00,2026-09-02 09:03:00,HIGH,SCHEDULED
T002250,58132,Passenger,C150,Udaykot Jn,Sagarpalli,L150-01,1.98,2026-09-12 06:45:00,2026-09-12 07:00:00,CRITICAL,SCHEDULED
T002251,56081,Passenger,C123,Satpurapalli,Charankot Cantt,L123-09,208.13,2026-10-13 13:18:00,2026-10-13 13:41:00,HIGH,FORECAST
T002252,72052,Other,C164,Girnarhalli Road,Dhanugunj Cantt,L164-04,137.62,2026-09-03 21:12:00,2026-09-03 22:05:00,LOW,PROVISIONAL
T002253,31276,Goods,C195,Bharatgunj,Taraganj Road,L195-03,41.77,2026-10-14 05:35:00,2026-10-14 06:12:00,MEDIUM,SCHEDULED
T002254,56809,Passenger,C099,Malwagunj,Gangaganj,L099-06,22.41,2026-09-22 18:06:00,2026-09-22 18:12:00,HIGH,SCHEDULED
T002255,58623,Passenger,C077,Ambapalli Jn,Pushkarganj,L077-04,106.11,2026-09-19 11:46:00,2026-09-19 12:08:00,HIGH,FORECAST
T002256,31757,Goods,C089,Pushkarkot,Gangakot,L089-08,413.48,2026-09-01 23:49:00,2026-09-02 01:13:00,MEDIUM,SCHEDULED
T002257,31889,Goods,C163,Dhanuganj Cantt,Veerhalli Jn,L163-11,115.88,2026-09-28 23:11:00,2026-09-28 23:35:00,LOW,SCHEDULED
T002258,30556,Goods,C150,Udaykot Jn,Sagarpalli,L150-12,167.61,2026-09-18 22:42:00,2026-09-18 23:06:00,MEDIUM,FORECAST
T002259,13009,Express,C163,Dhanuganj Cantt,Veerhalli Jn,L163-04,36.4,2026-10-15 09:04:00,2026-10-15 09:13:00,CRITICAL,SCHEDULED
T002260,32095,Goods,C176,Vindhyakot Jn,Ranaganj Cantt,L176-05,77.47,2026-10-11 18:54:00,2026-10-11 19:29:00,MEDIUM,SCHEDULED
T002261,12807,Express,C195,Bharatgunj,Taraganj Road,L195-01,21.94,2026-09-09 16:56:00,2026-09-09 17:14:00,CRITICAL,SCHEDULED
T002262,57591,Passenger,C069,Dhanupalli Cantt,Girnarkheda Road,L069-04,164.65,2026-09-11 08:49:00,2026-09-11 09:29:00,HIGH,SCHEDULED
T002263,58395,Passenger,C119,Sagarkheda Jn,Shantiganj,L119-02,205.3,2026-09-28 07:38:00,2026-09-28 08:13:00,HIGH,SCHEDULED
T002264,71920,Other,C069,Dhanupalli Cantt,Girnarkheda Road,L069-04,164.65,2026-09-02 19:24:00,2026-09-02 20:02:00,LOW,SCHEDULED
T002265,57492,Passenger,C091,Ashokpur,Indrapalli Road,L091-06,26.81,2026-10-12 17:25:00,2026-10-12 17:31:00,HIGH,FORECAST
T002266,56409,Passenger,C018,Haldiganj,Nilgirigunj Road,L018-05,139.06,2026-09-27 14:45:00,2026-09-27 15:14:00,HIGH,SCHEDULED
T002267,32603,Goods,C039,Malwaganj Cantt,Satpuraabad Road,L039-03,58.83,2026-09-25 05:59:00,2026-09-25 06:19:00,MEDIUM,SCHEDULED
T002268,14387,Express,C069,Dhanupalli Cantt,Girnarkheda Road,L069-09,277.58,2026-10-08 06:29:00,2026-10-08 06:51:00,MEDIUM,SCHEDULED
T002269,12572,Express,C026,Sabarabad Cantt,Chitrakot,L026-03,10.67,2026-09-23 13:43:00,2026-09-23 13:49:00,CRITICAL,SCHEDULED
T002270,12693,Express,C199,Tarakheda Jn,Bhimagarh,L199-08,277.62,2026-10-04 07:33:00,2026-10-04 07:53:00,CRITICAL,SCHEDULED
T002271,57593,Passenger,C150,Udaykot Jn,Sagarpalli,L150-12,167.61,2026-09-24 10:33:00,2026-09-24 10:43:00,HIGH,FORECAST
T002272,58067,Passenger,C081,Kanhahalli Cantt,Palanipalli,L081-01,119.83,2026-10-10 19:01:00,2026-10-10 20:08:00,HIGH,SCHEDULED
T002273,57983,Passenger,C164,Girnarhalli Road,Dhanugunj Cantt,L164-09,325.29,2026-09-01 09:27:00,2026-09-01 10:14:00,HIGH,FORECAST
T002274,57601,Passenger,C062,Kanhanagar Road,Sabargunj Cantt,L062-01,54.33,2026-10-13 08:44:00,2026-10-13 09:43:00,HIGH,SCHEDULED
T002275,32377,Goods,C176,Vindhyakot Jn,Ranaganj Cantt,L176-02,35.75,2026-09-13 07:28:00,2026-09-13 08:03:00,MEDIUM,SCHEDULED
T002276,12922,Express,C098,Bilaskheda,Pushkarganj,L098-05,8.04,2026-09-23 22:13:00,2026-09-23 22:19:00,CRITICAL,SCHEDULED
T002277,57336,Passenger,C192,Malwanagar,Devgarhgarh,L192-07,43.98,2026-10-13 16:31:00,2026-10-13 16:44:00,HIGH,SCHEDULED
T002278,57742,Passenger,C069,Dhanupalli Cantt,Girnarkheda Road,L069-06,194.8,2026-09-04 21:59:00,2026-09-04 22:41:00,HIGH,SCHEDULED
T002279,56307,Passenger,C098,Bilaskheda,Pushkarganj,L098-13,35.6,2026-10-03 17:25:00,2026-10-03 17:31:00,HIGH,SCHEDULED
T002280,30498,Goods,C084,Devgarhgarh Cantt,Chitraganj,L084-02,60.54,2026-10-05 17:28:00,2026-10-05 18:22:00,MEDIUM,SCHEDULED
T002281,57709,Passenger,C140,Sundarkot Jn,Haldikheda,L140-10,40.29,2026-09-28 10:34:00,2026-09-28 10:40:00,HIGH,PROVISIONAL
T002282,57601,Passenger,C172,Jaisalabad Road,Vindhyanagar,L172-03,288.66,2026-09-06 17:09:00,2026-09-06 18:16:00,HIGH,SCHEDULED
T002283,56501,Passenger,C164,Girnarhalli Road,Dhanugunj Cantt,L164-06,229.92,2026-09-29 09:38:00,2026-09-29 10:20:00,HIGH,FORECAST
T002284,56528,Passenger,C150,Udaykot Jn,Sagarpalli,L150-07,109.46,2026-09-25 03:00:00,2026-09-25 03:16:00,HIGH,PROVISIONAL
T002285,57256,Passenger,C098,Bilaskheda,Pushkarganj,L098-02,3.88,2026-09-09 22:29:00,2026-09-09 22:35:00,HIGH,FORECAST
T002286,58947,Passenger,C115,Konkanpalli,Indrakheda Jn,L115-05,175.66,2026-10-10 18:58:00,2026-10-10 19:26:00,HIGH,SCHEDULED
T002287,56653,Passenger,C069,Dhanupalli Cantt,Girnarkheda Road,L069-06,194.8,2026-09-26 18:18:00,2026-09-26 19:00:00,HIGH,FORECAST
T002288,13134,Express,C009,Konkanganj,Konkankheda,L009-01,14.97,2026-10-09 01:40:00,2026-10-09 02:08:00,MEDIUM,SCHEDULED
T002289,32164,Goods,C163,Dhanuganj Cantt,Veerhalli Jn,L163-08,92.08,2026-10-13 03:58:00,2026-10-13 04:23:00,MEDIUM,PROVISIONAL
T002290,31138,Goods,C069,Dhanupalli Cantt,Girnarkheda Road,L069-05,175.88,2026-09-15 03:17:00,2026-09-15 04:11:00,MEDIUM,FORECAST
T002291,31156,Goods,C131,Ashokkot,Narmadagarh Cantt,L131-03,120.06,2026-09-15 21:14:00,2026-09-15 22:07:00,MEDIUM,SCHEDULED
T002292,12715,Express,C123,Satpurapalli,Charankot Cantt,L123-06,44.14,2026-09-04 15:42:00,2026-09-04 16:00:00,CRITICAL,SCHEDULED
T002293,12278,Express,C069,Dhanupalli Cantt,Girnarkheda Road,L069-07,215.64,2026-10-01 23:30:00,2026-10-01 23:52:00,CRITICAL,SCHEDULED
T002294,31193,Goods,C176,Vindhyakot Jn,Ranaganj Cantt,L176-13,237.01,2026-09-05 21:15:00,2026-09-05 21:52:00,MEDIUM,PROVISIONAL
T002295,12652,Express,C149,Veerkot,Ashokgunj,L149-04,115.13,2026-10-15 07:28:00,2026-10-15 07:51:00,CRITICAL,SCHEDULED
T002296,32226,Goods,C199,Tarakheda Jn,Bhimagarh,L199-10,287.98,2026-09-03 11:01:00,2026-09-03 11:45:00,MEDIUM,SCHEDULED
T002297,31445,Goods,C075,Charanpur,Ranahalli Cantt,L075-05,165.28,2026-09-28 21:30:00,2026-09-28 22:18:00,MEDIUM,SCHEDULED
T002298,58810,Passenger,C163,Dhanuganj Cantt,Veerhalli Jn,L163-11,115.88,2026-09-25 20:39:00,2026-09-25 20:56:00,HIGH,SCHEDULED
T002299,30446,Goods,C155,Omkarhalli,Sabarkheda Road,L155-10,58.13,2026-09-01 06:11:00,2026-09-01 06:22:00,MEDIUM,SCHEDULED
T002300,58312,Passenger,C074,Chandrapalli Cantt,Nilgirikheda,L074-07,86.63,2026-09-07 20:34:00,2026-09-07 20:45:00,HIGH,SCHEDULED
T002301,30646,Goods,C195,Bharatgunj,Taraganj Road,L195-07,109.28,2026-09-05 01:26:00,2026-09-05 02:13:00,MEDIUM,SCHEDULED
T002302,56077,Passenger,C164,Girnarhalli Road,Dhanugunj Cantt,L164-09,325.29,2026-09-20 08:46:00,2026-09-20 09:41:00,LOW,SCHEDULED
T002303,13819,Express,C150,Udaykot Jn,Sagarpalli,L150-10,152.42,2026-10-15 13:15:00,2026-10-15 13:28:00,CRITICAL,SCHEDULED
T002304,13009,Express,C009,Konkanganj,Konkankheda,L009-02,62.41,2026-09-10 14:12:00,2026-09-10 14:34:00,CRITICAL,PROVISIONAL
T002305,31487,Goods,C199,Tarakheda Jn,Bhimagarh,L199-03,107.15,2026-10-07 02:25:00,2026-10-07 03:15:00,MEDIUM,PROVISIONAL
T002306,32212,Goods,C098,Bilaskheda,Pushkarganj,L098-14,38.39,2026-09-10 12:44:00,2026-09-10 12:50:00,MEDIUM,SCHEDULED
T002307,70595,Other,C140,Sundarkot Jn,Haldikheda,L140-10,40.29,2026-09-14 19:17:00,2026-09-14 19:23:00,LOW,FORECAST
T002308,32309,Goods,C069,Dhanupalli Cantt,Girnarkheda Road,L069-09,277.58,2026-09-01 02:50:00,2026-09-01 03:31:00,MEDIUM,SCHEDULED
T002309,56243,Passenger,C150,Udaykot Jn,Sagarpalli,L150-07,109.46,2026-09-11 06:24:00,2026-09-11 06:42:00,HIGH,SCHEDULED
T002310,57677,Passenger,C069,Dhanupalli Cantt,Girnarkheda Road,L069-09,277.58,2026-10-07 07:03:00,2026-10-07 07:31:00,HIGH,SCHEDULED
T002311,31749,Goods,C086,Vindhyakot,Girnarhalli Cantt,L086-03,47.33,2026-09-16 22:38:00,2026-09-16 23:40:00,MEDIUM,SCHEDULED
T002312,13718,Express,C069,Dhanupalli Cantt,Girnarkheda Road,L069-04,164.65,2026-09-01 21:30:00,2026-09-01 21:52:00,CRITICAL,SCHEDULED
T002313,58995,Passenger,C150,Udaykot Jn,Sagarpalli,L150-10,152.42,2026-09-08 13:12:00,2026-09-08 13:30:00,HIGH,SCHEDULED
T002314,12158,Express,C036,Ashokgunj Jn,Kanhaganj,L036-02,12.31,2026-09-24 14:08:00,2026-09-24 14:21:00,CRITICAL,CANCELLED
T002315,12268,Express,C140,Sundarkot Jn,Haldikheda,L140-06,35.5,2026-09-05 07:55:00,2026-09-05 08:01:00,CRITICAL,SCHEDULED
T002316,12691,Express,C140,Sundarkot Jn,Haldikheda,L140-03,28.69,2026-10-11 18:39:00,2026-10-11 18:45:00,CRITICAL,FORECAST
T002317,12527,Express,C069,Dhanupalli Cantt,Girnarkheda Road,L069-06,194.8,2026-10-10 11:26:00,2026-10-10 11:42:00,CRITICAL,SCHEDULED
T002318,58375,Passenger,C175,Devgarhnagar Jn,Tarapur,L175-02,167.66,2026-09-24 07:31:00,2026-09-24 08:32:00,HIGH,FORECAST
T002319,32693,Goods,C039,Malwaganj Cantt,Satpuraabad Road,L039-07,116.74,2026-09-06 02:37:00,2026-09-06 03:09:00,MEDIUM,FORECAST
T002320,30183,Goods,C123,Satpurapalli,Charankot Cantt,L123-03,31.28,2026-09-29 04:28:00,2026-09-29 05:16:00,MEDIUM,SCHEDULED
T002321,31726,Goods,C074,Chandrapalli Cantt,Nilgirikheda,L074-06,82.15,2026-09-05 17:56:00,2026-09-05 18:18:00,MEDIUM,SCHEDULED
T002322,56337,Passenger,C153,Veerkot Jn,Veerkheda Road,L153-03,36.95,2026-09-23 20:04:00,2026-09-23 20:20:00,HIGH,FORECAST
T002323,70359,Other,C150,Udaykot Jn,Sagarpalli,L150-05,55.2,2026-09-05 08:38:00,2026-09-05 09:05:00,LOW,SCHEDULED
T002324,14446,Express,C037,Gangaganj Road,Bilaskot,L037-04,32.13,2026-09-11 18:08:00,2026-09-11 18:34:00,CRITICAL,FORECAST
T002325,58093,Passenger,C050,Taragunj,Haldipur Road,L050-10,121.98,2026-09-05 10:10:00,2026-09-05 10:21:00,HIGH,FORECAST
T002326,13723,Express,C164,Girnarhalli Road,Dhanugunj Cantt,L164-10,357.49,2026-09-14 19:52:00,2026-09-14 20:21:00,MEDIUM,SCHEDULED
T002327,31572,Goods,C129,Sagargunj Jn,Meeragunj Road,L129-05,53.43,2026-09-25 16:05:00,2026-09-25 16:25:00,MEDIUM,SCHEDULED
T002328,56696,Passenger,C069,Dhanupalli Cantt,Girnarkheda Road,L069-05,175.88,2026-09-07 19:27:00,2026-09-07 20:00:00,HIGH,SCHEDULED
T002329,72169,Other,C072,Udayganj,Indragarh,L072-01,73.63,2026-09-23 01:39:00,2026-09-23 02:13:00,LOW,FORECAST
T002330,14275,Express,C018,Haldiganj,Nilgirigunj Road,L018-08,211.15,2026-09-22 09:08:00,2026-09-22 09:27:00,CRITICAL,SCHEDULED
T002331,56508,Passenger,C051,Veerhalli,Shantipalli Cantt,L051-06,149.29,2026-09-04 08:29:00,2026-09-04 08:47:00,HIGH,SCHEDULED
T002332,13819,Express,C123,Satpurapalli,Charankot Cantt,L123-04,31.64,2026-09-08 19:45:00,2026-09-08 20:01:00,CRITICAL,SCHEDULED
T002333,58051,Passenger,C051,Veerhalli,Shantipalli Cantt,L051-05,128.3,2026-09-05 12:06:00,2026-09-05 12:24:00,HIGH,CANCELLED
T002334,32586,Goods,C026,Sabarabad Cantt,Chitrakot,L026-02,9.14,2026-10-08 14:43:00,2026-10-08 14:51:00,MEDIUM,SCHEDULED
T002335,13092,Express,C131,Ashokkot,Narmadagarh Cantt,L131-04,148.79,2026-09-19 06:28:00,2026-09-19 06:55:00,CRITICAL,FORECAST
T002336,58903,Passenger,C051,Veerhalli,Shantipalli Cantt,L051-09,175.11,2026-09-15 16:11:00,2026-09-15 16:33:00,HIGH,SCHEDULED
T002337,57642,Passenger,C140,Sundarkot Jn,Haldikheda,L140-08,38.21,2026-09-18 09:12:00,2026-09-18 09:18:00,MEDIUM,FORECAST
T002338,56551,Passenger,C018,Haldiganj,Nilgirigunj Road,L018-07,174.74,2026-09-02 09:50:00,2026-09-02 10:20:00,HIGH,SCHEDULED
T002339,57086,Passenger,C069,Dhanupalli Cantt,Girnarkheda Road,L069-07,215.64,2026-10-02 13:44:00,2026-10-02 14:22:00,HIGH,SCHEDULED
T002340,58514,Passenger,C028,Girnarpalli,Kanhagunj Cantt,L028-11,367.84,2026-09-14 16:02:00,2026-09-14 16:27:00,HIGH,SCHEDULED
T002341,72306,Other,C176,Vindhyakot Jn,Ranaganj Cantt,L176-06,96.69,2026-09-09 03:48:00,2026-09-09 04:08:00,LOW,SCHEDULED
T002342,30389,Goods,C016,Sabarhalli Road,Ambagunj Road,L016-04,20.05,2026-09-23 01:28:00,2026-09-23 02:00:00,MEDIUM,PROVISIONAL
T002343,71161,Other,C018,Haldiganj,Nilgirigunj Road,L018-01,55.34,2026-10-12 22:47:00,2026-10-12 23:19:00,LOW,SCHEDULED
T002344,58869,Passenger,C069,Dhanupalli Cantt,Girnarkheda Road,L069-05,175.88,2026-10-07 05:26:00,2026-10-07 06:03:00,HIGH,FORECAST
T002345,12224,Express,C075,Charanpur,Ranahalli Cantt,L075-06,182.12,2026-10-09 22:48:00,2026-10-09 23:13:00,CRITICAL,FORECAST
T002346,56413,Passenger,C131,Ashokkot,Narmadagarh Cantt,L131-11,271.21,2026-10-07 13:14:00,2026-10-07 13:54:00,HIGH,SCHEDULED
T002347,71580,Other,C129,Sagargunj Jn,Meeragunj Road,L129-06,56.17,2026-09-16 00:00:00,2026-09-16 00:15:00,LOW,SCHEDULED
T002348,14623,Express,C150,Udaykot Jn,Sagarpalli,L150-07,109.46,2026-09-01 13:12:00,2026-09-01 13:25:00,CRITICAL,SCHEDULED
T002349,56182,Passenger,C195,Bharatgunj,Taraganj Road,L195-04,60.26,2026-09-29 18:37:00,2026-09-29 19:02:00,HIGH,SCHEDULED
T002350,30442,Goods,C163,Dhanuganj Cantt,Veerhalli Jn,L163-06,67.58,2026-09-28 03:59:00,2026-09-28 04:21:00,MEDIUM,SCHEDULED
T002351,58972,Passenger,C131,Ashokkot,Narmadagarh Cantt,L131-01,20.98,2026-09-22 08:39:00,2026-09-22 09:16:00,HIGH,SCHEDULED
T002352,56433,Passenger,C039,Malwaganj Cantt,Satpuraabad Road,L039-10,171.17,2026-09-14 16:35:00,2026-09-14 16:55:00,HIGH,SCHEDULED
T002353,72443,Other,C150,Udaykot Jn,Sagarpalli,L150-11,162.07,2026-10-11 17:06:00,2026-10-11 17:28:00,LOW,SCHEDULED
T002354,32823,Goods,C115,Konkanpalli,Indrakheda Jn,L115-02,77.35,2026-09-09 23:21:00,2026-09-10 00:20:00,MEDIUM,SCHEDULED
T002355,72350,Other,C051,Veerhalli,Shantipalli Cantt,L051-08,173.27,2026-09-05 15:33:00,2026-09-05 16:01:00,LOW,SCHEDULED
T002356,58915,Passenger,C069,Dhanupalli Cantt,Girnarkheda Road,L069-04,164.65,2026-09-13 05:24:00,2026-09-13 06:01:00,HIGH,SCHEDULED
T002357,57582,Passenger,C086,Vindhyakot,Girnarhalli Cantt,L086-01,11.58,2026-09-25 18:40:00,2026-09-25 19:12:00,HIGH,FORECAST
T002358,13811,Express,C026,Sabarabad Cantt,Chitrakot,L026-04,17.94,2026-10-08 06:16:00,2026-10-08 06:22:00,CRITICAL,SCHEDULED
T002359,30189,Goods,C150,Udaykot Jn,Sagarpalli,L150-10,152.42,2026-09-18 21:57:00,2026-09-18 22:21:00,MEDIUM,SCHEDULED
T002360,14679,Express,C153,Veerkot Jn,Veerkheda Road,L153-02,32.34,2026-09-01 14:40:00,2026-09-01 14:47:00,CRITICAL,SCHEDULED
T002361,57384,Passenger,C131,Ashokkot,Narmadagarh Cantt,L131-06,167.76,2026-09-02 06:21:00,2026-09-02 06:46:00,MEDIUM,SCHEDULED
T002362,58030,Passenger,C144,Kanhaganj Cantt,Udayabad Cantt,L144-05,195.66,2026-10-09 14:38:00,2026-10-09 15:24:00,HIGH,SCHEDULED
T002363,30729,Goods,C175,Devgarhnagar Jn,Tarapur,L175-04,212.09,2026-09-23 13:38:00,2026-09-23 15:37:00,MEDIUM,FORECAST
T002364,31621,Goods,C018,Haldiganj,Nilgirigunj Road,L018-07,174.74,2026-09-26 00:57:00,2026-09-26 01:37:00,HIGH,SCHEDULED
T002365,58921,Passenger,C140,Sundarkot Jn,Haldikheda,L140-04,29.07,2026-09-03 09:53:00,2026-09-03 09:59:00,HIGH,SCHEDULED
T002366,30278,Goods,C051,Veerhalli,Shantipalli Cantt,L051-03,87.0,2026-10-06 06:50:00,2026-10-06 07:21:00,MEDIUM,PROVISIONAL
T002367,32117,Goods,C123,Satpurapalli,Charankot Cantt,L123-06,44.14,2026-10-10 06:54:00,2026-10-10 07:38:00,MEDIUM,FORECAST
T002368,12737,Express,C123,Satpurapalli,Charankot Cantt,L123-01,11.95,2026-09-27 19:52:00,2026-09-27 20:08:00,CRITICAL,SCHEDULED
T002369,31889,Goods,C018,Haldiganj,Nilgirigunj Road,L018-03,76.59,2026-09-21 21:47:00,2026-09-21 22:27:00,MEDIUM,SCHEDULED
T002370,13638,Express,C192,Malwanagar,Devgarhgarh,L192-10,127.84,2026-09-01 21:06:00,2026-09-01 21:12:00,CRITICAL,FORECAST
T002371,14874,Express,C150,Udaykot Jn,Sagarpalli,L150-11,162.07,2026-09-21 08:27:00,2026-09-21 08:33:00,CRITICAL,SCHEDULED
T002372,12919,Express,C140,Sundarkot Jn,Haldikheda,L140-04,29.07,2026-09-17 16:41:00,2026-09-17 16:47:00,CRITICAL,FORECAST
T002373,56557,Passenger,C091,Ashokpur,Indrapalli Road,L091-02,8.03,2026-09-08 11:29:00,2026-09-08 11:35:00,HIGH,SCHEDULED
T002374,31467,Goods,C129,Sagargunj Jn,Meeragunj Road,L129-07,62.07,2026-09-13 02:17:00,2026-09-13 02:45:00,MEDIUM,SCHEDULED
T002375,32800,Goods,C163,Dhanuganj Cantt,Veerhalli Jn,L163-07,71.82,2026-09-22 03:55:00,2026-09-22 04:17:00,MEDIUM,SCHEDULED
T002376,56784,Passenger,C199,Tarakheda Jn,Bhimagarh,L199-05,143.67,2026-09-14 15:14:00,2026-09-14 15:36:00,HIGH,SCHEDULED
T002377,12846,Express,C195,Bharatgunj,Taraganj Road,L195-07,109.28,2026-10-13 07:03:00,2026-10-13 07:25:00,CRITICAL,SCHEDULED
T002378,56242,Passenger,C098,Bilaskheda,Pushkarganj,L098-09,22.87,2026-09-17 06:15:00,2026-09-17 06:21:00,HIGH,SCHEDULED
T002379,72605,Other,C069,Dhanupalli Cantt,Girnarkheda Road,L069-12,378.6,2026-10-11 21:44:00,2026-10-11 22:28:00,LOW,SCHEDULED
T002380,14050,Express,C131,Ashokkot,Narmadagarh Cantt,L131-01,20.98,2026-09-08 08:53:00,2026-09-08 09:15:00,CRITICAL,SCHEDULED
T002381,30240,Goods,C049,Vindhyaganj Road,Haldihalli,L049-05,124.81,2026-10-10 02:41:00,2026-10-10 03:44:00,MEDIUM,SCHEDULED
T002382,57335,Passenger,C155,Omkarhalli,Sabarkheda Road,L155-06,27.49,2026-09-08 18:09:00,2026-09-08 18:17:00,HIGH,SCHEDULED
T002383,71687,Other,C150,Udaykot Jn,Sagarpalli,L150-04,28.77,2026-10-01 15:53:00,2026-10-01 16:07:00,LOW,SCHEDULED
T002384,14392,Express,C123,Satpurapalli,Charankot Cantt,L123-05,42.98,2026-09-13 17:50:00,2026-09-13 18:01:00,CRITICAL,FORECAST
T002385,58054,Passenger,C129,Sagargunj Jn,Meeragunj Road,L129-06,56.17,2026-09-04 21:05:00,2026-09-04 21:20:00,HIGH,FORECAST
T002386,14764,Express,C026,Sabarabad Cantt,Chitrakot,L026-07,34.73,2026-09-11 05:31:00,2026-09-11 05:37:00,CRITICAL,SCHEDULED
T002387,58067,Passenger,C069,Dhanupalli Cantt,Girnarkheda Road,L069-07,215.64,2026-09-20 17:14:00,2026-09-20 17:50:00,HIGH,SCHEDULED
T002388,14912,Express,C050,Taragunj,Haldipur Road,L050-01,18.15,2026-09-01 19:48:00,2026-09-01 19:54:00,CRITICAL,SCHEDULED
T002389,56358,Passenger,C039,Malwaganj Cantt,Satpuraabad Road,L039-07,116.74,2026-09-16 09:13:00,2026-09-16 09:32:00,HIGH,SCHEDULED
T002390,58061,Passenger,C039,Malwaganj Cantt,Satpuraabad Road,L039-01,1.19,2026-10-15 18:05:00,2026-10-15 18:22:00,HIGH,FORECAST
T002391,30939,Goods,C069,Dhanupalli Cantt,Girnarkheda Road,L069-04,164.65,2026-09-03 12:17:00,2026-09-03 13:25:00,MEDIUM,SCHEDULED
T002392,57892,Passenger,C098,Bilaskheda,Pushkarganj,L098-14,38.39,2026-09-07 23:31:00,2026-09-07 23:37:00,HIGH,SCHEDULED
T002393,56256,Passenger,C026,Sabarabad Cantt,Chitrakot,L026-07,34.73,2026-09-26 06:02:00,2026-09-26 06:08:00,HIGH,FORECAST
T002394,32468,Goods,C163,Dhanuganj Cantt,Veerhalli Jn,L163-10,113.37,2026-10-09 16:23:00,2026-10-09 16:45:00,MEDIUM,FORECAST
T002395,58999,Passenger,C123,Satpurapalli,Charankot Cantt,L123-01,11.95,2026-09-16 10:12:00,2026-09-16 10:40:00,CRITICAL,PROVISIONAL
T002396,56003,Passenger,C129,Sagargunj Jn,Meeragunj Road,L129-07,62.07,2026-10-01 08:11:00,2026-10-01 08:26:00,HIGH,FORECAST
T002397,57106,Passenger,C140,Sundarkot Jn,Haldikheda,L140-08,38.21,2026-09-27 21:50:00,2026-09-27 21:56:00,LOW,SCHEDULED
T002398,56847,Passenger,C069,Dhanupalli Cantt,Girnarkheda Road,L069-07,215.64,2026-09-02 18:45:00,2026-09-02 19:16:00,HIGH,FORECAST
T002399,14492,Express,C112,Narmadagunj,Yamunaganj,L112-10,208.14,2026-09-09 06:31:00,2026-09-09 06:47:00,CRITICAL,SCHEDULED
T002400,12172,Express,C037,Gangaganj Road,Bilaskot,L037-09,244.87,2026-10-12 15:27:00,2026-10-12 15:43:00,CRITICAL,FORECAST
T002401,30992,Goods,C050,Taragunj,Haldipur Road,L050-01,18.15,2026-09-05 23:31:00,2026-09-05 23:46:00,MEDIUM,FORECAST
T002402,57934,Passenger,C176,Vindhyakot Jn,Ranaganj Cantt,L176-06,96.69,2026-09-21 16:02:00,2026-09-21 16:25:00,HIGH,SCHEDULED
T002403,56490,Passenger,C164,Girnarhalli Road,Dhanugunj Cantt,L164-03,127.28,2026-10-12 18:05:00,2026-10-12 18:55:00,HIGH,SCHEDULED
T002404,70491,Other,C199,Tarakheda Jn,Bhimagarh,L199-07,226.99,2026-09-07 23:42:00,2026-09-08 00:23:00,LOW,SCHEDULED
T002405,57760,Passenger,C059,Yamunanagar Jn,Haldikheda,L059-03,215.56,2026-09-27 15:46:00,2026-09-27 16:27:00,HIGH,CANCELLED
T002406,32954,Goods,C150,Udaykot Jn,Sagarpalli,L150-05,55.2,2026-09-04 20:23:00,2026-09-04 20:56:00,MEDIUM,SCHEDULED
T002407,57151,Passenger,C199,Tarakheda Jn,Bhimagarh,L199-08,277.62,2026-10-07 17:57:00,2026-10-07 18:36:00,HIGH,SCHEDULED
T002408,13224,Express,C111,Krishnapur,Ambapalli,L111-01,1.68,2026-09-22 16:28:00,2026-09-22 17:09:00,CRITICAL,SCHEDULED
T002409,57924,Passenger,C140,Sundarkot Jn,Haldikheda,L140-06,35.5,2026-09-10 20:58:00,2026-09-10 21:04:00,HIGH,SCHEDULED
T002410,30974,Goods,C050,Taragunj,Haldipur Road,L050-04,35.75,2026-10-13 22:21:00,2026-10-13 22:42:00,MEDIUM,SCHEDULED
T002411,57871,Passenger,C150,Udaykot Jn,Sagarpalli,L150-06,61.26,2026-09-10 21:36:00,2026-09-10 21:48:00,HIGH,SCHEDULED
T002412,31170,Goods,C050,Taragunj,Haldipur Road,L050-06,53.65,2026-10-12 05:05:00,2026-10-12 05:24:00,MEDIUM,SCHEDULED
T002413,31248,Goods,C140,Sundarkot Jn,Haldikheda,L140-04,29.07,2026-10-11 13:38:00,2026-10-11 13:44:00,MEDIUM,SCHEDULED
T002414,57585,Passenger,C155,Omkarhalli,Sabarkheda Road,L155-03,13.91,2026-09-09 16:09:00,2026-09-09 16:16:00,HIGH,SCHEDULED
T002415,71394,Other,C176,Vindhyakot Jn,Ranaganj Cantt,L176-12,214.5,2026-10-07 01:42:00,2026-10-07 02:03:00,LOW,SCHEDULED
T002416,57226,Passenger,C018,Haldiganj,Nilgirigunj Road,L018-02,70.47,2026-09-24 19:52:00,2026-09-24 20:21:00,HIGH,SCHEDULED
T002417,14728,Express,C018,Haldiganj,Nilgirigunj Road,L018-01,55.34,2026-09-17 22:45:00,2026-09-17 23:07:00,CRITICAL,FORECAST
T002418,70978,Other,C091,Ashokpur,Indrapalli Road,L091-05,19.76,2026-09-02 03:13:00,2026-09-02 03:21:00,LOW,SCHEDULED
T002419,31292,Goods,C061,Omkarabad Road,Krishnagunj Road,L061-05,54.61,2026-10-12 22:59:00,2026-10-12 23:33:00,MEDIUM,PROVISIONAL
T002420,31356,Goods,C098,Bilaskheda,Pushkarganj,L098-08,22.8,2026-10-07 12:37:00,2026-10-07 12:43:00,MEDIUM,SCHEDULED
T002421,70804,Other,C069,Dhanupalli Cantt,Girnarkheda Road,L069-08,267.94,2026-10-15 17:43:00,2026-10-15 18:26:00,MEDIUM,FORECAST
T002422,57008,Passenger,C153,Veerkot Jn,Veerkheda Road,L153-10,101.52,2026-09-10 19:49:00,2026-09-10 20:06:00,HIGH,SCHEDULED
T002423,58354,Passenger,C069,Dhanupalli Cantt,Girnarkheda Road,L069-02,35.6,2026-09-14 07:14:00,2026-09-14 07:53:00,HIGH,FORECAST
T002424,56732,Passenger,C009,Konkanganj,Konkankheda,L009-02,62.41,2026-09-19 08:38:00,2026-09-19 09:10:00,HIGH,SCHEDULED
T002425,58739,Passenger,C059,Yamunanagar Jn,Haldikheda,L059-09,380.03,2026-10-06 16:50:00,2026-10-06 17:35:00,HIGH,SCHEDULED
T002426,56551,Passenger,C164,Girnarhalli Road,Dhanugunj Cantt,L164-10,357.49,2026-09-20 13:32:00,2026-09-20 14:24:00,HIGH,SCHEDULED
T002427,57161,Passenger,C074,Chandrapalli Cantt,Nilgirikheda,L074-06,82.15,2026-09-12 11:02:00,2026-09-12 11:16:00,HIGH,SCHEDULED
T002428,58530,Passenger,C069,Dhanupalli Cantt,Girnarkheda Road,L069-05,175.88,2026-09-04 17:19:00,2026-09-04 17:52:00,CRITICAL,SCHEDULED
T002429,13697,Express,C050,Taragunj,Haldipur Road,L050-07,54.04,2026-09-11 22:57:00,2026-09-11 23:05:00,CRITICAL,SCHEDULED
T002430,12209,Express,C074,Chandrapalli Cantt,Nilgirikheda,L074-03,10.97,2026-10-12 13:46:00,2026-10-12 13:56:00,CRITICAL,FORECAST
T002431,12915,Express,C050,Taragunj,Haldipur Road,L050-07,54.04,2026-10-03 22:33:00,2026-10-03 22:40:00,CRITICAL,SCHEDULED
T002432,57800,Passenger,C123,Satpurapalli,Charankot Cantt,L123-07,94.28,2026-10-09 18:18:00,2026-10-09 18:50:00,HIGH,PROVISIONAL
T002433,58983,Passenger,C069,Dhanupalli Cantt,Girnarkheda Road,L069-10,288.36,2026-09-02 22:10:00,2026-09-02 22:39:00,LOW,SCHEDULED
T002434,14585,Express,C150,Udaykot Jn,Sagarpalli,L150-09,136.48,2026-09-11 09:58:00,2026-09-11 10:12:00,CRITICAL,SCHEDULED
T002435,58531,Passenger,C028,Girnarpalli,Kanhagunj Cantt,L028-07,186.56,2026-10-06 07:08:00,2026-10-06 07:55:00,HIGH,SCHEDULED
T002436,56441,Passenger,C150,Udaykot Jn,Sagarpalli,L150-03,22.68,2026-09-13 20:24:00,2026-09-13 20:38:00,HIGH,SCHEDULED
T002437,58012,Passenger,C131,Ashokkot,Narmadagarh Cantt,L131-02,53.69,2026-10-08 05:23:00,2026-10-08 05:59:00,HIGH,SCHEDULED
T002438,14297,Express,C153,Veerkot Jn,Veerkheda Road,L153-03,36.95,2026-10-11 08:45:00,2026-10-11 08:54:00,CRITICAL,PROVISIONAL
T002439,57644,Passenger,C069,Dhanupalli Cantt,Girnarkheda Road,L069-06,194.8,2026-10-01 04:58:00,2026-10-01 05:31:00,HIGH,PROVISIONAL
T002440,56946,Passenger,C069,Dhanupalli Cantt,Girnarkheda Road,L069-11,333.57,2026-09-18 15:41:00,2026-09-18 16:12:00,HIGH,FORECAST
T002441,31679,Goods,C140,Sundarkot Jn,Haldikheda,L140-04,29.07,2026-09-18 19:50:00,2026-09-18 20:00:00,MEDIUM,SCHEDULED
T002524,56202,Passenger,C150,Udaykot Jn,Sagarpalli,L150-01,1.98,2026-09-09 15:26:00,2026-09-09 15:40:00,HIGH,SCHEDULED
T002442,56390,Passenger,C176,Vindhyakot Jn,Ranaganj Cantt,L176-14,244.66,2026-10-08 22:47:00,2026-10-08 23:11:00,HIGH,SCHEDULED
T002443,58975,Passenger,C052,Tarakheda Road,Bhimapalli Cantt,L052-06,85.15,2026-09-25 11:56:00,2026-09-25 12:13:00,HIGH,SCHEDULED
T002444,58629,Passenger,C018,Haldiganj,Nilgirigunj Road,L018-05,139.06,2026-09-13 19:25:00,2026-09-13 19:57:00,HIGH,SCHEDULED
T002445,14253,Express,C059,Yamunanagar Jn,Haldikheda,L059-02,30.61,2026-09-29 21:51:00,2026-09-29 22:18:00,CRITICAL,SCHEDULED
T002446,30175,Goods,C018,Haldiganj,Nilgirigunj Road,L018-04,124.65,2026-10-14 21:06:00,2026-10-14 21:47:00,MEDIUM,SCHEDULED
T002447,14189,Express,C060,Ranaabad,Udayganj Cantt,L060-01,23.58,2026-10-05 19:12:00,2026-10-05 19:43:00,CRITICAL,FORECAST
T002448,32721,Goods,C069,Dhanupalli Cantt,Girnarkheda Road,L069-06,194.8,2026-09-30 23:21:00,2026-10-01 00:08:00,MEDIUM,SCHEDULED
T002449,30919,Goods,C145,Bharatabad Road,Palanigunj Road,L145-01,76.87,2026-10-14 07:43:00,2026-10-14 08:42:00,MEDIUM,SCHEDULED
T002450,13609,Express,C074,Chandrapalli Cantt,Nilgirikheda,L074-06,82.15,2026-10-13 17:55:00,2026-10-13 18:04:00,MEDIUM,SCHEDULED
T002451,30208,Goods,C018,Haldiganj,Nilgirigunj Road,L018-02,70.47,2026-09-05 21:27:00,2026-09-05 22:06:00,MEDIUM,SCHEDULED
T002452,72142,Other,C164,Girnarhalli Road,Dhanugunj Cantt,L164-04,137.62,2026-09-06 21:58:00,2026-09-06 23:00:00,LOW,SCHEDULED
T002453,57235,Passenger,C039,Malwaganj Cantt,Satpuraabad Road,L039-12,209.67,2026-09-03 11:46:00,2026-09-03 12:02:00,HIGH,SCHEDULED
T002454,56224,Passenger,C050,Taragunj,Haldipur Road,L050-04,35.75,2026-09-27 06:04:00,2026-09-27 06:14:00,MEDIUM,SCHEDULED
T002455,57023,Passenger,C176,Vindhyakot Jn,Ranaganj Cantt,L176-02,35.75,2026-09-28 07:29:00,2026-09-28 07:52:00,HIGH,SCHEDULED
T002456,58808,Passenger,C140,Sundarkot Jn,Haldikheda,L140-10,40.29,2026-09-08 15:18:00,2026-09-08 15:24:00,HIGH,SCHEDULED
T002457,30902,Goods,C050,Taragunj,Haldipur Road,L050-03,34.24,2026-09-28 17:22:00,2026-09-28 17:44:00,MEDIUM,SCHEDULED
T002458,72054,Other,C058,Sundarkot Jn,Bharatpur Cantt,L058-01,0.52,2026-09-01 15:19:00,2026-09-01 15:25:00,LOW,SCHEDULED
T002459,14747,Express,C069,Dhanupalli Cantt,Girnarkheda Road,L069-08,267.94,2026-10-10 20:04:00,2026-10-10 20:19:00,CRITICAL,FORECAST
T002460,57293,Passenger,C050,Taragunj,Haldipur Road,L050-08,107.89,2026-10-03 06:55:00,2026-10-03 07:06:00,HIGH,SCHEDULED
T002461,13973,Express,C155,Omkarhalli,Sabarkheda Road,L155-10,58.13,2026-10-13 06:33:00,2026-10-13 06:39:00,CRITICAL,SCHEDULED
T002462,58885,Passenger,C091,Ashokpur,Indrapalli Road,L091-12,77.29,2026-10-04 12:51:00,2026-10-04 12:58:00,HIGH,FORECAST
T002463,31745,Goods,C175,Devgarhnagar Jn,Tarapur,L175-04,212.09,2026-10-05 22:43:00,2026-10-06 01:21:00,MEDIUM,FORECAST
T002464,57632,Passenger,C195,Bharatgunj,Taraganj Road,L195-06,98.59,2026-09-28 20:32:00,2026-09-28 20:50:00,HIGH,SCHEDULED
T002465,12699,Express,C163,Dhanuganj Cantt,Veerhalli Jn,L163-04,36.4,2026-10-08 21:41:00,2026-10-08 21:50:00,CRITICAL,FORECAST
T002466,57001,Passenger,C026,Sabarabad Cantt,Chitrakot,L026-01,4.01,2026-09-21 21:12:00,2026-09-21 21:18:00,HIGH,SCHEDULED
T002467,56557,Passenger,C150,Udaykot Jn,Sagarpalli,L150-02,13.59,2026-10-08 04:14:00,2026-10-08 04:31:00,HIGH,SCHEDULED
T002468,31638,Goods,C059,Yamunanagar Jn,Haldikheda,L059-02,30.61,2026-09-04 20:52:00,2026-09-04 22:02:00,MEDIUM,SCHEDULED
T002469,30406,Goods,C140,Sundarkot Jn,Haldikheda,L140-10,40.29,2026-09-22 03:10:00,2026-09-22 03:16:00,MEDIUM,SCHEDULED
T002470,12284,Express,C026,Sabarabad Cantt,Chitrakot,L026-05,23.62,2026-09-23 08:16:00,2026-09-23 08:22:00,CRITICAL,FORECAST
T002471,32481,Goods,C195,Bharatgunj,Taraganj Road,L195-07,109.28,2026-10-15 23:07:00,2026-10-15 23:53:00,MEDIUM,FORECAST
T002472,31155,Goods,C069,Dhanupalli Cantt,Girnarkheda Road,L069-06,194.8,2026-09-16 03:10:00,2026-09-16 03:58:00,MEDIUM,SCHEDULED
T002473,56483,Passenger,C195,Bharatgunj,Taraganj Road,L195-05,93.9,2026-10-02 11:24:00,2026-10-02 11:55:00,HIGH,FORECAST
T002474,57661,Passenger,C192,Malwanagar,Devgarhgarh,L192-06,35.2,2026-10-13 21:26:00,2026-10-13 21:41:00,HIGH,FORECAST
T002475,58147,Passenger,C153,Veerkot Jn,Veerkheda Road,L153-04,44.0,2026-10-14 20:51:00,2026-10-14 21:06:00,HIGH,FORECAST
T002476,56849,Passenger,C047,Vindhyapalli Jn,Dhanukot,L047-03,43.69,2026-09-07 15:33:00,2026-09-07 15:54:00,HIGH,FORECAST
T002477,56189,Passenger,C018,Haldiganj,Nilgirigunj Road,L018-06,153.82,2026-09-04 08:16:00,2026-09-04 08:49:00,HIGH,SCHEDULED
T002478,31768,Goods,C069,Dhanupalli Cantt,Girnarkheda Road,L069-08,267.94,2026-10-05 20:36:00,2026-10-05 21:29:00,MEDIUM,SCHEDULED
T002479,56329,Passenger,C150,Udaykot Jn,Sagarpalli,L150-05,55.2,2026-10-04 19:40:00,2026-10-04 19:56:00,HIGH,FORECAST
T002480,57451,Passenger,C069,Dhanupalli Cantt,Girnarkheda Road,L069-01,22.53,2026-09-04 10:27:00,2026-09-04 11:06:00,HIGH,PROVISIONAL
T002481,13550,Express,C123,Satpurapalli,Charankot Cantt,L123-06,44.14,2026-10-04 17:19:00,2026-10-04 17:35:00,CRITICAL,SCHEDULED
T002482,31997,Goods,C059,Yamunanagar Jn,Haldikheda,L059-06,354.84,2026-09-20 02:24:00,2026-09-20 03:25:00,MEDIUM,SCHEDULED
T002483,70322,Other,C069,Dhanupalli Cantt,Girnarkheda Road,L069-08,267.94,2026-09-28 11:52:00,2026-09-28 12:28:00,LOW,SCHEDULED
T002484,56807,Passenger,C153,Veerkot Jn,Veerkheda Road,L153-06,62.51,2026-09-17 07:57:00,2026-09-17 08:12:00,HIGH,SCHEDULED
T002485,14116,Express,C039,Malwaganj Cantt,Satpuraabad Road,L039-01,1.19,2026-09-14 18:02:00,2026-09-14 18:10:00,HIGH,SCHEDULED
T002486,13875,Express,C123,Satpurapalli,Charankot Cantt,L123-01,11.95,2026-09-19 10:11:00,2026-09-19 10:27:00,CRITICAL,SCHEDULED
T002487,57272,Passenger,C098,Bilaskheda,Pushkarganj,L098-14,38.39,2026-09-07 07:41:00,2026-09-07 07:47:00,HIGH,PROVISIONAL
T002488,71802,Other,C009,Konkanganj,Konkankheda,L009-07,242.71,2026-10-07 00:40:00,2026-10-07 01:25:00,MEDIUM,SCHEDULED
T002489,30013,Goods,C140,Sundarkot Jn,Haldikheda,L140-07,37.73,2026-09-07 02:54:00,2026-09-07 03:03:00,CRITICAL,SCHEDULED
T002490,13066,Express,C129,Sagargunj Jn,Meeragunj Road,L129-03,24.57,2026-09-26 06:13:00,2026-09-26 06:21:00,MEDIUM,SCHEDULED
T002491,56593,Passenger,C037,Gangaganj Road,Bilaskot,L037-04,32.13,2026-09-25 18:43:00,2026-09-25 19:13:00,HIGH,CANCELLED
T002492,13010,Express,C018,Haldiganj,Nilgirigunj Road,L018-04,124.65,2026-10-07 05:48:00,2026-10-07 06:11:00,CRITICAL,SCHEDULED
T002493,56958,Passenger,C153,Veerkot Jn,Veerkheda Road,L153-05,61.15,2026-09-03 21:16:00,2026-09-03 21:30:00,HIGH,SCHEDULED
T002494,14831,Express,C192,Malwanagar,Devgarhgarh,L192-10,127.84,2026-10-14 06:11:00,2026-10-14 06:19:00,CRITICAL,SCHEDULED
T002495,70175,Other,C028,Girnarpalli,Kanhagunj Cantt,L028-05,129.0,2026-09-07 02:13:00,2026-09-07 03:02:00,LOW,SCHEDULED
T002496,12548,Express,C109,Bilasabad Cantt,Chitragunj,L109-05,64.57,2026-09-24 11:40:00,2026-09-24 11:58:00,CRITICAL,SCHEDULED
T002497,14768,Express,C129,Sagargunj Jn,Meeragunj Road,L129-06,56.17,2026-10-13 18:45:00,2026-10-13 18:51:00,CRITICAL,SCHEDULED
T002498,71610,Other,C192,Malwanagar,Devgarhgarh,L192-05,32.99,2026-09-12 17:06:00,2026-09-12 17:26:00,LOW,SCHEDULED
T002499,58665,Passenger,C069,Dhanupalli Cantt,Girnarkheda Road,L069-11,333.57,2026-10-08 09:56:00,2026-10-08 10:36:00,HIGH,SCHEDULED
T002500,56096,Passenger,C036,Ashokgunj Jn,Kanhaganj,L036-04,58.64,2026-09-05 05:10:00,2026-09-05 05:32:00,HIGH,SCHEDULED
T002501,14633,Express,C039,Malwaganj Cantt,Satpuraabad Road,L039-01,1.19,2026-09-26 08:04:00,2026-09-26 08:14:00,CRITICAL,SCHEDULED
T002502,14756,Express,C069,Dhanupalli Cantt,Girnarkheda Road,L069-08,267.94,2026-09-26 21:52:00,2026-09-26 22:18:00,CRITICAL,SCHEDULED
T002503,14452,Express,C164,Girnarhalli Road,Dhanugunj Cantt,L164-01,46.53,2026-09-16 06:05:00,2026-09-16 06:29:00,CRITICAL,FORECAST
T002504,72156,Other,C077,Ambapalli Jn,Pushkarganj,L077-06,149.81,2026-09-02 20:47:00,2026-09-02 21:15:00,LOW,PROVISIONAL
T002505,13134,Express,C163,Dhanuganj Cantt,Veerhalli Jn,L163-03,28.41,2026-09-06 22:55:00,2026-09-06 23:06:00,CRITICAL,SCHEDULED
T002506,31124,Goods,C131,Ashokkot,Narmadagarh Cantt,L131-03,120.06,2026-09-14 03:25:00,2026-09-14 04:11:00,MEDIUM,FORECAST
T002507,12767,Express,C071,Jaisalhalli Cantt,Veergarh Road,L071-06,179.2,2026-09-04 08:28:00,2026-09-04 08:51:00,CRITICAL,FORECAST
T002508,58253,Passenger,C051,Veerhalli,Shantipalli Cantt,L051-07,162.18,2026-09-05 21:02:00,2026-09-05 21:20:00,HIGH,PROVISIONAL
T002509,58141,Passenger,C059,Yamunanagar Jn,Haldikheda,L059-06,354.84,2026-09-15 06:45:00,2026-09-15 07:12:00,HIGH,SCHEDULED
T002510,30479,Goods,C075,Charanpur,Ranahalli Cantt,L075-02,31.12,2026-10-10 14:36:00,2026-10-10 15:24:00,MEDIUM,SCHEDULED
T002511,30780,Goods,C050,Taragunj,Haldipur Road,L050-09,113.79,2026-09-07 00:42:00,2026-09-07 01:00:00,MEDIUM,SCHEDULED
T002512,70567,Other,C190,Konkanpur,Jaisalhalli Road,L190-10,62.41,2026-09-27 19:00:00,2026-09-27 19:10:00,LOW,SCHEDULED
T002513,31587,Goods,C199,Tarakheda Jn,Bhimagarh,L199-07,226.99,2026-10-14 14:49:00,2026-10-14 15:50:00,MEDIUM,SCHEDULED
T002514,56589,Passenger,C164,Girnarhalli Road,Dhanugunj Cantt,L164-07,252.14,2026-09-05 09:45:00,2026-09-05 10:35:00,HIGH,SCHEDULED
T002515,57422,Passenger,C176,Vindhyakot Jn,Ranaganj Cantt,L176-14,244.66,2026-09-20 06:11:00,2026-09-20 06:38:00,HIGH,SCHEDULED
T002516,13979,Express,C150,Udaykot Jn,Sagarpalli,L150-08,125.81,2026-10-14 13:06:00,2026-10-14 13:17:00,CRITICAL,SCHEDULED
T002517,14322,Express,C050,Taragunj,Haldipur Road,L050-06,53.65,2026-10-15 13:54:00,2026-10-15 14:02:00,CRITICAL,CANCELLED
T002518,72138,Other,C026,Sabarabad Cantt,Chitrakot,L026-07,34.73,2026-09-24 07:12:00,2026-09-24 07:18:00,LOW,SCHEDULED
T002519,57223,Passenger,C050,Taragunj,Haldipur Road,L050-03,34.24,2026-10-12 12:22:00,2026-10-12 12:36:00,HIGH,SCHEDULED
T002520,57508,Passenger,C123,Satpurapalli,Charankot Cantt,L123-05,42.98,2026-09-14 17:21:00,2026-09-14 17:43:00,HIGH,FORECAST
T002521,32341,Goods,C037,Gangaganj Road,Bilaskot,L037-05,163.19,2026-10-14 01:39:00,2026-10-14 02:30:00,MEDIUM,SCHEDULED
T002522,58070,Passenger,C075,Charanpur,Ranahalli Cantt,L075-04,162.18,2026-09-13 08:50:00,2026-09-13 09:17:00,HIGH,SCHEDULED
T002523,31528,Goods,C163,Dhanuganj Cantt,Veerhalli Jn,L163-10,113.37,2026-09-14 21:51:00,2026-09-14 22:03:00,MEDIUM,SCHEDULED
T002525,31523,Goods,C050,Taragunj,Haldipur Road,L050-11,126.85,2026-09-02 09:42:00,2026-09-02 09:58:00,MEDIUM,SCHEDULED
T002526,71167,Other,C115,Konkanpalli,Indrakheda Jn,L115-06,219.81,2026-10-09 21:34:00,2026-10-09 22:08:00,LOW,SCHEDULED
T002527,31546,Goods,C039,Malwaganj Cantt,Satpuraabad Road,L039-06,108.06,2026-10-03 23:19:00,2026-10-03 23:39:00,MEDIUM,SCHEDULED
T002528,56624,Passenger,C069,Dhanupalli Cantt,Girnarkheda Road,L069-06,194.8,2026-09-28 16:50:00,2026-09-28 17:27:00,HIGH,FORECAST
T002529,32112,Goods,C039,Malwaganj Cantt,Satpuraabad Road,L039-07,116.74,2026-09-07 08:49:00,2026-09-07 09:16:00,LOW,SCHEDULED
T002530,32610,Goods,C175,Devgarhnagar Jn,Tarapur,L175-01,2.87,2026-10-14 04:57:00,2026-10-14 07:18:00,MEDIUM,FORECAST
T002531,31899,Goods,C050,Taragunj,Haldipur Road,L050-01,18.15,2026-09-05 00:30:00,2026-09-05 00:54:00,MEDIUM,SCHEDULED
T002532,58987,Passenger,C123,Satpurapalli,Charankot Cantt,L123-09,208.13,2026-09-07 16:37:00,2026-09-07 16:53:00,HIGH,SCHEDULED
T002533,58816,Passenger,C026,Sabarabad Cantt,Chitrakot,L026-03,10.67,2026-09-19 21:10:00,2026-09-19 21:16:00,HIGH,SCHEDULED
T002534,12989,Express,C150,Udaykot Jn,Sagarpalli,L150-02,13.59,2026-10-09 09:30:00,2026-10-09 09:41:00,CRITICAL,SCHEDULED
T002535,13429,Express,C054,Chandrakot,Satpurahalli Cantt,L054-07,90.75,2026-09-04 12:24:00,2026-09-04 12:36:00,CRITICAL,SCHEDULED
T002536,30211,Goods,C069,Dhanupalli Cantt,Girnarkheda Road,L069-06,194.8,2026-10-03 17:34:00,2026-10-03 18:21:00,MEDIUM,SCHEDULED
T002537,58465,Passenger,C131,Ashokkot,Narmadagarh Cantt,L131-05,158.95,2026-09-28 13:53:00,2026-09-28 14:24:00,HIGH,SCHEDULED
T002538,57594,Passenger,C052,Tarakheda Road,Bhimapalli Cantt,L052-09,182.41,2026-09-18 13:37:00,2026-09-18 13:56:00,HIGH,PROVISIONAL
T002539,56586,Passenger,C050,Taragunj,Haldipur Road,L050-01,18.15,2026-09-25 07:48:00,2026-09-25 08:02:00,HIGH,SCHEDULED
T002540,32848,Goods,C140,Sundarkot Jn,Haldikheda,L140-11,44.31,2026-10-04 19:10:00,2026-10-04 19:16:00,MEDIUM,FORECAST
T002541,56174,Passenger,C196,Devgarhganj,Bharatnagar,L196-08,221.39,2026-10-02 09:17:00,2026-10-02 09:43:00,MEDIUM,SCHEDULED
T002542,32710,Goods,C150,Udaykot Jn,Sagarpalli,L150-10,152.42,2026-10-07 03:10:00,2026-10-07 03:39:00,MEDIUM,SCHEDULED
T002543,56053,Passenger,C050,Taragunj,Haldipur Road,L050-09,113.79,2026-09-21 09:02:00,2026-09-21 09:14:00,HIGH,SCHEDULED
T002544,12809,Express,C069,Dhanupalli Cantt,Girnarkheda Road,L069-01,22.53,2026-10-09 20:47:00,2026-10-09 21:09:00,CRITICAL,SCHEDULED
T002545,32807,Goods,C026,Sabarabad Cantt,Chitrakot,L026-01,4.01,2026-09-29 23:23:00,2026-09-29 23:31:00,LOW,SCHEDULED
T002546,30184,Goods,C076,Jaisalnagar Jn,Veerpalli,L076-06,330.73,2026-09-25 18:14:00,2026-09-25 19:37:00,MEDIUM,SCHEDULED
T002547,32886,Goods,C051,Veerhalli,Shantipalli Cantt,L051-04,115.18,2026-09-25 18:36:00,2026-09-25 19:12:00,MEDIUM,FORECAST
T002548,12489,Express,C125,Konkanganj Jn,Omkarganj,L125-05,69.41,2026-09-15 18:40:00,2026-09-15 18:48:00,CRITICAL,FORECAST
T002549,58809,Passenger,C039,Malwaganj Cantt,Satpuraabad Road,L039-09,168.62,2026-09-19 12:28:00,2026-09-19 12:48:00,HIGH,CANCELLED
T002550,30547,Goods,C069,Dhanupalli Cantt,Girnarkheda Road,L069-06,194.8,2026-10-13 22:10:00,2026-10-13 23:04:00,MEDIUM,SCHEDULED
T002551,58349,Passenger,C084,Devgarhgarh Cantt,Chitraganj,L084-08,176.63,2026-10-02 18:45:00,2026-10-02 19:23:00,HIGH,SCHEDULED
T002552,12353,Express,C131,Ashokkot,Narmadagarh Cantt,L131-11,271.21,2026-09-24 20:06:00,2026-09-24 20:25:00,CRITICAL,PROVISIONAL
T002553,56345,Passenger,C059,Yamunanagar Jn,Haldikheda,L059-01,4.72,2026-09-04 08:08:00,2026-09-04 08:47:00,HIGH,SCHEDULED
T002554,30476,Goods,C049,Vindhyaganj Road,Haldihalli,L049-02,12.75,2026-09-04 19:08:00,2026-09-04 19:56:00,MEDIUM,CANCELLED
T002555,57836,Passenger,C150,Udaykot Jn,Sagarpalli,L150-01,1.98,2026-09-10 18:20:00,2026-09-10 18:35:00,HIGH,PROVISIONAL
T002556,57767,Passenger,C037,Gangaganj Road,Bilaskot,L037-07,224.52,2026-10-09 10:33:00,2026-10-09 11:11:00,HIGH,SCHEDULED
T002557,31598,Goods,C069,Dhanupalli Cantt,Girnarkheda Road,L069-04,164.65,2026-09-08 20:47:00,2026-09-08 21:27:00,MEDIUM,SCHEDULED
T002558,71002,Other,C051,Veerhalli,Shantipalli Cantt,L051-10,201.08,2026-09-16 03:43:00,2026-09-16 04:09:00,LOW,FORECAST
T002559,58928,Passenger,C150,Udaykot Jn,Sagarpalli,L150-12,167.61,2026-10-01 04:24:00,2026-10-01 04:41:00,HIGH,PROVISIONAL
T002560,13679,Express,C140,Sundarkot Jn,Haldikheda,L140-08,38.21,2026-09-11 12:46:00,2026-09-11 12:52:00,CRITICAL,SCHEDULED
T002561,14648,Express,C186,Bhimaabad,Omkarabad Cantt,L186-04,94.63,2026-09-20 14:37:00,2026-09-20 14:58:00,CRITICAL,SCHEDULED
T002562,14355,Express,C192,Malwanagar,Devgarhgarh,L192-10,127.84,2026-10-06 13:29:00,2026-10-06 13:37:00,CRITICAL,FORECAST
T002563,12165,Express,C098,Bilaskheda,Pushkarganj,L098-11,28.84,2026-09-03 10:34:00,2026-09-03 10:40:00,LOW,SCHEDULED
T002564,57982,Passenger,C131,Ashokkot,Narmadagarh Cantt,L131-04,148.79,2026-09-06 18:26:00,2026-09-06 18:55:00,HIGH,SCHEDULED
T002565,58412,Passenger,C199,Tarakheda Jn,Bhimagarh,L199-07,226.99,2026-09-08 14:43:00,2026-09-08 15:17:00,HIGH,PROVISIONAL
T002566,58520,Passenger,C140,Sundarkot Jn,Haldikheda,L140-09,40.15,2026-09-26 17:07:00,2026-09-26 17:13:00,HIGH,FORECAST
T002567,32075,Goods,C192,Malwanagar,Devgarhgarh,L192-05,32.99,2026-10-04 20:37:00,2026-10-04 21:02:00,MEDIUM,SCHEDULED
T002568,31116,Goods,C163,Dhanuganj Cantt,Veerhalli Jn,L163-06,67.58,2026-09-18 06:07:00,2026-09-18 06:34:00,MEDIUM,SCHEDULED
T002569,57100,Passenger,C069,Dhanupalli Cantt,Girnarkheda Road,L069-09,277.58,2026-09-07 10:23:00,2026-09-07 11:14:00,HIGH,SCHEDULED
T002570,30238,Goods,C065,Devgarhnagar,Sundarnagar Jn,L065-02,110.24,2026-10-13 23:55:00,2026-10-14 01:10:00,MEDIUM,SCHEDULED
T002571,14688,Express,C140,Sundarkot Jn,Haldikheda,L140-08,38.21,2026-09-02 10:04:00,2026-09-02 10:10:00,MEDIUM,SCHEDULED
T002572,30295,Goods,C069,Dhanupalli Cantt,Girnarkheda Road,L069-03,48.56,2026-09-21 19:36:00,2026-09-21 20:32:00,MEDIUM,SCHEDULED
T002573,32377,Goods,C051,Veerhalli,Shantipalli Cantt,L051-10,201.08,2026-09-17 00:09:00,2026-09-17 00:43:00,HIGH,SCHEDULED
T002574,31899,Goods,C018,Haldiganj,Nilgirigunj Road,L018-03,76.59,2026-10-10 23:43:00,2026-10-11 00:17:00,MEDIUM,FORECAST
T002575,14875,Express,C124,Chandrakot Road,Meerahalli,L124-02,73.71,2026-09-30 11:24:00,2026-09-30 12:16:00,CRITICAL,SCHEDULED
T002576,14406,Express,C192,Malwanagar,Devgarhgarh,L192-08,59.46,2026-09-16 10:02:00,2026-09-16 10:13:00,HIGH,SCHEDULED
T002577,56032,Passenger,C069,Dhanupalli Cantt,Girnarkheda Road,L069-03,48.56,2026-09-22 10:18:00,2026-09-22 10:54:00,HIGH,SCHEDULED
T002578,57576,Passenger,C150,Udaykot Jn,Sagarpalli,L150-07,109.46,2026-09-15 15:28:00,2026-09-15 15:43:00,HIGH,SCHEDULED
T002579,56934,Passenger,C059,Yamunanagar Jn,Haldikheda,L059-06,354.84,2026-10-04 06:44:00,2026-10-04 07:29:00,HIGH,SCHEDULED
T002580,31834,Goods,C195,Bharatgunj,Taraganj Road,L195-01,21.94,2026-10-03 01:55:00,2026-10-03 02:39:00,MEDIUM,SCHEDULED
T002581,13130,Express,C150,Udaykot Jn,Sagarpalli,L150-02,13.59,2026-09-29 07:01:00,2026-09-29 07:10:00,CRITICAL,SCHEDULED
T002582,13638,Express,C176,Vindhyakot Jn,Ranaganj Cantt,L176-09,155.72,2026-09-29 09:33:00,2026-09-29 09:48:00,CRITICAL,FORECAST
T002583,30645,Goods,C069,Dhanupalli Cantt,Girnarkheda Road,L069-08,267.94,2026-09-23 17:17:00,2026-09-23 18:22:00,MEDIUM,SCHEDULED
T002584,30364,Goods,C115,Konkanpalli,Indrakheda Jn,L115-05,175.66,2026-10-13 16:20:00,2026-10-13 17:18:00,MEDIUM,SCHEDULED
T002585,14839,Express,C140,Sundarkot Jn,Haldikheda,L140-04,29.07,2026-09-03 07:04:00,2026-09-03 07:10:00,CRITICAL,SCHEDULED
T002586,30283,Goods,C009,Konkanganj,Konkankheda,L009-01,14.97,2026-10-04 12:18:00,2026-10-04 13:20:00,MEDIUM,SCHEDULED
T002587,32308,Goods,C059,Yamunanagar Jn,Haldikheda,L059-06,354.84,2026-09-02 01:01:00,2026-09-02 02:22:00,MEDIUM,SCHEDULED
T002588,56938,Passenger,C129,Sagargunj Jn,Meeragunj Road,L129-06,56.17,2026-10-14 05:25:00,2026-10-14 05:36:00,HIGH,SCHEDULED
T002589,58430,Passenger,C075,Charanpur,Ranahalli Cantt,L075-08,192.11,2026-09-15 12:55:00,2026-09-15 13:29:00,HIGH,SCHEDULED
T002590,56198,Passenger,C163,Dhanuganj Cantt,Veerhalli Jn,L163-01,8.76,2026-10-04 22:19:00,2026-10-04 22:35:00,HIGH,SCHEDULED
T002591,57519,Passenger,C195,Bharatgunj,Taraganj Road,L195-06,98.59,2026-09-04 18:24:00,2026-09-04 18:53:00,HIGH,SCHEDULED
T002592,72822,Other,C050,Taragunj,Haldipur Road,L050-10,121.98,2026-10-06 18:10:00,2026-10-06 18:32:00,CRITICAL,SCHEDULED
T002593,57718,Passenger,C075,Charanpur,Ranahalli Cantt,L075-03,84.0,2026-09-16 16:29:00,2026-09-16 17:06:00,HIGH,SCHEDULED
T002594,14607,Express,C039,Malwaganj Cantt,Satpuraabad Road,L039-02,34.94,2026-09-18 08:44:00,2026-09-18 08:54:00,CRITICAL,SCHEDULED
T002595,56966,Passenger,C195,Bharatgunj,Taraganj Road,L195-04,60.26,2026-09-26 23:28:00,2026-09-26 23:45:00,MEDIUM,SCHEDULED
T002596,56734,Passenger,C199,Tarakheda Jn,Bhimagarh,L199-01,47.99,2026-09-15 15:26:00,2026-09-15 15:54:00,HIGH,CANCELLED
T002597,56033,Passenger,C069,Dhanupalli Cantt,Girnarkheda Road,L069-05,175.88,2026-10-04 11:19:00,2026-10-04 11:48:00,HIGH,SCHEDULED
T002598,56993,Passenger,C009,Konkanganj,Konkankheda,L009-05,209.53,2026-10-10 19:43:00,2026-10-10 20:29:00,HIGH,SCHEDULED
T002599,14002,Express,C050,Taragunj,Haldipur Road,L050-09,113.79,2026-09-16 11:45:00,2026-09-16 11:51:00,CRITICAL,SCHEDULED
T002600,57393,Passenger,C018,Haldiganj,Nilgirigunj Road,L018-06,153.82,2026-10-07 16:36:00,2026-10-07 17:07:00,HIGH,SCHEDULED
T002601,14834,Express,C119,Sagarkheda Jn,Shantiganj,L119-05,230.43,2026-09-17 20:13:00,2026-09-17 20:37:00,HIGH,SCHEDULED
T002602,31654,Goods,C109,Bilasabad Cantt,Chitragunj,L109-05,64.57,2026-09-07 03:29:00,2026-09-07 04:10:00,MEDIUM,SCHEDULED
T002603,58914,Passenger,C142,Konkangunj,Girnargunj Road,L142-01,78.03,2026-09-25 17:23:00,2026-09-25 18:11:00,HIGH,FORECAST
T002604,30799,Goods,C150,Udaykot Jn,Sagarpalli,L150-08,125.81,2026-09-20 05:12:00,2026-09-20 05:33:00,MEDIUM,PROVISIONAL
T002605,30716,Goods,C050,Taragunj,Haldipur Road,L050-04,35.75,2026-10-11 23:25:00,2026-10-11 23:46:00,MEDIUM,SCHEDULED
T002606,58799,Passenger,C195,Bharatgunj,Taraganj Road,L195-05,93.9,2026-09-27 18:54:00,2026-09-27 19:18:00,HIGH,PROVISIONAL
T002607,14236,Express,C123,Satpurapalli,Charankot Cantt,L123-06,44.14,2026-10-03 15:51:00,2026-10-03 16:09:00,CRITICAL,FORECAST
T002608,57261,Passenger,C158,Chandrapalli,Kaveriganj,L158-06,360.16,2026-09-18 16:55:00,2026-09-18 17:58:00,HIGH,SCHEDULED
T002609,13485,Express,C069,Dhanupalli Cantt,Girnarkheda Road,L069-06,194.8,2026-09-03 08:31:00,2026-09-03 08:58:00,CRITICAL,SCHEDULED
T002610,58440,Passenger,C131,Ashokkot,Narmadagarh Cantt,L131-08,224.31,2026-09-05 17:21:00,2026-09-05 17:59:00,HIGH,PROVISIONAL
T002611,12335,Express,C129,Sagargunj Jn,Meeragunj Road,L129-01,0.75,2026-09-07 18:31:00,2026-09-07 18:42:00,CRITICAL,SCHEDULED
T002612,56884,Passenger,C069,Dhanupalli Cantt,Girnarkheda Road,L069-06,194.8,2026-10-08 11:04:00,2026-10-08 11:38:00,HIGH,SCHEDULED
T002613,13691,Express,C129,Sagargunj Jn,Meeragunj Road,L129-02,8.42,2026-09-15 16:23:00,2026-09-15 16:31:00,CRITICAL,SCHEDULED
T002614,57660,Passenger,C131,Ashokkot,Narmadagarh Cantt,L131-10,258.71,2026-10-04 15:43:00,2026-10-04 16:15:00,HIGH,FORECAST
T002615,31001,Goods,C016,Sabarhalli Road,Ambagunj Road,L016-01,6.78,2026-09-10 12:50:00,2026-09-10 13:23:00,MEDIUM,SCHEDULED
T002616,70813,Other,C164,Girnarhalli Road,Dhanugunj Cantt,L164-05,185.8,2026-10-12 15:20:00,2026-10-12 16:12:00,LOW,SCHEDULED
T002617,56922,Passenger,C164,Girnarhalli Road,Dhanugunj Cantt,L164-10,357.49,2026-10-07 13:30:00,2026-10-07 14:22:00,HIGH,SCHEDULED
T002618,57805,Passenger,C069,Dhanupalli Cantt,Girnarkheda Road,L069-02,35.6,2026-09-25 15:41:00,2026-09-25 16:00:00,MEDIUM,FORECAST
T002619,30393,Goods,C075,Charanpur,Ranahalli Cantt,L075-11,268.44,2026-09-03 00:30:00,2026-09-03 01:28:00,MEDIUM,FORECAST
T002620,56705,Passenger,C098,Bilaskheda,Pushkarganj,L098-13,35.6,2026-10-02 07:30:00,2026-10-02 07:36:00,HIGH,SCHEDULED
T002621,31891,Goods,C123,Satpurapalli,Charankot Cantt,L123-04,31.64,2026-10-05 21:54:00,2026-10-05 22:38:00,MEDIUM,PROVISIONAL
T002622,57065,Passenger,C089,Pushkarkot,Gangakot,L089-06,386.19,2026-09-01 04:41:00,2026-09-01 05:35:00,HIGH,SCHEDULED
T002623,32351,Goods,C039,Malwaganj Cantt,Satpuraabad Road,L039-05,81.18,2026-09-12 18:52:00,2026-09-12 19:20:00,MEDIUM,SCHEDULED
T002624,30872,Goods,C147,Haldigunj Jn,Bhimahalli,L147-03,33.11,2026-09-27 17:30:00,2026-09-27 17:49:00,MEDIUM,SCHEDULED
T002625,57504,Passenger,C192,Malwanagar,Devgarhgarh,L192-08,59.46,2026-09-24 16:36:00,2026-09-24 16:50:00,HIGH,SCHEDULED
T002626,30359,Goods,C199,Tarakheda Jn,Bhimagarh,L199-06,202.86,2026-10-11 14:43:00,2026-10-11 15:48:00,MEDIUM,SCHEDULED
T002627,57063,Passenger,C109,Bilasabad Cantt,Chitragunj,L109-09,169.17,2026-09-22 16:55:00,2026-09-22 17:20:00,HIGH,FORECAST
T002628,56744,Passenger,C192,Malwanagar,Devgarhgarh,L192-10,127.84,2026-10-04 06:30:00,2026-10-04 06:45:00,HIGH,FORECAST
T002629,71384,Other,C075,Charanpur,Ranahalli Cantt,L075-06,182.12,2026-10-15 19:08:00,2026-10-15 19:39:00,LOW,SCHEDULED
T002630,30181,Goods,C072,Udayganj,Indragarh,L072-04,107.59,2026-10-08 15:38:00,2026-10-08 16:41:00,MEDIUM,SCHEDULED
T002631,58053,Passenger,C195,Bharatgunj,Taraganj Road,L195-05,93.9,2026-10-02 12:21:00,2026-10-02 12:47:00,HIGH,CANCELLED
T002632,14909,Express,C009,Konkanganj,Konkankheda,L009-05,209.53,2026-09-19 10:43:00,2026-09-19 11:05:00,CRITICAL,FORECAST
T002633,14810,Express,C140,Sundarkot Jn,Haldikheda,L140-01,12.21,2026-10-01 16:23:00,2026-10-01 16:29:00,CRITICAL,SCHEDULED
T002634,12161,Express,C069,Dhanupalli Cantt,Girnarkheda Road,L069-10,288.36,2026-09-21 23:18:00,2026-09-21 23:43:00,CRITICAL,SCHEDULED
T002635,56432,Passenger,C069,Dhanupalli Cantt,Girnarkheda Road,L069-11,333.57,2026-09-20 20:40:00,2026-09-20 21:14:00,HIGH,SCHEDULED
T002636,56004,Passenger,C098,Bilaskheda,Pushkarganj,L098-08,22.8,2026-09-26 06:19:00,2026-09-26 06:25:00,HIGH,PROVISIONAL
T002637,58754,Passenger,C050,Taragunj,Haldipur Road,L050-05,36.84,2026-10-15 08:53:00,2026-10-15 09:04:00,HIGH,SCHEDULED
T002638,58559,Passenger,C075,Charanpur,Ranahalli Cantt,L075-11,268.44,2026-10-11 17:12:00,2026-10-11 17:39:00,HIGH,SCHEDULED
T002639,57168,Passenger,C050,Taragunj,Haldipur Road,L050-05,36.84,2026-10-08 08:43:00,2026-10-08 08:59:00,HIGH,SCHEDULED
T002640,71608,Other,C123,Satpurapalli,Charankot Cantt,L123-08,113.88,2026-09-15 23:39:00,2026-09-16 00:01:00,LOW,SCHEDULED
T002641,57132,Passenger,C123,Satpurapalli,Charankot Cantt,L123-02,16.66,2026-09-14 05:14:00,2026-09-14 05:44:00,HIGH,SCHEDULED
T002642,30589,Goods,C075,Charanpur,Ranahalli Cantt,L075-08,192.11,2026-09-24 18:22:00,2026-09-24 19:02:00,MEDIUM,PROVISIONAL
T002643,56653,Passenger,C026,Sabarabad Cantt,Chitrakot,L026-02,9.14,2026-09-06 06:20:00,2026-09-06 06:26:00,HIGH,SCHEDULED
T002644,31691,Goods,C192,Malwanagar,Devgarhgarh,L192-07,43.98,2026-09-01 02:34:00,2026-09-01 02:54:00,MEDIUM,SCHEDULED
T002645,70735,Other,C163,Dhanuganj Cantt,Veerhalli Jn,L163-07,71.82,2026-10-13 16:54:00,2026-10-13 17:11:00,LOW,FORECAST
T002646,56276,Passenger,C026,Sabarabad Cantt,Chitrakot,L026-06,27.69,2026-09-05 09:50:00,2026-09-05 09:56:00,HIGH,SCHEDULED
T002647,30941,Goods,C026,Sabarabad Cantt,Chitrakot,L026-07,34.73,2026-09-13 21:45:00,2026-09-13 21:55:00,MEDIUM,SCHEDULED
T002648,56318,Passenger,C169,Bharatkheda,Ambakheda Cantt,L169-08,253.6,2026-09-07 22:21:00,2026-09-07 22:57:00,HIGH,SCHEDULED
T002649,58476,Passenger,C050,Taragunj,Haldipur Road,L050-07,54.04,2026-10-14 11:32:00,2026-10-14 11:47:00,LOW,SCHEDULED
T002650,58590,Passenger,C069,Dhanupalli Cantt,Girnarkheda Road,L069-10,288.36,2026-09-30 01:25:00,2026-09-30 01:47:00,HIGH,SCHEDULED
T002651,12890,Express,C195,Bharatgunj,Taraganj Road,L195-06,98.59,2026-09-01 05:08:00,2026-09-01 05:30:00,CRITICAL,SCHEDULED
T002652,58736,Passenger,C099,Malwagunj,Gangaganj,L099-09,58.0,2026-10-01 19:58:00,2026-10-01 20:05:00,HIGH,SCHEDULED
T002653,57342,Passenger,C121,Bharatkot Road,Yamunagunj Cantt,L121-04,201.48,2026-10-08 18:53:00,2026-10-08 19:30:00,HIGH,SCHEDULED
T002654,58006,Passenger,C164,Girnarhalli Road,Dhanugunj Cantt,L164-05,185.8,2026-09-24 06:26:00,2026-09-24 06:58:00,HIGH,SCHEDULED
T002655,31292,Goods,C069,Dhanupalli Cantt,Girnarkheda Road,L069-05,175.88,2026-10-08 11:55:00,2026-10-08 12:40:00,MEDIUM,FORECAST
T002656,71434,Other,C010,Jaisalgunj Cantt,Veergarh Road,L010-01,7.97,2026-09-08 02:23:00,2026-09-08 02:35:00,LOW,FORECAST
T002657,56862,Passenger,C069,Dhanupalli Cantt,Girnarkheda Road,L069-10,288.36,2026-10-12 14:55:00,2026-10-12 15:29:00,HIGH,SCHEDULED
T002658,30061,Goods,C069,Dhanupalli Cantt,Girnarkheda Road,L069-09,277.58,2026-10-14 15:48:00,2026-10-14 16:49:00,MEDIUM,CANCELLED
T002659,70538,Other,C059,Yamunanagar Jn,Haldikheda,L059-08,372.87,2026-09-25 14:12:00,2026-09-25 14:50:00,LOW,SCHEDULED
T002660,58842,Passenger,C155,Omkarhalli,Sabarkheda Road,L155-08,49.19,2026-10-15 04:35:00,2026-10-15 04:42:00,HIGH,SCHEDULED
T002661,58171,Passenger,C069,Dhanupalli Cantt,Girnarkheda Road,L069-09,277.58,2026-10-05 18:32:00,2026-10-05 19:18:00,HIGH,SCHEDULED
T002662,30340,Goods,C140,Sundarkot Jn,Haldikheda,L140-10,40.29,2026-09-29 03:34:00,2026-09-29 03:44:00,MEDIUM,SCHEDULED
T002663,70630,Other,C091,Ashokpur,Indrapalli Road,L091-06,26.81,2026-09-02 05:58:00,2026-09-02 06:05:00,LOW,SCHEDULED
T002664,56883,Passenger,C140,Sundarkot Jn,Haldikheda,L140-07,37.73,2026-10-11 07:59:00,2026-10-11 08:05:00,LOW,SCHEDULED
T002665,56427,Passenger,C199,Tarakheda Jn,Bhimagarh,L199-06,202.86,2026-10-01 07:08:00,2026-10-01 07:40:00,HIGH,SCHEDULED
T002666,13209,Express,C192,Malwanagar,Devgarhgarh,L192-03,25.29,2026-09-26 08:25:00,2026-09-26 08:33:00,CRITICAL,FORECAST
T002667,58188,Passenger,C140,Sundarkot Jn,Haldikheda,L140-01,12.21,2026-10-09 07:08:00,2026-10-09 07:14:00,HIGH,SCHEDULED
T002668,70721,Other,C129,Sagargunj Jn,Meeragunj Road,L129-03,24.57,2026-10-01 00:51:00,2026-10-01 01:07:00,LOW,SCHEDULED
T002669,57321,Passenger,C099,Malwagunj,Gangaganj,L099-09,58.0,2026-09-26 07:21:00,2026-09-26 07:30:00,HIGH,SCHEDULED
T002670,12736,Express,C150,Udaykot Jn,Sagarpalli,L150-07,109.46,2026-09-02 06:02:00,2026-09-02 06:13:00,CRITICAL,SCHEDULED
T002671,13688,Express,C071,Jaisalhalli Cantt,Veergarh Road,L071-06,179.2,2026-09-03 15:59:00,2026-09-03 16:24:00,CRITICAL,FORECAST
T002672,13266,Express,C080,Pushkarabad,Lalitkot Jn,L080-04,199.3,2026-09-01 16:30:00,2026-09-01 17:08:00,CRITICAL,SCHEDULED
T002673,13971,Express,C195,Bharatgunj,Taraganj Road,L195-02,28.22,2026-10-10 21:24:00,2026-10-10 21:44:00,CRITICAL,PROVISIONAL
T002674,58148,Passenger,C037,Gangaganj Road,Bilaskot,L037-04,32.13,2026-10-11 19:31:00,2026-10-11 20:02:00,HIGH,SCHEDULED
T002675,31821,Goods,C155,Omkarhalli,Sabarkheda Road,L155-01,0.57,2026-09-02 03:01:00,2026-09-02 03:11:00,MEDIUM,PROVISIONAL
T002676,57333,Passenger,C153,Veerkot Jn,Veerkheda Road,L153-03,36.95,2026-09-05 15:53:00,2026-09-05 16:10:00,HIGH,PROVISIONAL
T002677,14761,Express,C192,Malwanagar,Devgarhgarh,L192-02,24.47,2026-09-02 07:12:00,2026-09-02 07:25:00,CRITICAL,PROVISIONAL
T002678,56857,Passenger,C069,Dhanupalli Cantt,Girnarkheda Road,L069-06,194.8,2026-09-08 18:12:00,2026-09-08 18:44:00,HIGH,SCHEDULED
T002679,14953,Express,C140,Sundarkot Jn,Haldikheda,L140-10,40.29,2026-09-08 13:46:00,2026-09-08 13:52:00,CRITICAL,PROVISIONAL
T002680,31784,Goods,C176,Vindhyakot Jn,Ranaganj Cantt,L176-02,35.75,2026-10-04 01:00:00,2026-10-04 01:26:00,MEDIUM,SCHEDULED
T002681,56805,Passenger,C164,Girnarhalli Road,Dhanugunj Cantt,L164-01,46.53,2026-10-05 15:07:00,2026-10-05 16:01:00,HIGH,SCHEDULED
T002682,13685,Express,C195,Bharatgunj,Taraganj Road,L195-06,98.59,2026-10-09 13:54:00,2026-10-09 14:11:00,CRITICAL,SCHEDULED
T002683,58046,Passenger,C176,Vindhyakot Jn,Ranaganj Cantt,L176-02,35.75,2026-09-10 20:03:00,2026-09-10 20:29:00,HIGH,SCHEDULED
T002684,31579,Goods,C163,Dhanuganj Cantt,Veerhalli Jn,L163-10,113.37,2026-09-23 03:34:00,2026-09-23 03:50:00,MEDIUM,SCHEDULED
T002685,56247,Passenger,C163,Dhanuganj Cantt,Veerhalli Jn,L163-01,8.76,2026-10-15 07:15:00,2026-10-15 07:28:00,HIGH,SCHEDULED
T002686,71082,Other,C009,Konkanganj,Konkankheda,L009-02,62.41,2026-10-07 14:30:00,2026-10-07 15:18:00,LOW,SCHEDULED
T002687,14586,Express,C009,Konkanganj,Konkankheda,L009-01,14.97,2026-09-17 07:10:00,2026-09-17 07:29:00,CRITICAL,SCHEDULED
T002688,13495,Express,C150,Udaykot Jn,Sagarpalli,L150-03,22.68,2026-10-10 18:52:00,2026-10-10 19:01:00,CRITICAL,FORECAST
T002689,30466,Goods,C176,Vindhyakot Jn,Ranaganj Cantt,L176-14,244.66,2026-09-11 20:44:00,2026-09-11 21:22:00,MEDIUM,SCHEDULED
T002690,12626,Express,C018,Haldiganj,Nilgirigunj Road,L018-05,139.06,2026-09-21 05:16:00,2026-09-21 05:30:00,CRITICAL,FORECAST
T002691,56503,Passenger,C089,Pushkarkot,Gangakot,L089-01,61.88,2026-10-08 18:24:00,2026-10-08 19:18:00,HIGH,SCHEDULED
T002692,58233,Passenger,C123,Satpurapalli,Charankot Cantt,L123-03,31.28,2026-10-09 20:24:00,2026-10-09 20:49:00,HIGH,FORECAST
T002693,71185,Other,C028,Girnarpalli,Kanhagunj Cantt,L028-08,213.39,2026-09-16 15:54:00,2026-09-16 16:48:00,LOW,SCHEDULED
T002694,14267,Express,C140,Sundarkot Jn,Haldikheda,L140-04,29.07,2026-09-04 19:07:00,2026-09-04 19:13:00,LOW,SCHEDULED
T002695,14527,Express,C009,Konkanganj,Konkankheda,L009-06,222.21,2026-09-26 11:08:00,2026-09-26 11:31:00,CRITICAL,SCHEDULED
T002696,58801,Passenger,C069,Dhanupalli Cantt,Girnarkheda Road,L069-10,288.36,2026-10-15 17:32:00,2026-10-15 18:08:00,HIGH,SCHEDULED
T002697,32695,Goods,C163,Dhanuganj Cantt,Veerhalli Jn,L163-09,105.99,2026-10-14 19:30:00,2026-10-14 19:47:00,MEDIUM,SCHEDULED
T002698,30014,Goods,C059,Yamunanagar Jn,Haldikheda,L059-07,362.31,2026-09-25 06:53:00,2026-09-25 08:05:00,CRITICAL,FORECAST
T002699,56753,Passenger,C009,Konkanganj,Konkankheda,L009-07,242.71,2026-10-03 22:17:00,2026-10-03 22:52:00,HIGH,SCHEDULED
T002700,32933,Goods,C058,Sundarkot Jn,Bharatpur Cantt,L058-05,25.77,2026-09-29 21:22:00,2026-09-29 21:29:00,MEDIUM,SCHEDULED
T002701,56043,Passenger,C195,Bharatgunj,Taraganj Road,L195-06,98.59,2026-09-05 07:18:00,2026-09-05 07:47:00,HIGH,SCHEDULED
T002702,57913,Passenger,C075,Charanpur,Ranahalli Cantt,L075-07,186.41,2026-09-01 01:14:00,2026-09-01 01:40:00,LOW,SCHEDULED
T002703,56653,Passenger,C150,Udaykot Jn,Sagarpalli,L150-01,1.98,2026-09-15 19:50:00,2026-09-15 20:05:00,HIGH,SCHEDULED
T002704,12111,Express,C039,Malwaganj Cantt,Satpuraabad Road,L039-10,171.17,2026-09-06 07:22:00,2026-09-06 07:34:00,CRITICAL,FORECAST
T002705,57912,Passenger,C176,Vindhyakot Jn,Ranaganj Cantt,L176-04,54.44,2026-09-13 10:02:00,2026-09-13 10:23:00,HIGH,SCHEDULED
T002706,57961,Passenger,C176,Vindhyakot Jn,Ranaganj Cantt,L176-01,21.8,2026-09-01 17:27:00,2026-09-01 17:43:00,HIGH,SCHEDULED
T002707,13637,Express,C099,Malwagunj,Gangaganj,L099-03,10.36,2026-09-24 21:47:00,2026-09-24 21:53:00,CRITICAL,SCHEDULED
T002708,58489,Passenger,C163,Dhanuganj Cantt,Veerhalli Jn,L163-03,28.41,2026-09-17 08:58:00,2026-09-17 09:12:00,HIGH,SCHEDULED
T002709,13122,Express,C069,Dhanupalli Cantt,Girnarkheda Road,L069-11,333.57,2026-10-02 07:25:00,2026-10-02 07:47:00,CRITICAL,SCHEDULED
T002710,32386,Goods,C155,Omkarhalli,Sabarkheda Road,L155-06,27.49,2026-09-17 20:58:00,2026-09-17 21:09:00,MEDIUM,SCHEDULED
T002711,30534,Goods,C199,Tarakheda Jn,Bhimagarh,L199-05,143.67,2026-09-15 17:22:00,2026-09-15 18:15:00,MEDIUM,SCHEDULED
T002712,31612,Goods,C145,Bharatabad Road,Palanigunj Road,L145-06,229.0,2026-09-19 08:50:00,2026-09-19 09:59:00,MEDIUM,PROVISIONAL
T002713,57248,Passenger,C163,Dhanuganj Cantt,Veerhalli Jn,L163-10,113.37,2026-09-16 09:20:00,2026-09-16 09:39:00,HIGH,SCHEDULED
T002714,13268,Express,C131,Ashokkot,Narmadagarh Cantt,L131-08,224.31,2026-09-22 14:42:00,2026-09-22 15:03:00,CRITICAL,SCHEDULED
T002715,13087,Express,C039,Malwaganj Cantt,Satpuraabad Road,L039-01,1.19,2026-10-01 08:19:00,2026-10-01 08:33:00,CRITICAL,SCHEDULED
T002716,58896,Passenger,C050,Taragunj,Haldipur Road,L050-08,107.89,2026-10-03 09:18:00,2026-10-03 09:31:00,HIGH,CANCELLED
T002717,58805,Passenger,C024,Ashokkot Jn,Taptigarh,L024-01,37.22,2026-09-20 17:02:00,2026-09-20 17:25:00,HIGH,SCHEDULED
T002718,32900,Goods,C150,Udaykot Jn,Sagarpalli,L150-03,22.68,2026-09-13 23:55:00,2026-09-14 00:23:00,MEDIUM,SCHEDULED
T002719,13310,Express,C103,Malwaabad,Yamunahalli Jn,L103-02,66.46,2026-09-07 20:56:00,2026-09-07 21:09:00,MEDIUM,SCHEDULED
T002720,14260,Express,C018,Haldiganj,Nilgirigunj Road,L018-04,124.65,2026-09-02 16:46:00,2026-09-02 17:05:00,HIGH,FORECAST
T002721,13689,Express,C069,Dhanupalli Cantt,Girnarkheda Road,L069-12,378.6,2026-10-12 15:28:00,2026-10-12 15:47:00,CRITICAL,SCHEDULED
T002722,12082,Express,C195,Bharatgunj,Taraganj Road,L195-05,93.9,2026-09-12 15:48:00,2026-09-12 15:58:00,CRITICAL,SCHEDULED
T002723,58127,Passenger,C018,Haldiganj,Nilgirigunj Road,L018-08,211.15,2026-10-05 05:11:00,2026-10-05 05:39:00,HIGH,SCHEDULED
T002724,58080,Passenger,C075,Charanpur,Ranahalli Cantt,L075-04,162.18,2026-10-01 17:19:00,2026-10-01 17:49:00,HIGH,SCHEDULED
T002725,71427,Other,C069,Dhanupalli Cantt,Girnarkheda Road,L069-05,175.88,2026-09-24 03:11:00,2026-09-24 03:36:00,LOW,SCHEDULED
T002726,58896,Passenger,C195,Bharatgunj,Taraganj Road,L195-06,98.59,2026-09-06 05:14:00,2026-09-06 05:45:00,HIGH,SCHEDULED
T002727,13505,Express,C131,Ashokkot,Narmadagarh Cantt,L131-08,224.31,2026-10-05 10:39:00,2026-10-05 11:00:00,CRITICAL,FORECAST
T002728,56344,Passenger,C140,Sundarkot Jn,Haldikheda,L140-04,29.07,2026-09-30 05:40:00,2026-09-30 05:46:00,HIGH,SCHEDULED
T002729,32720,Goods,C175,Devgarhnagar Jn,Tarapur,L175-03,202.75,2026-10-01 13:16:00,2026-10-01 14:49:00,MEDIUM,FORECAST
T002730,56009,Passenger,C123,Satpurapalli,Charankot Cantt,L123-06,44.14,2026-09-13 17:16:00,2026-09-13 17:46:00,CRITICAL,SCHEDULED
T002731,58105,Passenger,C164,Girnarhalli Road,Dhanugunj Cantt,L164-08,276.89,2026-10-15 16:50:00,2026-10-15 17:38:00,HIGH,SCHEDULED
T002732,57448,Passenger,C018,Haldiganj,Nilgirigunj Road,L018-03,76.59,2026-10-05 00:15:00,2026-10-05 00:42:00,HIGH,SCHEDULED
T002733,31201,Goods,C164,Girnarhalli Road,Dhanugunj Cantt,L164-01,46.53,2026-09-10 00:53:00,2026-09-10 02:05:00,MEDIUM,FORECAST
T002734,57948,Passenger,C028,Girnarpalli,Kanhagunj Cantt,L028-01,12.06,2026-09-24 09:18:00,2026-09-24 09:47:00,HIGH,SCHEDULED
T002735,32582,Goods,C165,Jaisalgunj Road,Palanigunj,L165-02,21.78,2026-09-24 03:49:00,2026-09-24 04:15:00,MEDIUM,PROVISIONAL
T002736,57940,Passenger,C071,Jaisalhalli Cantt,Veergarh Road,L071-02,17.02,2026-09-16 07:14:00,2026-09-16 08:00:00,HIGH,SCHEDULED
T002737,12553,Express,C069,Dhanupalli Cantt,Girnarkheda Road,L069-07,215.64,2026-09-16 12:49:00,2026-09-16 13:16:00,LOW,SCHEDULED
T002738,30587,Goods,C054,Chandrakot,Satpurahalli Cantt,L054-08,91.81,2026-10-08 12:55:00,2026-10-08 13:24:00,MEDIUM,SCHEDULED
T002739,56246,Passenger,C140,Sundarkot Jn,Haldikheda,L140-09,40.15,2026-09-08 03:29:00,2026-09-08 03:35:00,HIGH,SCHEDULED
T002740,13150,Express,C150,Udaykot Jn,Sagarpalli,L150-10,152.42,2026-10-03 17:55:00,2026-10-03 18:04:00,CRITICAL,PROVISIONAL
T002741,32428,Goods,C069,Dhanupalli Cantt,Girnarkheda Road,L069-12,378.6,2026-10-09 20:46:00,2026-10-09 21:44:00,MEDIUM,SCHEDULED
T002742,13681,Express,C069,Dhanupalli Cantt,Girnarkheda Road,L069-03,48.56,2026-09-21 20:15:00,2026-09-21 20:39:00,CRITICAL,SCHEDULED
T002743,57891,Passenger,C026,Sabarabad Cantt,Chitrakot,L026-07,34.73,2026-10-03 09:17:00,2026-10-03 09:24:00,HIGH,SCHEDULED
T002744,72797,Other,C176,Vindhyakot Jn,Ranaganj Cantt,L176-08,119.37,2026-10-03 01:05:00,2026-10-03 01:24:00,LOW,SCHEDULED
T002745,70895,Other,C169,Bharatkheda,Ambakheda Cantt,L169-02,70.77,2026-10-02 03:51:00,2026-10-02 04:28:00,MEDIUM,SCHEDULED
T002746,56948,Passenger,C078,Vindhyanagar,Rananagar Road,L078-06,61.54,2026-09-16 09:09:00,2026-09-16 09:19:00,HIGH,SCHEDULED
T002747,58076,Passenger,C195,Bharatgunj,Taraganj Road,L195-06,98.59,2026-10-15 10:27:00,2026-10-15 10:54:00,HIGH,FORECAST
T002748,57245,Passenger,C123,Satpurapalli,Charankot Cantt,L123-07,94.28,2026-09-05 12:26:00,2026-09-05 12:55:00,HIGH,SCHEDULED
T002749,57002,Passenger,C140,Sundarkot Jn,Haldikheda,L140-01,12.21,2026-09-30 10:04:00,2026-09-30 10:10:00,HIGH,SCHEDULED
T002750,12686,Express,C037,Gangaganj Road,Bilaskot,L037-04,32.13,2026-09-20 16:19:00,2026-09-20 16:33:00,CRITICAL,SCHEDULED
T002751,30894,Goods,C188,Charanpur,Gangagunj,L188-07,131.8,2026-09-28 23:20:00,2026-09-28 23:46:00,MEDIUM,SCHEDULED
T002752,56873,Passenger,C123,Satpurapalli,Charankot Cantt,L123-06,44.14,2026-09-29 20:22:00,2026-09-29 20:57:00,HIGH,FORECAST
T002753,58490,Passenger,C140,Sundarkot Jn,Haldikheda,L140-08,38.21,2026-10-01 18:30:00,2026-10-01 18:36:00,LOW,SCHEDULED
T002754,14271,Express,C028,Girnarpalli,Kanhagunj Cantt,L028-07,186.56,2026-09-29 08:50:00,2026-09-29 09:13:00,CRITICAL,SCHEDULED
T002755,58465,Passenger,C140,Sundarkot Jn,Haldikheda,L140-01,12.21,2026-10-04 04:33:00,2026-10-04 04:39:00,HIGH,SCHEDULED
T002756,30514,Goods,C195,Bharatgunj,Taraganj Road,L195-06,98.59,2026-10-06 04:28:00,2026-10-06 05:18:00,MEDIUM,SCHEDULED
T002757,58529,Passenger,C150,Udaykot Jn,Sagarpalli,L150-03,22.68,2026-09-12 16:35:00,2026-09-12 16:49:00,HIGH,SCHEDULED
T002758,57431,Passenger,C163,Dhanuganj Cantt,Veerhalli Jn,L163-05,64.97,2026-09-23 13:03:00,2026-09-23 13:20:00,HIGH,SCHEDULED
T002759,56991,Passenger,C069,Dhanupalli Cantt,Girnarkheda Road,L069-03,48.56,2026-09-28 15:26:00,2026-09-28 16:00:00,HIGH,FORECAST
T002760,13592,Express,C114,Satpuraganj,Shantikheda,L114-03,128.68,2026-09-06 09:14:00,2026-09-06 10:13:00,CRITICAL,SCHEDULED
T002761,12532,Express,C018,Haldiganj,Nilgirigunj Road,L018-05,139.06,2026-09-12 08:32:00,2026-09-12 08:51:00,CRITICAL,FORECAST
T002762,30726,Goods,C123,Satpurapalli,Charankot Cantt,L123-06,44.14,2026-10-12 00:12:00,2026-10-12 00:54:00,MEDIUM,SCHEDULED
T002763,32264,Goods,C037,Gangaganj Road,Bilaskot,L037-01,26.3,2026-10-15 21:51:00,2026-10-15 22:33:00,MEDIUM,SCHEDULED
T002764,14473,Express,C140,Sundarkot Jn,Haldikheda,L140-05,34.07,2026-09-30 13:35:00,2026-09-30 13:41:00,CRITICAL,FORECAST
T002765,13448,Express,C176,Vindhyakot Jn,Ranaganj Cantt,L176-13,237.01,2026-09-10 17:54:00,2026-09-10 18:05:00,CRITICAL,FORECAST
T002766,30768,Goods,C153,Veerkot Jn,Veerkheda Road,L153-06,62.51,2026-09-04 14:29:00,2026-09-04 14:56:00,MEDIUM,SCHEDULED
T002767,56345,Passenger,C113,Kaverikheda,Krishnapalli,L113-07,247.85,2026-09-01 07:58:00,2026-09-01 08:40:00,HIGH,SCHEDULED
T002768,58417,Passenger,C140,Sundarkot Jn,Haldikheda,L140-02,16.52,2026-09-28 14:22:00,2026-09-28 14:28:00,HIGH,FORECAST
T002769,72280,Other,C026,Sabarabad Cantt,Chitrakot,L026-05,23.62,2026-09-05 04:03:00,2026-09-05 04:09:00,LOW,SCHEDULED
T002770,31885,Goods,C129,Sagargunj Jn,Meeragunj Road,L129-07,62.07,2026-09-14 22:24:00,2026-09-14 22:44:00,MEDIUM,PROVISIONAL
T002771,58710,Passenger,C069,Dhanupalli Cantt,Girnarkheda Road,L069-05,175.88,2026-09-15 04:48:00,2026-09-15 05:37:00,HIGH,SCHEDULED
T002772,58897,Passenger,C009,Konkanganj,Konkankheda,L009-05,209.53,2026-10-02 18:59:00,2026-10-02 19:27:00,HIGH,SCHEDULED
T002773,57168,Passenger,C126,Narmadanagar,Veerpur,L126-03,116.88,2026-10-01 12:21:00,2026-10-01 13:29:00,HIGH,FORECAST
T002774,56654,Passenger,C050,Taragunj,Haldipur Road,L050-07,54.04,2026-09-23 14:04:00,2026-09-23 14:15:00,HIGH,FORECAST
T002775,31336,Goods,C148,Ambagarh,Haldipur Road,L148-04,48.99,2026-09-25 10:10:00,2026-09-25 10:46:00,MEDIUM,CANCELLED
T002776,32917,Goods,C131,Ashokkot,Narmadagarh Cantt,L131-05,158.95,2026-10-12 03:21:00,2026-10-12 04:12:00,HIGH,SCHEDULED
T002777,57359,Passenger,C069,Dhanupalli Cantt,Girnarkheda Road,L069-09,277.58,2026-09-21 20:23:00,2026-09-21 21:08:00,HIGH,SCHEDULED
T002778,72746,Other,C150,Udaykot Jn,Sagarpalli,L150-05,55.2,2026-10-05 09:25:00,2026-10-05 09:44:00,LOW,SCHEDULED
T002779,56846,Passenger,C176,Vindhyakot Jn,Ranaganj Cantt,L176-14,244.66,2026-10-10 06:08:00,2026-10-10 06:22:00,HIGH,SCHEDULED
T002780,13106,Express,C085,Malwapur,Satpuranagar,L085-03,69.88,2026-10-13 15:11:00,2026-10-13 15:25:00,CRITICAL,SCHEDULED
T002781,13281,Express,C069,Dhanupalli Cantt,Girnarkheda Road,L069-10,288.36,2026-10-11 10:34:00,2026-10-11 10:52:00,MEDIUM,CANCELLED
T002782,58810,Passenger,C163,Dhanuganj Cantt,Veerhalli Jn,L163-09,105.99,2026-09-28 20:28:00,2026-09-28 20:40:00,HIGH,SCHEDULED
T002783,56565,Passenger,C163,Dhanuganj Cantt,Veerhalli Jn,L163-07,71.82,2026-09-02 05:14:00,2026-09-02 05:23:00,HIGH,SCHEDULED
T002784,14584,Express,C069,Dhanupalli Cantt,Girnarkheda Road,L069-04,164.65,2026-09-25 05:06:00,2026-09-25 05:20:00,CRITICAL,PROVISIONAL
T002785,70111,Other,C015,Sundarhalli Road,Sabarpalli,L015-01,1.45,2026-10-07 02:13:00,2026-10-07 02:43:00,LOW,SCHEDULED
T002786,56733,Passenger,C098,Bilaskheda,Pushkarganj,L098-08,22.8,2026-09-27 14:00:00,2026-09-27 14:06:00,HIGH,FORECAST
T002787,58351,Passenger,C175,Devgarhnagar Jn,Tarapur,L175-03,202.75,2026-09-05 17:54:00,2026-09-05 18:58:00,HIGH,SCHEDULED
T002788,32284,Goods,C188,Charanpur,Gangagunj,L188-01,2.04,2026-09-27 20:33:00,2026-09-27 20:57:00,MEDIUM,SCHEDULED
T002789,58886,Passenger,C199,Tarakheda Jn,Bhimagarh,L199-01,47.99,2026-09-30 17:09:00,2026-09-30 17:41:00,HIGH,SCHEDULED
T002790,32660,Goods,C140,Sundarkot Jn,Haldikheda,L140-02,16.52,2026-09-22 00:05:00,2026-09-22 00:11:00,MEDIUM,SCHEDULED
T002791,56330,Passenger,C069,Dhanupalli Cantt,Girnarkheda Road,L069-10,288.36,2026-10-11 10:08:00,2026-10-11 10:33:00,HIGH,SCHEDULED
T002792,57839,Passenger,C123,Satpurapalli,Charankot Cantt,L123-08,113.88,2026-09-29 17:13:00,2026-09-29 17:46:00,HIGH,SCHEDULED
T002793,58611,Passenger,C163,Dhanuganj Cantt,Veerhalli Jn,L163-06,67.58,2026-10-01 18:05:00,2026-10-01 18:23:00,CRITICAL,SCHEDULED
T002794,58062,Passenger,C026,Sabarabad Cantt,Chitrakot,L026-04,17.94,2026-09-13 13:31:00,2026-09-13 13:37:00,HIGH,SCHEDULED
T002795,57122,Passenger,C018,Haldiganj,Nilgirigunj Road,L018-03,76.59,2026-09-05 08:25:00,2026-09-05 08:46:00,HIGH,PROVISIONAL
T002796,58494,Passenger,C041,Nilgirikheda Jn,Jaisalgarh,L041-05,116.27,2026-09-17 12:08:00,2026-09-17 12:31:00,HIGH,SCHEDULED
T002797,58295,Passenger,C069,Dhanupalli Cantt,Girnarkheda Road,L069-11,333.57,2026-09-02 18:39:00,2026-09-02 19:19:00,HIGH,SCHEDULED
T002798,56421,Passenger,C069,Dhanupalli Cantt,Girnarkheda Road,L069-08,267.94,2026-09-21 11:27:00,2026-09-21 12:01:00,HIGH,SCHEDULED
T002799,57129,Passenger,C155,Omkarhalli,Sabarkheda Road,L155-05,18.46,2026-09-18 10:35:00,2026-09-18 10:42:00,HIGH,FORECAST
T002800,12166,Express,C195,Bharatgunj,Taraganj Road,L195-06,98.59,2026-09-29 16:02:00,2026-09-29 16:17:00,CRITICAL,SCHEDULED
T002801,31852,Goods,C069,Dhanupalli Cantt,Girnarkheda Road,L069-10,288.36,2026-10-03 00:09:00,2026-10-03 01:07:00,LOW,SCHEDULED
T002802,14780,Express,C155,Omkarhalli,Sabarkheda Road,L155-10,58.13,2026-09-16 19:23:00,2026-09-16 19:29:00,CRITICAL,SCHEDULED
T002803,32139,Goods,C026,Sabarabad Cantt,Chitrakot,L026-01,4.01,2026-09-01 00:05:00,2026-09-01 00:15:00,MEDIUM,SCHEDULED
T002804,57960,Passenger,C098,Bilaskheda,Pushkarganj,L098-09,22.87,2026-09-09 15:44:00,2026-09-09 15:50:00,HIGH,FORECAST
T002805,56541,Passenger,C115,Konkanpalli,Indrakheda Jn,L115-06,219.81,2026-09-25 05:10:00,2026-09-25 05:47:00,HIGH,CANCELLED
T002806,12990,Express,C098,Bilaskheda,Pushkarganj,L098-08,22.8,2026-09-18 21:47:00,2026-09-18 21:53:00,CRITICAL,FORECAST
T002807,56878,Passenger,C059,Yamunanagar Jn,Haldikheda,L059-06,354.84,2026-09-02 12:21:00,2026-09-02 13:01:00,HIGH,SCHEDULED
T002808,58340,Passenger,C069,Dhanupalli Cantt,Girnarkheda Road,L069-03,48.56,2026-10-08 08:55:00,2026-10-08 09:18:00,HIGH,PROVISIONAL
T002809,56386,Passenger,C036,Ashokgunj Jn,Kanhaganj,L036-04,58.64,2026-10-02 21:11:00,2026-10-02 21:22:00,HIGH,SCHEDULED
T002810,13886,Express,C121,Bharatkot Road,Yamunagunj Cantt,L121-04,201.48,2026-10-03 08:00:00,2026-10-03 08:34:00,LOW,SCHEDULED
T002811,57511,Passenger,C129,Sagargunj Jn,Meeragunj Road,L129-06,56.17,2026-09-19 18:25:00,2026-09-19 18:36:00,HIGH,SCHEDULED
T002812,71610,Other,C069,Dhanupalli Cantt,Girnarkheda Road,L069-03,48.56,2026-10-03 13:41:00,2026-10-03 14:17:00,LOW,SCHEDULED
T002813,56834,Passenger,C155,Omkarhalli,Sabarkheda Road,L155-11,70.62,2026-10-08 15:52:00,2026-10-08 16:00:00,HIGH,FORECAST
T002814,58995,Passenger,C009,Konkanganj,Konkankheda,L009-02,62.41,2026-09-26 09:25:00,2026-09-26 09:56:00,HIGH,SCHEDULED
T002815,14987,Express,C069,Dhanupalli Cantt,Girnarkheda Road,L069-03,48.56,2026-09-14 09:47:00,2026-09-14 10:09:00,CRITICAL,FORECAST
T002816,56556,Passenger,C155,Omkarhalli,Sabarkheda Road,L155-12,75.94,2026-10-14 18:55:00,2026-10-14 19:03:00,MEDIUM,SCHEDULED
T002817,57622,Passenger,C050,Taragunj,Haldipur Road,L050-10,121.98,2026-09-23 16:26:00,2026-09-23 16:41:00,HIGH,CANCELLED
T002818,30212,Goods,C051,Veerhalli,Shantipalli Cantt,L051-02,54.33,2026-09-17 23:00:00,2026-09-17 23:34:00,MEDIUM,SCHEDULED
T002819,58036,Passenger,C131,Ashokkot,Narmadagarh Cantt,L131-06,167.76,2026-09-23 13:40:00,2026-09-23 14:00:00,HIGH,PROVISIONAL
T002820,14628,Express,C131,Ashokkot,Narmadagarh Cantt,L131-01,20.98,2026-10-04 16:29:00,2026-10-04 16:48:00,CRITICAL,FORECAST
T002821,13644,Express,C140,Sundarkot Jn,Haldikheda,L140-08,38.21,2026-10-12 07:06:00,2026-10-12 07:12:00,CRITICAL,PROVISIONAL
T002822,13708,Express,C175,Devgarhnagar Jn,Tarapur,L175-03,202.75,2026-10-14 14:14:00,2026-10-14 14:56:00,CRITICAL,SCHEDULED
T002823,57347,Passenger,C131,Ashokkot,Narmadagarh Cantt,L131-06,167.76,2026-09-21 16:17:00,2026-09-21 16:46:00,HIGH,SCHEDULED
T002824,56338,Passenger,C150,Udaykot Jn,Sagarpalli,L150-03,22.68,2026-09-17 21:02:00,2026-09-17 21:14:00,HIGH,SCHEDULED
T002825,32025,Goods,C150,Udaykot Jn,Sagarpalli,L150-09,136.48,2026-10-11 01:17:00,2026-10-11 01:32:00,CRITICAL,FORECAST
T002826,32394,Goods,C018,Haldiganj,Nilgirigunj Road,L018-03,76.59,2026-09-01 19:02:00,2026-09-01 19:55:00,MEDIUM,SCHEDULED
T002827,12034,Express,C129,Sagargunj Jn,Meeragunj Road,L129-05,53.43,2026-09-28 08:42:00,2026-09-28 08:52:00,CRITICAL,SCHEDULED
T002828,13643,Express,C164,Girnarhalli Road,Dhanugunj Cantt,L164-04,137.62,2026-09-27 05:24:00,2026-09-27 05:56:00,CRITICAL,SCHEDULED
T002829,13580,Express,C069,Dhanupalli Cantt,Girnarkheda Road,L069-05,175.88,2026-09-12 08:43:00,2026-09-12 09:10:00,CRITICAL,FORECAST
T002830,13939,Express,C076,Jaisalnagar Jn,Veerpalli,L076-07,356.65,2026-10-11 18:17:00,2026-10-11 18:52:00,CRITICAL,SCHEDULED
T002831,58409,Passenger,C123,Satpurapalli,Charankot Cantt,L123-05,42.98,2026-10-06 11:29:00,2026-10-06 12:00:00,HIGH,FORECAST
T002832,56124,Passenger,C155,Omkarhalli,Sabarkheda Road,L155-03,13.91,2026-10-12 23:29:00,2026-10-12 23:38:00,HIGH,PROVISIONAL
T002833,12704,Express,C052,Tarakheda Road,Bhimapalli Cantt,L052-09,182.41,2026-09-17 15:16:00,2026-09-17 15:26:00,CRITICAL,SCHEDULED
T002834,32068,Goods,C069,Dhanupalli Cantt,Girnarkheda Road,L069-04,164.65,2026-10-04 02:32:00,2026-10-04 03:31:00,MEDIUM,SCHEDULED
T002835,56476,Passenger,C199,Tarakheda Jn,Bhimagarh,L199-09,280.1,2026-09-06 17:37:00,2026-09-06 18:10:00,HIGH,SCHEDULED
T002836,56437,Passenger,C009,Konkanganj,Konkankheda,L009-07,242.71,2026-10-13 17:35:00,2026-10-13 18:02:00,HIGH,FORECAST
T002837,30277,Goods,C018,Haldiganj,Nilgirigunj Road,L018-04,124.65,2026-09-16 01:21:00,2026-09-16 01:59:00,MEDIUM,FORECAST
T002838,58867,Passenger,C018,Haldiganj,Nilgirigunj Road,L018-05,139.06,2026-09-04 12:06:00,2026-09-04 12:32:00,HIGH,FORECAST
T002839,12236,Express,C099,Malwagunj,Gangaganj,L099-09,58.0,2026-10-04 23:44:00,2026-10-04 23:50:00,CRITICAL,SCHEDULED
T002840,57617,Passenger,C123,Satpurapalli,Charankot Cantt,L123-04,31.64,2026-09-20 12:02:00,2026-09-20 12:39:00,HIGH,SCHEDULED
T002841,56209,Passenger,C037,Gangaganj Road,Bilaskot,L037-08,234.0,2026-09-03 14:40:00,2026-09-03 15:19:00,HIGH,SCHEDULED
T002842,57840,Passenger,C163,Dhanuganj Cantt,Veerhalli Jn,L163-02,14.51,2026-09-12 06:37:00,2026-09-12 06:53:00,HIGH,SCHEDULED
T002843,58883,Passenger,C164,Girnarhalli Road,Dhanugunj Cantt,L164-10,357.49,2026-09-19 19:10:00,2026-09-19 19:59:00,HIGH,SCHEDULED
T002844,32628,Goods,C150,Udaykot Jn,Sagarpalli,L150-03,22.68,2026-09-04 20:41:00,2026-09-04 21:04:00,MEDIUM,SCHEDULED
T002845,72667,Other,C059,Yamunanagar Jn,Haldikheda,L059-09,380.03,2026-09-10 10:19:00,2026-09-10 11:00:00,MEDIUM,SCHEDULED
T002846,30356,Goods,C018,Haldiganj,Nilgirigunj Road,L018-03,76.59,2026-09-01 01:29:00,2026-09-01 02:26:00,MEDIUM,SCHEDULED
T002847,13978,Express,C140,Sundarkot Jn,Haldikheda,L140-02,16.52,2026-10-05 15:04:00,2026-10-05 15:10:00,CRITICAL,SCHEDULED
T002848,32932,Goods,C195,Bharatgunj,Taraganj Road,L195-01,21.94,2026-10-13 03:40:00,2026-10-13 04:19:00,MEDIUM,FORECAST
T002849,56228,Passenger,C163,Dhanuganj Cantt,Veerhalli Jn,L163-09,105.99,2026-09-10 13:05:00,2026-09-10 13:20:00,HIGH,SCHEDULED
T002850,30546,Goods,C059,Yamunanagar Jn,Haldikheda,L059-01,4.72,2026-09-22 21:13:00,2026-09-22 22:17:00,MEDIUM,FORECAST
T002851,14753,Express,C018,Haldiganj,Nilgirigunj Road,L018-07,174.74,2026-09-14 08:51:00,2026-09-14 09:11:00,CRITICAL,PROVISIONAL
T002852,58130,Passenger,C059,Yamunanagar Jn,Haldikheda,L059-07,362.31,2026-09-08 07:24:00,2026-09-08 07:59:00,HIGH,PROVISIONAL
T002853,58216,Passenger,C175,Devgarhnagar Jn,Tarapur,L175-02,167.66,2026-09-05 21:51:00,2026-09-05 23:14:00,HIGH,SCHEDULED
T002854,57951,Passenger,C140,Sundarkot Jn,Haldikheda,L140-03,28.69,2026-10-03 08:18:00,2026-10-03 08:24:00,HIGH,SCHEDULED
T002855,58694,Passenger,C051,Veerhalli,Shantipalli Cantt,L051-03,87.0,2026-09-06 19:11:00,2026-09-06 19:32:00,HIGH,FORECAST
T002856,58532,Passenger,C098,Bilaskheda,Pushkarganj,L098-14,38.39,2026-10-11 08:29:00,2026-10-11 08:35:00,HIGH,PROVISIONAL
T002857,32156,Goods,C069,Dhanupalli Cantt,Girnarkheda Road,L069-03,48.56,2026-10-13 07:07:00,2026-10-13 07:53:00,MEDIUM,SCHEDULED
T002858,30029,Goods,C195,Bharatgunj,Taraganj Road,L195-05,93.9,2026-10-10 22:08:00,2026-10-10 22:52:00,MEDIUM,SCHEDULED
T002859,58614,Passenger,C163,Dhanuganj Cantt,Veerhalli Jn,L163-07,71.82,2026-10-01 06:56:00,2026-10-01 07:07:00,HIGH,SCHEDULED
T002860,31810,Goods,C074,Chandrapalli Cantt,Nilgirikheda,L074-04,14.02,2026-10-14 03:53:00,2026-10-14 04:08:00,MEDIUM,SCHEDULED
T002861,57208,Passenger,C140,Sundarkot Jn,Haldikheda,L140-01,12.21,2026-09-16 06:24:00,2026-09-16 06:30:00,HIGH,SCHEDULED
T002862,72429,Other,C163,Dhanuganj Cantt,Veerhalli Jn,L163-07,71.82,2026-09-18 12:24:00,2026-09-18 12:40:00,LOW,FORECAST
T002863,56517,Passenger,C059,Yamunanagar Jn,Haldikheda,L059-01,4.72,2026-10-10 19:07:00,2026-10-10 19:34:00,HIGH,SCHEDULED
T002864,57585,Passenger,C051,Veerhalli,Shantipalli Cantt,L051-08,173.27,2026-09-26 07:31:00,2026-09-26 08:02:00,HIGH,SCHEDULED
T002865,12974,Express,C131,Ashokkot,Narmadagarh Cantt,L131-04,148.79,2026-09-16 07:51:00,2026-09-16 08:03:00,CRITICAL,SCHEDULED
T002866,32540,Goods,C125,Konkanganj Jn,Omkarganj,L125-11,115.17,2026-10-06 12:02:00,2026-10-06 12:22:00,MEDIUM,PROVISIONAL
T002867,57457,Passenger,C192,Malwanagar,Devgarhgarh,L192-10,127.84,2026-09-09 07:15:00,2026-09-09 07:30:00,HIGH,FORECAST
T002868,30560,Goods,C150,Udaykot Jn,Sagarpalli,L150-03,22.68,2026-09-26 19:24:00,2026-09-26 19:48:00,MEDIUM,SCHEDULED
T002869,72259,Other,C140,Sundarkot Jn,Haldikheda,L140-10,40.29,2026-09-11 07:48:00,2026-09-11 07:54:00,LOW,SCHEDULED
T002870,58799,Passenger,C140,Sundarkot Jn,Haldikheda,L140-05,34.07,2026-09-17 18:27:00,2026-09-17 18:33:00,HIGH,SCHEDULED
T002871,70390,Other,C009,Konkanganj,Konkankheda,L009-03,182.63,2026-09-21 08:05:00,2026-09-21 08:46:00,LOW,SCHEDULED
T002872,58227,Passenger,C175,Devgarhnagar Jn,Tarapur,L175-02,167.66,2026-09-03 12:24:00,2026-09-03 13:23:00,HIGH,SCHEDULED
T002873,57569,Passenger,C150,Udaykot Jn,Sagarpalli,L150-01,1.98,2026-09-17 05:15:00,2026-09-17 05:35:00,HIGH,SCHEDULED
T002874,32125,Goods,C123,Satpurapalli,Charankot Cantt,L123-02,16.66,2026-09-13 02:24:00,2026-09-13 03:15:00,HIGH,SCHEDULED
T002875,14044,Express,C164,Girnarhalli Road,Dhanugunj Cantt,L164-09,325.29,2026-09-30 21:23:00,2026-09-30 21:49:00,CRITICAL,CANCELLED
T002876,32037,Goods,C140,Sundarkot Jn,Haldikheda,L140-07,37.73,2026-09-25 13:28:00,2026-09-25 13:35:00,MEDIUM,SCHEDULED
T002877,58554,Passenger,C039,Malwaganj Cantt,Satpuraabad Road,L039-04,71.96,2026-10-11 05:21:00,2026-10-11 05:45:00,HIGH,SCHEDULED
T002878,32699,Goods,C164,Girnarhalli Road,Dhanugunj Cantt,L164-07,252.14,2026-09-20 05:11:00,2026-09-20 06:27:00,MEDIUM,FORECAST
T002879,57970,Passenger,C099,Malwagunj,Gangaganj,L099-03,10.36,2026-09-19 10:45:00,2026-09-19 10:52:00,HIGH,SCHEDULED
T002880,13039,Express,C050,Taragunj,Haldipur Road,L050-07,54.04,2026-09-14 17:08:00,2026-09-14 17:16:00,CRITICAL,SCHEDULED
T002881,14191,Express,C150,Udaykot Jn,Sagarpalli,L150-12,167.61,2026-09-09 18:55:00,2026-09-09 19:04:00,CRITICAL,SCHEDULED
T002882,30840,Goods,C009,Konkanganj,Konkankheda,L009-03,182.63,2026-10-03 04:29:00,2026-10-03 05:43:00,MEDIUM,SCHEDULED
T002883,56750,Passenger,C039,Malwaganj Cantt,Satpuraabad Road,L039-04,71.96,2026-10-09 08:19:00,2026-10-09 08:35:00,HIGH,SCHEDULED
T002884,13196,Express,C069,Dhanupalli Cantt,Girnarkheda Road,L069-02,35.6,2026-09-13 19:24:00,2026-09-13 19:45:00,CRITICAL,FORECAST
T002885,30385,Goods,C140,Sundarkot Jn,Haldikheda,L140-01,12.21,2026-09-19 19:18:00,2026-09-19 19:26:00,MEDIUM,SCHEDULED
T002886,57086,Passenger,C140,Sundarkot Jn,Haldikheda,L140-09,40.15,2026-10-13 10:51:00,2026-10-13 10:57:00,HIGH,SCHEDULED
T002887,56611,Passenger,C155,Omkarhalli,Sabarkheda Road,L155-02,8.52,2026-09-09 12:53:00,2026-09-09 13:00:00,HIGH,SCHEDULED
T002888,12550,Express,C097,Jaisalnagar,Satpuragarh Cantt,L097-02,58.87,2026-09-07 14:08:00,2026-09-07 14:54:00,CRITICAL,PROVISIONAL
T002889,31909,Goods,C109,Bilasabad Cantt,Chitragunj,L109-03,34.96,2026-09-10 19:08:00,2026-09-10 19:41:00,MEDIUM,SCHEDULED
T002890,71287,Other,C163,Dhanuganj Cantt,Veerhalli Jn,L163-01,8.76,2026-09-29 08:42:00,2026-09-29 09:01:00,LOW,CANCELLED
T002891,31590,Goods,C018,Haldiganj,Nilgirigunj Road,L018-07,174.74,2026-09-06 19:01:00,2026-09-06 19:52:00,MEDIUM,FORECAST
T002892,70024,Other,C163,Dhanuganj Cantt,Veerhalli Jn,L163-01,8.76,2026-10-06 13:24:00,2026-10-06 13:41:00,LOW,SCHEDULED
T002893,13169,Express,C150,Udaykot Jn,Sagarpalli,L150-04,28.77,2026-09-12 09:42:00,2026-09-12 09:53:00,CRITICAL,CANCELLED
T002894,57928,Passenger,C163,Dhanuganj Cantt,Veerhalli Jn,L163-06,67.58,2026-10-08 09:28:00,2026-10-08 09:45:00,HIGH,FORECAST
T002895,56267,Passenger,C129,Sagargunj Jn,Meeragunj Road,L129-01,0.75,2026-10-05 09:35:00,2026-10-05 09:48:00,HIGH,FORECAST
T002896,57576,Passenger,C039,Malwaganj Cantt,Satpuraabad Road,L039-06,108.06,2026-09-03 06:12:00,2026-09-03 06:34:00,HIGH,CANCELLED
T002897,58594,Passenger,C093,Pushkarhalli,Rohtakkot,L093-05,330.59,2026-10-04 12:09:00,2026-10-04 13:11:00,CRITICAL,SCHEDULED
T002898,57384,Passenger,C140,Sundarkot Jn,Haldikheda,L140-09,40.15,2026-09-01 08:43:00,2026-09-01 08:49:00,HIGH,SCHEDULED
T002899,56942,Passenger,C091,Ashokpur,Indrapalli Road,L091-07,41.27,2026-09-07 16:31:00,2026-09-07 16:38:00,HIGH,PROVISIONAL
T002900,56784,Passenger,C050,Taragunj,Haldipur Road,L050-07,54.04,2026-09-03 04:11:00,2026-09-03 04:21:00,HIGH,SCHEDULED
T002901,13725,Express,C199,Tarakheda Jn,Bhimagarh,L199-09,280.1,2026-09-18 18:26:00,2026-09-18 18:49:00,CRITICAL,SCHEDULED
T002902,57757,Passenger,C081,Kanhahalli Cantt,Palanipalli,L081-04,232.13,2026-09-03 18:58:00,2026-09-03 20:04:00,HIGH,SCHEDULED
T002903,13651,Express,C069,Dhanupalli Cantt,Girnarkheda Road,L069-11,333.57,2026-09-17 20:30:00,2026-09-17 20:50:00,CRITICAL,SCHEDULED
T002904,31762,Goods,C196,Devgarhganj,Bharatnagar,L196-02,54.39,2026-10-01 23:05:00,2026-10-01 23:46:00,MEDIUM,PROVISIONAL
T002905,58868,Passenger,C039,Malwaganj Cantt,Satpuraabad Road,L039-04,71.96,2026-09-04 11:28:00,2026-09-04 11:44:00,HIGH,SCHEDULED
T002906,56094,Passenger,C069,Dhanupalli Cantt,Girnarkheda Road,L069-09,277.58,2026-10-05 14:36:00,2026-10-05 15:10:00,HIGH,PROVISIONAL
T002907,57786,Passenger,C018,Haldiganj,Nilgirigunj Road,L018-07,174.74,2026-10-05 18:24:00,2026-10-05 18:46:00,HIGH,SCHEDULED
T002908,32923,Goods,C069,Dhanupalli Cantt,Girnarkheda Road,L069-08,267.94,2026-09-24 21:53:00,2026-09-24 23:10:00,MEDIUM,SCHEDULED
T002909,58680,Passenger,C052,Tarakheda Road,Bhimapalli Cantt,L052-12,211.89,2026-09-29 06:27:00,2026-09-29 06:44:00,HIGH,SCHEDULED
T002910,31622,Goods,C164,Girnarhalli Road,Dhanugunj Cantt,L164-10,357.49,2026-09-30 20:17:00,2026-09-30 21:19:00,MEDIUM,SCHEDULED
T002911,58732,Passenger,C050,Taragunj,Haldipur Road,L050-09,113.79,2026-09-21 07:04:00,2026-09-21 07:17:00,HIGH,FORECAST
T002912,57090,Passenger,C140,Sundarkot Jn,Haldikheda,L140-07,37.73,2026-09-02 18:05:00,2026-09-02 18:11:00,HIGH,SCHEDULED
T002913,57670,Passenger,C163,Dhanuganj Cantt,Veerhalli Jn,L163-04,36.4,2026-09-03 06:30:00,2026-09-03 06:44:00,HIGH,SCHEDULED
T002914,58434,Passenger,C150,Udaykot Jn,Sagarpalli,L150-07,109.46,2026-09-27 18:39:00,2026-09-27 18:56:00,HIGH,SCHEDULED
T002915,13239,Express,C131,Ashokkot,Narmadagarh Cantt,L131-01,20.98,2026-09-09 08:09:00,2026-09-09 08:28:00,CRITICAL,SCHEDULED
T002976,14092,Express,C085,Malwapur,Satpuranagar,L085-01,9.63,2026-09-25 07:09:00,2026-09-25 07:22:00,MEDIUM,SCHEDULED
T002916,32962,Goods,C176,Vindhyakot Jn,Ranaganj Cantt,L176-09,155.72,2026-10-05 23:37:00,2026-10-06 00:11:00,MEDIUM,SCHEDULED
T002917,31982,Goods,C039,Malwaganj Cantt,Satpuraabad Road,L039-08,122.96,2026-10-15 01:12:00,2026-10-15 01:43:00,MEDIUM,SCHEDULED
T002918,58177,Passenger,C131,Ashokkot,Narmadagarh Cantt,L131-08,224.31,2026-09-03 20:57:00,2026-09-03 21:27:00,HIGH,SCHEDULED
T002919,32598,Goods,C153,Veerkot Jn,Veerkheda Road,L153-07,81.18,2026-09-15 17:38:00,2026-09-15 17:58:00,MEDIUM,FORECAST
T002920,58502,Passenger,C140,Sundarkot Jn,Haldikheda,L140-07,37.73,2026-10-02 08:42:00,2026-10-02 08:48:00,HIGH,PROVISIONAL
T002921,13269,Express,C175,Devgarhnagar Jn,Tarapur,L175-02,167.66,2026-09-15 09:35:00,2026-09-15 10:15:00,MEDIUM,SCHEDULED
T002922,32755,Goods,C192,Malwanagar,Devgarhgarh,L192-10,127.84,2026-09-21 18:27:00,2026-09-21 18:48:00,LOW,SCHEDULED
T002923,57374,Passenger,C069,Dhanupalli Cantt,Girnarkheda Road,L069-02,35.6,2026-10-03 16:33:00,2026-10-03 16:54:00,HIGH,SCHEDULED
T002924,31555,Goods,C018,Haldiganj,Nilgirigunj Road,L018-01,55.34,2026-09-03 20:13:00,2026-09-03 20:55:00,MEDIUM,PROVISIONAL
T002925,32195,Goods,C028,Girnarpalli,Kanhagunj Cantt,L028-09,222.43,2026-09-06 21:15:00,2026-09-06 22:23:00,MEDIUM,FORECAST
T002926,58006,Passenger,C175,Devgarhnagar Jn,Tarapur,L175-04,212.09,2026-10-01 17:51:00,2026-10-01 19:06:00,HIGH,PROVISIONAL
T002927,32657,Goods,C155,Omkarhalli,Sabarkheda Road,L155-01,0.57,2026-09-27 12:58:00,2026-09-27 13:08:00,MEDIUM,SCHEDULED
T002928,56575,Passenger,C175,Devgarhnagar Jn,Tarapur,L175-03,202.75,2026-09-03 07:30:00,2026-09-03 08:20:00,HIGH,SCHEDULED
T002929,56342,Passenger,C131,Ashokkot,Narmadagarh Cantt,L131-07,204.72,2026-09-29 14:26:00,2026-09-29 14:46:00,HIGH,FORECAST
T002930,12975,Express,C150,Udaykot Jn,Sagarpalli,L150-09,136.48,2026-10-14 09:28:00,2026-10-14 09:37:00,CRITICAL,SCHEDULED
T002931,57837,Passenger,C069,Dhanupalli Cantt,Girnarkheda Road,L069-06,194.8,2026-10-07 18:09:00,2026-10-07 18:48:00,HIGH,PROVISIONAL
T002932,56153,Passenger,C175,Devgarhnagar Jn,Tarapur,L175-02,167.66,2026-10-03 15:59:00,2026-10-03 17:33:00,HIGH,SCHEDULED
T002933,70178,Other,C098,Bilaskheda,Pushkarganj,L098-03,5.9,2026-09-27 02:27:00,2026-09-27 02:33:00,LOW,SCHEDULED
T002934,56029,Passenger,C050,Taragunj,Haldipur Road,L050-08,107.89,2026-09-23 07:57:00,2026-09-23 08:13:00,HIGH,SCHEDULED
T002935,30203,Goods,C089,Pushkarkot,Gangakot,L089-07,404.13,2026-10-07 01:02:00,2026-10-07 02:29:00,MEDIUM,SCHEDULED
T002936,30881,Goods,C051,Veerhalli,Shantipalli Cantt,L051-10,201.08,2026-10-13 21:19:00,2026-10-13 21:55:00,MEDIUM,SCHEDULED
T002937,12066,Express,C026,Sabarabad Cantt,Chitrakot,L026-05,23.62,2026-09-07 06:44:00,2026-09-07 06:50:00,CRITICAL,SCHEDULED
T002938,13540,Express,C164,Girnarhalli Road,Dhanugunj Cantt,L164-01,46.53,2026-09-29 03:46:00,2026-09-29 04:13:00,CRITICAL,SCHEDULED
T002939,58179,Passenger,C140,Sundarkot Jn,Haldikheda,L140-11,44.31,2026-09-21 08:40:00,2026-09-21 08:46:00,HIGH,FORECAST
T002940,56064,Passenger,C050,Taragunj,Haldipur Road,L050-03,34.24,2026-10-08 17:24:00,2026-10-08 17:38:00,HIGH,SCHEDULED
T002941,13642,Express,C034,Devgarhnagar,Shantigarh Road,L034-07,40.52,2026-10-03 14:00:00,2026-10-03 14:06:00,CRITICAL,SCHEDULED
T002942,58548,Passenger,C150,Udaykot Jn,Sagarpalli,L150-06,61.26,2026-09-17 10:43:00,2026-09-17 10:58:00,HIGH,SCHEDULED
T002943,58888,Passenger,C123,Satpurapalli,Charankot Cantt,L123-02,16.66,2026-09-17 04:43:00,2026-09-17 05:15:00,HIGH,SCHEDULED
T002944,56213,Passenger,C093,Pushkarhalli,Rohtakkot,L093-04,236.9,2026-09-20 10:17:00,2026-09-20 11:20:00,HIGH,SCHEDULED
T002945,70351,Other,C098,Bilaskheda,Pushkarganj,L098-12,29.95,2026-10-03 04:31:00,2026-10-03 04:37:00,LOW,FORECAST
T002946,13633,Express,C140,Sundarkot Jn,Haldikheda,L140-03,28.69,2026-09-16 20:56:00,2026-09-16 21:02:00,CRITICAL,SCHEDULED
T002947,58742,Passenger,C196,Devgarhganj,Bharatnagar,L196-03,65.18,2026-09-11 09:03:00,2026-09-11 09:37:00,HIGH,FORECAST
T002948,13587,Express,C192,Malwanagar,Devgarhgarh,L192-06,35.2,2026-10-04 11:25:00,2026-10-04 11:33:00,CRITICAL,SCHEDULED
T002949,12702,Express,C076,Jaisalnagar Jn,Veerpalli,L076-01,20.56,2026-09-13 12:53:00,2026-09-13 13:23:00,LOW,SCHEDULED
T002950,58615,Passenger,C069,Dhanupalli Cantt,Girnarkheda Road,L069-10,288.36,2026-09-07 08:05:00,2026-09-07 08:41:00,HIGH,SCHEDULED
T002951,57084,Passenger,C058,Sundarkot Jn,Bharatpur Cantt,L058-02,7.04,2026-09-29 16:43:00,2026-09-29 16:49:00,HIGH,SCHEDULED
T002952,58813,Passenger,C069,Dhanupalli Cantt,Girnarkheda Road,L069-06,194.8,2026-10-14 19:18:00,2026-10-14 20:02:00,HIGH,FORECAST
T002953,12520,Express,C086,Vindhyakot,Girnarhalli Cantt,L086-05,84.66,2026-09-22 10:17:00,2026-09-22 10:35:00,CRITICAL,SCHEDULED
T002954,56231,Passenger,C069,Dhanupalli Cantt,Girnarkheda Road,L069-10,288.36,2026-10-09 15:15:00,2026-10-09 15:42:00,HIGH,SCHEDULED
T002955,32040,Goods,C069,Dhanupalli Cantt,Girnarkheda Road,L069-01,22.53,2026-09-25 22:32:00,2026-09-25 23:43:00,CRITICAL,SCHEDULED
T002956,30123,Goods,C050,Taragunj,Haldipur Road,L050-11,126.85,2026-09-07 22:23:00,2026-09-07 22:35:00,MEDIUM,SCHEDULED
T002957,58688,Passenger,C039,Malwaganj Cantt,Satpuraabad Road,L039-03,58.83,2026-09-22 18:21:00,2026-09-22 18:38:00,HIGH,SCHEDULED
T002958,12020,Express,C150,Udaykot Jn,Sagarpalli,L150-12,167.61,2026-10-14 18:38:00,2026-10-14 18:48:00,CRITICAL,CANCELLED
T002959,31474,Goods,C129,Sagargunj Jn,Meeragunj Road,L129-03,24.57,2026-09-29 07:27:00,2026-09-29 07:41:00,MEDIUM,SCHEDULED
T002960,57479,Passenger,C069,Dhanupalli Cantt,Girnarkheda Road,L069-01,22.53,2026-10-02 18:04:00,2026-10-02 18:37:00,HIGH,SCHEDULED
T002961,12481,Express,C140,Sundarkot Jn,Haldikheda,L140-11,44.31,2026-09-28 18:01:00,2026-09-28 18:07:00,CRITICAL,SCHEDULED
T002962,14885,Express,C123,Satpurapalli,Charankot Cantt,L123-08,113.88,2026-09-20 15:04:00,2026-09-20 15:18:00,CRITICAL,SCHEDULED
T002963,72572,Other,C176,Vindhyakot Jn,Ranaganj Cantt,L176-03,49.03,2026-10-09 15:38:00,2026-10-09 15:57:00,LOW,SCHEDULED
T002964,58679,Passenger,C150,Udaykot Jn,Sagarpalli,L150-01,1.98,2026-10-14 18:22:00,2026-10-14 18:42:00,HIGH,SCHEDULED
T002965,56536,Passenger,C129,Sagargunj Jn,Meeragunj Road,L129-07,62.07,2026-09-21 16:38:00,2026-09-21 16:49:00,HIGH,SCHEDULED
T002966,58030,Passenger,C192,Malwanagar,Devgarhgarh,L192-02,24.47,2026-09-27 22:16:00,2026-09-27 22:28:00,HIGH,SCHEDULED
T002967,32312,Goods,C140,Sundarkot Jn,Haldikheda,L140-10,40.29,2026-09-21 11:55:00,2026-09-21 12:03:00,MEDIUM,SCHEDULED
T002968,31645,Goods,C050,Taragunj,Haldipur Road,L050-02,30.2,2026-10-02 03:46:00,2026-10-02 04:10:00,MEDIUM,SCHEDULED
T002969,58012,Passenger,C026,Sabarabad Cantt,Chitrakot,L026-06,27.69,2026-10-07 11:33:00,2026-10-07 11:39:00,HIGH,FORECAST
T002970,56622,Passenger,C188,Charanpur,Gangagunj,L188-10,157.43,2026-10-14 10:01:00,2026-10-14 10:23:00,HIGH,SCHEDULED
T002971,32525,Goods,C069,Dhanupalli Cantt,Girnarkheda Road,L069-07,215.64,2026-09-13 13:11:00,2026-09-13 14:05:00,MEDIUM,SCHEDULED
T002972,57907,Passenger,C140,Sundarkot Jn,Haldikheda,L140-08,38.21,2026-09-09 19:17:00,2026-09-09 19:23:00,HIGH,FORECAST
T002973,57665,Passenger,C059,Yamunanagar Jn,Haldikheda,L059-10,380.23,2026-10-14 21:26:00,2026-10-14 22:08:00,HIGH,PROVISIONAL
T002974,57532,Passenger,C163,Dhanuganj Cantt,Veerhalli Jn,L163-04,36.4,2026-10-12 21:05:00,2026-10-12 21:18:00,HIGH,CANCELLED
T002975,58329,Passenger,C018,Haldiganj,Nilgirigunj Road,L018-04,124.65,2026-09-27 18:25:00,2026-09-27 18:44:00,HIGH,SCHEDULED
T002977,57584,Passenger,C044,Devgarhkot Jn,Dhanugunj,L044-04,60.78,2026-09-11 18:21:00,2026-09-11 18:38:00,HIGH,FORECAST
T002978,57940,Passenger,C164,Girnarhalli Road,Dhanugunj Cantt,L164-02,82.77,2026-09-07 01:49:00,2026-09-07 02:48:00,HIGH,FORECAST
T002979,31909,Goods,C069,Dhanupalli Cantt,Girnarkheda Road,L069-11,333.57,2026-09-16 13:50:00,2026-09-16 14:52:00,MEDIUM,SCHEDULED
T002980,57684,Passenger,C150,Udaykot Jn,Sagarpalli,L150-11,162.07,2026-09-10 14:51:00,2026-09-10 15:09:00,HIGH,PROVISIONAL
T002981,58580,Passenger,C163,Dhanuganj Cantt,Veerhalli Jn,L163-11,115.88,2026-09-04 07:08:00,2026-09-04 07:18:00,HIGH,SCHEDULED
T002982,56127,Passenger,C069,Dhanupalli Cantt,Girnarkheda Road,L069-12,378.6,2026-10-05 21:15:00,2026-10-05 21:55:00,HIGH,SCHEDULED
T002983,32304,Goods,C164,Girnarhalli Road,Dhanugunj Cantt,L164-10,357.49,2026-09-30 03:28:00,2026-09-30 05:02:00,MEDIUM,SCHEDULED
T002984,13984,Express,C164,Girnarhalli Road,Dhanugunj Cantt,L164-05,185.8,2026-10-03 12:51:00,2026-10-03 13:20:00,CRITICAL,SCHEDULED
T002985,32250,Goods,C188,Charanpur,Gangagunj,L188-05,100.28,2026-09-23 09:48:00,2026-09-23 10:16:00,MEDIUM,FORECAST
T002986,56578,Passenger,C129,Sagargunj Jn,Meeragunj Road,L129-08,68.83,2026-09-14 09:44:00,2026-09-14 09:56:00,HIGH,PROVISIONAL
T002987,58600,Passenger,C140,Sundarkot Jn,Haldikheda,L140-10,40.29,2026-10-02 00:54:00,2026-10-02 01:00:00,HIGH,SCHEDULED
T002988,14056,Express,C086,Vindhyakot,Girnarhalli Cantt,L086-05,84.66,2026-09-03 00:24:00,2026-09-03 00:42:00,CRITICAL,SCHEDULED
T002989,71637,Other,C009,Konkanganj,Konkankheda,L009-05,209.53,2026-09-21 06:54:00,2026-09-21 07:43:00,LOW,SCHEDULED
T002990,58859,Passenger,C075,Charanpur,Ranahalli Cantt,L075-08,192.11,2026-09-06 15:56:00,2026-09-06 16:29:00,HIGH,CANCELLED
T002991,70590,Other,C155,Omkarhalli,Sabarkheda Road,L155-01,0.57,2026-09-18 06:31:00,2026-09-18 06:39:00,LOW,CANCELLED
T002992,31510,Goods,C028,Girnarpalli,Kanhagunj Cantt,L028-05,129.0,2026-09-19 18:45:00,2026-09-19 19:33:00,MEDIUM,SCHEDULED
T002993,58543,Passenger,C181,Konkanabad,Satpurakot Jn,L181-03,184.29,2026-09-14 14:27:00,2026-09-14 15:20:00,HIGH,SCHEDULED
T002994,30840,Goods,C150,Udaykot Jn,Sagarpalli,L150-12,167.61,2026-09-15 20:58:00,2026-09-15 21:19:00,MEDIUM,SCHEDULED
T002995,58350,Passenger,C069,Dhanupalli Cantt,Girnarkheda Road,L069-10,288.36,2026-10-14 16:17:00,2026-10-14 16:59:00,HIGH,SCHEDULED
T002996,58307,Passenger,C026,Sabarabad Cantt,Chitrakot,L026-04,17.94,2026-09-21 10:21:00,2026-09-21 10:27:00,HIGH,FORECAST
T002997,30276,Goods,C017,Sagargunj Road,Kanhakot,L017-06,157.45,2026-10-02 15:59:00,2026-10-02 16:28:00,MEDIUM,SCHEDULED
T002998,58057,Passenger,C028,Girnarpalli,Kanhagunj Cantt,L028-09,222.43,2026-09-15 14:30:00,2026-09-15 15:04:00,HIGH,SCHEDULED
T002999,30069,Goods,C069,Dhanupalli Cantt,Girnarkheda Road,L069-10,288.36,2026-10-05 15:47:00,2026-10-05 16:37:00,MEDIUM,SCHEDULED
T003000,58820,Passenger,C069,Dhanupalli Cantt,Girnarkheda Road,L069-09,277.58,2026-10-07 08:09:00,2026-10-07 08:39:00,HIGH,SCHEDULED
T003001,12712,Express,C163,Dhanuganj Cantt,Veerhalli Jn,L163-07,71.82,2026-10-09 23:41:00,2026-10-09 23:48:00,CRITICAL,SCHEDULED
T003002,57255,Passenger,C140,Sundarkot Jn,Haldikheda,L140-08,38.21,2026-09-06 00:13:00,2026-09-06 00:19:00,HIGH,FORECAST
T003003,12769,Express,C016,Sabarhalli Road,Ambagunj Road,L016-08,150.94,2026-09-20 14:06:00,2026-09-20 14:16:00,CRITICAL,SCHEDULED
T003004,14576,Express,C163,Dhanuganj Cantt,Veerhalli Jn,L163-03,28.41,2026-09-12 20:08:00,2026-09-12 20:18:00,CRITICAL,CANCELLED
T003005,14312,Express,C060,Ranaabad,Udayganj Cantt,L060-02,40.16,2026-10-05 08:02:00,2026-10-05 08:22:00,CRITICAL,SCHEDULED
T003006,72846,Other,C050,Taragunj,Haldipur Road,L050-08,107.89,2026-09-18 16:07:00,2026-09-18 16:25:00,LOW,SCHEDULED
T003007,56561,Passenger,C026,Sabarabad Cantt,Chitrakot,L026-07,34.73,2026-09-28 12:34:00,2026-09-28 12:40:00,HIGH,FORECAST
T003008,12765,Express,C018,Haldiganj,Nilgirigunj Road,L018-06,153.82,2026-09-12 05:48:00,2026-09-12 06:08:00,CRITICAL,SCHEDULED
T003009,14976,Express,C071,Jaisalhalli Cantt,Veergarh Road,L071-02,17.02,2026-10-06 10:02:00,2026-10-06 10:29:00,CRITICAL,SCHEDULED
T003010,72540,Other,C155,Omkarhalli,Sabarkheda Road,L155-11,70.62,2026-09-11 10:08:00,2026-09-11 10:18:00,LOW,PROVISIONAL
T003011,57832,Passenger,C150,Udaykot Jn,Sagarpalli,L150-06,61.26,2026-09-16 05:20:00,2026-09-16 05:38:00,HIGH,PROVISIONAL
T003012,58508,Passenger,C150,Udaykot Jn,Sagarpalli,L150-07,109.46,2026-09-25 05:55:00,2026-09-25 06:10:00,HIGH,FORECAST
T003013,58882,Passenger,C163,Dhanuganj Cantt,Veerhalli Jn,L163-03,28.41,2026-10-03 18:04:00,2026-10-03 18:19:00,HIGH,FORECAST
T003014,31172,Goods,C131,Ashokkot,Narmadagarh Cantt,L131-05,158.95,2026-10-15 01:33:00,2026-10-15 02:29:00,MEDIUM,FORECAST
T003015,14033,Express,C009,Konkanganj,Konkankheda,L009-01,14.97,2026-09-27 17:03:00,2026-09-27 17:36:00,CRITICAL,SCHEDULED
T003016,32642,Goods,C195,Bharatgunj,Taraganj Road,L195-05,93.9,2026-09-12 00:31:00,2026-09-12 01:15:00,MEDIUM,SCHEDULED
T003017,31699,Goods,C140,Sundarkot Jn,Haldikheda,L140-07,37.73,2026-09-29 22:06:00,2026-09-29 22:14:00,MEDIUM,FORECAST
T003018,13907,Express,C035,Jaisalkot Cantt,Nilgirihalli,L035-05,43.3,2026-09-28 08:54:00,2026-09-28 09:00:00,CRITICAL,SCHEDULED
T003019,32595,Goods,C161,Lalitpalli,Kaveripur Cantt,L161-13,266.23,2026-09-24 04:42:00,2026-09-24 05:09:00,MEDIUM,PROVISIONAL
T003020,58112,Passenger,C115,Konkanpalli,Indrakheda Jn,L115-02,77.35,2026-10-02 09:07:00,2026-10-02 09:33:00,HIGH,PROVISIONAL
T003021,71468,Other,C176,Vindhyakot Jn,Ranaganj Cantt,L176-12,214.5,2026-10-02 12:42:00,2026-10-02 13:03:00,LOW,SCHEDULED
T003022,32735,Goods,C150,Udaykot Jn,Sagarpalli,L150-01,1.98,2026-09-27 20:53:00,2026-09-27 21:13:00,MEDIUM,SCHEDULED
T003023,56429,Passenger,C195,Bharatgunj,Taraganj Road,L195-06,98.59,2026-10-12 09:54:00,2026-10-12 10:13:00,HIGH,SCHEDULED
T003024,30667,Goods,C195,Bharatgunj,Taraganj Road,L195-02,28.22,2026-10-15 21:32:00,2026-10-15 22:22:00,MEDIUM,SCHEDULED
T003025,71264,Other,C039,Malwaganj Cantt,Satpuraabad Road,L039-13,210.07,2026-10-03 06:47:00,2026-10-03 07:05:00,LOW,FORECAST
T003026,14842,Express,C010,Jaisalgunj Cantt,Veergarh Road,L010-05,43.05,2026-09-24 07:30:00,2026-09-24 07:36:00,LOW,FORECAST
T003027,31983,Goods,C123,Satpurapalli,Charankot Cantt,L123-08,113.88,2026-09-27 16:35:00,2026-09-27 17:19:00,MEDIUM,PROVISIONAL
T003028,56924,Passenger,C009,Konkanganj,Konkankheda,L009-02,62.41,2026-09-18 07:49:00,2026-09-18 08:31:00,HIGH,SCHEDULED
T003029,12899,Express,C099,Malwagunj,Gangaganj,L099-06,22.41,2026-09-09 16:07:00,2026-09-09 16:13:00,CRITICAL,PROVISIONAL
T003030,56901,Passenger,C050,Taragunj,Haldipur Road,L050-07,54.04,2026-09-27 08:38:00,2026-09-27 08:54:00,HIGH,FORECAST
T003031,56300,Passenger,C069,Dhanupalli Cantt,Girnarkheda Road,L069-06,194.8,2026-09-18 10:02:00,2026-09-18 10:41:00,HIGH,PROVISIONAL
T003032,14083,Express,C037,Gangaganj Road,Bilaskot,L037-05,163.19,2026-10-13 12:43:00,2026-10-13 13:03:00,CRITICAL,SCHEDULED
T003033,56884,Passenger,C155,Omkarhalli,Sabarkheda Road,L155-08,49.19,2026-09-15 21:17:00,2026-09-15 21:25:00,HIGH,SCHEDULED
T003034,57866,Passenger,C069,Dhanupalli Cantt,Girnarkheda Road,L069-06,194.8,2026-10-14 23:10:00,2026-10-14 23:48:00,MEDIUM,SCHEDULED
T003035,57681,Passenger,C028,Girnarpalli,Kanhagunj Cantt,L028-03,83.34,2026-10-01 17:53:00,2026-10-01 18:45:00,HIGH,SCHEDULED
T003036,31993,Goods,C149,Veerkot,Ashokgunj,L149-06,157.74,2026-09-19 10:19:00,2026-09-19 11:18:00,MEDIUM,SCHEDULED
T003037,12361,Express,C026,Sabarabad Cantt,Chitrakot,L026-05,23.62,2026-10-02 14:48:00,2026-10-02 14:54:00,CRITICAL,SCHEDULED
T003038,30141,Goods,C195,Bharatgunj,Taraganj Road,L195-02,28.22,2026-09-27 20:01:00,2026-09-27 20:52:00,MEDIUM,FORECAST
T003039,30417,Goods,C129,Sagargunj Jn,Meeragunj Road,L129-08,68.83,2026-10-05 00:22:00,2026-10-05 00:48:00,MEDIUM,PROVISIONAL
T003040,31903,Goods,C050,Taragunj,Haldipur Road,L050-04,35.75,2026-10-12 22:55:00,2026-10-12 23:13:00,MEDIUM,SCHEDULED
T003041,12158,Express,C069,Dhanupalli Cantt,Girnarkheda Road,L069-04,164.65,2026-10-07 21:29:00,2026-10-07 21:58:00,CRITICAL,SCHEDULED
T003042,56163,Passenger,C195,Bharatgunj,Taraganj Road,L195-04,60.26,2026-09-04 14:32:00,2026-09-04 15:04:00,LOW,PROVISIONAL
T003043,12445,Express,C129,Sagargunj Jn,Meeragunj Road,L129-06,56.17,2026-09-04 21:58:00,2026-09-04 22:08:00,CRITICAL,SCHEDULED
T003044,57160,Passenger,C192,Malwanagar,Devgarhgarh,L192-03,25.29,2026-09-27 20:16:00,2026-09-27 20:32:00,HIGH,SCHEDULED
T003045,58318,Passenger,C150,Udaykot Jn,Sagarpalli,L150-03,22.68,2026-10-06 06:59:00,2026-10-06 07:14:00,HIGH,SCHEDULED
T003046,13421,Express,C176,Vindhyakot Jn,Ranaganj Cantt,L176-02,35.75,2026-09-07 17:37:00,2026-09-07 17:53:00,CRITICAL,CANCELLED
T003047,30271,Goods,C069,Dhanupalli Cantt,Girnarkheda Road,L069-12,378.6,2026-10-03 03:23:00,2026-10-03 04:11:00,MEDIUM,SCHEDULED
T003048,72523,Other,C098,Bilaskheda,Pushkarganj,L098-12,29.95,2026-10-03 15:50:00,2026-10-03 15:56:00,LOW,SCHEDULED
T003049,56936,Passenger,C028,Girnarpalli,Kanhagunj Cantt,L028-08,213.39,2026-10-14 13:58:00,2026-10-14 14:40:00,HIGH,PROVISIONAL
T003050,13354,Express,C131,Ashokkot,Narmadagarh Cantt,L131-04,148.79,2026-09-13 16:04:00,2026-09-13 16:31:00,MEDIUM,FORECAST
T003051,31539,Goods,C192,Malwanagar,Devgarhgarh,L192-10,127.84,2026-10-11 03:20:00,2026-10-11 03:41:00,MEDIUM,SCHEDULED
T003052,32946,Goods,C050,Taragunj,Haldipur Road,L050-02,30.2,2026-10-06 18:50:00,2026-10-06 19:08:00,MEDIUM,SCHEDULED
T003053,30369,Goods,C009,Konkanganj,Konkankheda,L009-05,209.53,2026-10-09 00:43:00,2026-10-09 01:42:00,MEDIUM,SCHEDULED
T003054,32556,Goods,C164,Girnarhalli Road,Dhanugunj Cantt,L164-09,325.29,2026-10-11 05:22:00,2026-10-11 06:51:00,MEDIUM,SCHEDULED
T003055,31353,Goods,C122,Sundarganj,Sagarhalli Road,L122-03,41.42,2026-09-02 15:30:00,2026-09-02 16:10:00,MEDIUM,SCHEDULED
T003056,56590,Passenger,C069,Dhanupalli Cantt,Girnarkheda Road,L069-10,288.36,2026-09-10 05:31:00,2026-09-10 06:04:00,LOW,FORECAST
T003057,32074,Goods,C153,Veerkot Jn,Veerkheda Road,L153-01,27.86,2026-09-02 01:41:00,2026-09-02 02:00:00,MEDIUM,FORECAST
T003058,70340,Other,C175,Devgarhnagar Jn,Tarapur,L175-04,212.09,2026-09-17 09:54:00,2026-09-17 11:48:00,LOW,SCHEDULED
T003059,13187,Express,C069,Dhanupalli Cantt,Girnarkheda Road,L069-05,175.88,2026-09-30 08:33:00,2026-09-30 08:51:00,CRITICAL,SCHEDULED
T003060,32760,Goods,C164,Girnarhalli Road,Dhanugunj Cantt,L164-06,229.92,2026-09-22 04:05:00,2026-09-22 05:25:00,MEDIUM,FORECAST
T003061,13947,Express,C091,Ashokpur,Indrapalli Road,L091-07,41.27,2026-10-07 06:58:00,2026-10-07 07:04:00,CRITICAL,SCHEDULED
T003062,32228,Goods,C164,Girnarhalli Road,Dhanugunj Cantt,L164-10,357.49,2026-10-07 13:04:00,2026-10-07 14:15:00,MEDIUM,SCHEDULED
T003063,57121,Passenger,C195,Bharatgunj,Taraganj Road,L195-06,98.59,2026-09-30 14:15:00,2026-09-30 14:53:00,HIGH,SCHEDULED
T003064,13731,Express,C155,Omkarhalli,Sabarkheda Road,L155-05,18.46,2026-09-30 11:53:00,2026-09-30 11:59:00,CRITICAL,SCHEDULED
T003065,56096,Passenger,C111,Krishnapur,Ambapalli,L111-05,103.3,2026-09-14 06:24:00,2026-09-14 07:08:00,HIGH,SCHEDULED
T003066,12398,Express,C123,Satpurapalli,Charankot Cantt,L123-09,208.13,2026-09-15 03:38:00,2026-09-15 03:56:00,MEDIUM,PROVISIONAL
T003067,56655,Passenger,C123,Satpurapalli,Charankot Cantt,L123-08,113.88,2026-10-02 19:44:00,2026-10-02 20:05:00,HIGH,SCHEDULED
T003068,30606,Goods,C050,Taragunj,Haldipur Road,L050-02,30.2,2026-09-11 20:13:00,2026-09-11 20:36:00,MEDIUM,SCHEDULED
T003069,57287,Passenger,C176,Vindhyakot Jn,Ranaganj Cantt,L176-11,200.35,2026-09-05 10:01:00,2026-09-05 10:23:00,HIGH,SCHEDULED
T003070,58365,Passenger,C009,Konkanganj,Konkankheda,L009-01,14.97,2026-10-05 18:43:00,2026-10-05 19:30:00,HIGH,FORECAST
T003071,56730,Passenger,C059,Yamunanagar Jn,Haldikheda,L059-08,372.87,2026-09-25 12:20:00,2026-09-25 13:05:00,HIGH,FORECAST
T003072,14607,Express,C131,Ashokkot,Narmadagarh Cantt,L131-03,120.06,2026-10-05 05:56:00,2026-10-05 06:13:00,CRITICAL,SCHEDULED
T003073,57771,Passenger,C028,Girnarpalli,Kanhagunj Cantt,L028-05,129.0,2026-10-13 01:34:00,2026-10-13 02:21:00,HIGH,SCHEDULED
T003074,31462,Goods,C018,Haldiganj,Nilgirigunj Road,L018-03,76.59,2026-10-04 01:45:00,2026-10-04 02:17:00,MEDIUM,SCHEDULED
T003075,31631,Goods,C018,Haldiganj,Nilgirigunj Road,L018-01,55.34,2026-09-09 02:05:00,2026-09-09 03:01:00,MEDIUM,SCHEDULED
T003076,58493,Passenger,C175,Devgarhnagar Jn,Tarapur,L175-04,212.09,2026-09-07 18:56:00,2026-09-07 19:52:00,HIGH,SCHEDULED
T003077,32413,Goods,C123,Satpurapalli,Charankot Cantt,L123-02,16.66,2026-10-04 03:42:00,2026-10-04 04:36:00,MEDIUM,SCHEDULED
T003078,56317,Passenger,C195,Bharatgunj,Taraganj Road,L195-07,109.28,2026-09-22 18:49:00,2026-09-22 19:24:00,HIGH,SCHEDULED
T003079,56404,Passenger,C150,Udaykot Jn,Sagarpalli,L150-02,13.59,2026-09-16 09:54:00,2026-09-16 10:12:00,HIGH,FORECAST
T003080,58754,Passenger,C129,Sagargunj Jn,Meeragunj Road,L129-02,8.42,2026-09-14 08:35:00,2026-09-14 08:49:00,LOW,FORECAST
T003081,12880,Express,C071,Jaisalhalli Cantt,Veergarh Road,L071-05,178.19,2026-10-04 04:34:00,2026-10-04 04:59:00,CRITICAL,SCHEDULED
T003082,32416,Goods,C193,Bilaskheda Jn,Devgarhkheda,L193-01,79.62,2026-10-08 10:50:00,2026-10-08 11:40:00,MEDIUM,SCHEDULED
T003083,56738,Passenger,C018,Haldiganj,Nilgirigunj Road,L018-04,124.65,2026-09-18 19:18:00,2026-09-18 19:37:00,HIGH,SCHEDULED
T003084,12346,Express,C026,Sabarabad Cantt,Chitrakot,L026-04,17.94,2026-10-05 17:35:00,2026-10-05 17:41:00,CRITICAL,SCHEDULED
T003085,71697,Other,C039,Malwaganj Cantt,Satpuraabad Road,L039-11,191.22,2026-10-04 08:20:00,2026-10-04 08:43:00,LOW,FORECAST
T003086,31187,Goods,C050,Taragunj,Haldipur Road,L050-09,113.79,2026-09-11 22:33:00,2026-09-11 22:56:00,MEDIUM,SCHEDULED
T003087,56879,Passenger,C069,Dhanupalli Cantt,Girnarkheda Road,L069-11,333.57,2026-10-08 21:20:00,2026-10-08 21:44:00,HIGH,SCHEDULED
T003088,70941,Other,C084,Devgarhgarh Cantt,Chitraganj,L084-06,131.22,2026-09-18 21:23:00,2026-09-18 22:09:00,LOW,FORECAST
T003089,13656,Express,C123,Satpurapalli,Charankot Cantt,L123-09,208.13,2026-09-21 18:49:00,2026-09-21 19:11:00,CRITICAL,SCHEDULED
T003090,31775,Goods,C098,Bilaskheda,Pushkarganj,L098-11,28.84,2026-09-12 21:48:00,2026-09-12 21:54:00,MEDIUM,SCHEDULED
T003091,12707,Express,C111,Krishnapur,Ambapalli,L111-02,54.49,2026-09-09 15:20:00,2026-09-09 15:43:00,CRITICAL,FORECAST
T003092,31449,Goods,C114,Satpuraganj,Shantikheda,L114-02,97.1,2026-09-07 19:00:00,2026-09-07 20:44:00,MEDIUM,SCHEDULED
T003093,56454,Passenger,C176,Vindhyakot Jn,Ranaganj Cantt,L176-09,155.72,2026-09-23 17:02:00,2026-09-23 17:24:00,HIGH,FORECAST
T003094,31897,Goods,C018,Haldiganj,Nilgirigunj Road,L018-07,174.74,2026-10-15 21:27:00,2026-10-15 22:09:00,MEDIUM,PROVISIONAL
T003095,58970,Passenger,C140,Sundarkot Jn,Haldikheda,L140-06,35.5,2026-09-03 07:14:00,2026-09-03 07:20:00,HIGH,FORECAST
T003096,31806,Goods,C164,Girnarhalli Road,Dhanugunj Cantt,L164-07,252.14,2026-09-13 05:14:00,2026-09-13 06:23:00,MEDIUM,SCHEDULED
T003097,56811,Passenger,C018,Haldiganj,Nilgirigunj Road,L018-03,76.59,2026-09-15 14:01:00,2026-09-15 14:28:00,HIGH,SCHEDULED
T003098,57004,Passenger,C140,Sundarkot Jn,Haldikheda,L140-05,34.07,2026-09-08 12:02:00,2026-09-08 12:08:00,HIGH,FORECAST
T003099,71773,Other,C039,Malwaganj Cantt,Satpuraabad Road,L039-10,171.17,2026-09-02 01:10:00,2026-09-02 01:29:00,MEDIUM,SCHEDULED
T003100,71924,Other,C153,Veerkot Jn,Veerkheda Road,L153-08,92.38,2026-09-12 10:35:00,2026-09-12 10:51:00,LOW,FORECAST
T003101,12469,Express,C069,Dhanupalli Cantt,Girnarkheda Road,L069-02,35.6,2026-09-02 03:08:00,2026-09-02 03:37:00,CRITICAL,SCHEDULED
T003102,30709,Goods,C069,Dhanupalli Cantt,Girnarkheda Road,L069-10,288.36,2026-10-14 03:33:00,2026-10-14 04:19:00,MEDIUM,SCHEDULED
T003103,31424,Goods,C052,Tarakheda Road,Bhimapalli Cantt,L052-03,13.5,2026-09-15 18:45:00,2026-09-15 19:15:00,MEDIUM,PROVISIONAL
T003104,57380,Passenger,C176,Vindhyakot Jn,Ranaganj Cantt,L176-09,155.72,2026-09-02 18:55:00,2026-09-02 19:22:00,HIGH,PROVISIONAL
T003105,58522,Passenger,C050,Taragunj,Haldipur Road,L050-08,107.89,2026-09-04 12:25:00,2026-09-04 12:39:00,HIGH,SCHEDULED
T003106,31045,Goods,C075,Charanpur,Ranahalli Cantt,L075-11,268.44,2026-10-09 04:24:00,2026-10-09 05:04:00,MEDIUM,PROVISIONAL
T003107,56297,Passenger,C140,Sundarkot Jn,Haldikheda,L140-02,16.52,2026-09-18 06:37:00,2026-09-18 06:43:00,HIGH,SCHEDULED
T003108,58021,Passenger,C187,Ashokhalli Jn,Sabarhalli,L187-04,24.51,2026-09-25 09:05:00,2026-09-25 09:11:00,HIGH,SCHEDULED
T003109,56704,Passenger,C051,Veerhalli,Shantipalli Cantt,L051-03,87.0,2026-10-11 14:17:00,2026-10-11 14:40:00,HIGH,FORECAST
T003110,12943,Express,C155,Omkarhalli,Sabarkheda Road,L155-01,0.57,2026-09-27 23:19:00,2026-09-27 23:25:00,CRITICAL,PROVISIONAL
T003111,58853,Passenger,C196,Devgarhganj,Bharatnagar,L196-06,128.12,2026-09-29 17:01:00,2026-09-29 17:35:00,HIGH,SCHEDULED
T003112,56465,Passenger,C018,Haldiganj,Nilgirigunj Road,L018-03,76.59,2026-09-03 18:46:00,2026-09-03 19:22:00,HIGH,SCHEDULED
T003113,14050,Express,C150,Udaykot Jn,Sagarpalli,L150-01,1.98,2026-09-28 17:38:00,2026-09-28 17:44:00,CRITICAL,FORECAST
T003114,31985,Goods,C195,Bharatgunj,Taraganj Road,L195-07,109.28,2026-09-03 01:26:00,2026-09-03 02:14:00,MEDIUM,SCHEDULED
T003115,56891,Passenger,C051,Veerhalli,Shantipalli Cantt,L051-05,128.3,2026-09-24 16:27:00,2026-09-24 16:53:00,HIGH,SCHEDULED
T003116,58802,Passenger,C069,Dhanupalli Cantt,Girnarkheda Road,L069-05,175.88,2026-09-21 09:54:00,2026-09-21 10:27:00,CRITICAL,PROVISIONAL
T003117,58155,Passenger,C115,Konkanpalli,Indrakheda Jn,L115-04,173.95,2026-10-08 19:44:00,2026-10-08 20:19:00,CRITICAL,SCHEDULED
T003118,12568,Express,C150,Udaykot Jn,Sagarpalli,L150-08,125.81,2026-10-11 08:54:00,2026-10-11 09:06:00,CRITICAL,SCHEDULED
T003119,32605,Goods,C146,Devgarhgunj,Jaisalnagar,L146-06,138.64,2026-09-18 01:09:00,2026-09-18 02:24:00,MEDIUM,CANCELLED
T003120,56097,Passenger,C026,Sabarabad Cantt,Chitrakot,L026-06,27.69,2026-09-06 05:38:00,2026-09-06 05:44:00,HIGH,SCHEDULED
T003121,14447,Express,C046,Kanhaabad,Lalitkheda Jn,L046-01,34.03,2026-09-28 17:23:00,2026-09-28 17:58:00,CRITICAL,SCHEDULED
T003122,56504,Passenger,C123,Satpurapalli,Charankot Cantt,L123-01,11.95,2026-09-01 18:28:00,2026-09-01 18:54:00,HIGH,SCHEDULED
T003123,31334,Goods,C051,Veerhalli,Shantipalli Cantt,L051-09,175.11,2026-10-04 23:54:00,2026-10-05 00:37:00,MEDIUM,SCHEDULED
T003124,31544,Goods,C164,Girnarhalli Road,Dhanugunj Cantt,L164-01,46.53,2026-09-19 19:31:00,2026-09-19 20:26:00,MEDIUM,PROVISIONAL
T003125,70733,Other,C187,Ashokhalli Jn,Sabarhalli,L187-03,12.69,2026-10-15 08:19:00,2026-10-15 08:25:00,LOW,SCHEDULED
T003126,57353,Passenger,C115,Konkanpalli,Indrakheda Jn,L115-08,275.06,2026-09-09 07:04:00,2026-09-09 07:34:00,HIGH,SCHEDULED
T003127,71599,Other,C028,Girnarpalli,Kanhagunj Cantt,L028-08,213.39,2026-10-15 17:22:00,2026-10-15 18:10:00,LOW,FORECAST
T003128,31998,Goods,C059,Yamunanagar Jn,Haldikheda,L059-02,30.61,2026-10-15 20:36:00,2026-10-15 21:26:00,MEDIUM,SCHEDULED
T003129,14054,Express,C050,Taragunj,Haldipur Road,L050-11,126.85,2026-09-17 10:39:00,2026-09-17 10:49:00,CRITICAL,SCHEDULED
T003130,30683,Goods,C155,Omkarhalli,Sabarkheda Road,L155-10,58.13,2026-09-09 21:20:00,2026-09-09 21:33:00,MEDIUM,SCHEDULED
T003131,58898,Passenger,C059,Yamunanagar Jn,Haldikheda,L059-05,332.86,2026-09-03 13:56:00,2026-09-03 14:38:00,HIGH,SCHEDULED
T003132,31805,Goods,C039,Malwaganj Cantt,Satpuraabad Road,L039-05,81.18,2026-09-02 01:02:00,2026-09-02 01:34:00,MEDIUM,SCHEDULED
T003133,30822,Goods,C176,Vindhyakot Jn,Ranaganj Cantt,L176-04,54.44,2026-09-23 00:49:00,2026-09-23 01:24:00,MEDIUM,SCHEDULED
T003134,56319,Passenger,C028,Girnarpalli,Kanhagunj Cantt,L028-06,160.66,2026-10-12 15:43:00,2026-10-12 16:16:00,CRITICAL,SCHEDULED
T003135,56735,Passenger,C150,Udaykot Jn,Sagarpalli,L150-03,22.68,2026-10-13 15:57:00,2026-10-13 16:15:00,HIGH,SCHEDULED
T003136,56019,Passenger,C150,Udaykot Jn,Sagarpalli,L150-10,152.42,2026-10-03 11:03:00,2026-10-03 11:18:00,HIGH,SCHEDULED
T003137,58849,Passenger,C163,Dhanuganj Cantt,Veerhalli Jn,L163-09,105.99,2026-10-03 18:00:00,2026-10-03 18:09:00,HIGH,SCHEDULED
T003138,14398,Express,C131,Ashokkot,Narmadagarh Cantt,L131-05,158.95,2026-10-04 17:27:00,2026-10-04 17:45:00,CRITICAL,FORECAST
T003139,56592,Passenger,C069,Dhanupalli Cantt,Girnarkheda Road,L069-06,194.8,2026-09-17 11:03:00,2026-09-17 11:47:00,HIGH,PROVISIONAL
T003140,31047,Goods,C039,Malwaganj Cantt,Satpuraabad Road,L039-08,122.96,2026-09-15 08:35:00,2026-09-15 09:03:00,MEDIUM,FORECAST
T003141,14617,Express,C150,Udaykot Jn,Sagarpalli,L150-02,13.59,2026-10-11 14:35:00,2026-10-11 14:45:00,CRITICAL,SCHEDULED
T003142,32616,Goods,C098,Bilaskheda,Pushkarganj,L098-10,26.69,2026-09-19 20:46:00,2026-09-19 20:52:00,MEDIUM,SCHEDULED
T003143,31450,Goods,C086,Vindhyakot,Girnarhalli Cantt,L086-08,224.86,2026-09-29 01:15:00,2026-09-29 01:58:00,MEDIUM,SCHEDULED
T003144,12368,Express,C109,Bilasabad Cantt,Chitragunj,L109-01,3.51,2026-10-07 09:57:00,2026-10-07 10:13:00,CRITICAL,SCHEDULED
T003145,12781,Express,C123,Satpurapalli,Charankot Cantt,L123-09,208.13,2026-09-01 15:39:00,2026-09-01 15:57:00,CRITICAL,FORECAST
T003146,30270,Goods,C069,Dhanupalli Cantt,Girnarkheda Road,L069-05,175.88,2026-09-04 23:08:00,2026-09-04 23:56:00,MEDIUM,SCHEDULED
T003147,32773,Goods,C089,Pushkarkot,Gangakot,L089-03,159.22,2026-10-06 12:11:00,2026-10-06 13:55:00,MEDIUM,SCHEDULED
T003148,14350,Express,C164,Girnarhalli Road,Dhanugunj Cantt,L164-09,325.29,2026-10-03 19:01:00,2026-10-03 19:29:00,CRITICAL,PROVISIONAL
T003149,31896,Goods,C163,Dhanuganj Cantt,Veerhalli Jn,L163-05,64.97,2026-10-07 23:11:00,2026-10-07 23:35:00,MEDIUM,SCHEDULED
T003150,57175,Passenger,C026,Sabarabad Cantt,Chitrakot,L026-05,23.62,2026-09-01 09:44:00,2026-09-01 09:50:00,HIGH,SCHEDULED
T003151,13928,Express,C069,Dhanupalli Cantt,Girnarkheda Road,L069-04,164.65,2026-09-02 17:47:00,2026-09-02 18:03:00,CRITICAL,SCHEDULED
T003152,58363,Passenger,C069,Dhanupalli Cantt,Girnarkheda Road,L069-02,35.6,2026-10-05 19:04:00,2026-10-05 19:36:00,HIGH,SCHEDULED
T003153,56776,Passenger,C059,Yamunanagar Jn,Haldikheda,L059-10,380.23,2026-10-08 07:46:00,2026-10-08 08:30:00,HIGH,SCHEDULED
T003154,14156,Express,C026,Sabarabad Cantt,Chitrakot,L026-05,23.62,2026-09-24 17:04:00,2026-09-24 17:10:00,CRITICAL,SCHEDULED
T003155,58751,Passenger,C123,Satpurapalli,Charankot Cantt,L123-01,11.95,2026-09-16 17:08:00,2026-09-16 17:25:00,HIGH,FORECAST
T003156,31273,Goods,C153,Veerkot Jn,Veerkheda Road,L153-09,97.67,2026-09-07 15:51:00,2026-09-07 16:12:00,MEDIUM,SCHEDULED
T003157,14976,Express,C176,Vindhyakot Jn,Ranaganj Cantt,L176-08,119.37,2026-09-10 14:44:00,2026-09-10 14:55:00,CRITICAL,SCHEDULED
T003158,13716,Express,C140,Sundarkot Jn,Haldikheda,L140-10,40.29,2026-09-11 20:38:00,2026-09-11 20:44:00,CRITICAL,SCHEDULED
T003159,14999,Express,C047,Vindhyapalli Jn,Dhanukot,L047-08,134.11,2026-09-04 05:46:00,2026-09-04 06:00:00,CRITICAL,FORECAST
T003160,57852,Passenger,C150,Udaykot Jn,Sagarpalli,L150-07,109.46,2026-09-01 21:11:00,2026-09-01 21:30:00,HIGH,SCHEDULED
T003161,31928,Goods,C069,Dhanupalli Cantt,Girnarkheda Road,L069-08,267.94,2026-09-21 23:49:00,2026-09-22 00:27:00,MEDIUM,PROVISIONAL
T003162,56621,Passenger,C075,Charanpur,Ranahalli Cantt,L075-05,165.28,2026-10-11 16:59:00,2026-10-11 17:28:00,HIGH,PROVISIONAL
T003163,14146,Express,C175,Devgarhnagar Jn,Tarapur,L175-04,212.09,2026-09-10 18:35:00,2026-09-10 19:31:00,CRITICAL,FORECAST
T003164,57939,Passenger,C163,Dhanuganj Cantt,Veerhalli Jn,L163-01,8.76,2026-09-18 09:44:00,2026-09-18 09:59:00,HIGH,SCHEDULED
T003165,31710,Goods,C069,Dhanupalli Cantt,Girnarkheda Road,L069-01,22.53,2026-09-21 11:10:00,2026-09-21 12:00:00,MEDIUM,SCHEDULED
T003166,58760,Passenger,C122,Sundarganj,Sagarhalli Road,L122-07,111.04,2026-09-07 10:49:00,2026-09-07 11:23:00,HIGH,SCHEDULED
T003167,58945,Passenger,C115,Konkanpalli,Indrakheda Jn,L115-10,295.71,2026-09-18 19:45:00,2026-09-18 20:20:00,HIGH,SCHEDULED
T003168,56618,Passenger,C163,Dhanuganj Cantt,Veerhalli Jn,L163-04,36.4,2026-09-13 15:14:00,2026-09-13 15:27:00,HIGH,SCHEDULED
T003169,32736,Goods,C140,Sundarkot Jn,Haldikheda,L140-05,34.07,2026-09-09 00:27:00,2026-09-09 00:36:00,MEDIUM,PROVISIONAL
T003170,14354,Express,C039,Malwaganj Cantt,Satpuraabad Road,L039-02,34.94,2026-10-07 12:57:00,2026-10-07 13:08:00,CRITICAL,SCHEDULED
T003171,32807,Goods,C098,Bilaskheda,Pushkarganj,L098-03,5.9,2026-10-14 20:38:00,2026-10-14 20:44:00,MEDIUM,SCHEDULED
T003172,31864,Goods,C199,Tarakheda Jn,Bhimagarh,L199-06,202.86,2026-09-11 14:23:00,2026-09-11 15:18:00,MEDIUM,PROVISIONAL
T003173,57275,Passenger,C141,Narmadapalli Jn,Palanipur,L141-05,314.09,2026-09-13 00:49:00,2026-09-13 02:22:00,HIGH,FORECAST
T003174,57104,Passenger,C085,Malwapur,Satpuranagar,L085-07,157.5,2026-10-01 22:41:00,2026-10-01 23:06:00,HIGH,SCHEDULED
T003175,13871,Express,C163,Dhanuganj Cantt,Veerhalli Jn,L163-02,14.51,2026-09-01 19:20:00,2026-09-01 19:28:00,CRITICAL,FORECAST
T003176,14063,Express,C122,Sundarganj,Sagarhalli Road,L122-03,41.42,2026-09-13 14:48:00,2026-09-13 15:06:00,CRITICAL,PROVISIONAL
T003177,71031,Other,C176,Vindhyakot Jn,Ranaganj Cantt,L176-03,49.03,2026-10-04 17:38:00,2026-10-04 17:59:00,LOW,SCHEDULED
T003178,57401,Passenger,C059,Yamunanagar Jn,Haldikheda,L059-09,380.03,2026-10-12 20:37:00,2026-10-12 21:13:00,HIGH,SCHEDULED
T003179,30375,Goods,C069,Dhanupalli Cantt,Girnarkheda Road,L069-12,378.6,2026-09-26 07:15:00,2026-09-26 07:58:00,MEDIUM,CANCELLED
T003180,31601,Goods,C192,Malwanagar,Devgarhgarh,L192-03,25.29,2026-10-07 14:28:00,2026-10-07 14:45:00,MEDIUM,SCHEDULED
T003181,13547,Express,C018,Haldiganj,Nilgirigunj Road,L018-04,124.65,2026-10-09 23:06:00,2026-10-09 23:21:00,CRITICAL,PROVISIONAL
T003182,57376,Passenger,C175,Devgarhnagar Jn,Tarapur,L175-04,212.09,2026-10-03 05:42:00,2026-10-03 07:05:00,HIGH,FORECAST
T003183,14775,Express,C186,Bhimaabad,Omkarabad Cantt,L186-02,14.66,2026-09-23 13:50:00,2026-09-23 14:21:00,CRITICAL,FORECAST
T003184,56248,Passenger,C195,Bharatgunj,Taraganj Road,L195-02,28.22,2026-10-14 10:27:00,2026-10-14 10:54:00,HIGH,SCHEDULED
T003185,56993,Passenger,C091,Ashokpur,Indrapalli Road,L091-07,41.27,2026-09-13 09:54:00,2026-09-13 10:00:00,HIGH,SCHEDULED
T003186,32371,Goods,C140,Sundarkot Jn,Haldikheda,L140-08,38.21,2026-09-29 02:56:00,2026-09-29 03:04:00,MEDIUM,SCHEDULED
T003187,31024,Goods,C155,Omkarhalli,Sabarkheda Road,L155-02,8.52,2026-09-13 11:18:00,2026-09-13 11:27:00,MEDIUM,FORECAST
T003188,70506,Other,C123,Satpurapalli,Charankot Cantt,L123-04,31.64,2026-10-10 06:01:00,2026-10-10 06:33:00,LOW,SCHEDULED
T003189,32712,Goods,C164,Girnarhalli Road,Dhanugunj Cantt,L164-09,325.29,2026-09-05 02:12:00,2026-09-05 03:16:00,MEDIUM,SCHEDULED
T003190,32921,Goods,C195,Bharatgunj,Taraganj Road,L195-03,41.77,2026-09-07 20:22:00,2026-09-07 21:05:00,MEDIUM,SCHEDULED
T003191,57675,Passenger,C069,Dhanupalli Cantt,Girnarkheda Road,L069-03,48.56,2026-10-05 21:02:00,2026-10-05 21:43:00,HIGH,SCHEDULED
T003192,30264,Goods,C098,Bilaskheda,Pushkarganj,L098-05,8.04,2026-10-09 01:14:00,2026-10-09 01:20:00,MEDIUM,SCHEDULED
T003193,57131,Passenger,C150,Udaykot Jn,Sagarpalli,L150-08,125.81,2026-10-08 13:35:00,2026-10-08 13:52:00,HIGH,SCHEDULED
T003194,58823,Passenger,C163,Dhanuganj Cantt,Veerhalli Jn,L163-01,8.76,2026-09-19 06:13:00,2026-09-19 06:26:00,HIGH,PROVISIONAL
T003195,57704,Passenger,C098,Bilaskheda,Pushkarganj,L098-07,15.99,2026-09-05 11:29:00,2026-09-05 11:35:00,HIGH,FORECAST
T003196,58507,Passenger,C140,Sundarkot Jn,Haldikheda,L140-06,35.5,2026-09-30 17:09:00,2026-09-30 17:15:00,HIGH,SCHEDULED
T003197,58097,Passenger,C175,Devgarhnagar Jn,Tarapur,L175-02,167.66,2026-09-23 01:46:00,2026-09-23 02:57:00,HIGH,SCHEDULED
T003198,14135,Express,C150,Udaykot Jn,Sagarpalli,L150-08,125.81,2026-09-11 15:16:00,2026-09-11 15:25:00,CRITICAL,FORECAST
T003199,30903,Goods,C018,Haldiganj,Nilgirigunj Road,L018-06,153.82,2026-10-11 20:30:00,2026-10-11 21:18:00,MEDIUM,PROVISIONAL
T003200,30810,Goods,C069,Dhanupalli Cantt,Girnarkheda Road,L069-07,215.64,2026-10-05 20:20:00,2026-10-05 21:02:00,MEDIUM,SCHEDULED
T003201,58108,Passenger,C069,Dhanupalli Cantt,Girnarkheda Road,L069-02,35.6,2026-10-01 18:13:00,2026-10-01 18:52:00,HIGH,SCHEDULED
T003202,32005,Goods,C164,Girnarhalli Road,Dhanugunj Cantt,L164-09,325.29,2026-10-07 10:00:00,2026-10-07 11:00:00,MEDIUM,SCHEDULED
T003203,57283,Passenger,C164,Girnarhalli Road,Dhanugunj Cantt,L164-09,325.29,2026-10-02 08:01:00,2026-10-02 08:53:00,HIGH,SCHEDULED
T003204,12669,Express,C123,Satpurapalli,Charankot Cantt,L123-01,11.95,2026-10-03 19:04:00,2026-10-03 19:18:00,CRITICAL,SCHEDULED
T003205,32345,Goods,C069,Dhanupalli Cantt,Girnarkheda Road,L069-04,164.65,2026-09-16 06:55:00,2026-09-16 07:50:00,MEDIUM,SCHEDULED
T003206,13489,Express,C144,Kanhaganj Cantt,Udayabad Cantt,L144-08,300.53,2026-09-03 20:09:00,2026-09-03 20:33:00,CRITICAL,SCHEDULED
T003207,58784,Passenger,C125,Konkanganj Jn,Omkarganj,L125-07,78.97,2026-09-02 04:07:00,2026-09-02 04:17:00,HIGH,SCHEDULED
T003208,56981,Passenger,C114,Satpuraganj,Shantikheda,L114-02,97.1,2026-10-14 17:28:00,2026-10-14 18:05:00,HIGH,SCHEDULED
T003209,56453,Passenger,C050,Taragunj,Haldipur Road,L050-08,107.89,2026-09-08 10:46:00,2026-09-08 10:59:00,HIGH,SCHEDULED
T003210,30193,Goods,C098,Bilaskheda,Pushkarganj,L098-12,29.95,2026-09-18 17:45:00,2026-09-18 17:51:00,MEDIUM,SCHEDULED
T003211,56570,Passenger,C069,Dhanupalli Cantt,Girnarkheda Road,L069-09,277.58,2026-09-03 11:02:00,2026-09-03 11:39:00,HIGH,SCHEDULED
T003212,30952,Goods,C071,Jaisalhalli Cantt,Veergarh Road,L071-04,70.92,2026-10-08 05:14:00,2026-10-08 06:31:00,MEDIUM,PROVISIONAL
T003213,56835,Passenger,C069,Dhanupalli Cantt,Girnarkheda Road,L069-05,175.88,2026-10-02 20:19:00,2026-10-02 21:05:00,LOW,SCHEDULED
T003214,32542,Goods,C069,Dhanupalli Cantt,Girnarkheda Road,L069-08,267.94,2026-10-13 03:36:00,2026-10-13 04:35:00,MEDIUM,SCHEDULED
T003215,14049,Express,C050,Taragunj,Haldipur Road,L050-06,53.65,2026-09-26 12:29:00,2026-09-26 12:38:00,CRITICAL,SCHEDULED
T003216,58131,Passenger,C195,Bharatgunj,Taraganj Road,L195-02,28.22,2026-10-10 00:40:00,2026-10-10 01:04:00,HIGH,FORECAST
T003217,72589,Other,C069,Dhanupalli Cantt,Girnarkheda Road,L069-06,194.8,2026-10-01 01:59:00,2026-10-01 02:40:00,LOW,FORECAST
T003218,57241,Passenger,C195,Bharatgunj,Taraganj Road,L195-05,93.9,2026-09-06 07:09:00,2026-09-06 07:36:00,HIGH,SCHEDULED
T003219,31208,Goods,C036,Ashokgunj Jn,Kanhaganj,L036-01,0.2,2026-10-06 03:43:00,2026-10-06 04:23:00,MEDIUM,SCHEDULED
T003220,58576,Passenger,C059,Yamunanagar Jn,Haldikheda,L059-09,380.03,2026-09-03 15:59:00,2026-09-03 16:43:00,HIGH,SCHEDULED
T003221,57758,Passenger,C163,Dhanuganj Cantt,Veerhalli Jn,L163-05,64.97,2026-09-28 19:55:00,2026-09-28 20:08:00,MEDIUM,SCHEDULED
T003222,13249,Express,C140,Sundarkot Jn,Haldikheda,L140-06,35.5,2026-09-11 15:07:00,2026-09-11 15:13:00,CRITICAL,SCHEDULED
T003223,57352,Passenger,C199,Tarakheda Jn,Bhimagarh,L199-04,135.92,2026-09-29 20:14:00,2026-09-29 20:34:00,HIGH,FORECAST
T003224,13646,Express,C018,Haldiganj,Nilgirigunj Road,L018-09,213.99,2026-10-15 15:50:00,2026-10-15 16:11:00,LOW,SCHEDULED
T003225,13531,Express,C040,Sundargarh Cantt,Lalitnagar Jn,L040-01,22.06,2026-10-01 09:01:00,2026-10-01 09:33:00,CRITICAL,SCHEDULED
T003226,12952,Express,C098,Bilaskheda,Pushkarganj,L098-11,28.84,2026-09-02 10:44:00,2026-09-02 10:50:00,CRITICAL,SCHEDULED
T003227,57362,Passenger,C175,Devgarhnagar Jn,Tarapur,L175-04,212.09,2026-10-10 20:08:00,2026-10-10 20:54:00,CRITICAL,SCHEDULED
T003228,56650,Passenger,C075,Charanpur,Ranahalli Cantt,L075-03,84.0,2026-09-04 10:20:00,2026-09-04 10:55:00,HIGH,SCHEDULED
T003229,12758,Express,C195,Bharatgunj,Taraganj Road,L195-04,60.26,2026-10-10 19:08:00,2026-10-10 19:27:00,CRITICAL,PROVISIONAL
T003230,72183,Other,C050,Taragunj,Haldipur Road,L050-02,30.2,2026-09-20 03:45:00,2026-09-20 04:02:00,LOW,SCHEDULED
T003231,56575,Passenger,C123,Satpurapalli,Charankot Cantt,L123-06,44.14,2026-09-19 20:57:00,2026-09-19 21:29:00,HIGH,SCHEDULED
T003232,58446,Passenger,C069,Dhanupalli Cantt,Girnarkheda Road,L069-03,48.56,2026-09-13 09:28:00,2026-09-13 10:15:00,HIGH,PROVISIONAL
T003233,57727,Passenger,C037,Gangaganj Road,Bilaskot,L037-08,234.0,2026-09-21 20:25:00,2026-09-21 20:55:00,HIGH,SCHEDULED
T003234,58333,Passenger,C140,Sundarkot Jn,Haldikheda,L140-02,16.52,2026-09-17 16:23:00,2026-09-17 16:29:00,HIGH,SCHEDULED
T003235,56270,Passenger,C074,Chandrapalli Cantt,Nilgirikheda,L074-02,7.77,2026-09-18 12:49:00,2026-09-18 13:07:00,HIGH,CANCELLED
T003236,13122,Express,C129,Sagargunj Jn,Meeragunj Road,L129-04,51.91,2026-09-10 14:12:00,2026-09-10 14:21:00,CRITICAL,SCHEDULED
T003237,56240,Passenger,C086,Vindhyakot,Girnarhalli Cantt,L086-07,188.24,2026-09-28 15:47:00,2026-09-28 16:20:00,HIGH,CANCELLED
T003238,14702,Express,C059,Yamunanagar Jn,Haldikheda,L059-01,4.72,2026-09-13 21:46:00,2026-09-13 22:15:00,CRITICAL,SCHEDULED
T003239,32671,Goods,C131,Ashokkot,Narmadagarh Cantt,L131-10,258.71,2026-09-30 13:43:00,2026-09-30 14:29:00,MEDIUM,SCHEDULED
T003240,32206,Goods,C039,Malwaganj Cantt,Satpuraabad Road,L039-05,81.18,2026-10-12 02:14:00,2026-10-12 02:39:00,CRITICAL,SCHEDULED
T003241,58165,Passenger,C140,Sundarkot Jn,Haldikheda,L140-04,29.07,2026-10-09 09:06:00,2026-10-09 09:12:00,HIGH,PROVISIONAL
T003242,71418,Other,C131,Ashokkot,Narmadagarh Cantt,L131-06,167.76,2026-09-19 00:32:00,2026-09-19 01:06:00,LOW,SCHEDULED
T003243,31156,Goods,C123,Satpurapalli,Charankot Cantt,L123-01,11.95,2026-09-26 18:45:00,2026-09-26 19:35:00,MEDIUM,SCHEDULED
T003244,30917,Goods,C131,Ashokkot,Narmadagarh Cantt,L131-10,258.71,2026-10-08 03:54:00,2026-10-08 04:40:00,MEDIUM,SCHEDULED
T003245,56839,Passenger,C075,Charanpur,Ranahalli Cantt,L075-06,182.12,2026-09-08 09:18:00,2026-09-08 09:42:00,HIGH,FORECAST
T003246,56823,Passenger,C163,Dhanuganj Cantt,Veerhalli Jn,L163-03,28.41,2026-10-08 07:20:00,2026-10-08 07:33:00,MEDIUM,SCHEDULED
T003247,32433,Goods,C150,Udaykot Jn,Sagarpalli,L150-09,136.48,2026-09-16 21:31:00,2026-09-16 21:57:00,MEDIUM,SCHEDULED
T003248,30053,Goods,C123,Satpurapalli,Charankot Cantt,L123-08,113.88,2026-10-10 23:24:00,2026-10-11 00:06:00,HIGH,SCHEDULED
T003249,70187,Other,C037,Gangaganj Road,Bilaskot,L037-09,244.87,2026-09-13 18:16:00,2026-09-13 18:53:00,LOW,FORECAST
T003250,56828,Passenger,C051,Veerhalli,Shantipalli Cantt,L051-08,173.27,2026-10-09 18:47:00,2026-10-09 19:07:00,HIGH,SCHEDULED
T003251,14210,Express,C140,Sundarkot Jn,Haldikheda,L140-01,12.21,2026-10-06 20:32:00,2026-10-06 20:38:00,CRITICAL,FORECAST
T003252,30420,Goods,C026,Sabarabad Cantt,Chitrakot,L026-01,4.01,2026-10-07 22:35:00,2026-10-07 22:42:00,MEDIUM,SCHEDULED
T003253,32477,Goods,C199,Tarakheda Jn,Bhimagarh,L199-04,135.92,2026-09-02 22:46:00,2026-09-02 23:34:00,CRITICAL,FORECAST
T003254,30624,Goods,C086,Vindhyakot,Girnarhalli Cantt,L086-06,178.58,2026-09-21 02:02:00,2026-09-21 02:54:00,MEDIUM,SCHEDULED
T003255,12912,Express,C018,Haldiganj,Nilgirigunj Road,L018-06,153.82,2026-09-23 13:23:00,2026-09-23 13:42:00,CRITICAL,PROVISIONAL
T003256,32752,Goods,C140,Sundarkot Jn,Haldikheda,L140-06,35.5,2026-10-02 23:01:00,2026-10-02 23:08:00,MEDIUM,SCHEDULED
T003257,31575,Goods,C155,Omkarhalli,Sabarkheda Road,L155-10,58.13,2026-09-24 17:24:00,2026-09-24 17:33:00,MEDIUM,SCHEDULED
T003258,13590,Express,C140,Sundarkot Jn,Haldikheda,L140-08,38.21,2026-09-07 22:51:00,2026-09-07 22:57:00,CRITICAL,SCHEDULED
T003259,56065,Passenger,C155,Omkarhalli,Sabarkheda Road,L155-07,29.35,2026-09-12 08:01:00,2026-09-12 08:09:00,HIGH,SCHEDULED
T003260,58071,Passenger,C129,Sagargunj Jn,Meeragunj Road,L129-05,53.43,2026-09-08 21:51:00,2026-09-08 22:05:00,HIGH,FORECAST
T003261,31649,Goods,C155,Omkarhalli,Sabarkheda Road,L155-02,8.52,2026-10-12 21:10:00,2026-10-12 21:24:00,MEDIUM,SCHEDULED
T003262,31367,Goods,C176,Vindhyakot Jn,Ranaganj Cantt,L176-05,77.47,2026-09-15 22:30:00,2026-09-15 23:03:00,MEDIUM,SCHEDULED
T003263,56445,Passenger,C196,Devgarhganj,Bharatnagar,L196-02,54.39,2026-09-13 19:28:00,2026-09-13 19:58:00,HIGH,SCHEDULED
T003264,70368,Other,C086,Vindhyakot,Girnarhalli Cantt,L086-06,178.58,2026-09-23 14:52:00,2026-09-23 15:33:00,LOW,SCHEDULED
T003265,31494,Goods,C069,Dhanupalli Cantt,Girnarkheda Road,L069-11,333.57,2026-09-12 03:43:00,2026-09-12 04:08:00,MEDIUM,SCHEDULED
T003266,56412,Passenger,C059,Yamunanagar Jn,Haldikheda,L059-06,354.84,2026-09-17 18:50:00,2026-09-17 19:47:00,HIGH,CANCELLED
T003267,14925,Express,C161,Lalitpalli,Kaveripur Cantt,L161-10,198.97,2026-10-08 19:07:00,2026-10-08 19:26:00,CRITICAL,SCHEDULED
T003268,30136,Goods,C173,Sabargunj,Gangahalli Jn,L173-05,14.61,2026-09-07 07:52:00,2026-09-07 08:00:00,MEDIUM,SCHEDULED
T003269,30064,Goods,C131,Ashokkot,Narmadagarh Cantt,L131-05,158.95,2026-10-03 11:58:00,2026-10-03 12:58:00,MEDIUM,PROVISIONAL
T003270,13070,Express,C093,Pushkarhalli,Rohtakkot,L093-05,330.59,2026-09-02 09:44:00,2026-09-02 10:25:00,CRITICAL,SCHEDULED
T003271,57863,Passenger,C164,Girnarhalli Road,Dhanugunj Cantt,L164-01,46.53,2026-10-14 06:38:00,2026-10-14 07:21:00,HIGH,PROVISIONAL
T003272,13014,Express,C150,Udaykot Jn,Sagarpalli,L150-08,125.81,2026-09-29 06:04:00,2026-09-29 06:13:00,CRITICAL,PROVISIONAL
T003273,13758,Express,C071,Jaisalhalli Cantt,Veergarh Road,L071-06,179.2,2026-09-03 17:00:00,2026-09-03 17:32:00,CRITICAL,SCHEDULED
T003274,70494,Other,C069,Dhanupalli Cantt,Girnarkheda Road,L069-03,48.56,2026-09-25 18:23:00,2026-09-25 19:08:00,LOW,SCHEDULED
T003275,30547,Goods,C163,Dhanuganj Cantt,Veerhalli Jn,L163-02,14.51,2026-09-05 23:58:00,2026-09-06 00:18:00,MEDIUM,SCHEDULED
T003276,56371,Passenger,C098,Bilaskheda,Pushkarganj,L098-14,38.39,2026-09-10 15:39:00,2026-09-10 15:45:00,HIGH,SCHEDULED
T003277,57514,Passenger,C050,Taragunj,Haldipur Road,L050-01,18.15,2026-09-29 20:19:00,2026-09-29 20:32:00,HIGH,PROVISIONAL
T003278,57148,Passenger,C175,Devgarhnagar Jn,Tarapur,L175-01,2.87,2026-10-10 11:42:00,2026-10-10 12:54:00,HIGH,SCHEDULED
T003279,31147,Goods,C140,Sundarkot Jn,Haldikheda,L140-07,37.73,2026-09-20 06:50:00,2026-09-20 06:59:00,MEDIUM,SCHEDULED
T003280,14696,Express,C140,Sundarkot Jn,Haldikheda,L140-08,38.21,2026-09-15 07:15:00,2026-09-15 07:21:00,CRITICAL,SCHEDULED
T003281,57511,Passenger,C092,Narmadanagar,Lalitnagar Jn,L092-07,93.29,2026-09-15 08:09:00,2026-09-15 08:27:00,HIGH,PROVISIONAL
T003282,32334,Goods,C086,Vindhyakot,Girnarhalli Cantt,L086-05,84.66,2026-09-29 14:38:00,2026-09-29 15:43:00,MEDIUM,CANCELLED
T003283,56654,Passenger,C069,Dhanupalli Cantt,Girnarkheda Road,L069-02,35.6,2026-09-28 08:48:00,2026-09-28 09:18:00,HIGH,SCHEDULED
T003284,57338,Passenger,C098,Bilaskheda,Pushkarganj,L098-09,22.87,2026-10-09 18:48:00,2026-10-09 18:54:00,HIGH,SCHEDULED
T003285,12497,Express,C140,Sundarkot Jn,Haldikheda,L140-02,16.52,2026-10-05 17:29:00,2026-10-05 17:35:00,CRITICAL,SCHEDULED
T003286,58304,Passenger,C050,Taragunj,Haldipur Road,L050-05,36.84,2026-09-26 20:07:00,2026-09-26 20:20:00,HIGH,PROVISIONAL
T003287,57203,Passenger,C155,Omkarhalli,Sabarkheda Road,L155-08,49.19,2026-09-08 01:14:00,2026-09-08 01:20:00,HIGH,SCHEDULED
T003288,58701,Passenger,C163,Dhanuganj Cantt,Veerhalli Jn,L163-03,28.41,2026-09-19 20:47:00,2026-09-19 21:02:00,HIGH,SCHEDULED
T003289,31233,Goods,C150,Udaykot Jn,Sagarpalli,L150-02,13.59,2026-10-15 03:34:00,2026-10-15 03:56:00,MEDIUM,SCHEDULED
T003290,57236,Passenger,C176,Vindhyakot Jn,Ranaganj Cantt,L176-09,155.72,2026-10-14 14:51:00,2026-10-14 15:16:00,HIGH,PROVISIONAL
T003291,57522,Passenger,C026,Sabarabad Cantt,Chitrakot,L026-03,10.67,2026-10-13 14:31:00,2026-10-13 14:37:00,HIGH,FORECAST
T003292,57821,Passenger,C115,Konkanpalli,Indrakheda Jn,L115-03,133.82,2026-09-07 23:36:00,2026-09-08 00:06:00,MEDIUM,SCHEDULED
T003293,32760,Goods,C018,Haldiganj,Nilgirigunj Road,L018-04,124.65,2026-09-16 21:33:00,2026-09-16 22:31:00,MEDIUM,SCHEDULED
T003294,58540,Passenger,C140,Sundarkot Jn,Haldikheda,L140-03,28.69,2026-10-01 18:39:00,2026-10-01 18:45:00,HIGH,SCHEDULED
T003295,57886,Passenger,C129,Sagargunj Jn,Meeragunj Road,L129-06,56.17,2026-09-21 09:29:00,2026-09-21 09:40:00,HIGH,SCHEDULED
T003296,31619,Goods,C129,Sagargunj Jn,Meeragunj Road,L129-09,107.56,2026-09-02 21:40:00,2026-09-02 21:59:00,LOW,SCHEDULED
T003297,13927,Express,C192,Malwanagar,Devgarhgarh,L192-06,35.2,2026-09-02 12:43:00,2026-09-02 12:53:00,CRITICAL,SCHEDULED
T003298,56025,Passenger,C169,Bharatkheda,Ambakheda Cantt,L169-06,208.31,2026-09-13 20:08:00,2026-09-13 20:37:00,HIGH,SCHEDULED
T003299,56884,Passenger,C123,Satpurapalli,Charankot Cantt,L123-07,94.28,2026-09-11 16:07:00,2026-09-11 16:34:00,HIGH,PROVISIONAL
T003300,56876,Passenger,C009,Konkanganj,Konkankheda,L009-03,182.63,2026-09-24 11:22:00,2026-09-24 12:00:00,HIGH,SCHEDULED
T003301,56964,Passenger,C028,Girnarpalli,Kanhagunj Cantt,L028-11,367.84,2026-09-03 14:02:00,2026-09-03 14:42:00,HIGH,FORECAST
T003302,32282,Goods,C175,Devgarhnagar Jn,Tarapur,L175-04,212.09,2026-09-26 04:59:00,2026-09-26 06:31:00,MEDIUM,SCHEDULED
T003303,58889,Passenger,C176,Vindhyakot Jn,Ranaganj Cantt,L176-14,244.66,2026-10-09 18:37:00,2026-10-09 19:01:00,HIGH,SCHEDULED
T003304,14621,Express,C026,Sabarabad Cantt,Chitrakot,L026-05,23.62,2026-09-10 11:32:00,2026-09-10 11:38:00,CRITICAL,SCHEDULED
T003305,13409,Express,C153,Veerkot Jn,Veerkheda Road,L153-03,36.95,2026-09-02 07:32:00,2026-09-02 07:42:00,CRITICAL,SCHEDULED
T003306,14803,Express,C195,Bharatgunj,Taraganj Road,L195-01,21.94,2026-10-14 09:01:00,2026-10-14 09:23:00,CRITICAL,SCHEDULED
T003307,12799,Express,C140,Sundarkot Jn,Haldikheda,L140-06,35.5,2026-09-21 15:07:00,2026-09-21 15:13:00,CRITICAL,SCHEDULED
T003308,31791,Goods,C069,Dhanupalli Cantt,Girnarkheda Road,L069-07,215.64,2026-09-29 03:43:00,2026-09-29 04:38:00,MEDIUM,SCHEDULED
T003309,13880,Express,C009,Konkanganj,Konkankheda,L009-07,242.71,2026-09-28 05:44:00,2026-09-28 06:13:00,CRITICAL,SCHEDULED
T003310,14701,Express,C164,Girnarhalli Road,Dhanugunj Cantt,L164-03,127.28,2026-09-02 17:55:00,2026-09-02 18:21:00,LOW,SCHEDULED
T003311,57465,Passenger,C189,Indragarh,Nilgirigarh,L189-01,22.15,2026-10-05 09:20:00,2026-10-05 10:08:00,MEDIUM,SCHEDULED
T003312,30387,Goods,C076,Jaisalnagar Jn,Veerpalli,L076-05,222.89,2026-10-10 01:38:00,2026-10-10 02:37:00,MEDIUM,SCHEDULED
T003313,31969,Goods,C050,Taragunj,Haldipur Road,L050-10,121.98,2026-09-28 00:58:00,2026-09-28 01:20:00,MEDIUM,FORECAST
T003314,30528,Goods,C026,Sabarabad Cantt,Chitrakot,L026-02,9.14,2026-10-11 23:26:00,2026-10-11 23:36:00,MEDIUM,SCHEDULED
T003315,56638,Passenger,C164,Girnarhalli Road,Dhanugunj Cantt,L164-01,46.53,2026-09-13 15:12:00,2026-09-13 16:09:00,HIGH,SCHEDULED
T003316,31944,Goods,C115,Konkanpalli,Indrakheda Jn,L115-10,295.71,2026-09-05 12:53:00,2026-09-05 13:37:00,MEDIUM,PROVISIONAL
T003317,56002,Passenger,C133,Konkankot,Shantigarh,L133-01,102.8,2026-09-02 07:35:00,2026-09-02 08:31:00,HIGH,FORECAST
T003318,57169,Passenger,C026,Sabarabad Cantt,Chitrakot,L026-05,23.62,2026-09-17 07:13:00,2026-09-17 07:19:00,HIGH,SCHEDULED
T003319,57146,Passenger,C091,Ashokpur,Indrapalli Road,L091-02,8.03,2026-09-01 19:11:00,2026-09-01 19:18:00,HIGH,SCHEDULED
T003320,31825,Goods,C047,Vindhyapalli Jn,Dhanukot,L047-07,110.05,2026-10-10 01:18:00,2026-10-10 01:49:00,CRITICAL,SCHEDULED
T003321,12377,Express,C136,Lalitpalli,Sabarabad Road,L136-08,115.83,2026-10-08 10:44:00,2026-10-08 10:53:00,MEDIUM,SCHEDULED
T003322,58494,Passenger,C054,Chandrakot,Satpurahalli Cantt,L054-04,82.09,2026-09-19 21:03:00,2026-09-19 21:20:00,CRITICAL,SCHEDULED
T003323,56292,Passenger,C075,Charanpur,Ranahalli Cantt,L075-09,208.81,2026-09-02 07:11:00,2026-09-02 07:52:00,HIGH,FORECAST
T003324,14721,Express,C009,Konkanganj,Konkankheda,L009-04,201.98,2026-09-08 09:06:00,2026-09-08 09:27:00,CRITICAL,FORECAST
T003325,58816,Passenger,C039,Malwaganj Cantt,Satpuraabad Road,L039-07,116.74,2026-09-25 18:09:00,2026-09-25 18:26:00,CRITICAL,SCHEDULED
T003326,31902,Goods,C009,Konkanganj,Konkankheda,L009-03,182.63,2026-10-10 03:08:00,2026-10-10 04:06:00,MEDIUM,SCHEDULED
T003327,32445,Goods,C039,Malwaganj Cantt,Satpuraabad Road,L039-10,171.17,2026-09-03 16:21:00,2026-09-03 16:50:00,MEDIUM,SCHEDULED
T003328,32605,Goods,C059,Yamunanagar Jn,Haldikheda,L059-06,354.84,2026-09-11 15:14:00,2026-09-11 16:33:00,MEDIUM,SCHEDULED
T003329,30381,Goods,C131,Ashokkot,Narmadagarh Cantt,L131-06,167.76,2026-09-06 00:48:00,2026-09-06 01:50:00,MEDIUM,SCHEDULED
T003330,56722,Passenger,C193,Bilaskheda Jn,Devgarhkheda,L193-01,79.62,2026-09-18 08:50:00,2026-09-18 09:15:00,HIGH,SCHEDULED
T003331,56359,Passenger,C026,Sabarabad Cantt,Chitrakot,L026-04,17.94,2026-10-03 07:46:00,2026-10-03 07:52:00,HIGH,CANCELLED
T003332,14561,Express,C150,Udaykot Jn,Sagarpalli,L150-08,125.81,2026-09-06 17:07:00,2026-09-06 17:14:00,CRITICAL,SCHEDULED
T003333,30223,Goods,C098,Bilaskheda,Pushkarganj,L098-05,8.04,2026-10-08 02:16:00,2026-10-08 02:22:00,MEDIUM,PROVISIONAL
T003334,30146,Goods,C192,Malwanagar,Devgarhgarh,L192-05,32.99,2026-10-10 14:15:00,2026-10-10 14:37:00,MEDIUM,SCHEDULED
T003335,56366,Passenger,C176,Vindhyakot Jn,Ranaganj Cantt,L176-08,119.37,2026-10-06 23:29:00,2026-10-06 23:53:00,HIGH,SCHEDULED
T003336,56092,Passenger,C115,Konkanpalli,Indrakheda Jn,L115-03,133.82,2026-09-17 01:56:00,2026-09-17 02:41:00,HIGH,SCHEDULED
T003337,58562,Passenger,C131,Ashokkot,Narmadagarh Cantt,L131-01,20.98,2026-09-02 07:28:00,2026-09-02 08:07:00,HIGH,FORECAST
T003338,31945,Goods,C164,Girnarhalli Road,Dhanugunj Cantt,L164-02,82.77,2026-09-25 04:39:00,2026-09-25 06:01:00,MEDIUM,FORECAST
T003339,14480,Express,C069,Dhanupalli Cantt,Girnarkheda Road,L069-01,22.53,2026-10-14 10:15:00,2026-10-14 10:44:00,CRITICAL,FORECAST
T003340,58897,Passenger,C026,Sabarabad Cantt,Chitrakot,L026-03,10.67,2026-10-08 19:17:00,2026-10-08 19:23:00,HIGH,SCHEDULED
T003341,57612,Passenger,C140,Sundarkot Jn,Haldikheda,L140-01,12.21,2026-09-28 19:14:00,2026-09-28 19:20:00,HIGH,SCHEDULED
T003342,30511,Goods,C051,Veerhalli,Shantipalli Cantt,L051-04,115.18,2026-09-11 22:14:00,2026-09-11 23:01:00,MEDIUM,SCHEDULED
T003343,13594,Express,C163,Dhanuganj Cantt,Veerhalli Jn,L163-02,14.51,2026-09-24 15:05:00,2026-09-24 15:15:00,CRITICAL,FORECAST
T003344,32796,Goods,C163,Dhanuganj Cantt,Veerhalli Jn,L163-10,113.37,2026-09-30 20:52:00,2026-09-30 21:12:00,MEDIUM,SCHEDULED
T003345,31618,Goods,C060,Ranaabad,Udayganj Cantt,L060-04,90.61,2026-09-11 22:57:00,2026-09-11 23:48:00,MEDIUM,FORECAST
T003346,58694,Passenger,C155,Omkarhalli,Sabarkheda Road,L155-04,15.66,2026-09-12 14:08:00,2026-09-12 14:15:00,HIGH,SCHEDULED
T003347,58100,Passenger,C123,Satpurapalli,Charankot Cantt,L123-03,31.28,2026-09-07 05:09:00,2026-09-07 05:41:00,HIGH,SCHEDULED
T003348,56018,Passenger,C069,Dhanupalli Cantt,Girnarkheda Road,L069-01,22.53,2026-10-11 08:59:00,2026-10-11 09:31:00,MEDIUM,SCHEDULED
T003349,58911,Passenger,C069,Dhanupalli Cantt,Girnarkheda Road,L069-02,35.6,2026-10-06 12:41:00,2026-10-06 13:23:00,HIGH,FORECAST
T003350,58663,Passenger,C069,Dhanupalli Cantt,Girnarkheda Road,L069-09,277.58,2026-10-03 08:53:00,2026-10-03 09:19:00,HIGH,SCHEDULED
T003351,12739,Express,C140,Sundarkot Jn,Haldikheda,L140-05,34.07,2026-09-03 20:49:00,2026-09-03 20:55:00,CRITICAL,SCHEDULED
T003352,12474,Express,C131,Ashokkot,Narmadagarh Cantt,L131-08,224.31,2026-10-05 09:18:00,2026-10-05 09:42:00,CRITICAL,SCHEDULED
T003353,30658,Goods,C129,Sagargunj Jn,Meeragunj Road,L129-02,8.42,2026-09-21 22:15:00,2026-09-21 22:37:00,CRITICAL,FORECAST
T003354,56985,Passenger,C028,Girnarpalli,Kanhagunj Cantt,L028-08,213.39,2026-09-14 16:59:00,2026-09-14 17:30:00,MEDIUM,SCHEDULED
T003355,56432,Passenger,C009,Konkanganj,Konkankheda,L009-07,242.71,2026-09-27 07:13:00,2026-09-27 07:49:00,HIGH,PROVISIONAL
T003356,56912,Passenger,C150,Udaykot Jn,Sagarpalli,L150-03,22.68,2026-09-12 21:16:00,2026-09-12 21:31:00,HIGH,SCHEDULED
T003357,32324,Goods,C115,Konkanpalli,Indrakheda Jn,L115-10,295.71,2026-10-09 19:03:00,2026-10-09 20:06:00,MEDIUM,FORECAST
T003358,57579,Passenger,C150,Udaykot Jn,Sagarpalli,L150-03,22.68,2026-09-21 06:53:00,2026-09-21 07:08:00,HIGH,FORECAST
T003359,14417,Express,C071,Jaisalhalli Cantt,Veergarh Road,L071-05,178.19,2026-10-01 16:29:00,2026-10-01 16:47:00,CRITICAL,SCHEDULED
T003360,32774,Goods,C075,Charanpur,Ranahalli Cantt,L075-07,186.41,2026-09-23 10:46:00,2026-09-23 11:39:00,MEDIUM,SCHEDULED
T003361,57791,Passenger,C175,Devgarhnagar Jn,Tarapur,L175-03,202.75,2026-10-15 17:12:00,2026-10-15 18:40:00,LOW,SCHEDULED
T003362,58875,Passenger,C195,Bharatgunj,Taraganj Road,L195-04,60.26,2026-09-30 00:34:00,2026-09-30 01:05:00,CRITICAL,SCHEDULED
T003363,12513,Express,C163,Dhanuganj Cantt,Veerhalli Jn,L163-06,67.58,2026-10-03 13:09:00,2026-10-03 13:20:00,CRITICAL,SCHEDULED
T003364,31797,Goods,C195,Bharatgunj,Taraganj Road,L195-07,109.28,2026-09-25 23:16:00,2026-09-25 23:52:00,MEDIUM,SCHEDULED
T003365,58902,Passenger,C069,Dhanupalli Cantt,Girnarkheda Road,L069-03,48.56,2026-09-07 07:44:00,2026-09-07 08:19:00,HIGH,SCHEDULED
T003366,56458,Passenger,C140,Sundarkot Jn,Haldikheda,L140-07,37.73,2026-09-08 07:08:00,2026-09-08 07:14:00,HIGH,SCHEDULED
T003367,57181,Passenger,C009,Konkanganj,Konkankheda,L009-03,182.63,2026-09-23 20:48:00,2026-09-23 21:23:00,HIGH,FORECAST
T003368,30992,Goods,C028,Girnarpalli,Kanhagunj Cantt,L028-11,367.84,2026-09-17 21:55:00,2026-09-17 23:02:00,MEDIUM,SCHEDULED
T003369,30887,Goods,C163,Dhanuganj Cantt,Veerhalli Jn,L163-03,28.41,2026-10-15 06:05:00,2026-10-15 06:32:00,MEDIUM,SCHEDULED
T003370,13727,Express,C018,Haldiganj,Nilgirigunj Road,L018-06,153.82,2026-10-06 17:02:00,2026-10-06 17:26:00,CRITICAL,FORECAST
T003371,31927,Goods,C050,Taragunj,Haldipur Road,L050-01,18.15,2026-09-20 20:24:00,2026-09-20 20:44:00,MEDIUM,SCHEDULED
T003372,32662,Goods,C123,Satpurapalli,Charankot Cantt,L123-06,44.14,2026-09-11 05:09:00,2026-09-11 06:07:00,MEDIUM,SCHEDULED
T003373,13793,Express,C176,Vindhyakot Jn,Ranaganj Cantt,L176-11,200.35,2026-10-07 23:58:00,2026-10-08 00:11:00,CRITICAL,FORECAST
T003374,71271,Other,C016,Sabarhalli Road,Ambagunj Road,L016-09,169.68,2026-09-04 16:12:00,2026-09-04 16:29:00,LOW,SCHEDULED
T003375,12558,Express,C069,Dhanupalli Cantt,Girnarkheda Road,L069-08,267.94,2026-09-09 16:26:00,2026-09-09 16:49:00,CRITICAL,FORECAST
T003376,57191,Passenger,C026,Sabarabad Cantt,Chitrakot,L026-04,17.94,2026-09-29 06:13:00,2026-09-29 06:19:00,HIGH,FORECAST
T003377,58332,Passenger,C176,Vindhyakot Jn,Ranaganj Cantt,L176-08,119.37,2026-10-11 12:06:00,2026-10-11 12:22:00,HIGH,SCHEDULED
T003378,58308,Passenger,C175,Devgarhnagar Jn,Tarapur,L175-02,167.66,2026-10-08 11:57:00,2026-10-08 13:26:00,HIGH,SCHEDULED
T003379,30224,Goods,C163,Dhanuganj Cantt,Veerhalli Jn,L163-11,115.88,2026-09-11 13:55:00,2026-09-11 14:19:00,MEDIUM,SCHEDULED
T003380,56508,Passenger,C115,Konkanpalli,Indrakheda Jn,L115-01,50.74,2026-10-11 12:21:00,2026-10-11 12:58:00,LOW,SCHEDULED
T003381,32137,Goods,C150,Udaykot Jn,Sagarpalli,L150-07,109.46,2026-09-14 00:32:00,2026-09-14 01:05:00,MEDIUM,SCHEDULED
T003382,56360,Passenger,C164,Girnarhalli Road,Dhanugunj Cantt,L164-03,127.28,2026-10-08 11:00:00,2026-10-08 11:40:00,HIGH,SCHEDULED
T003383,58361,Passenger,C079,Jaisalganj Road,Krishnaganj,L079-04,128.84,2026-10-11 11:52:00,2026-10-11 12:19:00,HIGH,PROVISIONAL
T003384,72737,Other,C123,Satpurapalli,Charankot Cantt,L123-04,31.64,2026-09-25 16:41:00,2026-09-25 17:21:00,LOW,PROVISIONAL
T003385,30356,Goods,C164,Girnarhalli Road,Dhanugunj Cantt,L164-10,357.49,2026-10-04 02:50:00,2026-10-04 04:13:00,MEDIUM,CANCELLED
T003386,32776,Goods,C018,Haldiganj,Nilgirigunj Road,L018-07,174.74,2026-10-04 03:16:00,2026-10-04 03:50:00,MEDIUM,SCHEDULED
T003387,57905,Passenger,C195,Bharatgunj,Taraganj Road,L195-03,41.77,2026-09-15 19:48:00,2026-09-15 20:19:00,LOW,SCHEDULED
T003388,13038,Express,C069,Dhanupalli Cantt,Girnarkheda Road,L069-02,35.6,2026-09-09 19:51:00,2026-09-09 20:10:00,CRITICAL,PROVISIONAL
T003389,32211,Goods,C069,Dhanupalli Cantt,Girnarkheda Road,L069-05,175.88,2026-09-17 10:43:00,2026-09-17 11:30:00,MEDIUM,SCHEDULED
T003390,57614,Passenger,C086,Vindhyakot,Girnarhalli Cantt,L086-02,42.68,2026-10-11 16:51:00,2026-10-11 17:21:00,HIGH,SCHEDULED
T003391,14980,Express,C164,Girnarhalli Road,Dhanugunj Cantt,L164-08,276.89,2026-09-29 21:55:00,2026-09-29 22:21:00,CRITICAL,SCHEDULED
T003392,13743,Express,C129,Sagargunj Jn,Meeragunj Road,L129-08,68.83,2026-10-13 11:02:00,2026-10-13 11:11:00,CRITICAL,SCHEDULED
T003393,56529,Passenger,C150,Udaykot Jn,Sagarpalli,L150-09,136.48,2026-09-14 15:04:00,2026-09-14 15:17:00,HIGH,FORECAST
T003394,57792,Passenger,C195,Bharatgunj,Taraganj Road,L195-05,93.9,2026-09-23 18:46:00,2026-09-23 19:17:00,HIGH,SCHEDULED
T003395,57109,Passenger,C050,Taragunj,Haldipur Road,L050-02,30.2,2026-10-07 08:20:00,2026-10-07 08:32:00,LOW,SCHEDULED
T003396,30726,Goods,C121,Bharatkot Road,Yamunagunj Cantt,L121-04,201.48,2026-09-25 21:50:00,2026-09-25 22:50:00,MEDIUM,SCHEDULED
T003397,57526,Passenger,C176,Vindhyakot Jn,Ranaganj Cantt,L176-07,116.6,2026-09-27 09:16:00,2026-09-27 09:32:00,HIGH,PROVISIONAL
T003398,72333,Other,C161,Lalitpalli,Kaveripur Cantt,L161-02,1.36,2026-10-03 10:00:00,2026-10-03 10:23:00,LOW,SCHEDULED
T003399,12323,Express,C050,Taragunj,Haldipur Road,L050-03,34.24,2026-09-24 16:59:00,2026-09-24 17:08:00,CRITICAL,SCHEDULED
T003400,12579,Express,C091,Ashokpur,Indrapalli Road,L091-12,77.29,2026-10-12 18:43:00,2026-10-12 18:49:00,CRITICAL,SCHEDULED
T003401,57021,Passenger,C150,Udaykot Jn,Sagarpalli,L150-08,125.81,2026-09-20 06:37:00,2026-09-20 06:51:00,HIGH,SCHEDULED
T003402,32913,Goods,C069,Dhanupalli Cantt,Girnarkheda Road,L069-12,378.6,2026-09-10 02:12:00,2026-09-10 02:54:00,MEDIUM,SCHEDULED
T003403,13843,Express,C039,Malwaganj Cantt,Satpuraabad Road,L039-01,1.19,2026-09-27 08:41:00,2026-09-27 08:51:00,CRITICAL,SCHEDULED
T003404,57428,Passenger,C175,Devgarhnagar Jn,Tarapur,L175-03,202.75,2026-09-04 16:54:00,2026-09-04 17:56:00,HIGH,FORECAST
T003405,58477,Passenger,C022,Gangaganj,Taragarh,L022-09,183.75,2026-09-28 09:31:00,2026-09-28 09:56:00,HIGH,SCHEDULED
T003406,57533,Passenger,C163,Dhanuganj Cantt,Veerhalli Jn,L163-05,64.97,2026-09-16 16:08:00,2026-09-16 16:24:00,HIGH,FORECAST
T003407,30377,Goods,C155,Omkarhalli,Sabarkheda Road,L155-01,0.57,2026-09-17 15:15:00,2026-09-17 15:28:00,MEDIUM,SCHEDULED
T003408,56207,Passenger,C150,Udaykot Jn,Sagarpalli,L150-12,167.61,2026-09-23 08:32:00,2026-09-23 08:49:00,HIGH,SCHEDULED
T003409,13984,Express,C150,Udaykot Jn,Sagarpalli,L150-11,162.07,2026-09-28 14:54:00,2026-09-28 15:07:00,CRITICAL,SCHEDULED
T003410,31493,Goods,C199,Tarakheda Jn,Bhimagarh,L199-01,47.99,2026-09-14 01:17:00,2026-09-14 01:51:00,MEDIUM,SCHEDULED
T003411,71733,Other,C195,Bharatgunj,Taraganj Road,L195-03,41.77,2026-09-16 17:50:00,2026-09-16 18:22:00,LOW,SCHEDULED
T003412,14067,Express,C195,Bharatgunj,Taraganj Road,L195-06,98.59,2026-10-04 14:08:00,2026-10-04 14:29:00,CRITICAL,PROVISIONAL
T003413,32816,Goods,C150,Udaykot Jn,Sagarpalli,L150-04,28.77,2026-09-20 00:52:00,2026-09-20 01:18:00,MEDIUM,SCHEDULED
T003414,12104,Express,C069,Dhanupalli Cantt,Girnarkheda Road,L069-04,164.65,2026-09-26 11:22:00,2026-09-26 11:42:00,CRITICAL,FORECAST
T003415,56120,Passenger,C079,Jaisalganj Road,Krishnaganj,L079-01,12.13,2026-10-06 13:19:00,2026-10-06 13:51:00,HIGH,SCHEDULED
T003416,70625,Other,C115,Konkanpalli,Indrakheda Jn,L115-03,133.82,2026-09-27 08:01:00,2026-09-27 08:38:00,LOW,FORECAST
T003417,30066,Goods,C150,Udaykot Jn,Sagarpalli,L150-06,61.26,2026-10-04 04:04:00,2026-10-04 04:27:00,HIGH,FORECAST
T003418,71891,Other,C099,Malwagunj,Gangaganj,L099-04,17.97,2026-10-05 21:09:00,2026-10-05 21:16:00,LOW,FORECAST
T003419,14113,Express,C115,Konkanpalli,Indrakheda Jn,L115-03,133.82,2026-09-28 14:09:00,2026-09-28 14:35:00,CRITICAL,SCHEDULED
T003420,31008,Goods,C069,Dhanupalli Cantt,Girnarkheda Road,L069-01,22.53,2026-09-20 21:18:00,2026-09-20 22:15:00,MEDIUM,FORECAST
T003421,13880,Express,C150,Udaykot Jn,Sagarpalli,L150-09,136.48,2026-09-14 11:20:00,2026-09-14 11:33:00,CRITICAL,PROVISIONAL
T003422,58760,Passenger,C069,Dhanupalli Cantt,Girnarkheda Road,L069-03,48.56,2026-09-09 19:30:00,2026-09-09 20:07:00,LOW,FORECAST
T003423,57532,Passenger,C129,Sagargunj Jn,Meeragunj Road,L129-07,62.07,2026-09-10 14:16:00,2026-09-10 14:29:00,HIGH,PROVISIONAL
T003424,12580,Express,C016,Sabarhalli Road,Ambagunj Road,L016-09,169.68,2026-10-06 12:12:00,2026-10-06 12:28:00,CRITICAL,SCHEDULED
T003425,58868,Passenger,C163,Dhanuganj Cantt,Veerhalli Jn,L163-06,67.58,2026-09-06 10:04:00,2026-09-06 10:14:00,HIGH,SCHEDULED
T003426,30534,Goods,C009,Konkanganj,Konkankheda,L009-04,201.98,2026-10-05 20:14:00,2026-10-05 21:30:00,MEDIUM,SCHEDULED
T003427,72388,Other,C071,Jaisalhalli Cantt,Veergarh Road,L071-04,70.92,2026-09-26 04:05:00,2026-09-26 05:06:00,LOW,SCHEDULED
T003428,58119,Passenger,C028,Girnarpalli,Kanhagunj Cantt,L028-04,101.58,2026-09-07 07:53:00,2026-09-07 08:45:00,HIGH,SCHEDULED
T003429,31436,Goods,C059,Yamunanagar Jn,Haldikheda,L059-03,215.56,2026-10-07 21:29:00,2026-10-07 22:07:00,MEDIUM,SCHEDULED
T003430,31154,Goods,C176,Vindhyakot Jn,Ranaganj Cantt,L176-05,77.47,2026-10-03 05:42:00,2026-10-03 06:19:00,MEDIUM,SCHEDULED
T003431,12577,Express,C150,Udaykot Jn,Sagarpalli,L150-09,136.48,2026-09-02 15:31:00,2026-09-02 15:42:00,CRITICAL,FORECAST
T003432,32061,Goods,C195,Bharatgunj,Taraganj Road,L195-07,109.28,2026-09-16 09:08:00,2026-09-16 09:56:00,MEDIUM,PROVISIONAL
T003433,57499,Passenger,C050,Taragunj,Haldipur Road,L050-01,18.15,2026-10-03 13:46:00,2026-10-03 14:01:00,LOW,SCHEDULED
T003434,56544,Passenger,C050,Taragunj,Haldipur Road,L050-07,54.04,2026-10-05 00:34:00,2026-10-05 00:48:00,HIGH,PROVISIONAL
T003435,57785,Passenger,C140,Sundarkot Jn,Haldikheda,L140-07,37.73,2026-10-14 15:39:00,2026-10-14 15:45:00,HIGH,SCHEDULED
T003436,14220,Express,C129,Sagargunj Jn,Meeragunj Road,L129-02,8.42,2026-09-24 21:54:00,2026-09-24 22:02:00,CRITICAL,SCHEDULED
T003437,58291,Passenger,C009,Konkanganj,Konkankheda,L009-04,201.98,2026-09-14 19:50:00,2026-09-14 20:33:00,HIGH,SCHEDULED
T003438,70802,Other,C050,Taragunj,Haldipur Road,L050-03,34.24,2026-09-28 02:26:00,2026-09-28 02:43:00,LOW,SCHEDULED
T003439,13847,Express,C115,Konkanpalli,Indrakheda Jn,L115-02,77.35,2026-10-01 10:39:00,2026-10-01 11:01:00,CRITICAL,FORECAST
T003440,57451,Passenger,C129,Sagargunj Jn,Meeragunj Road,L129-08,68.83,2026-09-27 08:48:00,2026-09-27 09:00:00,HIGH,CANCELLED
T003441,30951,Goods,C123,Satpurapalli,Charankot Cantt,L123-02,16.66,2026-09-06 23:52:00,2026-09-07 00:32:00,MEDIUM,SCHEDULED
T003442,32000,Goods,C069,Dhanupalli Cantt,Girnarkheda Road,L069-09,277.58,2026-09-25 13:31:00,2026-09-25 14:34:00,MEDIUM,SCHEDULED
T003443,56863,Passenger,C163,Dhanuganj Cantt,Veerhalli Jn,L163-06,67.58,2026-10-10 22:50:00,2026-10-10 23:02:00,HIGH,SCHEDULED
T003444,30632,Goods,C009,Konkanganj,Konkankheda,L009-04,201.98,2026-09-09 22:13:00,2026-09-09 23:24:00,MEDIUM,SCHEDULED
T003445,31191,Goods,C069,Dhanupalli Cantt,Girnarkheda Road,L069-12,378.6,2026-09-21 01:30:00,2026-09-21 02:34:00,MEDIUM,SCHEDULED
T003446,58159,Passenger,C120,Udayganj,Haldiganj Jn,L120-09,267.04,2026-09-21 06:17:00,2026-09-21 06:55:00,HIGH,SCHEDULED
T003447,12827,Express,C051,Veerhalli,Shantipalli Cantt,L051-01,41.51,2026-10-11 00:16:00,2026-10-11 00:29:00,CRITICAL,SCHEDULED
T003448,70794,Other,C071,Jaisalhalli Cantt,Veergarh Road,L071-02,17.02,2026-09-04 11:23:00,2026-09-04 12:18:00,LOW,SCHEDULED
T003449,13560,Express,C086,Vindhyakot,Girnarhalli Cantt,L086-06,178.58,2026-09-26 14:44:00,2026-09-26 15:02:00,CRITICAL,SCHEDULED
T003450,57846,Passenger,C163,Dhanuganj Cantt,Veerhalli Jn,L163-06,67.58,2026-09-19 23:07:00,2026-09-19 23:23:00,HIGH,SCHEDULED
T003451,58198,Passenger,C150,Udaykot Jn,Sagarpalli,L150-08,125.81,2026-10-04 21:38:00,2026-10-04 21:54:00,HIGH,SCHEDULED
T003452,14299,Express,C163,Dhanuganj Cantt,Veerhalli Jn,L163-05,64.97,2026-09-20 07:15:00,2026-09-20 07:23:00,MEDIUM,SCHEDULED
T003453,56385,Passenger,C199,Tarakheda Jn,Bhimagarh,L199-11,303.6,2026-10-11 09:42:00,2026-10-11 10:08:00,HIGH,FORECAST
T003454,14716,Express,C154,Nilgirinagar,Konkannagar,L154-04,30.34,2026-09-14 15:46:00,2026-09-14 16:01:00,CRITICAL,FORECAST
T003455,57307,Passenger,C028,Girnarpalli,Kanhagunj Cantt,L028-01,12.06,2026-09-27 00:21:00,2026-09-27 01:00:00,HIGH,SCHEDULED
T003456,58893,Passenger,C192,Malwanagar,Devgarhgarh,L192-02,24.47,2026-09-27 10:30:00,2026-09-27 10:42:00,HIGH,PROVISIONAL
T003457,30705,Goods,C192,Malwanagar,Devgarhgarh,L192-05,32.99,2026-09-23 20:32:00,2026-09-23 20:58:00,MEDIUM,FORECAST
T003458,57744,Passenger,C195,Bharatgunj,Taraganj Road,L195-05,93.9,2026-09-27 01:37:00,2026-09-27 02:15:00,MEDIUM,SCHEDULED
T003459,58850,Passenger,C115,Konkanpalli,Indrakheda Jn,L115-02,77.35,2026-09-22 19:36:00,2026-09-22 20:01:00,HIGH,SCHEDULED
T003460,30932,Goods,C071,Jaisalhalli Cantt,Veergarh Road,L071-06,179.2,2026-10-10 13:29:00,2026-10-10 14:47:00,LOW,FORECAST
T003461,56990,Passenger,C163,Dhanuganj Cantt,Veerhalli Jn,L163-07,71.82,2026-09-13 21:27:00,2026-09-13 21:36:00,HIGH,SCHEDULED
T003462,58189,Passenger,C069,Dhanupalli Cantt,Girnarkheda Road,L069-02,35.6,2026-09-16 09:19:00,2026-09-16 09:51:00,HIGH,SCHEDULED
T003463,70174,Other,C059,Yamunanagar Jn,Haldikheda,L059-08,372.87,2026-10-03 08:25:00,2026-10-03 09:21:00,LOW,FORECAST
T003464,30812,Goods,C009,Konkanganj,Konkankheda,L009-01,14.97,2026-09-14 21:04:00,2026-09-14 21:47:00,MEDIUM,SCHEDULED
T003465,30715,Goods,C150,Udaykot Jn,Sagarpalli,L150-08,125.81,2026-09-13 03:22:00,2026-09-13 03:49:00,LOW,SCHEDULED
T003466,30960,Goods,C199,Tarakheda Jn,Bhimagarh,L199-03,107.15,2026-10-05 04:18:00,2026-10-05 05:05:00,MEDIUM,SCHEDULED
T003467,13651,Express,C060,Ranaabad,Udayganj Cantt,L060-02,40.16,2026-10-01 11:05:00,2026-10-01 11:28:00,CRITICAL,SCHEDULED
T003468,71462,Other,C140,Sundarkot Jn,Haldikheda,L140-08,38.21,2026-10-11 03:02:00,2026-10-11 03:08:00,HIGH,SCHEDULED
T003469,30894,Goods,C026,Sabarabad Cantt,Chitrakot,L026-02,9.14,2026-10-07 21:14:00,2026-10-07 21:23:00,MEDIUM,SCHEDULED
T003470,57831,Passenger,C195,Bharatgunj,Taraganj Road,L195-07,109.28,2026-09-07 12:48:00,2026-09-07 13:14:00,HIGH,SCHEDULED
T003471,70880,Other,C150,Udaykot Jn,Sagarpalli,L150-08,125.81,2026-10-05 15:10:00,2026-10-05 15:26:00,LOW,SCHEDULED
T003472,57298,Passenger,C131,Ashokkot,Narmadagarh Cantt,L131-06,167.76,2026-10-15 20:40:00,2026-10-15 21:10:00,HIGH,FORECAST
T003473,30475,Goods,C150,Udaykot Jn,Sagarpalli,L150-02,13.59,2026-09-04 03:29:00,2026-09-04 03:54:00,LOW,SCHEDULED
T003474,56789,Passenger,C164,Girnarhalli Road,Dhanugunj Cantt,L164-09,325.29,2026-10-10 00:41:00,2026-10-10 01:20:00,HIGH,PROVISIONAL
T003475,12901,Express,C140,Sundarkot Jn,Haldikheda,L140-09,40.15,2026-09-14 18:05:00,2026-09-14 18:11:00,CRITICAL,SCHEDULED
T003476,14085,Express,C131,Ashokkot,Narmadagarh Cantt,L131-09,244.61,2026-10-04 04:51:00,2026-10-04 05:18:00,CRITICAL,SCHEDULED
T003477,70185,Other,C175,Devgarhnagar Jn,Tarapur,L175-04,212.09,2026-09-09 18:44:00,2026-09-09 20:21:00,LOW,SCHEDULED
T003478,57910,Passenger,C098,Bilaskheda,Pushkarganj,L098-02,3.88,2026-09-20 19:28:00,2026-09-20 19:34:00,HIGH,SCHEDULED
T003479,71448,Other,C186,Bhimaabad,Omkarabad Cantt,L186-02,14.66,2026-09-04 15:34:00,2026-09-04 16:20:00,LOW,SCHEDULED
T003480,12493,Express,C069,Dhanupalli Cantt,Girnarkheda Road,L069-07,215.64,2026-10-13 20:22:00,2026-10-13 20:36:00,CRITICAL,SCHEDULED
T003481,30435,Goods,C059,Yamunanagar Jn,Haldikheda,L059-10,380.23,2026-09-22 06:24:00,2026-09-22 07:25:00,MEDIUM,SCHEDULED
T003482,14979,Express,C195,Bharatgunj,Taraganj Road,L195-07,109.28,2026-09-23 10:16:00,2026-09-23 10:31:00,CRITICAL,SCHEDULED
T003483,56266,Passenger,C069,Dhanupalli Cantt,Girnarkheda Road,L069-01,22.53,2026-09-01 19:07:00,2026-09-01 19:34:00,HIGH,SCHEDULED
T003484,30123,Goods,C071,Jaisalhalli Cantt,Veergarh Road,L071-03,41.93,2026-09-09 05:19:00,2026-09-09 06:25:00,MEDIUM,FORECAST
T003485,58464,Passenger,C039,Malwaganj Cantt,Satpuraabad Road,L039-13,210.07,2026-09-20 13:29:00,2026-09-20 13:50:00,HIGH,SCHEDULED
T003486,30722,Goods,C195,Bharatgunj,Taraganj Road,L195-06,98.59,2026-09-02 14:27:00,2026-09-02 15:14:00,MEDIUM,SCHEDULED
T003487,57231,Passenger,C074,Chandrapalli Cantt,Nilgirikheda,L074-04,14.02,2026-09-29 13:58:00,2026-09-29 14:13:00,HIGH,PROVISIONAL
T003488,72431,Other,C155,Omkarhalli,Sabarkheda Road,L155-01,0.57,2026-10-02 21:17:00,2026-10-02 21:31:00,LOW,CANCELLED
T003489,14886,Express,C163,Dhanuganj Cantt,Veerhalli Jn,L163-07,71.82,2026-10-09 19:01:00,2026-10-09 19:10:00,CRITICAL,SCHEDULED
T003490,31568,Goods,C009,Konkanganj,Konkankheda,L009-07,242.71,2026-10-01 02:45:00,2026-10-01 03:57:00,MEDIUM,SCHEDULED
T003491,31731,Goods,C150,Udaykot Jn,Sagarpalli,L150-11,162.07,2026-10-15 21:53:00,2026-10-15 22:15:00,MEDIUM,SCHEDULED
T003492,32983,Goods,C176,Vindhyakot Jn,Ranaganj Cantt,L176-11,200.35,2026-09-15 04:14:00,2026-09-15 04:56:00,MEDIUM,FORECAST
T003493,56534,Passenger,C164,Girnarhalli Road,Dhanugunj Cantt,L164-01,46.53,2026-09-13 10:12:00,2026-09-13 10:48:00,HIGH,PROVISIONAL
T003494,57781,Passenger,C195,Bharatgunj,Taraganj Road,L195-06,98.59,2026-10-12 06:55:00,2026-10-12 07:24:00,HIGH,SCHEDULED
T003495,14873,Express,C155,Omkarhalli,Sabarkheda Road,L155-09,52.29,2026-10-07 13:05:00,2026-10-07 13:11:00,CRITICAL,PROVISIONAL
T003496,12947,Express,C028,Girnarpalli,Kanhagunj Cantt,L028-06,160.66,2026-09-22 07:37:00,2026-09-22 08:05:00,CRITICAL,FORECAST
T003497,57762,Passenger,C176,Vindhyakot Jn,Ranaganj Cantt,L176-06,96.69,2026-10-14 11:47:00,2026-10-14 12:06:00,HIGH,SCHEDULED
T003498,56120,Passenger,C009,Konkanganj,Konkankheda,L009-02,62.41,2026-10-12 07:23:00,2026-10-12 08:17:00,HIGH,SCHEDULED
T003499,12305,Express,C026,Sabarabad Cantt,Chitrakot,L026-02,9.14,2026-09-12 05:41:00,2026-09-12 05:47:00,CRITICAL,SCHEDULED
T003500,14491,Express,C099,Malwagunj,Gangaganj,L099-09,58.0,2026-10-11 21:18:00,2026-10-11 21:24:00,CRITICAL,FORECAST
T003501,57082,Passenger,C123,Satpurapalli,Charankot Cantt,L123-06,44.14,2026-10-11 09:17:00,2026-10-11 09:45:00,HIGH,FORECAST
T003502,57516,Passenger,C069,Dhanupalli Cantt,Girnarkheda Road,L069-11,333.57,2026-09-16 12:25:00,2026-09-16 13:01:00,HIGH,SCHEDULED
T003503,58952,Passenger,C009,Konkanganj,Konkankheda,L009-01,14.97,2026-09-06 18:18:00,2026-09-06 18:55:00,HIGH,SCHEDULED
T003504,57759,Passenger,C050,Taragunj,Haldipur Road,L050-08,107.89,2026-09-14 14:47:00,2026-09-14 14:59:00,HIGH,SCHEDULED
T003505,57189,Passenger,C069,Dhanupalli Cantt,Girnarkheda Road,L069-12,378.6,2026-09-25 08:20:00,2026-09-25 08:53:00,HIGH,SCHEDULED
T003506,56964,Passenger,C098,Bilaskheda,Pushkarganj,L098-01,1.11,2026-10-11 08:14:00,2026-10-11 08:20:00,HIGH,SCHEDULED
T003507,57110,Passenger,C026,Sabarabad Cantt,Chitrakot,L026-04,17.94,2026-10-08 17:23:00,2026-10-08 17:29:00,HIGH,SCHEDULED
T003508,31007,Goods,C150,Udaykot Jn,Sagarpalli,L150-03,22.68,2026-10-09 22:30:00,2026-10-09 22:56:00,MEDIUM,FORECAST
T003509,72885,Other,C075,Charanpur,Ranahalli Cantt,L075-02,31.12,2026-09-12 17:22:00,2026-09-12 18:01:00,LOW,FORECAST
T003510,58315,Passenger,C018,Haldiganj,Nilgirigunj Road,L018-05,139.06,2026-09-29 13:23:00,2026-09-29 13:55:00,HIGH,SCHEDULED
T003511,14780,Express,C131,Ashokkot,Narmadagarh Cantt,L131-05,158.95,2026-09-22 20:16:00,2026-09-22 20:37:00,HIGH,SCHEDULED
T003512,58760,Passenger,C155,Omkarhalli,Sabarkheda Road,L155-10,58.13,2026-09-26 20:02:00,2026-09-26 20:10:00,HIGH,SCHEDULED
T003513,58166,Passenger,C164,Girnarhalli Road,Dhanugunj Cantt,L164-06,229.92,2026-10-03 14:28:00,2026-10-03 15:12:00,HIGH,SCHEDULED
T003514,58160,Passenger,C140,Sundarkot Jn,Haldikheda,L140-04,29.07,2026-09-26 11:52:00,2026-09-26 11:58:00,HIGH,SCHEDULED
T003515,57565,Passenger,C059,Yamunanagar Jn,Haldikheda,L059-09,380.03,2026-09-25 14:48:00,2026-09-25 15:37:00,CRITICAL,SCHEDULED
T003516,13762,Express,C051,Veerhalli,Shantipalli Cantt,L051-08,173.27,2026-09-18 11:04:00,2026-09-18 11:21:00,CRITICAL,SCHEDULED
T003517,12077,Express,C199,Tarakheda Jn,Bhimagarh,L199-03,107.15,2026-09-14 18:49:00,2026-09-14 19:08:00,CRITICAL,FORECAST
T003518,31978,Goods,C155,Omkarhalli,Sabarkheda Road,L155-06,27.49,2026-09-05 23:13:00,2026-09-05 23:26:00,MEDIUM,FORECAST
T003519,57347,Passenger,C163,Dhanuganj Cantt,Veerhalli Jn,L163-06,67.58,2026-09-09 13:47:00,2026-09-09 14:03:00,HIGH,SCHEDULED
T003520,30273,Goods,C056,Sagarabad Jn,Taptikot,L056-04,62.9,2026-09-04 21:53:00,2026-09-04 22:29:00,MEDIUM,FORECAST
T003521,72648,Other,C176,Vindhyakot Jn,Ranaganj Cantt,L176-07,116.6,2026-09-26 07:19:00,2026-09-26 07:47:00,HIGH,FORECAST
T003522,57051,Passenger,C069,Dhanupalli Cantt,Girnarkheda Road,L069-01,22.53,2026-09-03 14:59:00,2026-09-03 15:32:00,HIGH,SCHEDULED
T003523,56603,Passenger,C098,Bilaskheda,Pushkarganj,L098-02,3.88,2026-10-01 17:44:00,2026-10-01 17:50:00,HIGH,SCHEDULED
T003524,57232,Passenger,C039,Malwaganj Cantt,Satpuraabad Road,L039-06,108.06,2026-09-25 15:41:00,2026-09-25 16:00:00,HIGH,SCHEDULED
T003525,58225,Passenger,C009,Konkanganj,Konkankheda,L009-01,14.97,2026-09-26 13:08:00,2026-09-26 14:07:00,CRITICAL,SCHEDULED
T003526,31276,Goods,C039,Malwaganj Cantt,Satpuraabad Road,L039-08,122.96,2026-10-14 03:16:00,2026-10-14 03:47:00,LOW,SCHEDULED
T003527,72825,Other,C150,Udaykot Jn,Sagarpalli,L150-09,136.48,2026-09-18 23:44:00,2026-09-19 00:04:00,LOW,FORECAST
T003528,57744,Passenger,C150,Udaykot Jn,Sagarpalli,L150-04,28.77,2026-10-01 07:42:00,2026-10-01 07:58:00,HIGH,SCHEDULED
T003529,58246,Passenger,C150,Udaykot Jn,Sagarpalli,L150-03,22.68,2026-09-03 17:09:00,2026-09-03 17:19:00,HIGH,SCHEDULED
T003530,57197,Passenger,C003,Ashokganj Road,Konkanabad,L003-01,44.78,2026-10-11 09:23:00,2026-10-11 09:59:00,HIGH,SCHEDULED
T003531,30784,Goods,C163,Dhanuganj Cantt,Veerhalli Jn,L163-09,105.99,2026-09-09 12:29:00,2026-09-09 12:46:00,MEDIUM,SCHEDULED
T003532,14372,Express,C037,Gangaganj Road,Bilaskot,L037-03,30.38,2026-10-09 07:24:00,2026-10-09 07:42:00,CRITICAL,FORECAST
T003533,13987,Express,C155,Omkarhalli,Sabarkheda Road,L155-12,75.94,2026-09-24 08:03:00,2026-09-24 08:09:00,CRITICAL,SCHEDULED
T003534,56518,Passenger,C131,Ashokkot,Narmadagarh Cantt,L131-07,204.72,2026-09-18 17:14:00,2026-09-18 17:35:00,HIGH,SCHEDULED
T003535,58173,Passenger,C018,Haldiganj,Nilgirigunj Road,L018-08,211.15,2026-09-10 08:23:00,2026-09-10 08:48:00,HIGH,SCHEDULED
T003536,30184,Goods,C016,Sabarhalli Road,Ambagunj Road,L016-06,101.93,2026-10-15 03:24:00,2026-10-15 04:10:00,MEDIUM,FORECAST
T003537,30184,Goods,C150,Udaykot Jn,Sagarpalli,L150-11,162.07,2026-09-29 20:38:00,2026-09-29 21:05:00,MEDIUM,FORECAST
T003538,58895,Passenger,C009,Konkanganj,Konkankheda,L009-02,62.41,2026-10-04 18:33:00,2026-10-04 19:11:00,HIGH,SCHEDULED
T003539,14071,Express,C140,Sundarkot Jn,Haldikheda,L140-05,34.07,2026-09-29 15:50:00,2026-09-29 15:56:00,CRITICAL,SCHEDULED
T003540,13779,Express,C069,Dhanupalli Cantt,Girnarkheda Road,L069-01,22.53,2026-10-03 19:37:00,2026-10-03 19:57:00,CRITICAL,SCHEDULED
T003541,13911,Express,C009,Konkanganj,Konkankheda,L009-07,242.71,2026-10-02 22:36:00,2026-10-02 23:10:00,CRITICAL,FORECAST
T003542,30116,Goods,C115,Konkanpalli,Indrakheda Jn,L115-07,241.36,2026-09-22 13:40:00,2026-09-22 14:22:00,MEDIUM,CANCELLED
T003543,31002,Goods,C115,Konkanpalli,Indrakheda Jn,L115-08,275.06,2026-09-04 17:22:00,2026-09-04 18:22:00,MEDIUM,PROVISIONAL
T003544,56722,Passenger,C069,Dhanupalli Cantt,Girnarkheda Road,L069-02,35.6,2026-09-29 17:22:00,2026-09-29 18:03:00,HIGH,SCHEDULED
T003545,32786,Goods,C164,Girnarhalli Road,Dhanugunj Cantt,L164-02,82.77,2026-09-09 05:35:00,2026-09-09 06:41:00,MEDIUM,SCHEDULED
T003546,57109,Passenger,C175,Devgarhnagar Jn,Tarapur,L175-02,167.66,2026-09-25 12:08:00,2026-09-25 13:17:00,HIGH,SCHEDULED
T003547,30064,Goods,C050,Taragunj,Haldipur Road,L050-02,30.2,2026-10-03 07:51:00,2026-10-03 08:16:00,MEDIUM,FORECAST
T003548,31271,Goods,C124,Chandrakot Road,Meerahalli,L124-01,56.33,2026-09-01 16:49:00,2026-09-01 18:33:00,MEDIUM,SCHEDULED
T003549,57799,Passenger,C199,Tarakheda Jn,Bhimagarh,L199-11,303.6,2026-10-08 18:39:00,2026-10-08 18:56:00,HIGH,PROVISIONAL
T003550,57248,Passenger,C155,Omkarhalli,Sabarkheda Road,L155-07,29.35,2026-09-03 07:28:00,2026-09-03 07:35:00,HIGH,FORECAST
T003551,12124,Express,C028,Girnarpalli,Kanhagunj Cantt,L028-03,83.34,2026-09-23 20:48:00,2026-09-23 21:12:00,CRITICAL,FORECAST
T003552,58809,Passenger,C050,Taragunj,Haldipur Road,L050-08,107.89,2026-09-25 06:23:00,2026-09-25 06:40:00,HIGH,SCHEDULED
T003553,58944,Passenger,C075,Charanpur,Ranahalli Cantt,L075-10,243.0,2026-09-24 17:58:00,2026-09-24 18:37:00,HIGH,FORECAST
T003554,32681,Goods,C069,Dhanupalli Cantt,Girnarkheda Road,L069-05,175.88,2026-09-20 19:07:00,2026-09-20 19:55:00,MEDIUM,SCHEDULED
T003555,57107,Passenger,C176,Vindhyakot Jn,Ranaganj Cantt,L176-11,200.35,2026-09-08 05:04:00,2026-09-08 05:11:00,LOW,SCHEDULED
T003556,57206,Passenger,C050,Taragunj,Haldipur Road,L050-06,53.65,2026-09-10 18:10:00,2026-09-10 18:20:00,HIGH,FORECAST
T003557,13990,Express,C069,Dhanupalli Cantt,Girnarkheda Road,L069-12,378.6,2026-09-13 12:22:00,2026-09-13 12:46:00,CRITICAL,SCHEDULED
T003558,13254,Express,C059,Yamunanagar Jn,Haldikheda,L059-04,298.87,2026-09-03 06:52:00,2026-09-03 07:10:00,MEDIUM,SCHEDULED
T003559,32242,Goods,C163,Dhanuganj Cantt,Veerhalli Jn,L163-01,8.76,2026-09-01 21:59:00,2026-09-01 22:16:00,MEDIUM,SCHEDULED
T003560,30039,Goods,C028,Girnarpalli,Kanhagunj Cantt,L028-01,12.06,2026-09-15 19:44:00,2026-09-15 20:38:00,MEDIUM,SCHEDULED
T003561,12810,Express,C069,Dhanupalli Cantt,Girnarkheda Road,L069-05,175.88,2026-09-04 09:14:00,2026-09-04 09:36:00,CRITICAL,SCHEDULED
T003562,13491,Express,C018,Haldiganj,Nilgirigunj Road,L018-02,70.47,2026-10-03 12:09:00,2026-10-03 12:21:00,CRITICAL,SCHEDULED
T003563,56030,Passenger,C176,Vindhyakot Jn,Ranaganj Cantt,L176-02,35.75,2026-10-01 17:30:00,2026-10-01 17:52:00,HIGH,SCHEDULED
T003564,30714,Goods,C103,Malwaabad,Yamunahalli Jn,L103-02,66.46,2026-09-18 07:53:00,2026-09-18 08:38:00,MEDIUM,SCHEDULED
T003565,30054,Goods,C123,Satpurapalli,Charankot Cantt,L123-07,94.28,2026-10-09 09:36:00,2026-10-09 10:25:00,MEDIUM,SCHEDULED
T003566,57903,Passenger,C075,Charanpur,Ranahalli Cantt,L075-04,162.18,2026-09-02 07:44:00,2026-09-02 08:17:00,HIGH,SCHEDULED
T003567,58723,Passenger,C163,Dhanuganj Cantt,Veerhalli Jn,L163-11,115.88,2026-09-15 11:06:00,2026-09-15 11:18:00,LOW,SCHEDULED
T003568,32942,Goods,C026,Sabarabad Cantt,Chitrakot,L026-02,9.14,2026-10-09 17:47:00,2026-10-09 17:55:00,MEDIUM,SCHEDULED
T003569,58905,Passenger,C009,Konkanganj,Konkankheda,L009-06,222.21,2026-09-03 19:49:00,2026-09-03 20:30:00,HIGH,SCHEDULED
T003570,12206,Express,C176,Vindhyakot Jn,Ranaganj Cantt,L176-02,35.75,2026-10-01 22:41:00,2026-10-01 22:58:00,CRITICAL,SCHEDULED
T003571,57265,Passenger,C163,Dhanuganj Cantt,Veerhalli Jn,L163-03,28.41,2026-10-08 07:58:00,2026-10-08 08:11:00,HIGH,SCHEDULED
T003572,32602,Goods,C059,Yamunanagar Jn,Haldikheda,L059-01,4.72,2026-09-07 18:36:00,2026-09-07 19:38:00,MEDIUM,FORECAST
T003573,71093,Other,C123,Satpurapalli,Charankot Cantt,L123-06,44.14,2026-09-27 14:03:00,2026-09-27 14:39:00,LOW,SCHEDULED
T003574,30416,Goods,C175,Devgarhnagar Jn,Tarapur,L175-02,167.66,2026-10-05 04:06:00,2026-10-05 06:25:00,LOW,SCHEDULED
T003575,12419,Express,C192,Malwanagar,Devgarhgarh,L192-10,127.84,2026-09-23 21:37:00,2026-09-23 21:46:00,CRITICAL,SCHEDULED
T003576,56114,Passenger,C069,Dhanupalli Cantt,Girnarkheda Road,L069-03,48.56,2026-10-08 09:25:00,2026-10-08 09:59:00,HIGH,SCHEDULED
T003577,56349,Passenger,C098,Bilaskheda,Pushkarganj,L098-12,29.95,2026-10-10 06:07:00,2026-10-10 06:13:00,HIGH,SCHEDULED
T003578,31804,Goods,C125,Konkanganj Jn,Omkarganj,L125-05,69.41,2026-10-07 01:19:00,2026-10-07 01:37:00,MEDIUM,SCHEDULED
T003579,32952,Goods,C075,Charanpur,Ranahalli Cantt,L075-09,208.81,2026-09-01 17:19:00,2026-09-01 17:48:00,MEDIUM,FORECAST
T003580,12242,Express,C150,Udaykot Jn,Sagarpalli,L150-02,13.59,2026-09-20 06:32:00,2026-09-20 06:42:00,CRITICAL,FORECAST
T003581,30301,Goods,C060,Ranaabad,Udayganj Cantt,L060-03,68.78,2026-09-09 01:33:00,2026-09-09 02:33:00,MEDIUM,SCHEDULED
T003582,57779,Passenger,C150,Udaykot Jn,Sagarpalli,L150-06,61.26,2026-09-18 16:17:00,2026-09-18 16:29:00,HIGH,SCHEDULED
T003583,32915,Goods,C195,Bharatgunj,Taraganj Road,L195-07,109.28,2026-09-12 03:58:00,2026-09-12 04:55:00,MEDIUM,SCHEDULED
T003584,57376,Passenger,C153,Veerkot Jn,Veerkheda Road,L153-04,44.0,2026-10-01 22:11:00,2026-10-01 22:25:00,HIGH,SCHEDULED
T003585,30870,Goods,C163,Dhanuganj Cantt,Veerhalli Jn,L163-11,115.88,2026-09-12 03:59:00,2026-09-12 04:23:00,MEDIUM,SCHEDULED
T003586,32181,Goods,C050,Taragunj,Haldipur Road,L050-06,53.65,2026-09-08 01:18:00,2026-09-08 01:39:00,MEDIUM,SCHEDULED
T003587,30695,Goods,C069,Dhanupalli Cantt,Girnarkheda Road,L069-05,175.88,2026-09-30 20:51:00,2026-09-30 21:49:00,MEDIUM,SCHEDULED
T003588,58299,Passenger,C153,Veerkot Jn,Veerkheda Road,L153-03,36.95,2026-09-28 22:09:00,2026-09-28 22:24:00,HIGH,PROVISIONAL
T003589,32968,Goods,C028,Girnarpalli,Kanhagunj Cantt,L028-06,160.66,2026-09-27 10:09:00,2026-09-27 11:14:00,MEDIUM,SCHEDULED
T003590,58636,Passenger,C071,Jaisalhalli Cantt,Veergarh Road,L071-06,179.2,2026-09-27 10:13:00,2026-09-27 10:52:00,HIGH,SCHEDULED
T003591,32689,Goods,C131,Ashokkot,Narmadagarh Cantt,L131-06,167.76,2026-09-25 22:53:00,2026-09-25 23:32:00,LOW,FORECAST
T003592,30924,Goods,C150,Udaykot Jn,Sagarpalli,L150-04,28.77,2026-09-25 16:26:00,2026-09-25 16:50:00,MEDIUM,SCHEDULED
T003593,32154,Goods,C069,Dhanupalli Cantt,Girnarkheda Road,L069-06,194.8,2026-09-23 09:02:00,2026-09-23 09:56:00,MEDIUM,SCHEDULED
T003594,30879,Goods,C150,Udaykot Jn,Sagarpalli,L150-12,167.61,2026-09-10 12:45:00,2026-09-10 13:03:00,MEDIUM,SCHEDULED
T003595,32839,Goods,C123,Satpurapalli,Charankot Cantt,L123-05,42.98,2026-10-05 10:10:00,2026-10-05 10:55:00,MEDIUM,SCHEDULED
T003596,57970,Passenger,C051,Veerhalli,Shantipalli Cantt,L051-02,54.33,2026-09-16 18:40:00,2026-09-16 19:07:00,HIGH,SCHEDULED
T003597,14265,Express,C069,Dhanupalli Cantt,Girnarkheda Road,L069-06,194.8,2026-09-18 15:43:00,2026-09-18 16:04:00,CRITICAL,SCHEDULED
T003598,13444,Express,C147,Haldigunj Jn,Bhimahalli,L147-04,57.76,2026-09-23 23:54:00,2026-09-24 00:03:00,CRITICAL,SCHEDULED
T003599,13556,Express,C164,Girnarhalli Road,Dhanugunj Cantt,L164-02,82.77,2026-09-04 08:48:00,2026-09-04 09:12:00,CRITICAL,SCHEDULED
T003600,12098,Express,C040,Sundargarh Cantt,Lalitnagar Jn,L040-01,22.06,2026-09-03 06:12:00,2026-09-03 06:57:00,CRITICAL,FORECAST
T003601,31430,Goods,C069,Dhanupalli Cantt,Girnarkheda Road,L069-11,333.57,2026-10-10 04:56:00,2026-10-10 05:57:00,MEDIUM,SCHEDULED
T003602,32120,Goods,C199,Tarakheda Jn,Bhimagarh,L199-09,280.1,2026-10-15 12:02:00,2026-10-15 12:31:00,LOW,SCHEDULED
T003603,32294,Goods,C018,Haldiganj,Nilgirigunj Road,L018-08,211.15,2026-09-15 22:45:00,2026-09-15 23:19:00,MEDIUM,PROVISIONAL
T003604,32498,Goods,C026,Sabarabad Cantt,Chitrakot,L026-01,4.01,2026-09-03 02:21:00,2026-09-03 02:30:00,CRITICAL,FORECAST
T003605,32511,Goods,C115,Konkanpalli,Indrakheda Jn,L115-07,241.36,2026-09-14 02:30:00,2026-09-14 03:18:00,MEDIUM,SCHEDULED
T003606,56918,Passenger,C009,Konkanganj,Konkankheda,L009-05,209.53,2026-09-14 08:41:00,2026-09-14 09:21:00,HIGH,SCHEDULED
T003607,13690,Express,C140,Sundarkot Jn,Haldikheda,L140-05,34.07,2026-09-01 20:25:00,2026-09-01 20:31:00,CRITICAL,SCHEDULED
T003608,14933,Express,C069,Dhanupalli Cantt,Girnarkheda Road,L069-06,194.8,2026-09-13 17:45:00,2026-09-13 18:09:00,CRITICAL,PROVISIONAL
T003609,14033,Express,C069,Dhanupalli Cantt,Girnarkheda Road,L069-01,22.53,2026-10-02 22:57:00,2026-10-02 23:24:00,CRITICAL,CANCELLED
T003610,56905,Passenger,C163,Dhanuganj Cantt,Veerhalli Jn,L163-10,113.37,2026-09-03 14:15:00,2026-09-03 14:27:00,HIGH,SCHEDULED
T003611,58680,Passenger,C128,Chitrakheda Jn,Satpurapur Road,L128-01,22.24,2026-09-28 06:39:00,2026-09-28 06:57:00,HIGH,SCHEDULED
T003612,58998,Passenger,C037,Gangaganj Road,Bilaskot,L037-09,244.87,2026-09-24 10:27:00,2026-09-24 11:00:00,HIGH,SCHEDULED
T003613,58203,Passenger,C150,Udaykot Jn,Sagarpalli,L150-04,28.77,2026-10-05 08:08:00,2026-10-05 08:24:00,HIGH,SCHEDULED
T003614,14834,Express,C009,Konkanganj,Konkankheda,L009-06,222.21,2026-10-03 19:51:00,2026-10-03 20:15:00,CRITICAL,SCHEDULED
T003615,56429,Passenger,C069,Dhanupalli Cantt,Girnarkheda Road,L069-07,215.64,2026-09-17 05:58:00,2026-09-17 06:40:00,HIGH,SCHEDULED
T003616,71820,Other,C026,Sabarabad Cantt,Chitrakot,L026-04,17.94,2026-10-12 16:54:00,2026-10-12 17:00:00,LOW,FORECAST
T003617,30758,Goods,C018,Haldiganj,Nilgirigunj Road,L018-04,124.65,2026-10-07 19:34:00,2026-10-07 20:15:00,CRITICAL,SCHEDULED
T003618,56716,Passenger,C009,Konkanganj,Konkankheda,L009-04,201.98,2026-10-14 12:10:00,2026-10-14 12:50:00,HIGH,SCHEDULED
T003619,56269,Passenger,C161,Lalitpalli,Kaveripur Cantt,L161-01,1.02,2026-09-07 21:05:00,2026-09-07 21:30:00,HIGH,SCHEDULED
T003620,58609,Passenger,C176,Vindhyakot Jn,Ranaganj Cantt,L176-12,214.5,2026-09-22 08:51:00,2026-09-22 09:14:00,CRITICAL,SCHEDULED
T003621,56153,Passenger,C150,Udaykot Jn,Sagarpalli,L150-09,136.48,2026-09-29 09:31:00,2026-09-29 09:45:00,HIGH,SCHEDULED
T003622,58296,Passenger,C069,Dhanupalli Cantt,Girnarkheda Road,L069-07,215.64,2026-09-12 11:05:00,2026-09-12 11:37:00,HIGH,FORECAST
T003623,14295,Express,C164,Girnarhalli Road,Dhanugunj Cantt,L164-02,82.77,2026-10-04 14:42:00,2026-10-04 15:10:00,CRITICAL,SCHEDULED
T003624,30430,Goods,C050,Taragunj,Haldipur Road,L050-03,34.24,2026-10-12 17:06:00,2026-10-12 17:26:00,MEDIUM,SCHEDULED
T003625,32120,Goods,C009,Konkanganj,Konkankheda,L009-06,222.21,2026-10-13 21:18:00,2026-10-13 22:21:00,MEDIUM,SCHEDULED
T003626,32268,Goods,C071,Jaisalhalli Cantt,Veergarh Road,L071-02,17.02,2026-09-04 21:27:00,2026-09-04 22:46:00,MEDIUM,FORECAST
T003627,31684,Goods,C050,Taragunj,Haldipur Road,L050-09,113.79,2026-10-15 18:45:00,2026-10-15 19:06:00,MEDIUM,CANCELLED
T003628,14676,Express,C075,Charanpur,Ranahalli Cantt,L075-08,192.11,2026-09-05 17:24:00,2026-09-05 17:44:00,CRITICAL,SCHEDULED
T003629,32924,Goods,C098,Bilaskheda,Pushkarganj,L098-02,3.88,2026-09-14 04:31:00,2026-09-14 04:37:00,MEDIUM,SCHEDULED
T003630,57533,Passenger,C009,Konkanganj,Konkankheda,L009-04,201.98,2026-09-30 08:42:00,2026-09-30 09:10:00,HIGH,SCHEDULED
T003631,58291,Passenger,C069,Dhanupalli Cantt,Girnarkheda Road,L069-09,277.58,2026-09-11 10:09:00,2026-09-11 10:39:00,HIGH,SCHEDULED
T003632,32543,Goods,C071,Jaisalhalli Cantt,Veergarh Road,L071-03,41.93,2026-10-06 18:47:00,2026-10-06 19:49:00,MEDIUM,SCHEDULED
T003633,58110,Passenger,C176,Vindhyakot Jn,Ranaganj Cantt,L176-07,116.6,2026-09-21 15:43:00,2026-09-21 16:00:00,HIGH,FORECAST
T003634,71838,Other,C071,Jaisalhalli Cantt,Veergarh Road,L071-02,17.02,2026-09-07 14:20:00,2026-09-07 15:12:00,LOW,FORECAST
T003635,70931,Other,C069,Dhanupalli Cantt,Girnarkheda Road,L069-03,48.56,2026-09-16 11:41:00,2026-09-16 12:23:00,LOW,SCHEDULED
T003636,12348,Express,C069,Dhanupalli Cantt,Girnarkheda Road,L069-03,48.56,2026-09-14 08:02:00,2026-09-14 08:29:00,CRITICAL,PROVISIONAL
T003637,58114,Passenger,C176,Vindhyakot Jn,Ranaganj Cantt,L176-08,119.37,2026-09-01 06:39:00,2026-09-01 06:56:00,HIGH,SCHEDULED
T003638,30936,Goods,C145,Bharatabad Road,Palanigunj Road,L145-06,229.0,2026-09-20 05:58:00,2026-09-20 07:10:00,MEDIUM,PROVISIONAL
T003639,14916,Express,C009,Konkanganj,Konkankheda,L009-05,209.53,2026-09-19 15:03:00,2026-09-19 15:31:00,CRITICAL,SCHEDULED
T003640,31184,Goods,C052,Tarakheda Road,Bhimapalli Cantt,L052-03,13.5,2026-09-23 15:28:00,2026-09-23 15:48:00,MEDIUM,FORECAST
T003641,32851,Goods,C050,Taragunj,Haldipur Road,L050-04,35.75,2026-09-16 02:08:00,2026-09-16 02:31:00,MEDIUM,FORECAST
T003642,31166,Goods,C123,Satpurapalli,Charankot Cantt,L123-06,44.14,2026-09-02 21:29:00,2026-09-02 22:16:00,MEDIUM,SCHEDULED
T003643,58925,Passenger,C059,Yamunanagar Jn,Haldikheda,L059-07,362.31,2026-10-05 18:08:00,2026-10-05 18:52:00,HIGH,FORECAST
T003644,13893,Express,C195,Bharatgunj,Taraganj Road,L195-07,109.28,2026-09-05 08:08:00,2026-09-05 08:23:00,CRITICAL,SCHEDULED
T003645,57720,Passenger,C140,Sundarkot Jn,Haldikheda,L140-06,35.5,2026-09-12 08:05:00,2026-09-12 08:11:00,HIGH,SCHEDULED
T003646,14328,Express,C123,Satpurapalli,Charankot Cantt,L123-08,113.88,2026-10-11 22:05:00,2026-10-11 22:24:00,CRITICAL,PROVISIONAL
T003647,32728,Goods,C069,Dhanupalli Cantt,Girnarkheda Road,L069-08,267.94,2026-09-30 04:18:00,2026-09-30 05:16:00,MEDIUM,SCHEDULED
T003648,56478,Passenger,C018,Haldiganj,Nilgirigunj Road,L018-01,55.34,2026-09-13 05:06:00,2026-09-13 05:40:00,HIGH,SCHEDULED
T003649,30540,Goods,C050,Taragunj,Haldipur Road,L050-09,113.79,2026-10-14 17:32:00,2026-10-14 17:59:00,MEDIUM,FORECAST
T003650,57107,Passenger,C195,Bharatgunj,Taraganj Road,L195-04,60.26,2026-09-03 12:30:00,2026-09-03 13:06:00,HIGH,SCHEDULED
T003651,13282,Express,C195,Bharatgunj,Taraganj Road,L195-05,93.9,2026-09-13 06:11:00,2026-09-13 06:31:00,CRITICAL,SCHEDULED
T003652,13708,Express,C009,Konkanganj,Konkankheda,L009-01,14.97,2026-09-13 07:49:00,2026-09-13 08:20:00,CRITICAL,SCHEDULED
T003653,31722,Goods,C150,Udaykot Jn,Sagarpalli,L150-04,28.77,2026-09-09 07:16:00,2026-09-09 07:39:00,MEDIUM,FORECAST
T003654,13653,Express,C140,Sundarkot Jn,Haldikheda,L140-11,44.31,2026-09-13 00:50:00,2026-09-13 00:56:00,LOW,FORECAST
T003655,32425,Goods,C070,Palaninagar,Pushkargunj,L070-10,18.98,2026-10-04 13:10:00,2026-10-04 13:16:00,MEDIUM,PROVISIONAL
T003656,30534,Goods,C098,Bilaskheda,Pushkarganj,L098-12,29.95,2026-09-13 18:19:00,2026-09-13 18:25:00,MEDIUM,SCHEDULED
T003657,56518,Passenger,C039,Malwaganj Cantt,Satpuraabad Road,L039-01,1.19,2026-10-05 20:22:00,2026-10-05 20:43:00,HIGH,SCHEDULED
T003658,31036,Goods,C129,Sagargunj Jn,Meeragunj Road,L129-07,62.07,2026-09-26 04:42:00,2026-09-26 05:10:00,MEDIUM,SCHEDULED
T003659,72281,Other,C069,Dhanupalli Cantt,Girnarkheda Road,L069-10,288.36,2026-09-24 19:38:00,2026-09-24 20:23:00,LOW,FORECAST
T003660,56621,Passenger,C192,Malwanagar,Devgarhgarh,L192-01,20.94,2026-09-06 07:49:00,2026-09-06 08:03:00,HIGH,PROVISIONAL
T003661,12990,Express,C009,Konkanganj,Konkankheda,L009-01,14.97,2026-09-26 16:15:00,2026-09-26 16:44:00,CRITICAL,FORECAST
T003662,30779,Goods,C150,Udaykot Jn,Sagarpalli,L150-08,125.81,2026-09-09 01:50:00,2026-09-09 02:16:00,HIGH,SCHEDULED
T003663,57051,Passenger,C098,Bilaskheda,Pushkarganj,L098-04,6.36,2026-09-10 05:40:00,2026-09-10 05:46:00,HIGH,FORECAST
T003664,30819,Goods,C026,Sabarabad Cantt,Chitrakot,L026-03,10.67,2026-09-18 10:48:00,2026-09-18 10:56:00,MEDIUM,FORECAST
T003665,56080,Passenger,C163,Dhanuganj Cantt,Veerhalli Jn,L163-09,105.99,2026-09-10 11:49:00,2026-09-10 12:00:00,HIGH,SCHEDULED
T003666,13133,Express,C075,Charanpur,Ranahalli Cantt,L075-06,182.12,2026-09-09 17:08:00,2026-09-09 17:29:00,CRITICAL,SCHEDULED
T003667,57896,Passenger,C069,Dhanupalli Cantt,Girnarkheda Road,L069-02,35.6,2026-09-01 20:41:00,2026-09-01 21:13:00,HIGH,PROVISIONAL
T003668,58331,Passenger,C009,Konkanganj,Konkankheda,L009-04,201.98,2026-10-01 07:09:00,2026-10-01 07:45:00,HIGH,SCHEDULED
T003669,57825,Passenger,C175,Devgarhnagar Jn,Tarapur,L175-04,212.09,2026-10-12 00:24:00,2026-10-12 02:03:00,HIGH,PROVISIONAL
T003670,58767,Passenger,C129,Sagargunj Jn,Meeragunj Road,L129-05,53.43,2026-09-09 22:26:00,2026-09-09 22:42:00,HIGH,FORECAST
T003671,56668,Passenger,C163,Dhanuganj Cantt,Veerhalli Jn,L163-08,92.08,2026-10-06 11:51:00,2026-10-06 12:08:00,HIGH,SCHEDULED
T003672,12961,Express,C163,Dhanuganj Cantt,Veerhalli Jn,L163-07,71.82,2026-09-02 13:34:00,2026-09-02 13:42:00,CRITICAL,FORECAST
T003673,56530,Passenger,C075,Charanpur,Ranahalli Cantt,L075-02,31.12,2026-09-27 19:24:00,2026-09-27 19:57:00,HIGH,SCHEDULED
T003674,13289,Express,C018,Haldiganj,Nilgirigunj Road,L018-06,153.82,2026-09-20 18:56:00,2026-09-20 19:11:00,CRITICAL,SCHEDULED
T003675,57938,Passenger,C175,Devgarhnagar Jn,Tarapur,L175-01,2.87,2026-09-08 11:19:00,2026-09-08 12:32:00,HIGH,FORECAST
T003676,57416,Passenger,C131,Ashokkot,Narmadagarh Cantt,L131-08,224.31,2026-09-30 18:39:00,2026-09-30 19:10:00,HIGH,PROVISIONAL
T003677,12323,Express,C150,Udaykot Jn,Sagarpalli,L150-01,1.98,2026-09-08 05:45:00,2026-09-08 05:57:00,CRITICAL,SCHEDULED
T003678,58967,Passenger,C150,Udaykot Jn,Sagarpalli,L150-06,61.26,2026-09-26 12:45:00,2026-09-26 12:58:00,HIGH,SCHEDULED
T003679,32966,Goods,C034,Devgarhnagar,Shantigarh Road,L034-02,4.01,2026-09-15 20:46:00,2026-09-15 21:05:00,MEDIUM,SCHEDULED
T003680,32695,Goods,C164,Girnarhalli Road,Dhanugunj Cantt,L164-06,229.92,2026-09-12 12:53:00,2026-09-12 14:14:00,MEDIUM,SCHEDULED
T003681,30580,Goods,C069,Dhanupalli Cantt,Girnarkheda Road,L069-11,333.57,2026-09-29 14:11:00,2026-09-29 15:13:00,MEDIUM,SCHEDULED
T003682,30600,Goods,C050,Taragunj,Haldipur Road,L050-10,121.98,2026-09-24 00:16:00,2026-09-24 00:35:00,MEDIUM,FORECAST
T003683,32208,Goods,C069,Dhanupalli Cantt,Girnarkheda Road,L069-07,215.64,2026-10-10 10:59:00,2026-10-10 11:52:00,MEDIUM,SCHEDULED
T003684,72989,Other,C109,Bilasabad Cantt,Chitragunj,L109-03,34.96,2026-09-01 16:35:00,2026-09-01 17:03:00,LOW,SCHEDULED
T003685,57676,Passenger,C164,Girnarhalli Road,Dhanugunj Cantt,L164-08,276.89,2026-10-12 21:22:00,2026-10-12 21:47:00,HIGH,SCHEDULED
T003686,58873,Passenger,C150,Udaykot Jn,Sagarpalli,L150-07,109.46,2026-09-05 04:27:00,2026-09-05 04:45:00,HIGH,SCHEDULED
T003687,56075,Passenger,C018,Haldiganj,Nilgirigunj Road,L018-06,153.82,2026-09-22 07:32:00,2026-09-22 08:03:00,HIGH,CANCELLED
T003688,71600,Other,C029,Charankot,Sagarkot,L029-08,116.15,2026-09-30 06:38:00,2026-09-30 06:57:00,LOW,SCHEDULED
T003689,58740,Passenger,C018,Haldiganj,Nilgirigunj Road,L018-08,211.15,2026-09-03 18:31:00,2026-09-03 19:02:00,HIGH,FORECAST
T003690,58840,Passenger,C069,Dhanupalli Cantt,Girnarkheda Road,L069-04,164.65,2026-09-11 19:19:00,2026-09-11 19:51:00,HIGH,SCHEDULED
T003691,57908,Passenger,C009,Konkanganj,Konkankheda,L009-01,14.97,2026-09-12 10:47:00,2026-09-12 11:30:00,HIGH,SCHEDULED
T003692,56057,Passenger,C020,Lalitabad Jn,Lalitkheda,L020-04,180.69,2026-09-27 08:41:00,2026-09-27 09:36:00,HIGH,FORECAST
T003693,31246,Goods,C195,Bharatgunj,Taraganj Road,L195-07,109.28,2026-09-29 09:54:00,2026-09-29 10:50:00,MEDIUM,PROVISIONAL
T003694,30380,Goods,C150,Udaykot Jn,Sagarpalli,L150-09,136.48,2026-09-01 17:06:00,2026-09-01 17:39:00,MEDIUM,SCHEDULED
T003695,31310,Goods,C069,Dhanupalli Cantt,Girnarkheda Road,L069-02,35.6,2026-09-13 07:23:00,2026-09-13 08:14:00,MEDIUM,FORECAST
T003696,32410,Goods,C155,Omkarhalli,Sabarkheda Road,L155-09,52.29,2026-09-16 22:28:00,2026-09-16 22:40:00,MEDIUM,FORECAST
T003697,57101,Passenger,C098,Bilaskheda,Pushkarganj,L098-03,5.9,2026-10-05 09:36:00,2026-10-05 09:42:00,HIGH,PROVISIONAL
T003698,58199,Passenger,C195,Bharatgunj,Taraganj Road,L195-03,41.77,2026-09-02 22:36:00,2026-09-02 23:06:00,HIGH,SCHEDULED
T003699,56924,Passenger,C085,Malwapur,Satpuranagar,L085-04,101.27,2026-09-12 16:46:00,2026-09-12 17:11:00,HIGH,SCHEDULED
T003700,31290,Goods,C028,Girnarpalli,Kanhagunj Cantt,L028-02,47.72,2026-09-22 20:05:00,2026-09-22 21:01:00,MEDIUM,SCHEDULED
T003701,12226,Express,C140,Sundarkot Jn,Haldikheda,L140-09,40.15,2026-10-10 08:09:00,2026-10-10 08:15:00,CRITICAL,SCHEDULED
T003702,14276,Express,C161,Lalitpalli,Kaveripur Cantt,L161-05,55.46,2026-10-07 11:32:00,2026-10-07 11:45:00,CRITICAL,SCHEDULED
T003703,31314,Goods,C140,Sundarkot Jn,Haldikheda,L140-09,40.15,2026-09-03 20:12:00,2026-09-03 20:19:00,MEDIUM,PROVISIONAL
T003704,12237,Express,C050,Taragunj,Haldipur Road,L050-07,54.04,2026-09-13 18:11:00,2026-09-13 18:17:00,CRITICAL,SCHEDULED
T003705,31798,Goods,C131,Ashokkot,Narmadagarh Cantt,L131-03,120.06,2026-09-25 21:34:00,2026-09-25 22:18:00,MEDIUM,CANCELLED
T003706,58942,Passenger,C039,Malwaganj Cantt,Satpuraabad Road,L039-03,58.83,2026-09-02 14:47:00,2026-09-02 15:04:00,HIGH,FORECAST
T003707,31372,Goods,C200,Haldipur Cantt,Haldiabad Jn,L200-01,23.75,2026-09-04 10:02:00,2026-09-04 10:31:00,MEDIUM,FORECAST
T003708,58361,Passenger,C156,Jaisalgarh Cantt,Chitrakheda,L156-08,155.64,2026-09-02 06:41:00,2026-09-02 06:58:00,LOW,FORECAST
T003709,12679,Express,C051,Veerhalli,Shantipalli Cantt,L051-02,54.33,2026-10-09 12:54:00,2026-10-09 13:11:00,CRITICAL,SCHEDULED
T003710,57131,Passenger,C150,Udaykot Jn,Sagarpalli,L150-10,152.42,2026-09-25 14:24:00,2026-09-25 14:43:00,HIGH,SCHEDULED
T003711,56918,Passenger,C199,Tarakheda Jn,Bhimagarh,L199-05,143.67,2026-09-28 17:14:00,2026-09-28 17:49:00,HIGH,SCHEDULED
T003712,12551,Express,C114,Satpuraganj,Shantikheda,L114-01,44.87,2026-09-19 07:50:00,2026-09-19 08:18:00,CRITICAL,SCHEDULED
T003713,56586,Passenger,C069,Dhanupalli Cantt,Girnarkheda Road,L069-03,48.56,2026-09-04 14:42:00,2026-09-04 15:15:00,HIGH,SCHEDULED
T003714,32594,Goods,C164,Girnarhalli Road,Dhanugunj Cantt,L164-10,357.49,2026-10-06 21:48:00,2026-10-06 23:04:00,MEDIUM,SCHEDULED
T003715,30417,Goods,C164,Girnarhalli Road,Dhanugunj Cantt,L164-04,137.62,2026-09-01 20:00:00,2026-09-01 21:14:00,MEDIUM,PROVISIONAL
T003716,14705,Express,C123,Satpurapalli,Charankot Cantt,L123-09,208.13,2026-09-18 17:58:00,2026-09-18 18:12:00,CRITICAL,SCHEDULED
T003717,58621,Passenger,C129,Sagargunj Jn,Meeragunj Road,L129-02,8.42,2026-09-24 05:11:00,2026-09-24 05:23:00,HIGH,SCHEDULED
T003718,56710,Passenger,C165,Jaisalgunj Road,Palanigunj,L165-03,21.94,2026-09-29 12:38:00,2026-09-29 13:02:00,LOW,FORECAST
T003719,13115,Express,C163,Dhanuganj Cantt,Veerhalli Jn,L163-01,8.76,2026-09-08 17:12:00,2026-09-08 17:20:00,CRITICAL,SCHEDULED
T003720,58908,Passenger,C033,Malwapalli,Chandraabad Road,L033-06,84.13,2026-09-18 18:28:00,2026-09-18 18:51:00,HIGH,SCHEDULED
T003721,12759,Express,C051,Veerhalli,Shantipalli Cantt,L051-06,149.29,2026-10-09 11:51:00,2026-10-09 12:07:00,CRITICAL,SCHEDULED
T003722,31348,Goods,C026,Sabarabad Cantt,Chitrakot,L026-04,17.94,2026-10-05 22:00:00,2026-10-05 22:10:00,MEDIUM,FORECAST
T003723,13472,Express,C192,Malwanagar,Devgarhgarh,L192-01,20.94,2026-09-14 21:54:00,2026-09-14 22:03:00,CRITICAL,SCHEDULED
T003724,57728,Passenger,C037,Gangaganj Road,Bilaskot,L037-01,26.3,2026-10-04 17:22:00,2026-10-04 17:57:00,HIGH,SCHEDULED
T003725,58023,Passenger,C187,Ashokhalli Jn,Sabarhalli,L187-02,8.13,2026-09-13 12:11:00,2026-09-13 12:17:00,HIGH,SCHEDULED
T003726,14916,Express,C026,Sabarabad Cantt,Chitrakot,L026-01,4.01,2026-09-11 08:13:00,2026-09-11 08:19:00,CRITICAL,SCHEDULED
T003727,56766,Passenger,C131,Ashokkot,Narmadagarh Cantt,L131-05,158.95,2026-09-12 14:15:00,2026-09-12 14:48:00,HIGH,SCHEDULED
T003728,14514,Express,C026,Sabarabad Cantt,Chitrakot,L026-01,4.01,2026-09-21 16:41:00,2026-09-21 16:47:00,CRITICAL,SCHEDULED
T003729,30541,Goods,C069,Dhanupalli Cantt,Girnarkheda Road,L069-05,175.88,2026-09-20 03:29:00,2026-09-20 04:27:00,MEDIUM,PROVISIONAL
T003730,13706,Express,C069,Dhanupalli Cantt,Girnarkheda Road,L069-01,22.53,2026-09-29 18:37:00,2026-09-29 19:03:00,CRITICAL,CANCELLED
T003731,71847,Other,C164,Girnarhalli Road,Dhanugunj Cantt,L164-08,276.89,2026-09-27 13:51:00,2026-09-27 14:42:00,LOW,SCHEDULED
T003732,13695,Express,C163,Dhanuganj Cantt,Veerhalli Jn,L163-08,92.08,2026-09-30 17:09:00,2026-09-30 17:17:00,CRITICAL,SCHEDULED
T003733,30195,Goods,C050,Taragunj,Haldipur Road,L050-02,30.2,2026-10-08 00:08:00,2026-10-08 00:26:00,HIGH,SCHEDULED
T003734,14260,Express,C195,Bharatgunj,Taraganj Road,L195-02,28.22,2026-10-06 23:45:00,2026-10-07 00:03:00,CRITICAL,SCHEDULED
T003735,31842,Goods,C164,Girnarhalli Road,Dhanugunj Cantt,L164-06,229.92,2026-09-05 19:15:00,2026-09-05 20:12:00,MEDIUM,SCHEDULED
T003736,56119,Passenger,C155,Omkarhalli,Sabarkheda Road,L155-01,0.57,2026-09-19 12:39:00,2026-09-19 12:45:00,HIGH,SCHEDULED
T003737,14285,Express,C018,Haldiganj,Nilgirigunj Road,L018-09,213.99,2026-09-05 10:04:00,2026-09-05 10:23:00,CRITICAL,SCHEDULED
T003738,58559,Passenger,C140,Sundarkot Jn,Haldikheda,L140-02,16.52,2026-10-03 08:03:00,2026-10-03 08:09:00,HIGH,FORECAST
T003739,57644,Passenger,C176,Vindhyakot Jn,Ranaganj Cantt,L176-08,119.37,2026-09-19 16:06:00,2026-09-19 16:29:00,HIGH,FORECAST
T003740,57405,Passenger,C069,Dhanupalli Cantt,Girnarkheda Road,L069-09,277.58,2026-09-23 18:15:00,2026-09-23 18:53:00,HIGH,FORECAST
T003741,71439,Other,C069,Dhanupalli Cantt,Girnarkheda Road,L069-05,175.88,2026-09-19 19:48:00,2026-09-19 20:35:00,LOW,SCHEDULED
T003742,12732,Express,C115,Konkanpalli,Indrakheda Jn,L115-09,283.97,2026-09-16 20:50:00,2026-09-16 21:08:00,CRITICAL,SCHEDULED
T003743,57692,Passenger,C009,Konkanganj,Konkankheda,L009-07,242.71,2026-10-03 16:21:00,2026-10-03 17:05:00,HIGH,SCHEDULED
T003744,70432,Other,C098,Bilaskheda,Pushkarganj,L098-05,8.04,2026-09-27 09:57:00,2026-09-27 10:03:00,LOW,SCHEDULED
T003745,14186,Express,C081,Kanhahalli Cantt,Palanipalli,L081-04,232.13,2026-10-03 18:37:00,2026-10-03 18:58:00,CRITICAL,SCHEDULED
T003746,56552,Passenger,C028,Girnarpalli,Kanhagunj Cantt,L028-05,129.0,2026-09-27 18:51:00,2026-09-27 19:49:00,HIGH,SCHEDULED
T003747,32845,Goods,C140,Sundarkot Jn,Haldikheda,L140-08,38.21,2026-10-08 02:16:00,2026-10-08 02:25:00,MEDIUM,SCHEDULED
T003748,14144,Express,C155,Omkarhalli,Sabarkheda Road,L155-12,75.94,2026-09-16 07:45:00,2026-09-16 07:51:00,CRITICAL,SCHEDULED
T003749,14313,Express,C015,Sundarhalli Road,Sabarpalli,L015-07,139.34,2026-10-13 18:57:00,2026-10-13 19:16:00,CRITICAL,SCHEDULED
T003750,72327,Other,C140,Sundarkot Jn,Haldikheda,L140-11,44.31,2026-09-07 12:56:00,2026-09-07 13:02:00,LOW,SCHEDULED
T003751,57095,Passenger,C150,Udaykot Jn,Sagarpalli,L150-05,55.2,2026-09-11 20:59:00,2026-09-11 21:13:00,HIGH,SCHEDULED
T003752,58439,Passenger,C051,Veerhalli,Shantipalli Cantt,L051-07,162.18,2026-10-11 07:29:00,2026-10-11 07:40:00,HIGH,SCHEDULED
T003753,31561,Goods,C161,Lalitpalli,Kaveripur Cantt,L161-04,15.42,2026-10-11 04:52:00,2026-10-11 05:37:00,MEDIUM,PROVISIONAL
T003754,14656,Express,C098,Bilaskheda,Pushkarganj,L098-05,8.04,2026-09-23 22:23:00,2026-09-23 22:29:00,CRITICAL,SCHEDULED
T003755,14796,Express,C175,Devgarhnagar Jn,Tarapur,L175-01,2.87,2026-09-25 00:04:00,2026-09-25 01:05:00,LOW,SCHEDULED
T003756,72482,Other,C140,Sundarkot Jn,Haldikheda,L140-07,37.73,2026-09-04 17:45:00,2026-09-04 17:51:00,LOW,FORECAST
T003757,30228,Goods,C163,Dhanuganj Cantt,Veerhalli Jn,L163-10,113.37,2026-10-15 20:23:00,2026-10-15 20:49:00,MEDIUM,FORECAST
T003758,30000,Goods,C098,Bilaskheda,Pushkarganj,L098-12,29.95,2026-09-02 09:18:00,2026-09-02 09:24:00,MEDIUM,PROVISIONAL
T003759,31844,Goods,C150,Udaykot Jn,Sagarpalli,L150-09,136.48,2026-10-15 00:30:00,2026-10-15 01:05:00,HIGH,SCHEDULED
T003760,31988,Goods,C175,Devgarhnagar Jn,Tarapur,L175-04,212.09,2026-09-08 05:42:00,2026-09-08 07:28:00,MEDIUM,FORECAST
T003761,30658,Goods,C176,Vindhyakot Jn,Ranaganj Cantt,L176-05,77.47,2026-09-19 19:27:00,2026-09-19 19:59:00,MEDIUM,SCHEDULED
T003762,56590,Passenger,C036,Ashokgunj Jn,Kanhaganj,L036-08,105.09,2026-09-28 10:21:00,2026-09-28 10:39:00,HIGH,SCHEDULED
T003763,30582,Goods,C004,Narmadanagar,Vindhyapur Road,L004-03,60.51,2026-09-24 16:38:00,2026-09-24 17:13:00,MEDIUM,PROVISIONAL
T003764,57176,Passenger,C099,Malwagunj,Gangaganj,L099-06,22.41,2026-10-14 04:55:00,2026-10-14 05:03:00,HIGH,SCHEDULED
T003765,30207,Goods,C195,Bharatgunj,Taraganj Road,L195-07,109.28,2026-09-24 15:25:00,2026-09-24 16:23:00,MEDIUM,SCHEDULED
T003766,56142,Passenger,C145,Bharatabad Road,Palanigunj Road,L145-01,76.87,2026-09-06 08:15:00,2026-09-06 08:54:00,LOW,SCHEDULED
T003767,31941,Goods,C176,Vindhyakot Jn,Ranaganj Cantt,L176-08,119.37,2026-09-14 02:38:00,2026-09-14 03:17:00,MEDIUM,PROVISIONAL
T003768,30039,Goods,C176,Vindhyakot Jn,Ranaganj Cantt,L176-11,200.35,2026-09-05 01:11:00,2026-09-05 01:49:00,MEDIUM,SCHEDULED
T003769,30448,Goods,C131,Ashokkot,Narmadagarh Cantt,L131-07,204.72,2026-10-01 07:38:00,2026-10-01 08:35:00,MEDIUM,SCHEDULED
T003770,30766,Goods,C190,Konkanpur,Jaisalhalli Road,L190-07,38.16,2026-09-24 19:26:00,2026-09-24 19:37:00,MEDIUM,FORECAST
T003771,13133,Express,C123,Satpurapalli,Charankot Cantt,L123-09,208.13,2026-10-10 20:03:00,2026-10-10 20:23:00,CRITICAL,SCHEDULED
T003772,32366,Goods,C069,Dhanupalli Cantt,Girnarkheda Road,L069-11,333.57,2026-09-07 20:45:00,2026-09-07 21:41:00,MEDIUM,SCHEDULED
T003773,13447,Express,C195,Bharatgunj,Taraganj Road,L195-02,28.22,2026-10-07 13:44:00,2026-10-07 14:03:00,CRITICAL,CANCELLED
T003774,57447,Passenger,C039,Malwaganj Cantt,Satpuraabad Road,L039-13,210.07,2026-09-27 20:07:00,2026-09-27 20:23:00,LOW,SCHEDULED
T003775,32847,Goods,C131,Ashokkot,Narmadagarh Cantt,L131-02,53.69,2026-09-30 17:06:00,2026-09-30 17:48:00,MEDIUM,SCHEDULED
T003776,57345,Passenger,C058,Sundarkot Jn,Bharatpur Cantt,L058-06,28.11,2026-10-11 12:57:00,2026-10-11 13:03:00,HIGH,FORECAST
T003777,58762,Passenger,C164,Girnarhalli Road,Dhanugunj Cantt,L164-09,325.29,2026-09-15 14:45:00,2026-09-15 15:24:00,HIGH,PROVISIONAL
T003778,58346,Passenger,C155,Omkarhalli,Sabarkheda Road,L155-10,58.13,2026-10-12 06:13:00,2026-10-12 06:20:00,HIGH,PROVISIONAL
T003779,56532,Passenger,C150,Udaykot Jn,Sagarpalli,L150-08,125.81,2026-09-03 22:35:00,2026-09-03 22:52:00,HIGH,PROVISIONAL
T003780,14376,Express,C140,Sundarkot Jn,Haldikheda,L140-07,37.73,2026-10-12 19:47:00,2026-10-12 19:53:00,CRITICAL,CANCELLED
T003781,56293,Passenger,C018,Haldiganj,Nilgirigunj Road,L018-05,139.06,2026-09-20 05:31:00,2026-09-20 06:02:00,HIGH,PROVISIONAL
T003782,13540,Express,C193,Bilaskheda Jn,Devgarhkheda,L193-01,79.62,2026-09-09 14:12:00,2026-09-09 14:34:00,CRITICAL,SCHEDULED
T003783,56105,Passenger,C098,Bilaskheda,Pushkarganj,L098-11,28.84,2026-09-16 12:28:00,2026-09-16 12:34:00,HIGH,SCHEDULED
T003784,56598,Passenger,C155,Omkarhalli,Sabarkheda Road,L155-09,52.29,2026-09-14 07:59:00,2026-09-14 08:06:00,HIGH,SCHEDULED
T003785,32797,Goods,C059,Yamunanagar Jn,Haldikheda,L059-09,380.03,2026-10-07 15:31:00,2026-10-07 16:28:00,HIGH,SCHEDULED
T003786,30896,Goods,C123,Satpurapalli,Charankot Cantt,L123-05,42.98,2026-10-15 13:33:00,2026-10-15 14:10:00,MEDIUM,SCHEDULED
T003787,12757,Express,C009,Konkanganj,Konkankheda,L009-02,62.41,2026-09-11 06:41:00,2026-09-11 07:12:00,CRITICAL,SCHEDULED
T003788,14605,Express,C039,Malwaganj Cantt,Satpuraabad Road,L039-11,191.22,2026-09-14 07:27:00,2026-09-14 07:41:00,CRITICAL,SCHEDULED
T003789,31986,Goods,C066,Udaynagar Road,Meerapur Cantt,L066-03,42.76,2026-10-11 02:49:00,2026-10-11 03:21:00,HIGH,FORECAST
T003790,12537,Express,C140,Sundarkot Jn,Haldikheda,L140-06,35.5,2026-09-26 16:23:00,2026-09-26 16:29:00,HIGH,SCHEDULED
T003791,32472,Goods,C123,Satpurapalli,Charankot Cantt,L123-05,42.98,2026-09-08 02:39:00,2026-09-08 03:33:00,HIGH,SCHEDULED
T003792,58896,Passenger,C039,Malwaganj Cantt,Satpuraabad Road,L039-13,210.07,2026-09-20 07:04:00,2026-09-20 07:24:00,HIGH,SCHEDULED
T003793,71650,Other,C009,Konkanganj,Konkankheda,L009-02,62.41,2026-10-12 04:49:00,2026-10-12 05:38:00,LOW,SCHEDULED
T003794,70422,Other,C131,Ashokkot,Narmadagarh Cantt,L131-08,224.31,2026-09-15 01:12:00,2026-09-15 01:40:00,LOW,CANCELLED
T003795,57232,Passenger,C089,Pushkarkot,Gangakot,L089-01,61.88,2026-09-30 07:19:00,2026-09-30 08:00:00,HIGH,CANCELLED
T003796,70689,Other,C131,Ashokkot,Narmadagarh Cantt,L131-10,258.71,2026-10-10 11:08:00,2026-10-10 11:43:00,LOW,SCHEDULED
T003797,14760,Express,C051,Veerhalli,Shantipalli Cantt,L051-02,54.33,2026-09-29 19:25:00,2026-09-29 19:40:00,CRITICAL,SCHEDULED
T003798,57798,Passenger,C037,Gangaganj Road,Bilaskot,L037-08,234.0,2026-10-05 03:45:00,2026-10-05 04:14:00,HIGH,SCHEDULED
T003799,57181,Passenger,C029,Charankot,Sagarkot,L029-09,119.34,2026-10-02 20:51:00,2026-10-02 21:09:00,HIGH,SCHEDULED
T003800,31163,Goods,C026,Sabarabad Cantt,Chitrakot,L026-06,27.69,2026-09-11 23:59:00,2026-09-12 00:09:00,MEDIUM,SCHEDULED
T003801,32220,Goods,C037,Gangaganj Road,Bilaskot,L037-02,28.29,2026-09-10 05:51:00,2026-09-10 06:39:00,MEDIUM,FORECAST
T003802,56951,Passenger,C140,Sundarkot Jn,Haldikheda,L140-11,44.31,2026-10-15 08:28:00,2026-10-15 08:34:00,HIGH,SCHEDULED
T003803,32483,Goods,C084,Devgarhgarh Cantt,Chitraganj,L084-07,153.42,2026-09-03 13:46:00,2026-09-03 14:37:00,MEDIUM,SCHEDULED
T003804,32628,Goods,C141,Narmadapalli Jn,Palanipur,L141-02,66.73,2026-10-06 21:29:00,2026-10-06 23:39:00,MEDIUM,SCHEDULED
T003805,31219,Goods,C026,Sabarabad Cantt,Chitrakot,L026-06,27.69,2026-09-23 20:26:00,2026-09-23 20:33:00,MEDIUM,SCHEDULED
T003806,56052,Passenger,C115,Konkanpalli,Indrakheda Jn,L115-07,241.36,2026-09-05 00:15:00,2026-09-05 00:41:00,HIGH,FORECAST
T003807,32979,Goods,C195,Bharatgunj,Taraganj Road,L195-03,41.77,2026-10-02 05:32:00,2026-10-02 06:19:00,MEDIUM,SCHEDULED
T003808,58418,Passenger,C026,Sabarabad Cantt,Chitrakot,L026-03,10.67,2026-09-08 10:45:00,2026-09-08 10:51:00,HIGH,SCHEDULED
T003809,12152,Express,C098,Bilaskheda,Pushkarganj,L098-08,22.8,2026-10-06 08:58:00,2026-10-06 09:04:00,CRITICAL,SCHEDULED
T003810,56154,Passenger,C069,Dhanupalli Cantt,Girnarkheda Road,L069-07,215.64,2026-10-02 09:09:00,2026-10-02 09:39:00,MEDIUM,SCHEDULED
T003811,14381,Express,C153,Veerkot Jn,Veerkheda Road,L153-04,44.0,2026-09-16 10:04:00,2026-09-16 10:15:00,CRITICAL,CANCELLED
T003812,70325,Other,C039,Malwaganj Cantt,Satpuraabad Road,L039-09,168.62,2026-10-03 10:58:00,2026-10-03 11:15:00,LOW,SCHEDULED
T003813,71108,Other,C009,Konkanganj,Konkankheda,L009-05,209.53,2026-09-14 07:51:00,2026-09-14 08:40:00,LOW,SCHEDULED
T003814,13802,Express,C098,Bilaskheda,Pushkarganj,L098-10,26.69,2026-09-30 08:05:00,2026-09-30 08:11:00,CRITICAL,SCHEDULED
T003815,56306,Passenger,C069,Dhanupalli Cantt,Girnarkheda Road,L069-09,277.58,2026-10-07 14:46:00,2026-10-07 15:27:00,HIGH,SCHEDULED
T003816,30931,Goods,C155,Omkarhalli,Sabarkheda Road,L155-09,52.29,2026-09-28 03:43:00,2026-09-28 03:57:00,MEDIUM,SCHEDULED
T003817,31999,Goods,C018,Haldiganj,Nilgirigunj Road,L018-08,211.15,2026-09-09 03:39:00,2026-09-09 04:21:00,MEDIUM,PROVISIONAL
T003818,72736,Other,C150,Udaykot Jn,Sagarpalli,L150-06,61.26,2026-09-02 10:04:00,2026-09-02 10:26:00,LOW,SCHEDULED
T003819,57203,Passenger,C009,Konkanganj,Konkankheda,L009-03,182.63,2026-09-15 07:31:00,2026-09-15 08:22:00,HIGH,SCHEDULED
T003820,58055,Passenger,C176,Vindhyakot Jn,Ranaganj Cantt,L176-09,155.72,2026-09-17 07:51:00,2026-09-17 08:19:00,HIGH,SCHEDULED
T003821,31171,Goods,C020,Lalitabad Jn,Lalitkheda,L020-03,167.67,2026-10-07 00:16:00,2026-10-07 01:58:00,MEDIUM,FORECAST
T003822,30849,Goods,C034,Devgarhnagar,Shantigarh Road,L034-08,58.79,2026-09-24 18:50:00,2026-09-24 19:07:00,MEDIUM,SCHEDULED
T003823,56355,Passenger,C131,Ashokkot,Narmadagarh Cantt,L131-08,224.31,2026-09-30 22:25:00,2026-09-30 23:06:00,HIGH,SCHEDULED
T003824,30492,Goods,C075,Charanpur,Ranahalli Cantt,L075-04,162.18,2026-10-13 21:18:00,2026-10-13 22:09:00,MEDIUM,SCHEDULED
T003825,57567,Passenger,C140,Sundarkot Jn,Haldikheda,L140-06,35.5,2026-09-28 13:23:00,2026-09-28 13:29:00,HIGH,SCHEDULED
T003826,58306,Passenger,C059,Yamunanagar Jn,Haldikheda,L059-08,372.87,2026-10-02 14:04:00,2026-10-02 14:46:00,HIGH,SCHEDULED
T003827,58622,Passenger,C164,Girnarhalli Road,Dhanugunj Cantt,L164-06,229.92,2026-09-12 15:49:00,2026-09-12 16:26:00,HIGH,PROVISIONAL
T003828,12038,Express,C196,Devgarhganj,Bharatnagar,L196-05,114.09,2026-09-05 15:24:00,2026-09-05 15:39:00,CRITICAL,SCHEDULED
T003829,56085,Passenger,C131,Ashokkot,Narmadagarh Cantt,L131-01,20.98,2026-10-02 09:43:00,2026-10-02 10:11:00,HIGH,SCHEDULED
T003830,32742,Goods,C163,Dhanuganj Cantt,Veerhalli Jn,L163-09,105.99,2026-09-16 23:11:00,2026-09-16 23:33:00,CRITICAL,CANCELLED
T003831,12204,Express,C195,Bharatgunj,Taraganj Road,L195-03,41.77,2026-09-21 18:06:00,2026-09-21 18:23:00,CRITICAL,SCHEDULED
T003832,57195,Passenger,C016,Sabarhalli Road,Ambagunj Road,L016-06,101.93,2026-09-21 09:51:00,2026-09-21 10:14:00,HIGH,SCHEDULED
T003833,30666,Goods,C115,Konkanpalli,Indrakheda Jn,L115-01,50.74,2026-10-13 17:27:00,2026-10-13 18:26:00,MEDIUM,PROVISIONAL
T003834,58653,Passenger,C195,Bharatgunj,Taraganj Road,L195-04,60.26,2026-09-22 13:25:00,2026-09-22 13:56:00,HIGH,SCHEDULED
T003835,56842,Passenger,C175,Devgarhnagar Jn,Tarapur,L175-03,202.75,2026-09-26 23:49:00,2026-09-27 01:10:00,HIGH,SCHEDULED
T003836,58550,Passenger,C069,Dhanupalli Cantt,Girnarkheda Road,L069-07,215.64,2026-09-01 08:58:00,2026-09-01 09:37:00,HIGH,SCHEDULED
T003837,14068,Express,C140,Sundarkot Jn,Haldikheda,L140-07,37.73,2026-09-27 05:56:00,2026-09-27 06:02:00,CRITICAL,SCHEDULED
T003838,57166,Passenger,C029,Charankot,Sagarkot,L029-06,83.21,2026-09-03 17:26:00,2026-09-03 17:36:00,HIGH,SCHEDULED
T003839,31853,Goods,C054,Chandrakot,Satpurahalli Cantt,L054-04,82.09,2026-10-04 09:54:00,2026-10-04 10:18:00,MEDIUM,PROVISIONAL
T003840,14589,Express,C059,Yamunanagar Jn,Haldikheda,L059-04,298.87,2026-10-02 20:16:00,2026-10-02 20:43:00,CRITICAL,SCHEDULED
T003841,13272,Express,C102,Pushkargarh Jn,Veerpalli Road,L102-06,131.71,2026-10-15 23:57:00,2026-10-16 00:36:00,CRITICAL,PROVISIONAL
T003842,14526,Express,C195,Bharatgunj,Taraganj Road,L195-03,41.77,2026-09-29 12:04:00,2026-09-29 12:21:00,CRITICAL,PROVISIONAL
T003843,58346,Passenger,C069,Dhanupalli Cantt,Girnarkheda Road,L069-08,267.94,2026-10-06 09:08:00,2026-10-06 09:40:00,CRITICAL,FORECAST
T003844,32321,Goods,C150,Udaykot Jn,Sagarpalli,L150-08,125.81,2026-09-01 16:30:00,2026-09-01 16:58:00,MEDIUM,FORECAST
T003845,58806,Passenger,C069,Dhanupalli Cantt,Girnarkheda Road,L069-09,277.58,2026-10-03 08:17:00,2026-10-03 08:59:00,HIGH,SCHEDULED
T003846,56387,Passenger,C026,Sabarabad Cantt,Chitrakot,L026-07,34.73,2026-09-25 00:00:00,2026-09-25 00:07:00,HIGH,SCHEDULED
T003847,57309,Passenger,C123,Satpurapalli,Charankot Cantt,L123-03,31.28,2026-09-03 08:23:00,2026-09-03 08:55:00,HIGH,SCHEDULED
T003848,31921,Goods,C060,Ranaabad,Udayganj Cantt,L060-01,23.58,2026-09-20 04:26:00,2026-09-20 05:44:00,MEDIUM,SCHEDULED
T003849,70437,Other,C009,Konkanganj,Konkankheda,L009-07,242.71,2026-10-08 15:48:00,2026-10-08 16:36:00,LOW,SCHEDULED
T003850,56546,Passenger,C199,Tarakheda Jn,Bhimagarh,L199-01,47.99,2026-10-14 19:59:00,2026-10-14 20:28:00,HIGH,SCHEDULED
T003851,13331,Express,C059,Yamunanagar Jn,Haldikheda,L059-09,380.03,2026-09-21 13:52:00,2026-09-21 14:17:00,CRITICAL,SCHEDULED
T003852,58161,Passenger,C009,Konkanganj,Konkankheda,L009-06,222.21,2026-10-12 14:24:00,2026-10-12 14:56:00,HIGH,SCHEDULED
T003853,13808,Express,C136,Lalitpalli,Sabarabad Road,L136-11,151.38,2026-09-25 07:06:00,2026-09-25 07:19:00,CRITICAL,SCHEDULED
T003854,57663,Passenger,C009,Konkanganj,Konkankheda,L009-02,62.41,2026-09-17 18:36:00,2026-09-17 19:15:00,HIGH,PROVISIONAL
T003855,57462,Passenger,C075,Charanpur,Ranahalli Cantt,L075-02,31.12,2026-10-06 18:22:00,2026-10-06 18:48:00,HIGH,SCHEDULED
T003856,58324,Passenger,C050,Taragunj,Haldipur Road,L050-10,121.98,2026-09-02 16:56:00,2026-09-02 17:11:00,HIGH,SCHEDULED
T003857,57125,Passenger,C123,Satpurapalli,Charankot Cantt,L123-08,113.88,2026-10-06 05:01:00,2026-10-06 05:22:00,HIGH,SCHEDULED
T003858,58773,Passenger,C156,Jaisalgarh Cantt,Chitrakheda,L156-07,137.97,2026-09-28 21:19:00,2026-09-28 21:45:00,HIGH,PROVISIONAL
T003859,12771,Express,C197,Sundarhalli Cantt,Konkanhalli Jn,L197-02,158.98,2026-09-28 06:29:00,2026-09-28 07:04:00,CRITICAL,PROVISIONAL
T003860,13392,Express,C195,Bharatgunj,Taraganj Road,L195-07,109.28,2026-10-09 16:19:00,2026-10-09 16:37:00,CRITICAL,FORECAST
T003861,58694,Passenger,C141,Narmadapalli Jn,Palanipur,L141-05,314.09,2026-09-16 12:02:00,2026-09-16 13:11:00,HIGH,SCHEDULED
T003862,31643,Goods,C123,Satpurapalli,Charankot Cantt,L123-03,31.28,2026-10-04 21:19:00,2026-10-04 21:48:00,MEDIUM,SCHEDULED
T003863,14296,Express,C112,Narmadagunj,Yamunaganj,L112-04,45.65,2026-09-23 01:21:00,2026-09-23 01:40:00,CRITICAL,PROVISIONAL
T003864,12603,Express,C140,Sundarkot Jn,Haldikheda,L140-11,44.31,2026-09-15 12:25:00,2026-09-15 12:31:00,CRITICAL,SCHEDULED
T003865,14629,Express,C026,Sabarabad Cantt,Chitrakot,L026-03,10.67,2026-09-13 17:51:00,2026-09-13 17:57:00,CRITICAL,SCHEDULED
T003866,58814,Passenger,C091,Ashokpur,Indrapalli Road,L091-04,12.51,2026-09-01 14:22:00,2026-09-01 14:31:00,HIGH,PROVISIONAL
T003867,70586,Other,C176,Vindhyakot Jn,Ranaganj Cantt,L176-08,119.37,2026-09-11 11:22:00,2026-09-11 11:51:00,LOW,SCHEDULED
T003868,14726,Express,C009,Konkanganj,Konkankheda,L009-07,242.71,2026-09-07 06:18:00,2026-09-07 06:40:00,CRITICAL,SCHEDULED
T003869,57457,Passenger,C140,Sundarkot Jn,Haldikheda,L140-10,40.29,2026-09-29 16:06:00,2026-09-29 16:12:00,CRITICAL,SCHEDULED
T003870,30294,Goods,C155,Omkarhalli,Sabarkheda Road,L155-03,13.91,2026-09-14 23:02:00,2026-09-14 23:13:00,HIGH,SCHEDULED
T003871,57709,Passenger,C069,Dhanupalli Cantt,Girnarkheda Road,L069-03,48.56,2026-09-22 18:10:00,2026-09-22 18:43:00,HIGH,SCHEDULED
T003872,57115,Passenger,C049,Vindhyaganj Road,Haldihalli,L049-05,124.81,2026-10-12 18:39:00,2026-10-12 19:15:00,HIGH,SCHEDULED
T003873,13857,Express,C164,Girnarhalli Road,Dhanugunj Cantt,L164-01,46.53,2026-09-19 05:05:00,2026-09-19 05:36:00,MEDIUM,FORECAST
T003874,32005,Goods,C195,Bharatgunj,Taraganj Road,L195-03,41.77,2026-09-13 04:58:00,2026-09-13 05:49:00,LOW,FORECAST
T003875,31608,Goods,C009,Konkanganj,Konkankheda,L009-05,209.53,2026-09-19 05:18:00,2026-09-19 06:18:00,MEDIUM,FORECAST
T003876,32368,Goods,C150,Udaykot Jn,Sagarpalli,L150-12,167.61,2026-09-10 02:15:00,2026-09-10 02:41:00,MEDIUM,SCHEDULED
T003877,30158,Goods,C050,Taragunj,Haldipur Road,L050-08,107.89,2026-10-06 04:28:00,2026-10-06 04:43:00,MEDIUM,FORECAST
T003878,57700,Passenger,C176,Vindhyakot Jn,Ranaganj Cantt,L176-11,200.35,2026-09-04 08:30:00,2026-09-04 08:43:00,HIGH,PROVISIONAL
T003879,71539,Other,C069,Dhanupalli Cantt,Girnarkheda Road,L069-05,175.88,2026-09-10 15:24:00,2026-09-10 16:06:00,LOW,SCHEDULED
T003880,56039,Passenger,C150,Udaykot Jn,Sagarpalli,L150-07,109.46,2026-09-27 10:46:00,2026-09-27 11:05:00,HIGH,SCHEDULED
T003881,58726,Passenger,C123,Satpurapalli,Charankot Cantt,L123-01,11.95,2026-09-20 04:41:00,2026-09-20 04:59:00,HIGH,SCHEDULED
T003882,14881,Express,C123,Satpurapalli,Charankot Cantt,L123-01,11.95,2026-09-22 08:31:00,2026-09-22 08:47:00,CRITICAL,SCHEDULED
T003883,56489,Passenger,C084,Devgarhgarh Cantt,Chitraganj,L084-02,60.54,2026-09-14 15:28:00,2026-09-14 15:59:00,HIGH,SCHEDULED
T003884,58092,Passenger,C145,Bharatabad Road,Palanigunj Road,L145-02,125.7,2026-10-13 18:55:00,2026-10-13 19:38:00,HIGH,SCHEDULED
T003885,57560,Passenger,C123,Satpurapalli,Charankot Cantt,L123-07,94.28,2026-10-13 19:16:00,2026-10-13 19:41:00,HIGH,PROVISIONAL
T003886,13463,Express,C176,Vindhyakot Jn,Ranaganj Cantt,L176-09,155.72,2026-10-02 15:57:00,2026-10-02 16:13:00,LOW,SCHEDULED
T003887,56496,Passenger,C164,Girnarhalli Road,Dhanugunj Cantt,L164-09,325.29,2026-10-09 13:10:00,2026-10-09 14:07:00,HIGH,SCHEDULED
T003888,13747,Express,C026,Sabarabad Cantt,Chitrakot,L026-05,23.62,2026-09-28 11:12:00,2026-09-28 11:18:00,CRITICAL,SCHEDULED
T003889,31076,Goods,C086,Vindhyakot,Girnarhalli Cantt,L086-03,47.33,2026-09-17 18:03:00,2026-09-17 19:01:00,MEDIUM,SCHEDULED
T003890,12266,Express,C086,Vindhyakot,Girnarhalli Cantt,L086-07,188.24,2026-09-24 19:04:00,2026-09-24 19:32:00,CRITICAL,SCHEDULED
T003891,70573,Other,C161,Lalitpalli,Kaveripur Cantt,L161-06,61.09,2026-10-15 11:15:00,2026-10-15 11:54:00,LOW,SCHEDULED
T003892,32664,Goods,C177,Dhanunagar,Bhimakot Cantt,L177-06,54.4,2026-09-30 08:40:00,2026-09-30 08:55:00,MEDIUM,FORECAST
T003893,56862,Passenger,C122,Sundarganj,Sagarhalli Road,L122-06,110.9,2026-09-27 05:14:00,2026-09-27 05:48:00,HIGH,SCHEDULED
T003894,13130,Express,C075,Charanpur,Ranahalli Cantt,L075-08,192.11,2026-10-13 20:44:00,2026-10-13 21:01:00,CRITICAL,FORECAST
T003895,14592,Express,C009,Konkanganj,Konkankheda,L009-02,62.41,2026-10-13 07:01:00,2026-10-13 07:29:00,LOW,SCHEDULED
T003896,56449,Passenger,C076,Jaisalnagar Jn,Veerpalli,L076-06,330.73,2026-09-29 17:04:00,2026-09-29 18:10:00,HIGH,SCHEDULED
T003897,30717,Goods,C028,Girnarpalli,Kanhagunj Cantt,L028-02,47.72,2026-09-21 22:41:00,2026-09-21 23:38:00,MEDIUM,SCHEDULED
T003898,56897,Passenger,C163,Dhanuganj Cantt,Veerhalli Jn,L163-10,113.37,2026-09-28 04:45:00,2026-09-28 04:56:00,HIGH,SCHEDULED
T003899,14723,Express,C009,Konkanganj,Konkankheda,L009-04,201.98,2026-09-06 16:32:00,2026-09-06 16:53:00,CRITICAL,SCHEDULED
T003900,31650,Goods,C140,Sundarkot Jn,Haldikheda,L140-08,38.21,2026-10-11 02:31:00,2026-10-11 02:39:00,MEDIUM,SCHEDULED
T003901,13493,Express,C176,Vindhyakot Jn,Ranaganj Cantt,L176-05,77.47,2026-09-27 04:34:00,2026-09-27 04:48:00,MEDIUM,SCHEDULED
T003902,58180,Passenger,C140,Sundarkot Jn,Haldikheda,L140-07,37.73,2026-10-03 09:16:00,2026-10-03 09:22:00,HIGH,SCHEDULED
T003903,32270,Goods,C074,Chandrapalli Cantt,Nilgirikheda,L074-09,105.44,2026-10-15 20:15:00,2026-10-15 20:35:00,MEDIUM,SCHEDULED
T003904,58904,Passenger,C199,Tarakheda Jn,Bhimagarh,L199-04,135.92,2026-09-04 21:42:00,2026-09-04 22:22:00,HIGH,SCHEDULED
T003905,72296,Other,C195,Bharatgunj,Taraganj Road,L195-03,41.77,2026-09-27 08:28:00,2026-09-27 09:00:00,HIGH,SCHEDULED
T003906,58451,Passenger,C199,Tarakheda Jn,Bhimagarh,L199-05,143.67,2026-10-08 17:10:00,2026-10-08 17:44:00,HIGH,SCHEDULED
T003907,57955,Passenger,C140,Sundarkot Jn,Haldikheda,L140-08,38.21,2026-09-04 20:32:00,2026-09-04 20:38:00,HIGH,SCHEDULED
T003908,56855,Passenger,C131,Ashokkot,Narmadagarh Cantt,L131-01,20.98,2026-09-09 06:28:00,2026-09-09 06:46:00,HIGH,SCHEDULED
T003909,31255,Goods,C026,Sabarabad Cantt,Chitrakot,L026-01,4.01,2026-09-21 16:13:00,2026-09-21 16:24:00,MEDIUM,PROVISIONAL
T003910,30183,Goods,C195,Bharatgunj,Taraganj Road,L195-02,28.22,2026-09-19 03:52:00,2026-09-19 04:38:00,MEDIUM,FORECAST
T003911,31577,Goods,C091,Ashokpur,Indrapalli Road,L091-08,47.2,2026-09-18 05:01:00,2026-09-18 05:10:00,MEDIUM,SCHEDULED
T003912,58910,Passenger,C192,Malwanagar,Devgarhgarh,L192-07,43.98,2026-10-02 11:07:00,2026-10-02 11:22:00,HIGH,FORECAST
T003913,58374,Passenger,C140,Sundarkot Jn,Haldikheda,L140-08,38.21,2026-09-18 10:23:00,2026-09-18 10:29:00,HIGH,FORECAST
T003914,30846,Goods,C028,Girnarpalli,Kanhagunj Cantt,L028-08,213.39,2026-10-04 07:01:00,2026-10-04 07:53:00,MEDIUM,SCHEDULED
T003915,57145,Passenger,C017,Sagargunj Road,Kanhakot,L017-05,143.4,2026-09-07 08:52:00,2026-09-07 09:22:00,MEDIUM,SCHEDULED
T003916,57469,Passenger,C122,Sundarganj,Sagarhalli Road,L122-03,41.42,2026-09-18 10:51:00,2026-09-18 11:08:00,CRITICAL,SCHEDULED
T003917,14299,Express,C123,Satpurapalli,Charankot Cantt,L123-09,208.13,2026-10-02 13:59:00,2026-10-02 14:13:00,CRITICAL,SCHEDULED
T003918,58431,Passenger,C075,Charanpur,Ranahalli Cantt,L075-05,165.28,2026-10-04 07:39:00,2026-10-04 08:01:00,HIGH,SCHEDULED
T003919,71991,Other,C192,Malwanagar,Devgarhgarh,L192-10,127.84,2026-09-04 21:36:00,2026-09-04 21:55:00,LOW,FORECAST
T003920,56676,Passenger,C192,Malwanagar,Devgarhgarh,L192-03,25.29,2026-10-12 20:46:00,2026-10-12 21:05:00,HIGH,SCHEDULED
T003921,56193,Passenger,C161,Lalitpalli,Kaveripur Cantt,L161-12,227.83,2026-09-11 07:42:00,2026-09-11 08:07:00,MEDIUM,SCHEDULED
T003922,32835,Goods,C039,Malwaganj Cantt,Satpuraabad Road,L039-08,122.96,2026-09-26 04:41:00,2026-09-26 05:08:00,HIGH,CANCELLED
T003923,57974,Passenger,C009,Konkanganj,Konkankheda,L009-06,222.21,2026-09-24 13:47:00,2026-09-24 14:26:00,HIGH,SCHEDULED
T003924,58070,Passenger,C140,Sundarkot Jn,Haldikheda,L140-06,35.5,2026-09-10 09:12:00,2026-09-10 09:18:00,HIGH,SCHEDULED
T003925,57450,Passenger,C150,Udaykot Jn,Sagarpalli,L150-12,167.61,2026-10-11 16:04:00,2026-10-11 16:23:00,HIGH,FORECAST
T003926,57099,Passenger,C161,Lalitpalli,Kaveripur Cantt,L161-04,15.42,2026-09-07 17:09:00,2026-09-07 17:32:00,HIGH,SCHEDULED
T003927,58967,Passenger,C136,Lalitpalli,Sabarabad Road,L136-10,147.14,2026-09-10 04:15:00,2026-09-10 04:30:00,HIGH,SCHEDULED
T003928,32153,Goods,C039,Malwaganj Cantt,Satpuraabad Road,L039-13,210.07,2026-09-20 14:16:00,2026-09-20 14:33:00,MEDIUM,SCHEDULED
T003929,57426,Passenger,C098,Bilaskheda,Pushkarganj,L098-07,15.99,2026-09-01 06:09:00,2026-09-01 06:15:00,HIGH,SCHEDULED
T003930,30376,Goods,C164,Girnarhalli Road,Dhanugunj Cantt,L164-04,137.62,2026-09-11 05:46:00,2026-09-11 07:00:00,MEDIUM,SCHEDULED
T003931,30181,Goods,C059,Yamunanagar Jn,Haldikheda,L059-02,30.61,2026-10-06 05:47:00,2026-10-06 06:24:00,MEDIUM,FORECAST
T003932,31192,Goods,C164,Girnarhalli Road,Dhanugunj Cantt,L164-02,82.77,2026-09-20 00:11:00,2026-09-20 01:34:00,MEDIUM,SCHEDULED
T003933,12696,Express,C075,Charanpur,Ranahalli Cantt,L075-09,208.81,2026-09-27 03:58:00,2026-09-27 04:21:00,CRITICAL,FORECAST
T003934,32200,Goods,C069,Dhanupalli Cantt,Girnarkheda Road,L069-09,277.58,2026-09-09 22:08:00,2026-09-09 23:01:00,MEDIUM,SCHEDULED
T003935,14933,Express,C009,Konkanganj,Konkankheda,L009-03,182.63,2026-10-01 17:45:00,2026-10-01 18:12:00,CRITICAL,SCHEDULED
T003936,30976,Goods,C009,Konkanganj,Konkankheda,L009-07,242.71,2026-10-05 21:41:00,2026-10-05 22:37:00,MEDIUM,SCHEDULED
T003937,13805,Express,C009,Konkanganj,Konkankheda,L009-07,242.71,2026-09-09 13:56:00,2026-09-09 14:15:00,CRITICAL,SCHEDULED
T003938,72935,Other,C150,Udaykot Jn,Sagarpalli,L150-04,28.77,2026-09-07 13:35:00,2026-09-07 13:52:00,LOW,PROVISIONAL
T003939,57990,Passenger,C009,Konkanganj,Konkankheda,L009-05,209.53,2026-09-01 13:34:00,2026-09-01 14:12:00,HIGH,SCHEDULED
T003940,30414,Goods,C028,Girnarpalli,Kanhagunj Cantt,L028-05,129.0,2026-09-08 05:36:00,2026-09-08 06:23:00,MEDIUM,SCHEDULED
T003941,57880,Passenger,C164,Girnarhalli Road,Dhanugunj Cantt,L164-03,127.28,2026-09-12 19:27:00,2026-09-12 20:22:00,HIGH,SCHEDULED
T003942,31671,Goods,C150,Udaykot Jn,Sagarpalli,L150-07,109.46,2026-10-07 03:25:00,2026-10-07 03:53:00,MEDIUM,SCHEDULED
T003943,56943,Passenger,C009,Konkanganj,Konkankheda,L009-04,201.98,2026-10-03 17:15:00,2026-10-03 17:49:00,HIGH,FORECAST
T003944,70293,Other,C009,Konkanganj,Konkankheda,L009-04,201.98,2026-10-11 09:13:00,2026-10-11 09:48:00,LOW,FORECAST
T003945,32742,Goods,C175,Devgarhnagar Jn,Tarapur,L175-03,202.75,2026-09-30 00:30:00,2026-09-30 02:08:00,MEDIUM,SCHEDULED
T003946,13206,Express,C150,Udaykot Jn,Sagarpalli,L150-04,28.77,2026-09-03 12:45:00,2026-09-03 12:59:00,CRITICAL,SCHEDULED
T003947,72934,Other,C164,Girnarhalli Road,Dhanugunj Cantt,L164-03,127.28,2026-10-08 05:25:00,2026-10-08 06:34:00,LOW,SCHEDULED
T003948,57008,Passenger,C050,Taragunj,Haldipur Road,L050-04,35.75,2026-09-25 18:03:00,2026-09-25 18:15:00,HIGH,CANCELLED
T003949,57157,Passenger,C123,Satpurapalli,Charankot Cantt,L123-07,94.28,2026-10-06 06:47:00,2026-10-06 07:17:00,HIGH,SCHEDULED
T003950,57869,Passenger,C059,Yamunanagar Jn,Haldikheda,L059-08,372.87,2026-09-22 08:48:00,2026-09-22 09:14:00,HIGH,SCHEDULED
T003951,56976,Passenger,C195,Bharatgunj,Taraganj Road,L195-07,109.28,2026-09-06 02:44:00,2026-09-06 03:14:00,HIGH,PROVISIONAL
T003952,12386,Express,C131,Ashokkot,Narmadagarh Cantt,L131-11,271.21,2026-09-26 18:46:00,2026-09-26 19:00:00,MEDIUM,PROVISIONAL
T003953,72262,Other,C129,Sagargunj Jn,Meeragunj Road,L129-03,24.57,2026-09-11 05:08:00,2026-09-11 05:22:00,LOW,PROVISIONAL
T003954,30843,Goods,C183,Sabargunj,Ambakot Jn,L183-01,2.52,2026-09-18 00:47:00,2026-09-18 01:31:00,CRITICAL,SCHEDULED
T003955,13179,Express,C059,Yamunanagar Jn,Haldikheda,L059-08,372.87,2026-09-16 19:56:00,2026-09-16 20:15:00,CRITICAL,SCHEDULED
T003956,58710,Passenger,C050,Taragunj,Haldipur Road,L050-08,107.89,2026-09-23 10:53:00,2026-09-23 11:06:00,HIGH,SCHEDULED
T003957,32687,Goods,C050,Taragunj,Haldipur Road,L050-04,35.75,2026-09-01 02:20:00,2026-09-01 02:44:00,MEDIUM,SCHEDULED
T003958,57171,Passenger,C059,Yamunanagar Jn,Haldikheda,L059-05,332.86,2026-10-09 16:56:00,2026-10-09 17:30:00,HIGH,FORECAST
T003959,57642,Passenger,C200,Haldipur Cantt,Haldiabad Jn,L200-05,96.69,2026-09-03 17:41:00,2026-09-03 18:03:00,HIGH,SCHEDULED
T003960,72730,Other,C009,Konkanganj,Konkankheda,L009-04,201.98,2026-09-18 21:02:00,2026-09-18 22:04:00,LOW,SCHEDULED
T003961,57999,Passenger,C018,Haldiganj,Nilgirigunj Road,L018-01,55.34,2026-10-12 11:16:00,2026-10-12 11:47:00,HIGH,PROVISIONAL
T003962,12300,Express,C123,Satpurapalli,Charankot Cantt,L123-04,31.64,2026-10-15 06:28:00,2026-10-15 06:43:00,CRITICAL,FORECAST
T003963,13023,Express,C155,Omkarhalli,Sabarkheda Road,L155-05,18.46,2026-09-06 19:52:00,2026-09-06 19:58:00,CRITICAL,SCHEDULED
T003964,31220,Goods,C009,Konkanganj,Konkankheda,L009-06,222.21,2026-09-29 08:20:00,2026-09-29 09:19:00,MEDIUM,SCHEDULED
T003965,30103,Goods,C150,Udaykot Jn,Sagarpalli,L150-03,22.68,2026-10-08 14:39:00,2026-10-08 15:00:00,MEDIUM,SCHEDULED
T003966,56375,Passenger,C131,Ashokkot,Narmadagarh Cantt,L131-05,158.95,2026-09-10 05:53:00,2026-09-10 06:23:00,HIGH,SCHEDULED
T003967,57984,Passenger,C176,Vindhyakot Jn,Ranaganj Cantt,L176-14,244.66,2026-10-06 13:13:00,2026-10-06 13:43:00,HIGH,SCHEDULED
T003968,14726,Express,C098,Bilaskheda,Pushkarganj,L098-11,28.84,2026-10-01 19:57:00,2026-10-01 20:03:00,CRITICAL,SCHEDULED
T003969,57407,Passenger,C095,Indrapur Cantt,Kaverigunj,L095-06,202.19,2026-09-26 07:37:00,2026-09-26 08:10:00,HIGH,SCHEDULED
T003970,56733,Passenger,C150,Udaykot Jn,Sagarpalli,L150-10,152.42,2026-09-18 21:43:00,2026-09-18 21:58:00,HIGH,FORECAST
T003971,31289,Goods,C069,Dhanupalli Cantt,Girnarkheda Road,L069-06,194.8,2026-09-05 11:18:00,2026-09-05 12:08:00,MEDIUM,SCHEDULED
T003972,58277,Passenger,C163,Dhanuganj Cantt,Veerhalli Jn,L163-05,64.97,2026-09-15 09:03:00,2026-09-15 09:13:00,HIGH,SCHEDULED
T003973,30233,Goods,C069,Dhanupalli Cantt,Girnarkheda Road,L069-05,175.88,2026-10-10 19:02:00,2026-10-10 20:04:00,MEDIUM,SCHEDULED
T003974,31158,Goods,C140,Sundarkot Jn,Haldikheda,L140-01,12.21,2026-09-14 20:05:00,2026-09-14 20:14:00,LOW,FORECAST
T003975,57867,Passenger,C123,Satpurapalli,Charankot Cantt,L123-04,31.64,2026-09-11 00:35:00,2026-09-11 01:00:00,LOW,SCHEDULED
T003976,58390,Passenger,C165,Jaisalgunj Road,Palanigunj,L165-10,138.09,2026-10-08 06:12:00,2026-10-08 06:27:00,MEDIUM,SCHEDULED
T003977,30259,Goods,C153,Veerkot Jn,Veerkheda Road,L153-09,97.67,2026-09-17 20:09:00,2026-09-17 20:30:00,MEDIUM,SCHEDULED
T003978,14668,Express,C044,Devgarhkot Jn,Dhanugunj,L044-04,60.78,2026-09-19 16:42:00,2026-09-19 16:54:00,CRITICAL,SCHEDULED
T003979,30686,Goods,C029,Charankot,Sagarkot,L029-12,167.21,2026-10-05 21:20:00,2026-10-05 21:51:00,MEDIUM,SCHEDULED
T003980,57937,Passenger,C075,Charanpur,Ranahalli Cantt,L075-04,162.18,2026-10-05 19:48:00,2026-10-05 20:10:00,HIGH,SCHEDULED
T003981,71752,Other,C124,Chandrakot Road,Meerahalli,L124-01,56.33,2026-09-16 10:15:00,2026-09-16 12:25:00,LOW,SCHEDULED
T003982,56695,Passenger,C026,Sabarabad Cantt,Chitrakot,L026-04,17.94,2026-09-17 08:17:00,2026-09-17 08:24:00,HIGH,FORECAST
T003983,32361,Goods,C069,Dhanupalli Cantt,Girnarkheda Road,L069-05,175.88,2026-09-16 03:42:00,2026-09-16 04:37:00,MEDIUM,FORECAST
T003984,32297,Goods,C111,Krishnapur,Ambapalli,L111-03,60.01,2026-09-01 02:35:00,2026-09-01 03:41:00,MEDIUM,PROVISIONAL
T003985,72077,Other,C059,Yamunanagar Jn,Haldikheda,L059-01,4.72,2026-09-05 07:07:00,2026-09-05 07:48:00,LOW,SCHEDULED
T003986,14937,Express,C050,Taragunj,Haldipur Road,L050-01,18.15,2026-09-29 07:00:00,2026-09-29 07:06:00,CRITICAL,SCHEDULED
T003987,32369,Goods,C075,Charanpur,Ranahalli Cantt,L075-10,243.0,2026-10-09 19:47:00,2026-10-09 20:41:00,MEDIUM,SCHEDULED
T003988,56454,Passenger,C075,Charanpur,Ranahalli Cantt,L075-05,165.28,2026-09-26 16:11:00,2026-09-26 16:42:00,HIGH,SCHEDULED
T003989,56509,Passenger,C050,Taragunj,Haldipur Road,L050-06,53.65,2026-09-24 20:02:00,2026-09-24 20:16:00,HIGH,FORECAST
T003990,56689,Passenger,C164,Girnarhalli Road,Dhanugunj Cantt,L164-02,82.77,2026-09-24 19:44:00,2026-09-24 20:30:00,HIGH,SCHEDULED
T003991,56795,Passenger,C028,Girnarpalli,Kanhagunj Cantt,L028-02,47.72,2026-09-28 10:45:00,2026-09-28 11:25:00,HIGH,SCHEDULED
T003992,72718,Other,C140,Sundarkot Jn,Haldikheda,L140-01,12.21,2026-10-12 23:00:00,2026-10-12 23:07:00,LOW,SCHEDULED
T003993,58734,Passenger,C140,Sundarkot Jn,Haldikheda,L140-02,16.52,2026-10-06 11:27:00,2026-10-06 11:34:00,HIGH,SCHEDULED
T003994,14001,Express,C154,Nilgirinagar,Konkannagar,L154-04,30.34,2026-10-02 16:17:00,2026-10-02 16:28:00,CRITICAL,SCHEDULED
T003995,13730,Express,C026,Sabarabad Cantt,Chitrakot,L026-01,4.01,2026-09-02 09:52:00,2026-09-02 09:58:00,CRITICAL,PROVISIONAL
T003996,12213,Express,C018,Haldiganj,Nilgirigunj Road,L018-09,213.99,2026-09-27 18:55:00,2026-09-27 19:15:00,LOW,SCHEDULED
T003997,13225,Express,C125,Konkanganj Jn,Omkarganj,L125-09,94.27,2026-10-15 13:46:00,2026-10-15 13:53:00,CRITICAL,SCHEDULED
T003998,57222,Passenger,C195,Bharatgunj,Taraganj Road,L195-04,60.26,2026-09-01 17:38:00,2026-09-01 18:13:00,HIGH,FORECAST
T003999,32439,Goods,C195,Bharatgunj,Taraganj Road,L195-03,41.77,2026-09-25 09:09:00,2026-09-25 09:58:00,MEDIUM,CANCELLED
T004000,56105,Passenger,C150,Udaykot Jn,Sagarpalli,L150-11,162.07,2026-09-20 14:45:00,2026-09-20 15:03:00,HIGH,SCHEDULED
T004001,56117,Passenger,C039,Malwaganj Cantt,Satpuraabad Road,L039-07,116.74,2026-09-22 19:20:00,2026-09-22 19:36:00,HIGH,SCHEDULED
T004002,57093,Passenger,C150,Udaykot Jn,Sagarpalli,L150-03,22.68,2026-10-04 14:54:00,2026-10-04 15:14:00,HIGH,SCHEDULED
T004003,32678,Goods,C199,Tarakheda Jn,Bhimagarh,L199-02,90.33,2026-09-13 05:07:00,2026-09-13 06:09:00,MEDIUM,SCHEDULED
T004004,30735,Goods,C123,Satpurapalli,Charankot Cantt,L123-07,94.28,2026-09-27 23:21:00,2026-09-28 00:18:00,MEDIUM,FORECAST
T004005,14464,Express,C081,Kanhahalli Cantt,Palanipalli,L081-03,212.35,2026-10-05 16:44:00,2026-10-05 17:31:00,CRITICAL,SCHEDULED
T004006,31419,Goods,C069,Dhanupalli Cantt,Girnarkheda Road,L069-03,48.56,2026-10-04 05:46:00,2026-10-04 06:34:00,MEDIUM,SCHEDULED
T004007,58228,Passenger,C059,Yamunanagar Jn,Haldikheda,L059-03,215.56,2026-09-14 20:31:00,2026-09-14 21:07:00,HIGH,SCHEDULED
T004008,30852,Goods,C150,Udaykot Jn,Sagarpalli,L150-12,167.61,2026-09-06 01:19:00,2026-09-06 01:45:00,MEDIUM,SCHEDULED
T004009,12459,Express,C051,Veerhalli,Shantipalli Cantt,L051-09,175.11,2026-09-08 11:54:00,2026-09-08 12:09:00,CRITICAL,SCHEDULED
T004010,14335,Express,C145,Bharatabad Road,Palanigunj Road,L145-03,142.4,2026-09-05 04:03:00,2026-09-05 04:35:00,CRITICAL,FORECAST
T004011,30292,Goods,C059,Yamunanagar Jn,Haldikheda,L059-09,380.03,2026-10-03 21:09:00,2026-10-03 22:20:00,MEDIUM,SCHEDULED
T004012,12752,Express,C176,Vindhyakot Jn,Ranaganj Cantt,L176-08,119.37,2026-10-10 19:00:00,2026-10-10 19:11:00,CRITICAL,SCHEDULED
T004013,72826,Other,C155,Omkarhalli,Sabarkheda Road,L155-05,18.46,2026-09-17 06:20:00,2026-09-17 06:30:00,LOW,PROVISIONAL
T004014,32429,Goods,C150,Udaykot Jn,Sagarpalli,L150-02,13.59,2026-09-17 05:31:00,2026-09-17 06:00:00,MEDIUM,SCHEDULED
T004015,32864,Goods,C123,Satpurapalli,Charankot Cantt,L123-02,16.66,2026-09-23 00:10:00,2026-09-23 00:54:00,CRITICAL,FORECAST
T004016,58441,Passenger,C115,Konkanpalli,Indrakheda Jn,L115-06,219.81,2026-10-09 07:08:00,2026-10-09 07:32:00,HIGH,SCHEDULED
T004017,57965,Passenger,C069,Dhanupalli Cantt,Girnarkheda Road,L069-03,48.56,2026-10-05 18:19:00,2026-10-05 18:59:00,HIGH,SCHEDULED
T004018,14983,Express,C163,Dhanuganj Cantt,Veerhalli Jn,L163-09,105.99,2026-09-26 05:32:00,2026-09-26 05:42:00,CRITICAL,SCHEDULED
T004019,32593,Goods,C131,Ashokkot,Narmadagarh Cantt,L131-09,244.61,2026-09-30 13:12:00,2026-09-30 14:11:00,MEDIUM,FORECAST
T004020,56586,Passenger,C050,Taragunj,Haldipur Road,L050-05,36.84,2026-09-06 06:45:00,2026-09-06 07:02:00,HIGH,PROVISIONAL
T004021,14333,Express,C131,Ashokkot,Narmadagarh Cantt,L131-02,53.69,2026-09-28 14:53:00,2026-09-28 15:17:00,LOW,SCHEDULED
T004022,14501,Express,C037,Gangaganj Road,Bilaskot,L037-02,28.29,2026-09-07 16:42:00,2026-09-07 17:01:00,CRITICAL,SCHEDULED
T004023,56462,Passenger,C140,Sundarkot Jn,Haldikheda,L140-10,40.29,2026-09-28 20:58:00,2026-09-28 21:04:00,HIGH,SCHEDULED
T004024,14477,Express,C018,Haldiganj,Nilgirigunj Road,L018-02,70.47,2026-09-28 11:04:00,2026-09-28 11:22:00,CRITICAL,SCHEDULED
T004025,32612,Goods,C028,Girnarpalli,Kanhagunj Cantt,L028-01,12.06,2026-09-21 03:23:00,2026-09-21 04:22:00,MEDIUM,SCHEDULED
T004026,58220,Passenger,C199,Tarakheda Jn,Bhimagarh,L199-06,202.86,2026-09-19 13:44:00,2026-09-19 14:07:00,HIGH,FORECAST
T004027,56560,Passenger,C069,Dhanupalli Cantt,Girnarkheda Road,L069-04,164.65,2026-09-15 21:34:00,2026-09-15 22:17:00,HIGH,SCHEDULED
T004028,31952,Goods,C136,Lalitpalli,Sabarabad Road,L136-09,145.21,2026-10-01 19:29:00,2026-10-01 19:56:00,MEDIUM,SCHEDULED
T004029,58430,Passenger,C009,Konkanganj,Konkankheda,L009-04,201.98,2026-09-10 11:03:00,2026-09-10 11:29:00,HIGH,FORECAST
T004030,30817,Goods,C150,Udaykot Jn,Sagarpalli,L150-02,13.59,2026-09-08 03:04:00,2026-09-08 03:30:00,HIGH,SCHEDULED
T004031,14759,Express,C009,Konkanganj,Konkankheda,L009-01,14.97,2026-10-10 07:16:00,2026-10-10 07:48:00,CRITICAL,SCHEDULED
T004032,12729,Express,C140,Sundarkot Jn,Haldikheda,L140-10,40.29,2026-09-15 19:42:00,2026-09-15 19:48:00,CRITICAL,SCHEDULED
T004033,13224,Express,C150,Udaykot Jn,Sagarpalli,L150-08,125.81,2026-09-03 12:00:00,2026-09-03 12:13:00,MEDIUM,SCHEDULED
T004034,56263,Passenger,C150,Udaykot Jn,Sagarpalli,L150-10,152.42,2026-10-15 10:06:00,2026-10-15 10:27:00,HIGH,SCHEDULED
T004035,70205,Other,C099,Malwagunj,Gangaganj,L099-10,60.2,2026-09-25 06:54:00,2026-09-25 07:03:00,LOW,FORECAST
T004036,30287,Goods,C161,Lalitpalli,Kaveripur Cantt,L161-07,122.4,2026-09-29 20:41:00,2026-09-29 21:13:00,MEDIUM,FORECAST
T004037,14415,Express,C140,Sundarkot Jn,Haldikheda,L140-06,35.5,2026-09-15 15:21:00,2026-09-15 15:27:00,CRITICAL,SCHEDULED
T004038,58557,Passenger,C195,Bharatgunj,Taraganj Road,L195-06,98.59,2026-10-12 07:49:00,2026-10-12 08:22:00,HIGH,SCHEDULED
T004039,30836,Goods,C069,Dhanupalli Cantt,Girnarkheda Road,L069-07,215.64,2026-09-16 20:51:00,2026-09-16 21:45:00,MEDIUM,FORECAST
T004040,32009,Goods,C176,Vindhyakot Jn,Ranaganj Cantt,L176-12,214.5,2026-09-13 01:21:00,2026-09-13 02:01:00,MEDIUM,SCHEDULED
T004041,31500,Goods,C153,Veerkot Jn,Veerkheda Road,L153-05,61.15,2026-09-06 19:14:00,2026-09-06 19:36:00,MEDIUM,SCHEDULED
T004042,58651,Passenger,C195,Bharatgunj,Taraganj Road,L195-05,93.9,2026-10-09 22:30:00,2026-10-09 22:49:00,HIGH,SCHEDULED
T004043,57086,Passenger,C009,Konkanganj,Konkankheda,L009-03,182.63,2026-09-14 09:15:00,2026-09-14 09:47:00,HIGH,SCHEDULED
T004044,58304,Passenger,C051,Veerhalli,Shantipalli Cantt,L051-10,201.08,2026-09-04 11:48:00,2026-09-04 12:09:00,HIGH,PROVISIONAL
T004045,56226,Passenger,C059,Yamunanagar Jn,Haldikheda,L059-06,354.84,2026-09-29 11:02:00,2026-09-29 11:47:00,HIGH,SCHEDULED
T004046,32659,Goods,C091,Ashokpur,Indrapalli Road,L091-11,72.85,2026-09-14 04:01:00,2026-09-14 04:13:00,MEDIUM,CANCELLED
T004047,57696,Passenger,C175,Devgarhnagar Jn,Tarapur,L175-02,167.66,2026-09-27 14:34:00,2026-09-27 15:41:00,HIGH,SCHEDULED
T004048,12641,Express,C131,Ashokkot,Narmadagarh Cantt,L131-11,271.21,2026-09-09 04:12:00,2026-09-09 04:30:00,CRITICAL,SCHEDULED
T004049,58634,Passenger,C009,Konkanganj,Konkankheda,L009-07,242.71,2026-09-26 15:13:00,2026-09-26 15:43:00,HIGH,SCHEDULED
T004050,32970,Goods,C176,Vindhyakot Jn,Ranaganj Cantt,L176-13,237.01,2026-10-07 07:58:00,2026-10-07 08:25:00,CRITICAL,SCHEDULED
T004051,58247,Passenger,C059,Yamunanagar Jn,Haldikheda,L059-09,380.03,2026-10-11 14:21:00,2026-10-11 15:03:00,HIGH,FORECAST
T004052,31100,Goods,C199,Tarakheda Jn,Bhimagarh,L199-02,90.33,2026-09-12 00:18:00,2026-09-12 01:02:00,MEDIUM,SCHEDULED
T004053,56432,Passenger,C176,Vindhyakot Jn,Ranaganj Cantt,L176-09,155.72,2026-09-30 18:22:00,2026-09-30 18:37:00,HIGH,PROVISIONAL
T004054,13350,Express,C075,Charanpur,Ranahalli Cantt,L075-05,165.28,2026-09-19 08:20:00,2026-09-19 08:41:00,CRITICAL,SCHEDULED
T004055,58574,Passenger,C150,Udaykot Jn,Sagarpalli,L150-08,125.81,2026-09-21 12:27:00,2026-09-21 12:47:00,LOW,SCHEDULED
T004056,57175,Passenger,C176,Vindhyakot Jn,Ranaganj Cantt,L176-02,35.75,2026-09-15 07:28:00,2026-09-15 07:51:00,HIGH,SCHEDULED
T004057,57086,Passenger,C163,Dhanuganj Cantt,Veerhalli Jn,L163-11,115.88,2026-09-09 17:58:00,2026-09-09 18:12:00,CRITICAL,SCHEDULED
T004058,32163,Goods,C140,Sundarkot Jn,Haldikheda,L140-05,34.07,2026-09-20 22:35:00,2026-09-20 22:44:00,MEDIUM,SCHEDULED
T004059,30968,Goods,C123,Satpurapalli,Charankot Cantt,L123-07,94.28,2026-10-13 18:51:00,2026-10-13 19:29:00,LOW,FORECAST
T004060,32883,Goods,C075,Charanpur,Ranahalli Cantt,L075-06,182.12,2026-09-13 19:44:00,2026-09-13 20:31:00,MEDIUM,SCHEDULED
T004061,56196,Passenger,C059,Yamunanagar Jn,Haldikheda,L059-07,362.31,2026-09-07 12:29:00,2026-09-07 13:13:00,HIGH,FORECAST
T004062,30459,Goods,C050,Taragunj,Haldipur Road,L050-06,53.65,2026-09-29 02:27:00,2026-09-29 02:45:00,MEDIUM,SCHEDULED
T004063,57966,Passenger,C176,Vindhyakot Jn,Ranaganj Cantt,L176-02,35.75,2026-09-28 19:47:00,2026-09-28 20:09:00,HIGH,SCHEDULED
T004064,58352,Passenger,C099,Malwagunj,Gangaganj,L099-01,6.31,2026-09-16 05:04:00,2026-09-16 05:12:00,HIGH,SCHEDULED
T004065,58660,Passenger,C098,Bilaskheda,Pushkarganj,L098-07,15.99,2026-09-30 20:00:00,2026-09-30 20:06:00,HIGH,SCHEDULED
T004066,57494,Passenger,C195,Bharatgunj,Taraganj Road,L195-07,109.28,2026-09-17 15:11:00,2026-09-17 15:28:00,HIGH,SCHEDULED
T004067,58996,Passenger,C069,Dhanupalli Cantt,Girnarkheda Road,L069-03,48.56,2026-10-10 16:38:00,2026-10-10 17:09:00,HIGH,SCHEDULED
T004068,32468,Goods,C195,Bharatgunj,Taraganj Road,L195-03,41.77,2026-10-05 00:29:00,2026-10-05 01:18:00,MEDIUM,SCHEDULED
T004069,58195,Passenger,C140,Sundarkot Jn,Haldikheda,L140-10,40.29,2026-10-15 23:50:00,2026-10-15 23:56:00,HIGH,FORECAST
T004070,71610,Other,C123,Satpurapalli,Charankot Cantt,L123-01,11.95,2026-09-09 11:01:00,2026-09-09 11:27:00,LOW,PROVISIONAL
T004071,57495,Passenger,C192,Malwanagar,Devgarhgarh,L192-07,43.98,2026-09-19 18:06:00,2026-09-19 18:24:00,HIGH,SCHEDULED
T004072,71188,Other,C052,Tarakheda Road,Bhimapalli Cantt,L052-13,216.55,2026-09-02 06:26:00,2026-09-02 06:47:00,LOW,SCHEDULED
T004073,30533,Goods,C085,Malwapur,Satpuranagar,L085-10,195.23,2026-09-24 16:40:00,2026-09-24 17:12:00,MEDIUM,SCHEDULED
T004074,58429,Passenger,C164,Girnarhalli Road,Dhanugunj Cantt,L164-05,185.8,2026-09-03 11:25:00,2026-09-03 11:58:00,HIGH,PROVISIONAL
T004075,13404,Express,C199,Tarakheda Jn,Bhimagarh,L199-02,90.33,2026-09-15 10:03:00,2026-09-15 10:29:00,CRITICAL,FORECAST
T004076,30244,Goods,C075,Charanpur,Ranahalli Cantt,L075-05,165.28,2026-09-29 01:43:00,2026-09-29 02:20:00,MEDIUM,SCHEDULED
T004077,72891,Other,C155,Omkarhalli,Sabarkheda Road,L155-03,13.91,2026-10-12 03:32:00,2026-10-12 03:41:00,LOW,SCHEDULED
T004078,57112,Passenger,C140,Sundarkot Jn,Haldikheda,L140-11,44.31,2026-09-04 06:24:00,2026-09-04 06:30:00,HIGH,SCHEDULED
T004079,14009,Express,C150,Udaykot Jn,Sagarpalli,L150-10,152.42,2026-10-02 07:33:00,2026-10-02 07:47:00,CRITICAL,SCHEDULED
T004080,57769,Passenger,C150,Udaykot Jn,Sagarpalli,L150-12,167.61,2026-09-23 21:58:00,2026-09-23 22:19:00,HIGH,SCHEDULED
T004081,32024,Goods,C097,Jaisalnagar,Satpuragarh Cantt,L097-05,295.19,2026-09-01 03:38:00,2026-09-01 05:48:00,MEDIUM,SCHEDULED
T004082,58553,Passenger,C131,Ashokkot,Narmadagarh Cantt,L131-03,120.06,2026-10-06 16:10:00,2026-10-06 16:42:00,HIGH,SCHEDULED
T004083,58042,Passenger,C069,Dhanupalli Cantt,Girnarkheda Road,L069-09,277.58,2026-09-25 18:22:00,2026-09-25 18:53:00,HIGH,SCHEDULED
T004084,58433,Passenger,C018,Haldiganj,Nilgirigunj Road,L018-02,70.47,2026-09-29 17:20:00,2026-09-29 17:53:00,HIGH,PROVISIONAL
T004085,56832,Passenger,C123,Satpurapalli,Charankot Cantt,L123-07,94.28,2026-10-03 17:57:00,2026-10-03 18:20:00,LOW,PROVISIONAL
T004086,57897,Passenger,C069,Dhanupalli Cantt,Girnarkheda Road,L069-02,35.6,2026-09-06 21:17:00,2026-09-06 21:43:00,LOW,PROVISIONAL
T004087,12744,Express,C051,Veerhalli,Shantipalli Cantt,L051-09,175.11,2026-09-09 09:07:00,2026-09-09 09:21:00,CRITICAL,SCHEDULED
T004088,13458,Express,C039,Malwaganj Cantt,Satpuraabad Road,L039-05,81.18,2026-10-01 05:56:00,2026-10-01 06:07:00,CRITICAL,FORECAST
T004089,32286,Goods,C098,Bilaskheda,Pushkarganj,L098-07,15.99,2026-10-10 10:57:00,2026-10-10 11:03:00,LOW,FORECAST
T004090,70830,Other,C176,Vindhyakot Jn,Ranaganj Cantt,L176-14,244.66,2026-10-06 09:44:00,2026-10-06 10:09:00,LOW,PROVISIONAL
T004091,58773,Passenger,C069,Dhanupalli Cantt,Girnarkheda Road,L069-01,22.53,2026-10-08 06:59:00,2026-10-08 07:30:00,CRITICAL,SCHEDULED
T004092,56536,Passenger,C163,Dhanuganj Cantt,Veerhalli Jn,L163-10,113.37,2026-09-21 09:36:00,2026-09-21 09:49:00,HIGH,SCHEDULED
T004093,30163,Goods,C069,Dhanupalli Cantt,Girnarkheda Road,L069-08,267.94,2026-10-13 20:45:00,2026-10-13 21:34:00,MEDIUM,SCHEDULED
T004094,58872,Passenger,C086,Vindhyakot,Girnarhalli Cantt,L086-07,188.24,2026-09-21 07:40:00,2026-09-21 08:19:00,HIGH,SCHEDULED
T004095,56304,Passenger,C140,Sundarkot Jn,Haldikheda,L140-03,28.69,2026-09-28 10:13:00,2026-09-28 10:19:00,HIGH,SCHEDULED
T004096,32206,Goods,C026,Sabarabad Cantt,Chitrakot,L026-06,27.69,2026-09-18 23:41:00,2026-09-18 23:50:00,LOW,SCHEDULED
T004097,56943,Passenger,C199,Tarakheda Jn,Bhimagarh,L199-11,303.6,2026-09-09 19:29:00,2026-09-09 19:59:00,HIGH,SCHEDULED
T004098,70458,Other,C163,Dhanuganj Cantt,Veerhalli Jn,L163-03,28.41,2026-09-23 16:40:00,2026-09-23 16:53:00,LOW,SCHEDULED
T004099,58151,Passenger,C123,Satpurapalli,Charankot Cantt,L123-06,44.14,2026-09-10 16:37:00,2026-09-10 17:03:00,HIGH,PROVISIONAL
T004100,57829,Passenger,C150,Udaykot Jn,Sagarpalli,L150-07,109.46,2026-10-05 20:28:00,2026-10-05 20:40:00,HIGH,SCHEDULED
T004101,70885,Other,C195,Bharatgunj,Taraganj Road,L195-06,98.59,2026-09-03 23:07:00,2026-09-03 23:35:00,LOW,SCHEDULED
T004102,58277,Passenger,C114,Satpuraganj,Shantikheda,L114-04,196.4,2026-09-15 11:46:00,2026-09-15 12:51:00,CRITICAL,SCHEDULED
T004103,56992,Passenger,C069,Dhanupalli Cantt,Girnarkheda Road,L069-07,215.64,2026-09-17 15:59:00,2026-09-17 16:28:00,HIGH,SCHEDULED
T004104,72237,Other,C150,Udaykot Jn,Sagarpalli,L150-09,136.48,2026-09-27 10:41:00,2026-09-27 11:03:00,LOW,SCHEDULED
T004105,57114,Passenger,C074,Chandrapalli Cantt,Nilgirikheda,L074-02,7.77,2026-10-09 15:03:00,2026-10-09 15:17:00,HIGH,CANCELLED
T004106,57050,Passenger,C099,Malwagunj,Gangaganj,L099-10,60.2,2026-10-15 06:19:00,2026-10-15 06:25:00,HIGH,FORECAST
T004107,58466,Passenger,C150,Udaykot Jn,Sagarpalli,L150-08,125.81,2026-09-11 21:48:00,2026-09-11 22:07:00,LOW,SCHEDULED
T004108,31649,Goods,C129,Sagargunj Jn,Meeragunj Road,L129-01,0.75,2026-09-20 02:51:00,2026-09-20 03:07:00,MEDIUM,SCHEDULED
T004109,30541,Goods,C129,Sagargunj Jn,Meeragunj Road,L129-03,24.57,2026-09-26 04:42:00,2026-09-26 05:02:00,MEDIUM,SCHEDULED
T004110,58806,Passenger,C131,Ashokkot,Narmadagarh Cantt,L131-04,148.79,2026-09-10 07:51:00,2026-09-10 08:18:00,HIGH,SCHEDULED
T004111,12910,Express,C163,Dhanuganj Cantt,Veerhalli Jn,L163-10,113.37,2026-09-21 19:38:00,2026-09-21 19:46:00,CRITICAL,SCHEDULED
T004112,58438,Passenger,C098,Bilaskheda,Pushkarganj,L098-13,35.6,2026-09-05 13:34:00,2026-09-05 13:40:00,HIGH,SCHEDULED
T004113,57145,Passenger,C019,Meeragarh Road,Shantikheda,L019-01,16.59,2026-09-29 17:53:00,2026-09-29 19:57:00,HIGH,SCHEDULED
T004114,57360,Passenger,C059,Yamunanagar Jn,Haldikheda,L059-05,332.86,2026-09-23 12:32:00,2026-09-23 13:18:00,HIGH,FORECAST
T004115,57045,Passenger,C074,Chandrapalli Cantt,Nilgirikheda,L074-09,105.44,2026-10-05 11:50:00,2026-10-05 12:01:00,HIGH,SCHEDULED
T004116,57677,Passenger,C069,Dhanupalli Cantt,Girnarkheda Road,L069-03,48.56,2026-10-11 07:18:00,2026-10-11 07:48:00,HIGH,SCHEDULED
T004117,56340,Passenger,C075,Charanpur,Ranahalli Cantt,L075-05,165.28,2026-09-08 12:18:00,2026-09-08 12:54:00,HIGH,SCHEDULED
T004118,13346,Express,C039,Malwaganj Cantt,Satpuraabad Road,L039-01,1.19,2026-09-18 15:36:00,2026-09-18 15:51:00,CRITICAL,SCHEDULED
T004119,31355,Goods,C009,Konkanganj,Konkankheda,L009-06,222.21,2026-09-12 02:54:00,2026-09-12 03:56:00,MEDIUM,SCHEDULED
T004120,56404,Passenger,C051,Veerhalli,Shantipalli Cantt,L051-01,41.51,2026-10-06 07:01:00,2026-10-06 07:25:00,HIGH,SCHEDULED
T004121,32100,Goods,C131,Ashokkot,Narmadagarh Cantt,L131-05,158.95,2026-09-13 18:07:00,2026-09-13 19:02:00,MEDIUM,SCHEDULED
T004122,57093,Passenger,C069,Dhanupalli Cantt,Girnarkheda Road,L069-03,48.56,2026-09-21 10:22:00,2026-09-21 10:49:00,HIGH,SCHEDULED
T004123,30031,Goods,C131,Ashokkot,Narmadagarh Cantt,L131-09,244.61,2026-10-14 17:41:00,2026-10-14 18:26:00,CRITICAL,CANCELLED
T004124,30309,Goods,C123,Satpurapalli,Charankot Cantt,L123-03,31.28,2026-10-05 23:59:00,2026-10-06 00:35:00,MEDIUM,SCHEDULED
T004125,58710,Passenger,C028,Girnarpalli,Kanhagunj Cantt,L028-07,186.56,2026-10-08 19:47:00,2026-10-08 20:31:00,HIGH,FORECAST
T004126,31231,Goods,C069,Dhanupalli Cantt,Girnarkheda Road,L069-04,164.65,2026-09-28 18:25:00,2026-09-28 19:07:00,MEDIUM,FORECAST
T004127,56897,Passenger,C050,Taragunj,Haldipur Road,L050-06,53.65,2026-09-14 17:37:00,2026-09-14 17:52:00,HIGH,SCHEDULED
T004128,56314,Passenger,C074,Chandrapalli Cantt,Nilgirikheda,L074-02,7.77,2026-09-30 02:43:00,2026-09-30 03:01:00,HIGH,FORECAST
T004129,57142,Passenger,C069,Dhanupalli Cantt,Girnarkheda Road,L069-06,194.8,2026-10-02 20:36:00,2026-10-02 21:03:00,HIGH,SCHEDULED
T004130,31427,Goods,C199,Tarakheda Jn,Bhimagarh,L199-10,287.98,2026-09-29 00:23:00,2026-09-29 01:25:00,MEDIUM,SCHEDULED
T004131,56672,Passenger,C123,Satpurapalli,Charankot Cantt,L123-07,94.28,2026-09-16 21:14:00,2026-09-16 21:40:00,HIGH,FORECAST
T004132,32445,Goods,C050,Taragunj,Haldipur Road,L050-04,35.75,2026-09-01 22:28:00,2026-09-01 22:47:00,MEDIUM,SCHEDULED
T004133,57355,Passenger,C091,Ashokpur,Indrapalli Road,L091-11,72.85,2026-09-25 19:31:00,2026-09-25 19:38:00,HIGH,PROVISIONAL
T004134,30805,Goods,C199,Tarakheda Jn,Bhimagarh,L199-04,135.92,2026-09-23 11:38:00,2026-09-23 12:32:00,MEDIUM,SCHEDULED
T004135,13731,Express,C029,Charankot,Sagarkot,L029-12,167.21,2026-09-21 19:58:00,2026-09-21 20:07:00,CRITICAL,SCHEDULED
T004136,57934,Passenger,C018,Haldiganj,Nilgirigunj Road,L018-06,153.82,2026-10-01 07:09:00,2026-10-01 07:31:00,HIGH,SCHEDULED
T004137,30236,Goods,C029,Charankot,Sagarkot,L029-09,119.34,2026-09-25 08:31:00,2026-09-25 08:53:00,MEDIUM,SCHEDULED
T004138,56145,Passenger,C140,Sundarkot Jn,Haldikheda,L140-03,28.69,2026-09-08 04:57:00,2026-09-08 05:03:00,HIGH,SCHEDULED
T004139,58344,Passenger,C069,Dhanupalli Cantt,Girnarkheda Road,L069-10,288.36,2026-10-08 18:56:00,2026-10-08 19:37:00,HIGH,SCHEDULED
T004140,32672,Goods,C136,Lalitpalli,Sabarabad Road,L136-03,31.79,2026-09-22 14:07:00,2026-09-22 14:23:00,MEDIUM,SCHEDULED
T004141,58288,Passenger,C123,Satpurapalli,Charankot Cantt,L123-09,208.13,2026-10-14 12:01:00,2026-10-14 12:22:00,CRITICAL,SCHEDULED
T004142,32840,Goods,C131,Ashokkot,Narmadagarh Cantt,L131-06,167.76,2026-09-08 11:07:00,2026-09-08 11:47:00,MEDIUM,SCHEDULED
T004143,56037,Passenger,C039,Malwaganj Cantt,Satpuraabad Road,L039-11,191.22,2026-10-03 15:51:00,2026-10-03 16:09:00,HIGH,SCHEDULED
T004144,12459,Express,C155,Omkarhalli,Sabarkheda Road,L155-02,8.52,2026-09-28 08:58:00,2026-09-28 09:04:00,CRITICAL,FORECAST
T004145,13694,Express,C069,Dhanupalli Cantt,Girnarkheda Road,L069-08,267.94,2026-10-13 02:54:00,2026-10-13 03:10:00,CRITICAL,FORECAST
T004146,32697,Goods,C059,Yamunanagar Jn,Haldikheda,L059-08,372.87,2026-09-09 07:25:00,2026-09-09 08:37:00,MEDIUM,SCHEDULED
T004147,58687,Passenger,C153,Veerkot Jn,Veerkheda Road,L153-06,62.51,2026-09-12 08:45:00,2026-09-12 09:01:00,HIGH,SCHEDULED
T004148,57393,Passenger,C059,Yamunanagar Jn,Haldikheda,L059-02,30.61,2026-10-04 06:55:00,2026-10-04 07:29:00,MEDIUM,FORECAST
T004149,13225,Express,C175,Devgarhnagar Jn,Tarapur,L175-04,212.09,2026-10-01 22:40:00,2026-10-01 23:25:00,CRITICAL,PROVISIONAL
T004150,30211,Goods,C050,Taragunj,Haldipur Road,L050-07,54.04,2026-09-15 00:21:00,2026-09-15 00:46:00,MEDIUM,FORECAST
T004151,13157,Express,C009,Konkanganj,Konkankheda,L009-01,14.97,2026-09-25 05:34:00,2026-09-25 06:00:00,CRITICAL,SCHEDULED
T004152,56722,Passenger,C050,Taragunj,Haldipur Road,L050-06,53.65,2026-09-03 13:04:00,2026-09-03 13:15:00,HIGH,SCHEDULED
T004153,57220,Passenger,C069,Dhanupalli Cantt,Girnarkheda Road,L069-09,277.58,2026-09-04 08:33:00,2026-09-04 09:03:00,HIGH,SCHEDULED
T004154,72861,Other,C050,Taragunj,Haldipur Road,L050-02,30.2,2026-09-21 21:30:00,2026-09-21 21:49:00,LOW,SCHEDULED
T004155,32290,Goods,C009,Konkanganj,Konkankheda,L009-04,201.98,2026-09-12 14:23:00,2026-09-12 15:12:00,MEDIUM,SCHEDULED
T004156,56134,Passenger,C026,Sabarabad Cantt,Chitrakot,L026-01,4.01,2026-09-23 08:04:00,2026-09-23 08:10:00,HIGH,SCHEDULED
T004157,32027,Goods,C069,Dhanupalli Cantt,Girnarkheda Road,L069-02,35.6,2026-09-26 19:58:00,2026-09-26 20:53:00,MEDIUM,SCHEDULED
T004158,57136,Passenger,C175,Devgarhnagar Jn,Tarapur,L175-04,212.09,2026-10-08 16:47:00,2026-10-08 17:50:00,HIGH,SCHEDULED
T004159,13032,Express,C069,Dhanupalli Cantt,Girnarkheda Road,L069-04,164.65,2026-09-25 22:00:00,2026-09-25 22:06:00,CRITICAL,SCHEDULED
T004160,70069,Other,C049,Vindhyaganj Road,Haldihalli,L049-03,68.62,2026-09-05 16:53:00,2026-09-05 17:49:00,LOW,SCHEDULED
T004161,58907,Passenger,C150,Udaykot Jn,Sagarpalli,L150-04,28.77,2026-10-11 11:03:00,2026-10-11 11:23:00,HIGH,SCHEDULED
T004339,57913,Passenger,C059,Yamunanagar Jn,Haldikheda,L059-03,215.56,2026-09-11 22:05:00,2026-09-11 22:52:00,HIGH,FORECAST
T004162,12055,Express,C018,Haldiganj,Nilgirigunj Road,L018-09,213.99,2026-09-09 08:50:00,2026-09-09 09:07:00,CRITICAL,SCHEDULED
T004163,57653,Passenger,C150,Udaykot Jn,Sagarpalli,L150-08,125.81,2026-09-29 03:27:00,2026-09-29 03:41:00,HIGH,SCHEDULED
T004164,12810,Express,C150,Udaykot Jn,Sagarpalli,L150-05,55.2,2026-10-14 14:27:00,2026-10-14 14:39:00,CRITICAL,SCHEDULED
T004165,57781,Passenger,C193,Bilaskheda Jn,Devgarhkheda,L193-06,199.14,2026-09-29 07:08:00,2026-09-29 07:40:00,HIGH,SCHEDULED
T004166,30605,Goods,C075,Charanpur,Ranahalli Cantt,L075-05,165.28,2026-09-02 01:21:00,2026-09-02 02:03:00,MEDIUM,SCHEDULED
T004167,14523,Express,C075,Charanpur,Ranahalli Cantt,L075-11,268.44,2026-09-14 12:01:00,2026-09-14 12:11:00,CRITICAL,SCHEDULED
T004168,12630,Express,C039,Malwaganj Cantt,Satpuraabad Road,L039-07,116.74,2026-09-13 18:02:00,2026-09-13 18:15:00,CRITICAL,FORECAST
T004169,13734,Express,C069,Dhanupalli Cantt,Girnarkheda Road,L069-04,164.65,2026-10-10 17:41:00,2026-10-10 18:04:00,CRITICAL,SCHEDULED
T004170,31625,Goods,C175,Devgarhnagar Jn,Tarapur,L175-01,2.87,2026-09-19 03:37:00,2026-09-19 05:44:00,MEDIUM,PROVISIONAL
T004171,58717,Passenger,C192,Malwanagar,Devgarhgarh,L192-01,20.94,2026-10-15 15:08:00,2026-10-15 15:22:00,HIGH,FORECAST
T004172,30991,Goods,C140,Sundarkot Jn,Haldikheda,L140-05,34.07,2026-10-11 03:41:00,2026-10-11 03:47:00,MEDIUM,SCHEDULED
T004173,71511,Other,C150,Udaykot Jn,Sagarpalli,L150-12,167.61,2026-10-08 20:45:00,2026-10-08 21:05:00,LOW,SCHEDULED
T004174,32431,Goods,C052,Tarakheda Road,Bhimapalli Cantt,L052-11,211.52,2026-09-23 20:25:00,2026-09-23 20:57:00,MEDIUM,SCHEDULED
T004175,57019,Passenger,C127,Ambahalli,Satpuranagar Road,L127-06,223.54,2026-09-03 05:45:00,2026-09-03 06:42:00,HIGH,FORECAST
T004176,32341,Goods,C175,Devgarhnagar Jn,Tarapur,L175-02,167.66,2026-10-15 05:04:00,2026-10-15 07:15:00,MEDIUM,SCHEDULED
T004177,70349,Other,C155,Omkarhalli,Sabarkheda Road,L155-02,8.52,2026-09-20 23:31:00,2026-09-20 23:39:00,LOW,SCHEDULED
T004178,12677,Express,C129,Sagargunj Jn,Meeragunj Road,L129-09,107.56,2026-09-24 15:08:00,2026-09-24 15:14:00,CRITICAL,SCHEDULED
T004179,70136,Other,C069,Dhanupalli Cantt,Girnarkheda Road,L069-05,175.88,2026-09-27 03:08:00,2026-09-27 03:50:00,LOW,FORECAST
T004180,58200,Passenger,C164,Girnarhalli Road,Dhanugunj Cantt,L164-03,127.28,2026-09-09 21:05:00,2026-09-09 21:37:00,HIGH,SCHEDULED
T004181,56357,Passenger,C115,Konkanpalli,Indrakheda Jn,L115-04,173.95,2026-09-06 02:20:00,2026-09-06 03:01:00,HIGH,FORECAST
T004182,57708,Passenger,C051,Veerhalli,Shantipalli Cantt,L051-10,201.08,2026-10-14 11:44:00,2026-10-14 12:11:00,HIGH,FORECAST
T004183,30889,Goods,C199,Tarakheda Jn,Bhimagarh,L199-04,135.92,2026-10-02 15:26:00,2026-10-02 16:04:00,MEDIUM,SCHEDULED
T004184,70980,Other,C026,Sabarabad Cantt,Chitrakot,L026-02,9.14,2026-09-03 13:04:00,2026-09-03 13:10:00,LOW,SCHEDULED
T004185,12636,Express,C009,Konkanganj,Konkankheda,L009-07,242.71,2026-09-26 07:18:00,2026-09-26 07:44:00,CRITICAL,SCHEDULED
T004186,31897,Goods,C150,Udaykot Jn,Sagarpalli,L150-04,28.77,2026-09-11 15:21:00,2026-09-11 15:40:00,MEDIUM,SCHEDULED
T004187,30963,Goods,C150,Udaykot Jn,Sagarpalli,L150-12,167.61,2026-10-01 17:12:00,2026-10-01 17:46:00,MEDIUM,SCHEDULED
T004188,56159,Passenger,C150,Udaykot Jn,Sagarpalli,L150-08,125.81,2026-10-02 19:09:00,2026-10-02 19:26:00,HIGH,PROVISIONAL
T004189,57384,Passenger,C084,Devgarhgarh Cantt,Chitraganj,L084-05,111.42,2026-10-07 09:26:00,2026-10-07 09:58:00,HIGH,SCHEDULED
T004190,56205,Passenger,C123,Satpurapalli,Charankot Cantt,L123-01,11.95,2026-10-06 16:05:00,2026-10-06 16:34:00,HIGH,SCHEDULED
T004191,58521,Passenger,C074,Chandrapalli Cantt,Nilgirikheda,L074-08,101.91,2026-09-24 17:32:00,2026-09-24 17:49:00,CRITICAL,SCHEDULED
T004192,57715,Passenger,C059,Yamunanagar Jn,Haldikheda,L059-04,298.87,2026-09-18 20:00:00,2026-09-18 20:34:00,HIGH,PROVISIONAL
T004193,72454,Other,C050,Taragunj,Haldipur Road,L050-06,53.65,2026-09-13 14:06:00,2026-09-13 14:22:00,LOW,PROVISIONAL
T004194,58708,Passenger,C044,Devgarhkot Jn,Dhanugunj,L044-03,31.74,2026-09-18 10:50:00,2026-09-18 11:07:00,HIGH,SCHEDULED
T004195,56180,Passenger,C140,Sundarkot Jn,Haldikheda,L140-03,28.69,2026-10-03 23:27:00,2026-10-03 23:33:00,HIGH,SCHEDULED
T004196,56959,Passenger,C009,Konkanganj,Konkankheda,L009-04,201.98,2026-10-10 06:29:00,2026-10-10 07:19:00,HIGH,SCHEDULED
T004197,31945,Goods,C069,Dhanupalli Cantt,Girnarkheda Road,L069-11,333.57,2026-09-21 04:16:00,2026-09-21 05:08:00,MEDIUM,FORECAST
T004198,57946,Passenger,C079,Jaisalganj Road,Krishnaganj,L079-03,56.21,2026-10-03 06:30:00,2026-10-03 06:59:00,HIGH,SCHEDULED
T004199,31765,Goods,C059,Yamunanagar Jn,Haldikheda,L059-10,380.23,2026-09-13 03:31:00,2026-09-13 04:39:00,MEDIUM,SCHEDULED
T004200,56215,Passenger,C099,Malwagunj,Gangaganj,L099-09,58.0,2026-09-13 17:21:00,2026-09-13 17:27:00,HIGH,FORECAST
T004201,71285,Other,C164,Girnarhalli Road,Dhanugunj Cantt,L164-08,276.89,2026-10-08 19:20:00,2026-10-08 20:17:00,LOW,FORECAST
T004202,30403,Goods,C059,Yamunanagar Jn,Haldikheda,L059-10,380.23,2026-09-25 22:10:00,2026-09-25 23:34:00,MEDIUM,SCHEDULED
T004203,56681,Passenger,C069,Dhanupalli Cantt,Girnarkheda Road,L069-01,22.53,2026-10-14 22:15:00,2026-10-14 22:30:00,HIGH,SCHEDULED
T004204,32590,Goods,C164,Girnarhalli Road,Dhanugunj Cantt,L164-05,185.8,2026-10-14 18:19:00,2026-10-14 19:31:00,MEDIUM,SCHEDULED
T004205,72506,Other,C131,Ashokkot,Narmadagarh Cantt,L131-03,120.06,2026-09-10 12:53:00,2026-09-10 13:35:00,LOW,SCHEDULED
T004206,32488,Goods,C150,Udaykot Jn,Sagarpalli,L150-10,152.42,2026-09-03 21:56:00,2026-09-03 22:22:00,MEDIUM,SCHEDULED
T004207,31492,Goods,C163,Dhanuganj Cantt,Veerhalli Jn,L163-08,92.08,2026-09-17 03:20:00,2026-09-17 03:40:00,MEDIUM,SCHEDULED
T004208,56629,Passenger,C140,Sundarkot Jn,Haldikheda,L140-03,28.69,2026-09-16 15:18:00,2026-09-16 15:24:00,MEDIUM,FORECAST
T004209,13460,Express,C123,Satpurapalli,Charankot Cantt,L123-09,208.13,2026-10-08 22:48:00,2026-10-08 23:03:00,CRITICAL,SCHEDULED
T004210,57604,Passenger,C150,Udaykot Jn,Sagarpalli,L150-09,136.48,2026-09-20 12:29:00,2026-09-20 12:40:00,HIGH,SCHEDULED
T004211,32975,Goods,C009,Konkanganj,Konkankheda,L009-03,182.63,2026-10-03 01:42:00,2026-10-03 02:48:00,CRITICAL,SCHEDULED
T004212,58856,Passenger,C199,Tarakheda Jn,Bhimagarh,L199-07,226.99,2026-10-11 08:32:00,2026-10-11 09:06:00,LOW,SCHEDULED
T004213,57055,Passenger,C140,Sundarkot Jn,Haldikheda,L140-03,28.69,2026-09-11 10:17:00,2026-09-11 10:23:00,HIGH,SCHEDULED
T004214,56639,Passenger,C069,Dhanupalli Cantt,Girnarkheda Road,L069-06,194.8,2026-10-14 05:34:00,2026-10-14 06:21:00,HIGH,SCHEDULED
T004215,13182,Express,C009,Konkanganj,Konkankheda,L009-03,182.63,2026-09-11 16:03:00,2026-09-11 16:32:00,CRITICAL,PROVISIONAL
T004216,32262,Goods,C069,Dhanupalli Cantt,Girnarkheda Road,L069-11,333.57,2026-09-12 02:56:00,2026-09-12 03:56:00,MEDIUM,SCHEDULED
T004217,32162,Goods,C140,Sundarkot Jn,Haldikheda,L140-10,40.29,2026-10-10 11:21:00,2026-10-10 11:29:00,MEDIUM,SCHEDULED
T004218,13771,Express,C066,Udaynagar Road,Meerapur Cantt,L066-05,68.74,2026-10-13 18:03:00,2026-10-13 18:15:00,CRITICAL,SCHEDULED
T004219,30439,Goods,C155,Omkarhalli,Sabarkheda Road,L155-05,18.46,2026-09-01 03:03:00,2026-09-01 03:15:00,MEDIUM,SCHEDULED
T004220,31134,Goods,C069,Dhanupalli Cantt,Girnarkheda Road,L069-05,175.88,2026-09-05 02:11:00,2026-09-05 02:58:00,MEDIUM,SCHEDULED
T004221,32799,Goods,C163,Dhanuganj Cantt,Veerhalli Jn,L163-07,71.82,2026-10-14 15:22:00,2026-10-14 15:46:00,MEDIUM,SCHEDULED
T004222,71776,Other,C069,Dhanupalli Cantt,Girnarkheda Road,L069-02,35.6,2026-10-05 21:08:00,2026-10-05 21:46:00,LOW,SCHEDULED
T004223,30388,Goods,C123,Satpurapalli,Charankot Cantt,L123-01,11.95,2026-09-19 12:03:00,2026-09-19 12:50:00,MEDIUM,SCHEDULED
T004224,56129,Passenger,C150,Udaykot Jn,Sagarpalli,L150-06,61.26,2026-10-15 09:29:00,2026-10-15 09:43:00,HIGH,FORECAST
T004225,58549,Passenger,C039,Malwaganj Cantt,Satpuraabad Road,L039-09,168.62,2026-09-17 13:53:00,2026-09-17 14:07:00,HIGH,SCHEDULED
T004226,57796,Passenger,C175,Devgarhnagar Jn,Tarapur,L175-02,167.66,2026-09-06 08:08:00,2026-09-06 09:15:00,MEDIUM,SCHEDULED
T004227,31534,Goods,C140,Sundarkot Jn,Haldikheda,L140-03,28.69,2026-09-27 22:16:00,2026-09-27 22:25:00,MEDIUM,SCHEDULED
T004228,12835,Express,C026,Sabarabad Cantt,Chitrakot,L026-05,23.62,2026-10-12 19:52:00,2026-10-12 19:58:00,CRITICAL,FORECAST
T004229,56599,Passenger,C193,Bilaskheda Jn,Devgarhkheda,L193-04,86.91,2026-09-02 16:34:00,2026-09-02 17:05:00,HIGH,SCHEDULED
T004230,12824,Express,C026,Sabarabad Cantt,Chitrakot,L026-03,10.67,2026-10-06 18:20:00,2026-10-06 18:26:00,CRITICAL,SCHEDULED
T004231,32679,Goods,C128,Chitrakheda Jn,Satpurapur Road,L128-07,138.66,2026-09-22 16:11:00,2026-09-22 16:47:00,CRITICAL,SCHEDULED
T004232,57567,Passenger,C123,Satpurapalli,Charankot Cantt,L123-09,208.13,2026-09-08 09:02:00,2026-09-08 09:27:00,HIGH,PROVISIONAL
T004233,32703,Goods,C140,Sundarkot Jn,Haldikheda,L140-07,37.73,2026-09-25 08:44:00,2026-09-25 08:50:00,MEDIUM,PROVISIONAL
T004234,56430,Passenger,C164,Girnarhalli Road,Dhanugunj Cantt,L164-08,276.89,2026-09-16 06:15:00,2026-09-16 06:47:00,HIGH,SCHEDULED
T004235,57369,Passenger,C069,Dhanupalli Cantt,Girnarkheda Road,L069-12,378.6,2026-09-06 20:10:00,2026-09-06 20:40:00,HIGH,FORECAST
T004236,72490,Other,C051,Veerhalli,Shantipalli Cantt,L051-07,162.18,2026-10-13 15:24:00,2026-10-13 15:57:00,HIGH,SCHEDULED
T004237,58310,Passenger,C163,Dhanuganj Cantt,Veerhalli Jn,L163-03,28.41,2026-09-28 08:52:00,2026-09-28 09:08:00,HIGH,SCHEDULED
T004238,57453,Passenger,C026,Sabarabad Cantt,Chitrakot,L026-01,4.01,2026-09-17 09:18:00,2026-09-17 09:24:00,HIGH,FORECAST
T004239,14214,Express,C058,Sundarkot Jn,Bharatpur Cantt,L058-04,9.51,2026-09-04 23:35:00,2026-09-04 23:41:00,CRITICAL,SCHEDULED
T004240,32374,Goods,C195,Bharatgunj,Taraganj Road,L195-06,98.59,2026-09-23 13:13:00,2026-09-23 14:09:00,MEDIUM,FORECAST
T004241,13257,Express,C155,Omkarhalli,Sabarkheda Road,L155-05,18.46,2026-09-27 11:29:00,2026-09-27 11:35:00,CRITICAL,SCHEDULED
T004242,32307,Goods,C098,Bilaskheda,Pushkarganj,L098-01,1.11,2026-09-23 21:18:00,2026-09-23 21:24:00,MEDIUM,SCHEDULED
T004243,57398,Passenger,C199,Tarakheda Jn,Bhimagarh,L199-11,303.6,2026-10-14 18:16:00,2026-10-14 18:41:00,HIGH,SCHEDULED
T004244,13074,Express,C150,Udaykot Jn,Sagarpalli,L150-11,162.07,2026-09-30 06:49:00,2026-09-30 06:58:00,CRITICAL,SCHEDULED
T004245,32272,Goods,C018,Haldiganj,Nilgirigunj Road,L018-09,213.99,2026-10-14 01:45:00,2026-10-14 02:24:00,MEDIUM,FORECAST
T004246,56193,Passenger,C150,Udaykot Jn,Sagarpalli,L150-12,167.61,2026-10-13 14:46:00,2026-10-13 15:02:00,LOW,SCHEDULED
T004247,57861,Passenger,C065,Devgarhnagar,Sundarnagar Jn,L065-07,332.11,2026-09-28 22:33:00,2026-09-28 23:09:00,HIGH,PROVISIONAL
T004248,57324,Passenger,C069,Dhanupalli Cantt,Girnarkheda Road,L069-03,48.56,2026-09-28 16:43:00,2026-09-28 17:12:00,HIGH,SCHEDULED
T004249,12104,Express,C018,Haldiganj,Nilgirigunj Road,L018-07,174.74,2026-09-30 12:04:00,2026-09-30 12:19:00,CRITICAL,SCHEDULED
T004250,31830,Goods,C155,Omkarhalli,Sabarkheda Road,L155-09,52.29,2026-09-01 05:10:00,2026-09-01 05:23:00,MEDIUM,SCHEDULED
T004251,13275,Express,C009,Konkanganj,Konkankheda,L009-05,209.53,2026-09-25 16:04:00,2026-09-25 16:33:00,CRITICAL,SCHEDULED
T004252,12782,Express,C131,Ashokkot,Narmadagarh Cantt,L131-04,148.79,2026-09-15 17:55:00,2026-09-15 18:12:00,CRITICAL,SCHEDULED
T004253,32210,Goods,C164,Girnarhalli Road,Dhanugunj Cantt,L164-06,229.92,2026-10-09 23:31:00,2026-10-10 00:38:00,MEDIUM,SCHEDULED
T004254,30831,Goods,C140,Sundarkot Jn,Haldikheda,L140-09,40.15,2026-09-24 09:35:00,2026-09-24 09:41:00,MEDIUM,SCHEDULED
T004255,57662,Passenger,C099,Malwagunj,Gangaganj,L099-04,17.97,2026-10-01 18:04:00,2026-10-01 18:12:00,HIGH,SCHEDULED
T004256,14466,Express,C059,Yamunanagar Jn,Haldikheda,L059-08,372.87,2026-09-10 20:48:00,2026-09-10 21:19:00,CRITICAL,PROVISIONAL
T004257,70455,Other,C164,Girnarhalli Road,Dhanugunj Cantt,L164-05,185.8,2026-10-06 10:31:00,2026-10-06 11:51:00,LOW,PROVISIONAL
T004258,56384,Passenger,C175,Devgarhnagar Jn,Tarapur,L175-03,202.75,2026-10-04 12:12:00,2026-10-04 13:08:00,HIGH,PROVISIONAL
T004259,32770,Goods,C199,Tarakheda Jn,Bhimagarh,L199-05,143.67,2026-10-06 00:33:00,2026-10-06 01:18:00,MEDIUM,SCHEDULED
T004260,32582,Goods,C196,Devgarhganj,Bharatnagar,L196-05,114.09,2026-10-10 20:47:00,2026-10-10 21:37:00,MEDIUM,PROVISIONAL
T004261,56982,Passenger,C153,Veerkot Jn,Veerkheda Road,L153-09,97.67,2026-09-18 20:04:00,2026-09-18 20:18:00,CRITICAL,FORECAST
T004262,57007,Passenger,C037,Gangaganj Road,Bilaskot,L037-09,244.87,2026-09-15 20:49:00,2026-09-15 21:25:00,HIGH,SCHEDULED
T004263,70710,Other,C009,Konkanganj,Konkankheda,L009-03,182.63,2026-09-06 12:53:00,2026-09-06 13:40:00,LOW,FORECAST
T004264,70685,Other,C098,Bilaskheda,Pushkarganj,L098-05,8.04,2026-09-05 02:46:00,2026-09-05 02:52:00,LOW,SCHEDULED
T004265,32903,Goods,C015,Sundarhalli Road,Sabarpalli,L015-07,139.34,2026-09-23 23:07:00,2026-09-23 23:55:00,MEDIUM,SCHEDULED
T004266,12635,Express,C176,Vindhyakot Jn,Ranaganj Cantt,L176-14,244.66,2026-09-25 04:15:00,2026-09-25 04:28:00,CRITICAL,FORECAST
T004267,58169,Passenger,C153,Veerkot Jn,Veerkheda Road,L153-07,81.18,2026-09-12 05:07:00,2026-09-12 05:23:00,HIGH,SCHEDULED
T004268,58491,Passenger,C192,Malwanagar,Devgarhgarh,L192-04,25.45,2026-09-01 06:47:00,2026-09-01 06:58:00,HIGH,SCHEDULED
T004269,58747,Passenger,C009,Konkanganj,Konkankheda,L009-01,14.97,2026-09-29 06:26:00,2026-09-29 07:05:00,HIGH,SCHEDULED
T004270,58910,Passenger,C150,Udaykot Jn,Sagarpalli,L150-09,136.48,2026-09-12 10:08:00,2026-09-12 10:26:00,HIGH,SCHEDULED
T004271,32052,Goods,C069,Dhanupalli Cantt,Girnarkheda Road,L069-12,378.6,2026-09-23 00:40:00,2026-09-23 01:33:00,MEDIUM,SCHEDULED
T004272,57765,Passenger,C050,Taragunj,Haldipur Road,L050-03,34.24,2026-09-05 10:05:00,2026-09-05 10:18:00,HIGH,FORECAST
T004273,58454,Passenger,C037,Gangaganj Road,Bilaskot,L037-07,224.52,2026-09-26 06:10:00,2026-09-26 06:43:00,HIGH,FORECAST
T004274,57902,Passenger,C131,Ashokkot,Narmadagarh Cantt,L131-02,53.69,2026-09-16 18:13:00,2026-09-16 18:39:00,HIGH,SCHEDULED
T004275,56435,Passenger,C123,Satpurapalli,Charankot Cantt,L123-06,44.14,2026-09-18 15:21:00,2026-09-18 15:39:00,CRITICAL,SCHEDULED
T004276,58355,Passenger,C165,Jaisalgunj Road,Palanigunj,L165-03,21.94,2026-10-08 13:53:00,2026-10-08 14:13:00,HIGH,SCHEDULED
T004277,70777,Other,C115,Konkanpalli,Indrakheda Jn,L115-01,50.74,2026-10-15 03:57:00,2026-10-15 04:33:00,LOW,SCHEDULED
T004278,31516,Goods,C176,Vindhyakot Jn,Ranaganj Cantt,L176-07,116.6,2026-10-10 01:29:00,2026-10-10 02:03:00,MEDIUM,FORECAST
T004279,56232,Passenger,C163,Dhanuganj Cantt,Veerhalli Jn,L163-06,67.58,2026-10-02 17:27:00,2026-10-02 17:46:00,HIGH,SCHEDULED
T004340,56004,Passenger,C018,Haldiganj,Nilgirigunj Road,L018-02,70.47,2026-09-09 18:43:00,2026-09-09 19:15:00,HIGH,SCHEDULED
T004280,31110,Goods,C059,Yamunanagar Jn,Haldikheda,L059-06,354.84,2026-09-12 12:19:00,2026-09-12 13:19:00,MEDIUM,SCHEDULED
T004281,58999,Passenger,C163,Dhanuganj Cantt,Veerhalli Jn,L163-05,64.97,2026-10-06 06:00:00,2026-10-06 06:13:00,HIGH,SCHEDULED
T004282,56151,Passenger,C026,Sabarabad Cantt,Chitrakot,L026-01,4.01,2026-09-10 22:58:00,2026-09-10 23:04:00,HIGH,SCHEDULED
T004283,13481,Express,C050,Taragunj,Haldipur Road,L050-11,126.85,2026-09-07 11:27:00,2026-09-07 11:36:00,CRITICAL,SCHEDULED
T004284,72850,Other,C050,Taragunj,Haldipur Road,L050-05,36.84,2026-10-08 22:00:00,2026-10-08 22:18:00,LOW,SCHEDULED
T004285,14081,Express,C004,Narmadanagar,Vindhyapur Road,L004-11,223.65,2026-09-03 22:09:00,2026-09-03 22:24:00,CRITICAL,SCHEDULED
T004286,13646,Express,C071,Jaisalhalli Cantt,Veergarh Road,L071-05,178.19,2026-09-20 05:12:00,2026-09-20 05:44:00,CRITICAL,SCHEDULED
T004287,13564,Express,C153,Veerkot Jn,Veerkheda Road,L153-06,62.51,2026-10-04 21:38:00,2026-10-04 21:44:00,CRITICAL,SCHEDULED
T004288,30021,Goods,C150,Udaykot Jn,Sagarpalli,L150-05,55.2,2026-10-06 11:24:00,2026-10-06 11:50:00,HIGH,SCHEDULED
T004289,32369,Goods,C069,Dhanupalli Cantt,Girnarkheda Road,L069-02,35.6,2026-09-01 19:55:00,2026-09-01 20:53:00,MEDIUM,SCHEDULED
T004290,58192,Passenger,C123,Satpurapalli,Charankot Cantt,L123-05,42.98,2026-09-18 12:19:00,2026-09-18 12:44:00,HIGH,SCHEDULED
T004291,12989,Express,C192,Malwanagar,Devgarhgarh,L192-01,20.94,2026-09-13 15:29:00,2026-09-13 15:41:00,CRITICAL,SCHEDULED
T004292,56425,Passenger,C098,Bilaskheda,Pushkarganj,L098-07,15.99,2026-10-13 10:20:00,2026-10-13 10:26:00,HIGH,SCHEDULED
T004293,12291,Express,C150,Udaykot Jn,Sagarpalli,L150-07,109.46,2026-09-05 00:11:00,2026-09-05 00:20:00,CRITICAL,SCHEDULED
T004294,58654,Passenger,C176,Vindhyakot Jn,Ranaganj Cantt,L176-11,200.35,2026-09-01 19:37:00,2026-09-01 19:57:00,HIGH,SCHEDULED
T004295,57800,Passenger,C059,Yamunanagar Jn,Haldikheda,L059-06,354.84,2026-09-04 16:54:00,2026-09-04 17:40:00,HIGH,SCHEDULED
T004296,13849,Express,C009,Konkanganj,Konkankheda,L009-03,182.63,2026-10-10 10:56:00,2026-10-10 11:23:00,HIGH,CANCELLED
T004297,57068,Passenger,C037,Gangaganj Road,Bilaskot,L037-05,163.19,2026-09-22 13:33:00,2026-09-22 14:04:00,HIGH,SCHEDULED
T004298,13775,Express,C129,Sagargunj Jn,Meeragunj Road,L129-01,0.75,2026-10-08 09:15:00,2026-10-08 09:23:00,CRITICAL,FORECAST
T004299,12149,Express,C009,Konkanganj,Konkankheda,L009-01,14.97,2026-09-02 18:02:00,2026-09-02 18:35:00,CRITICAL,FORECAST
T004300,12301,Express,C163,Dhanuganj Cantt,Veerhalli Jn,L163-05,64.97,2026-09-02 22:18:00,2026-09-02 22:26:00,CRITICAL,SCHEDULED
T004301,14840,Express,C028,Girnarpalli,Kanhagunj Cantt,L028-02,47.72,2026-10-13 18:01:00,2026-10-13 18:19:00,CRITICAL,SCHEDULED
T004302,14385,Express,C037,Gangaganj Road,Bilaskot,L037-08,234.0,2026-10-15 18:32:00,2026-10-15 18:49:00,CRITICAL,SCHEDULED
T004303,57388,Passenger,C164,Girnarhalli Road,Dhanugunj Cantt,L164-02,82.77,2026-09-19 19:53:00,2026-09-19 20:33:00,HIGH,SCHEDULED
T004304,30423,Goods,C176,Vindhyakot Jn,Ranaganj Cantt,L176-07,116.6,2026-09-25 18:07:00,2026-09-25 18:42:00,MEDIUM,SCHEDULED
T004305,30707,Goods,C009,Konkanganj,Konkankheda,L009-02,62.41,2026-10-11 10:14:00,2026-10-11 11:04:00,MEDIUM,SCHEDULED
T004306,56189,Passenger,C069,Dhanupalli Cantt,Girnarkheda Road,L069-05,175.88,2026-09-20 12:30:00,2026-09-20 13:04:00,HIGH,SCHEDULED
T004307,14510,Express,C163,Dhanuganj Cantt,Veerhalli Jn,L163-04,36.4,2026-09-04 06:43:00,2026-09-04 06:52:00,CRITICAL,SCHEDULED
T004308,57823,Passenger,C155,Omkarhalli,Sabarkheda Road,L155-07,29.35,2026-10-08 10:05:00,2026-10-08 10:11:00,HIGH,SCHEDULED
T004309,14069,Express,C069,Dhanupalli Cantt,Girnarkheda Road,L069-06,194.8,2026-09-29 06:33:00,2026-09-29 06:52:00,CRITICAL,PROVISIONAL
T004310,31713,Goods,C123,Satpurapalli,Charankot Cantt,L123-02,16.66,2026-09-20 01:10:00,2026-09-20 01:48:00,MEDIUM,SCHEDULED
T004311,58296,Passenger,C039,Malwaganj Cantt,Satpuraabad Road,L039-02,34.94,2026-09-18 10:22:00,2026-09-18 10:37:00,HIGH,SCHEDULED
T004312,13710,Express,C131,Ashokkot,Narmadagarh Cantt,L131-07,204.72,2026-09-15 16:20:00,2026-09-15 16:41:00,CRITICAL,SCHEDULED
T004313,13643,Express,C199,Tarakheda Jn,Bhimagarh,L199-11,303.6,2026-09-26 06:56:00,2026-09-26 07:15:00,CRITICAL,SCHEDULED
T004314,58536,Passenger,C150,Udaykot Jn,Sagarpalli,L150-11,162.07,2026-09-17 07:13:00,2026-09-17 07:31:00,HIGH,SCHEDULED
T004315,32564,Goods,C075,Charanpur,Ranahalli Cantt,L075-10,243.0,2026-10-10 22:28:00,2026-10-10 23:15:00,MEDIUM,CANCELLED
T004316,14601,Express,C069,Dhanupalli Cantt,Girnarkheda Road,L069-02,35.6,2026-10-12 10:19:00,2026-10-12 10:36:00,CRITICAL,FORECAST
T004317,14790,Express,C069,Dhanupalli Cantt,Girnarkheda Road,L069-02,35.6,2026-09-11 18:01:00,2026-09-11 18:28:00,CRITICAL,FORECAST
T004318,32865,Goods,C115,Konkanpalli,Indrakheda Jn,L115-09,283.97,2026-10-06 21:17:00,2026-10-06 22:01:00,MEDIUM,SCHEDULED
T004319,56119,Passenger,C050,Taragunj,Haldipur Road,L050-10,121.98,2026-09-27 21:19:00,2026-09-27 21:32:00,HIGH,SCHEDULED
T004320,57916,Passenger,C195,Bharatgunj,Taraganj Road,L195-04,60.26,2026-09-03 18:18:00,2026-09-03 18:42:00,HIGH,SCHEDULED
T004321,57161,Passenger,C153,Veerkot Jn,Veerkheda Road,L153-09,97.67,2026-10-06 14:57:00,2026-10-06 15:08:00,CRITICAL,SCHEDULED
T004322,31002,Goods,C039,Malwaganj Cantt,Satpuraabad Road,L039-07,116.74,2026-09-14 03:16:00,2026-09-14 03:46:00,MEDIUM,SCHEDULED
T004323,31312,Goods,C163,Dhanuganj Cantt,Veerhalli Jn,L163-11,115.88,2026-09-08 20:16:00,2026-09-08 20:36:00,MEDIUM,SCHEDULED
T004324,56509,Passenger,C028,Girnarpalli,Kanhagunj Cantt,L028-09,222.43,2026-09-21 16:53:00,2026-09-21 17:43:00,HIGH,FORECAST
T004325,57441,Passenger,C149,Veerkot,Ashokgunj,L149-03,89.57,2026-10-09 17:41:00,2026-10-09 18:17:00,HIGH,SCHEDULED
T004326,57291,Passenger,C047,Vindhyapalli Jn,Dhanukot,L047-07,110.05,2026-09-21 15:54:00,2026-09-21 16:14:00,HIGH,SCHEDULED
T004327,57930,Passenger,C108,Krishnakheda,Palanipur,L108-03,208.98,2026-09-29 19:54:00,2026-09-29 21:05:00,HIGH,SCHEDULED
T004328,56065,Passenger,C176,Vindhyakot Jn,Ranaganj Cantt,L176-02,35.75,2026-10-08 09:57:00,2026-10-08 10:13:00,HIGH,SCHEDULED
T004329,71380,Other,C153,Veerkot Jn,Veerkheda Road,L153-04,44.0,2026-09-21 06:42:00,2026-09-21 07:05:00,LOW,SCHEDULED
T004330,71767,Other,C129,Sagargunj Jn,Meeragunj Road,L129-09,107.56,2026-10-13 18:25:00,2026-10-13 18:41:00,LOW,SCHEDULED
T004331,32823,Goods,C192,Malwanagar,Devgarhgarh,L192-07,43.98,2026-09-28 00:45:00,2026-09-28 01:17:00,MEDIUM,SCHEDULED
T004332,58563,Passenger,C140,Sundarkot Jn,Haldikheda,L140-08,38.21,2026-10-03 08:56:00,2026-10-03 09:02:00,HIGH,SCHEDULED
T004333,30589,Goods,C009,Konkanganj,Konkankheda,L009-01,14.97,2026-09-05 01:48:00,2026-09-05 02:54:00,MEDIUM,SCHEDULED
T004334,13310,Express,C190,Konkanpur,Jaisalhalli Road,L190-05,13.99,2026-10-03 11:14:00,2026-10-03 11:21:00,CRITICAL,SCHEDULED
T004335,13137,Express,C098,Bilaskheda,Pushkarganj,L098-08,22.8,2026-09-06 04:08:00,2026-09-06 04:14:00,CRITICAL,SCHEDULED
T004336,31364,Goods,C164,Girnarhalli Road,Dhanugunj Cantt,L164-08,276.89,2026-10-06 00:56:00,2026-10-06 02:16:00,MEDIUM,SCHEDULED
T004337,57183,Passenger,C039,Malwaganj Cantt,Satpuraabad Road,L039-11,191.22,2026-10-04 21:06:00,2026-10-04 21:27:00,HIGH,PROVISIONAL
T004338,57043,Passenger,C098,Bilaskheda,Pushkarganj,L098-10,26.69,2026-10-15 07:27:00,2026-10-15 07:33:00,HIGH,SCHEDULED
T004341,31590,Goods,C163,Dhanuganj Cantt,Veerhalli Jn,L163-08,92.08,2026-10-12 21:30:00,2026-10-12 21:54:00,MEDIUM,SCHEDULED
T004342,56268,Passenger,C176,Vindhyakot Jn,Ranaganj Cantt,L176-03,49.03,2026-10-15 05:50:00,2026-10-15 06:10:00,HIGH,SCHEDULED
T004343,58448,Passenger,C192,Malwanagar,Devgarhgarh,L192-03,25.29,2026-09-03 08:57:00,2026-09-03 09:15:00,HIGH,PROVISIONAL
T004344,57376,Passenger,C098,Bilaskheda,Pushkarganj,L098-12,29.95,2026-10-06 08:33:00,2026-10-06 08:39:00,MEDIUM,SCHEDULED
T004345,31258,Goods,C074,Chandrapalli Cantt,Nilgirikheda,L074-04,14.02,2026-10-14 00:32:00,2026-10-14 00:51:00,MEDIUM,FORECAST
T004346,31007,Goods,C155,Omkarhalli,Sabarkheda Road,L155-12,75.94,2026-09-10 01:24:00,2026-09-10 01:32:00,LOW,FORECAST
T004347,31268,Goods,C129,Sagargunj Jn,Meeragunj Road,L129-07,62.07,2026-10-06 03:50:00,2026-10-06 04:22:00,MEDIUM,FORECAST
T004348,30398,Goods,C069,Dhanupalli Cantt,Girnarkheda Road,L069-03,48.56,2026-10-07 02:30:00,2026-10-07 03:24:00,MEDIUM,PROVISIONAL
T004349,32326,Goods,C052,Tarakheda Road,Bhimapalli Cantt,L052-06,85.15,2026-09-04 05:46:00,2026-09-04 06:18:00,MEDIUM,FORECAST
T004350,58299,Passenger,C069,Dhanupalli Cantt,Girnarkheda Road,L069-09,277.58,2026-09-21 15:20:00,2026-09-21 15:59:00,HIGH,SCHEDULED
T004351,72178,Other,C036,Ashokgunj Jn,Kanhaganj,L036-02,12.31,2026-09-20 23:39:00,2026-09-20 23:58:00,LOW,SCHEDULED
T004352,56495,Passenger,C150,Udaykot Jn,Sagarpalli,L150-04,28.77,2026-09-02 01:09:00,2026-09-02 01:32:00,LOW,SCHEDULED
T004353,57040,Passenger,C135,Jaisalganj,Malwaabad,L135-02,34.57,2026-10-12 06:29:00,2026-10-12 06:55:00,HIGH,CANCELLED
T004354,71953,Other,C140,Sundarkot Jn,Haldikheda,L140-06,35.5,2026-10-08 03:00:00,2026-10-08 03:06:00,LOW,SCHEDULED
T004355,13512,Express,C195,Bharatgunj,Taraganj Road,L195-05,93.9,2026-09-05 16:42:00,2026-09-05 17:03:00,CRITICAL,FORECAST
T004356,31342,Goods,C192,Malwanagar,Devgarhgarh,L192-08,59.46,2026-09-30 01:24:00,2026-09-30 01:46:00,LOW,PROVISIONAL
T004357,58781,Passenger,C123,Satpurapalli,Charankot Cantt,L123-08,113.88,2026-10-06 08:42:00,2026-10-06 09:05:00,HIGH,SCHEDULED
T004358,31368,Goods,C079,Jaisalganj Road,Krishnaganj,L079-02,55.62,2026-09-04 23:23:00,2026-09-05 00:03:00,MEDIUM,SCHEDULED
T004359,58744,Passenger,C140,Sundarkot Jn,Haldikheda,L140-07,37.73,2026-09-30 17:32:00,2026-09-30 17:38:00,HIGH,SCHEDULED
T004360,57937,Passenger,C026,Sabarabad Cantt,Chitrakot,L026-04,17.94,2026-10-09 16:01:00,2026-10-09 16:07:00,HIGH,FORECAST
T004361,32152,Goods,C069,Dhanupalli Cantt,Girnarkheda Road,L069-02,35.6,2026-09-28 18:01:00,2026-09-28 19:01:00,MEDIUM,SCHEDULED
T004362,32696,Goods,C175,Devgarhnagar Jn,Tarapur,L175-03,202.75,2026-09-28 19:20:00,2026-09-28 21:12:00,MEDIUM,SCHEDULED
T004363,13929,Express,C195,Bharatgunj,Taraganj Road,L195-05,93.9,2026-09-27 14:43:00,2026-09-27 15:02:00,CRITICAL,SCHEDULED
T004364,56529,Passenger,C050,Taragunj,Haldipur Road,L050-02,30.2,2026-09-07 11:30:00,2026-09-07 11:40:00,HIGH,SCHEDULED
T004365,72193,Other,C175,Devgarhnagar Jn,Tarapur,L175-04,212.09,2026-10-07 05:18:00,2026-10-07 07:04:00,LOW,FORECAST
T004366,14300,Express,C044,Devgarhkot Jn,Dhanugunj,L044-02,31.05,2026-09-05 16:10:00,2026-09-05 16:18:00,LOW,SCHEDULED
T004367,56643,Passenger,C009,Konkanganj,Konkankheda,L009-02,62.41,2026-10-10 23:51:00,2026-10-11 00:33:00,HIGH,SCHEDULED
T004368,57131,Passenger,C069,Dhanupalli Cantt,Girnarkheda Road,L069-02,35.6,2026-09-27 08:54:00,2026-09-27 09:33:00,HIGH,PROVISIONAL
T004369,12403,Express,C059,Yamunanagar Jn,Haldikheda,L059-06,354.84,2026-09-01 17:09:00,2026-09-01 17:37:00,CRITICAL,SCHEDULED
T004370,57686,Passenger,C009,Konkanganj,Konkankheda,L009-07,242.71,2026-10-08 14:55:00,2026-10-08 15:41:00,HIGH,CANCELLED
T004371,57354,Passenger,C199,Tarakheda Jn,Bhimagarh,L199-01,47.99,2026-09-16 07:22:00,2026-09-16 07:47:00,HIGH,SCHEDULED
T004372,57347,Passenger,C050,Taragunj,Haldipur Road,L050-08,107.89,2026-10-14 08:55:00,2026-10-14 09:05:00,HIGH,SCHEDULED
T004373,13108,Express,C009,Konkanganj,Konkankheda,L009-06,222.21,2026-09-11 17:12:00,2026-09-11 17:31:00,CRITICAL,FORECAST
T004374,30856,Goods,C175,Devgarhnagar Jn,Tarapur,L175-03,202.75,2026-10-08 05:45:00,2026-10-08 08:13:00,MEDIUM,FORECAST
T004375,32752,Goods,C009,Konkanganj,Konkankheda,L009-03,182.63,2026-10-06 01:00:00,2026-10-06 02:07:00,MEDIUM,SCHEDULED
T004376,31334,Goods,C163,Dhanuganj Cantt,Veerhalli Jn,L163-04,36.4,2026-09-06 03:46:00,2026-09-06 03:59:00,MEDIUM,SCHEDULED
T004377,30864,Goods,C176,Vindhyakot Jn,Ranaganj Cantt,L176-14,244.66,2026-09-27 22:34:00,2026-09-27 23:01:00,MEDIUM,SCHEDULED
T004378,57324,Passenger,C018,Haldiganj,Nilgirigunj Road,L018-07,174.74,2026-09-09 21:25:00,2026-09-09 21:48:00,HIGH,FORECAST
T004379,56715,Passenger,C069,Dhanupalli Cantt,Girnarkheda Road,L069-05,175.88,2026-09-03 17:29:00,2026-09-03 17:56:00,HIGH,SCHEDULED
T004380,57760,Passenger,C163,Dhanuganj Cantt,Veerhalli Jn,L163-05,64.97,2026-09-26 06:29:00,2026-09-26 06:35:00,HIGH,SCHEDULED
T004381,72900,Other,C099,Malwagunj,Gangaganj,L099-10,60.2,2026-09-26 02:54:00,2026-09-26 03:01:00,LOW,SCHEDULED
T004382,57406,Passenger,C140,Sundarkot Jn,Haldikheda,L140-05,34.07,2026-09-14 17:29:00,2026-09-14 17:35:00,LOW,FORECAST
T004383,58441,Passenger,C055,Yamunakheda,Sabarpur,L055-04,80.92,2026-09-24 19:59:00,2026-09-24 20:25:00,HIGH,FORECAST
T004384,30049,Goods,C129,Sagargunj Jn,Meeragunj Road,L129-04,51.91,2026-09-06 21:52:00,2026-09-06 22:12:00,MEDIUM,SCHEDULED
T004385,31490,Goods,C026,Sabarabad Cantt,Chitrakot,L026-06,27.69,2026-09-18 05:57:00,2026-09-18 06:04:00,MEDIUM,SCHEDULED
T004386,57594,Passenger,C075,Charanpur,Ranahalli Cantt,L075-08,192.11,2026-10-03 11:56:00,2026-10-03 12:24:00,HIGH,SCHEDULED
T004387,14859,Express,C052,Tarakheda Road,Bhimapalli Cantt,L052-12,211.89,2026-09-27 07:31:00,2026-09-27 07:42:00,CRITICAL,CANCELLED
T004388,58004,Passenger,C069,Dhanupalli Cantt,Girnarkheda Road,L069-03,48.56,2026-09-05 21:00:00,2026-09-05 21:36:00,HIGH,SCHEDULED
T004389,58081,Passenger,C028,Girnarpalli,Kanhagunj Cantt,L028-06,160.66,2026-09-23 03:23:00,2026-09-23 03:52:00,HIGH,SCHEDULED
T004390,56850,Passenger,C103,Malwaabad,Yamunahalli Jn,L103-08,136.73,2026-09-10 09:34:00,2026-09-10 10:09:00,MEDIUM,FORECAST
T004391,12853,Express,C099,Malwagunj,Gangaganj,L099-05,20.32,2026-09-04 06:42:00,2026-09-04 06:48:00,CRITICAL,SCHEDULED
T004392,57113,Passenger,C039,Malwaganj Cantt,Satpuraabad Road,L039-11,191.22,2026-10-07 07:06:00,2026-10-07 07:16:00,HIGH,FORECAST
T004393,57904,Passenger,C123,Satpurapalli,Charankot Cantt,L123-05,42.98,2026-10-07 18:49:00,2026-10-07 19:20:00,HIGH,FORECAST
T004394,13337,Express,C176,Vindhyakot Jn,Ranaganj Cantt,L176-03,49.03,2026-10-02 12:51:00,2026-10-02 13:07:00,CRITICAL,SCHEDULED
T004395,30052,Goods,C085,Malwapur,Satpuranagar,L085-03,69.88,2026-09-24 14:36:00,2026-09-24 15:10:00,MEDIUM,PROVISIONAL
T004396,56715,Passenger,C195,Bharatgunj,Taraganj Road,L195-04,60.26,2026-09-03 08:40:00,2026-09-03 09:09:00,HIGH,SCHEDULED
T004397,13861,Express,C039,Malwaganj Cantt,Satpuraabad Road,L039-13,210.07,2026-09-15 19:40:00,2026-09-15 19:55:00,CRITICAL,SCHEDULED
T004398,12082,Express,C176,Vindhyakot Jn,Ranaganj Cantt,L176-10,158.5,2026-09-01 15:25:00,2026-09-01 15:38:00,CRITICAL,SCHEDULED
T004399,58068,Passenger,C069,Dhanupalli Cantt,Girnarkheda Road,L069-11,333.57,2026-10-12 21:55:00,2026-10-12 22:25:00,HIGH,SCHEDULED
T004400,58762,Passenger,C195,Bharatgunj,Taraganj Road,L195-02,28.22,2026-09-30 14:28:00,2026-09-30 14:56:00,HIGH,SCHEDULED
T004401,56633,Passenger,C069,Dhanupalli Cantt,Girnarkheda Road,L069-01,22.53,2026-10-09 17:05:00,2026-10-09 17:31:00,HIGH,SCHEDULED
T004402,13784,Express,C051,Veerhalli,Shantipalli Cantt,L051-10,201.08,2026-10-12 17:28:00,2026-10-12 17:48:00,CRITICAL,SCHEDULED
T004403,32063,Goods,C069,Dhanupalli Cantt,Girnarkheda Road,L069-10,288.36,2026-09-27 05:04:00,2026-09-27 05:53:00,MEDIUM,SCHEDULED
T004404,12162,Express,C018,Haldiganj,Nilgirigunj Road,L018-01,55.34,2026-10-08 06:48:00,2026-10-08 07:08:00,CRITICAL,SCHEDULED
T004405,58944,Passenger,C115,Konkanpalli,Indrakheda Jn,L115-03,133.82,2026-09-24 18:08:00,2026-09-24 18:47:00,HIGH,SCHEDULED
T004406,31866,Goods,C069,Dhanupalli Cantt,Girnarkheda Road,L069-09,277.58,2026-10-06 16:07:00,2026-10-06 17:09:00,HIGH,FORECAST
T004407,14797,Express,C176,Vindhyakot Jn,Ranaganj Cantt,L176-06,96.69,2026-09-04 16:38:00,2026-09-04 16:49:00,CRITICAL,SCHEDULED
T004408,57049,Passenger,C075,Charanpur,Ranahalli Cantt,L075-03,84.0,2026-09-07 17:30:00,2026-09-07 17:56:00,HIGH,SCHEDULED
T004409,12520,Express,C131,Ashokkot,Narmadagarh Cantt,L131-07,204.72,2026-10-12 03:02:00,2026-10-12 03:20:00,CRITICAL,SCHEDULED
T004410,30264,Goods,C069,Dhanupalli Cantt,Girnarkheda Road,L069-10,288.36,2026-09-19 23:12:00,2026-09-20 00:09:00,MEDIUM,SCHEDULED
T004411,12613,Express,C150,Udaykot Jn,Sagarpalli,L150-02,13.59,2026-10-13 14:39:00,2026-10-13 14:51:00,CRITICAL,FORECAST
T004412,31953,Goods,C009,Konkanganj,Konkankheda,L009-02,62.41,2026-09-13 21:59:00,2026-09-13 23:11:00,MEDIUM,SCHEDULED
T004413,58731,Passenger,C050,Taragunj,Haldipur Road,L050-04,35.75,2026-09-02 19:03:00,2026-09-02 19:17:00,HIGH,SCHEDULED
T004414,30264,Goods,C176,Vindhyakot Jn,Ranaganj Cantt,L176-04,54.44,2026-09-03 03:52:00,2026-09-03 04:26:00,MEDIUM,SCHEDULED
T004415,12145,Express,C069,Dhanupalli Cantt,Girnarkheda Road,L069-08,267.94,2026-09-02 05:08:00,2026-09-02 05:28:00,CRITICAL,SCHEDULED
T004416,56914,Passenger,C131,Ashokkot,Narmadagarh Cantt,L131-11,271.21,2026-10-10 20:40:00,2026-10-10 21:12:00,HIGH,SCHEDULED
T004417,70061,Other,C050,Taragunj,Haldipur Road,L050-07,54.04,2026-09-07 19:37:00,2026-09-07 19:57:00,LOW,SCHEDULED
T004418,13233,Express,C018,Haldiganj,Nilgirigunj Road,L018-01,55.34,2026-10-06 15:44:00,2026-10-06 16:15:00,CRITICAL,SCHEDULED
T004419,58968,Passenger,C150,Udaykot Jn,Sagarpalli,L150-03,22.68,2026-09-17 15:14:00,2026-09-17 15:35:00,HIGH,SCHEDULED
T004420,57941,Passenger,C039,Malwaganj Cantt,Satpuraabad Road,L039-04,71.96,2026-09-12 16:29:00,2026-09-12 16:48:00,HIGH,FORECAST
T004421,72009,Other,C002,Vindhyakot,Sagarkheda Cantt,L002-03,18.69,2026-09-15 23:32:00,2026-09-16 00:14:00,LOW,SCHEDULED
T004422,13674,Express,C026,Sabarabad Cantt,Chitrakot,L026-03,10.67,2026-09-29 13:24:00,2026-09-29 13:30:00,HIGH,SCHEDULED
T004423,58779,Passenger,C163,Dhanuganj Cantt,Veerhalli Jn,L163-11,115.88,2026-09-22 10:29:00,2026-09-22 10:45:00,MEDIUM,SCHEDULED
T004424,56199,Passenger,C164,Girnarhalli Road,Dhanugunj Cantt,L164-06,229.92,2026-09-14 19:22:00,2026-09-14 20:00:00,HIGH,PROVISIONAL
T004425,32175,Goods,C069,Dhanupalli Cantt,Girnarkheda Road,L069-03,48.56,2026-09-21 07:37:00,2026-09-21 08:33:00,MEDIUM,SCHEDULED
T004426,12061,Express,C026,Sabarabad Cantt,Chitrakot,L026-03,10.67,2026-10-06 07:47:00,2026-10-06 07:53:00,CRITICAL,SCHEDULED
T004427,56460,Passenger,C009,Konkanganj,Konkankheda,L009-05,209.53,2026-09-18 14:46:00,2026-09-18 15:33:00,HIGH,SCHEDULED
T004428,30190,Goods,C018,Haldiganj,Nilgirigunj Road,L018-05,139.06,2026-09-10 23:05:00,2026-09-10 23:45:00,MEDIUM,SCHEDULED
T004429,31959,Goods,C140,Sundarkot Jn,Haldikheda,L140-08,38.21,2026-10-03 21:56:00,2026-10-03 22:04:00,MEDIUM,SCHEDULED
T004430,13160,Express,C112,Narmadagunj,Yamunaganj,L112-08,152.38,2026-09-03 13:28:00,2026-09-03 13:43:00,HIGH,SCHEDULED
T004431,56223,Passenger,C140,Sundarkot Jn,Haldikheda,L140-10,40.29,2026-09-08 10:38:00,2026-09-08 10:44:00,HIGH,PROVISIONAL
T004432,57026,Passenger,C051,Veerhalli,Shantipalli Cantt,L051-09,175.11,2026-10-01 16:01:00,2026-10-01 16:23:00,HIGH,SCHEDULED
T004433,72127,Other,C150,Udaykot Jn,Sagarpalli,L150-05,55.2,2026-09-12 12:33:00,2026-09-12 12:51:00,LOW,SCHEDULED
T004434,58857,Passenger,C171,Yamunakot Cantt,Krishnapur,L171-02,4.63,2026-10-09 09:14:00,2026-10-09 09:20:00,HIGH,SCHEDULED
T004435,14050,Express,C059,Yamunanagar Jn,Haldikheda,L059-04,298.87,2026-09-15 11:53:00,2026-09-15 12:24:00,CRITICAL,SCHEDULED
T004436,14412,Express,C050,Taragunj,Haldipur Road,L050-06,53.65,2026-09-13 15:12:00,2026-09-13 15:21:00,CRITICAL,SCHEDULED
T004437,57105,Passenger,C069,Dhanupalli Cantt,Girnarkheda Road,L069-01,22.53,2026-09-27 10:16:00,2026-09-27 10:53:00,HIGH,CANCELLED
T004438,57842,Passenger,C140,Sundarkot Jn,Haldikheda,L140-07,37.73,2026-09-17 09:43:00,2026-09-17 09:49:00,HIGH,PROVISIONAL
T004439,56254,Passenger,C195,Bharatgunj,Taraganj Road,L195-03,41.77,2026-09-19 00:49:00,2026-09-19 01:06:00,HIGH,SCHEDULED
T004440,32405,Goods,C163,Dhanuganj Cantt,Veerhalli Jn,L163-10,113.37,2026-09-16 23:06:00,2026-09-16 23:30:00,MEDIUM,SCHEDULED
T004441,32101,Goods,C163,Dhanuganj Cantt,Veerhalli Jn,L163-03,28.41,2026-10-05 20:32:00,2026-10-05 20:54:00,MEDIUM,SCHEDULED
T004442,57378,Passenger,C069,Dhanupalli Cantt,Girnarkheda Road,L069-06,194.8,2026-10-14 13:53:00,2026-10-14 14:26:00,HIGH,FORECAST
T004443,30969,Goods,C131,Ashokkot,Narmadagarh Cantt,L131-10,258.71,2026-10-13 22:18:00,2026-10-13 23:10:00,MEDIUM,SCHEDULED
T004444,57651,Passenger,C003,Ashokganj Road,Konkanabad,L003-05,164.13,2026-09-15 04:49:00,2026-09-15 05:28:00,HIGH,FORECAST
T004445,56364,Passenger,C009,Konkanganj,Konkankheda,L009-04,201.98,2026-10-15 06:24:00,2026-10-15 07:11:00,HIGH,FORECAST
T004446,14695,Express,C131,Ashokkot,Narmadagarh Cantt,L131-11,271.21,2026-09-03 10:11:00,2026-09-03 10:36:00,CRITICAL,PROVISIONAL
T004447,14132,Express,C176,Vindhyakot Jn,Ranaganj Cantt,L176-10,158.5,2026-09-23 22:59:00,2026-09-23 23:11:00,CRITICAL,PROVISIONAL
T004448,30933,Goods,C069,Dhanupalli Cantt,Girnarkheda Road,L069-07,215.64,2026-09-10 03:04:00,2026-09-10 04:08:00,MEDIUM,SCHEDULED
T004449,13323,Express,C163,Dhanuganj Cantt,Veerhalli Jn,L163-06,67.58,2026-10-06 21:57:00,2026-10-06 22:06:00,HIGH,SCHEDULED
T004450,57632,Passenger,C131,Ashokkot,Narmadagarh Cantt,L131-11,271.21,2026-09-10 20:29:00,2026-09-10 20:55:00,HIGH,SCHEDULED
T004451,31401,Goods,C071,Jaisalhalli Cantt,Veergarh Road,L071-01,16.35,2026-10-10 18:55:00,2026-10-10 19:57:00,MEDIUM,FORECAST
T004452,70374,Other,C051,Veerhalli,Shantipalli Cantt,L051-10,201.08,2026-10-06 03:28:00,2026-10-06 03:55:00,LOW,FORECAST
T004453,32695,Goods,C069,Dhanupalli Cantt,Girnarkheda Road,L069-06,194.8,2026-10-01 09:37:00,2026-10-01 10:36:00,MEDIUM,PROVISIONAL
T004454,31928,Goods,C150,Udaykot Jn,Sagarpalli,L150-12,167.61,2026-09-07 00:18:00,2026-09-07 00:46:00,MEDIUM,SCHEDULED
T004455,56358,Passenger,C009,Konkanganj,Konkankheda,L009-04,201.98,2026-10-03 08:24:00,2026-10-03 09:02:00,HIGH,SCHEDULED
T004456,70636,Other,C150,Udaykot Jn,Sagarpalli,L150-06,61.26,2026-09-03 06:33:00,2026-09-03 06:57:00,LOW,SCHEDULED
T004457,14012,Express,C098,Bilaskheda,Pushkarganj,L098-06,11.88,2026-09-29 17:40:00,2026-09-29 17:46:00,CRITICAL,SCHEDULED
T004458,58660,Passenger,C163,Dhanuganj Cantt,Veerhalli Jn,L163-03,28.41,2026-09-05 16:41:00,2026-09-05 16:52:00,HIGH,SCHEDULED
T004459,56124,Passenger,C164,Girnarhalli Road,Dhanugunj Cantt,L164-03,127.28,2026-09-04 22:36:00,2026-09-04 23:15:00,HIGH,SCHEDULED
T004460,14335,Express,C123,Satpurapalli,Charankot Cantt,L123-04,31.64,2026-10-10 07:09:00,2026-10-10 07:21:00,CRITICAL,SCHEDULED
T004461,57186,Passenger,C059,Yamunanagar Jn,Haldikheda,L059-04,298.87,2026-09-30 19:04:00,2026-09-30 19:41:00,HIGH,SCHEDULED
T004462,30333,Goods,C150,Udaykot Jn,Sagarpalli,L150-06,61.26,2026-10-04 05:06:00,2026-10-04 05:29:00,MEDIUM,PROVISIONAL
T004463,56032,Passenger,C039,Malwaganj Cantt,Satpuraabad Road,L039-13,210.07,2026-09-15 17:08:00,2026-09-15 17:18:00,HIGH,FORECAST
T004464,14114,Express,C037,Gangaganj Road,Bilaskot,L037-09,244.87,2026-10-07 22:17:00,2026-10-07 22:36:00,CRITICAL,SCHEDULED
T004465,58886,Passenger,C163,Dhanuganj Cantt,Veerhalli Jn,L163-10,113.37,2026-09-23 03:36:00,2026-09-23 03:55:00,HIGH,SCHEDULED
T004466,13624,Express,C153,Veerkot Jn,Veerkheda Road,L153-06,62.51,2026-09-19 15:09:00,2026-09-19 15:18:00,CRITICAL,SCHEDULED
T004467,56798,Passenger,C176,Vindhyakot Jn,Ranaganj Cantt,L176-08,119.37,2026-09-28 17:00:00,2026-09-28 17:22:00,LOW,SCHEDULED
T004468,31546,Goods,C016,Sabarhalli Road,Ambagunj Road,L016-04,20.05,2026-09-08 22:05:00,2026-09-08 22:47:00,MEDIUM,SCHEDULED
T004469,57322,Passenger,C164,Girnarhalli Road,Dhanugunj Cantt,L164-05,185.8,2026-10-06 05:16:00,2026-10-06 06:03:00,HIGH,FORECAST
T004470,71066,Other,C069,Dhanupalli Cantt,Girnarkheda Road,L069-12,378.6,2026-09-03 04:10:00,2026-09-03 04:50:00,CRITICAL,FORECAST
T004471,56231,Passenger,C135,Jaisalganj,Malwaabad,L135-01,27.86,2026-09-21 12:21:00,2026-09-21 12:57:00,HIGH,FORECAST
T004472,31043,Goods,C039,Malwaganj Cantt,Satpuraabad Road,L039-08,122.96,2026-09-25 01:22:00,2026-09-25 01:47:00,MEDIUM,SCHEDULED
T004473,56600,Passenger,C009,Konkanganj,Konkankheda,L009-07,242.71,2026-09-13 18:37:00,2026-09-13 19:24:00,HIGH,PROVISIONAL
T004474,58775,Passenger,C195,Bharatgunj,Taraganj Road,L195-03,41.77,2026-10-11 11:31:00,2026-10-11 12:01:00,HIGH,SCHEDULED
T004475,57103,Passenger,C191,Ranagunj Cantt,Sundarkot,L191-02,107.58,2026-10-15 13:44:00,2026-10-15 15:26:00,HIGH,FORECAST
T004476,56154,Passenger,C098,Bilaskheda,Pushkarganj,L098-10,26.69,2026-09-03 19:55:00,2026-09-03 20:01:00,HIGH,SCHEDULED
T004477,71758,Other,C176,Vindhyakot Jn,Ranaganj Cantt,L176-04,54.44,2026-09-01 11:48:00,2026-09-01 12:15:00,LOW,FORECAST
T004478,57833,Passenger,C009,Konkanganj,Konkankheda,L009-01,14.97,2026-10-06 15:13:00,2026-10-06 15:47:00,HIGH,FORECAST
T004479,14848,Express,C069,Dhanupalli Cantt,Girnarkheda Road,L069-02,35.6,2026-09-05 06:40:00,2026-09-05 06:53:00,CRITICAL,SCHEDULED
T004480,31536,Goods,C164,Girnarhalli Road,Dhanugunj Cantt,L164-05,185.8,2026-10-11 07:26:00,2026-10-11 08:54:00,MEDIUM,SCHEDULED
T004481,30230,Goods,C098,Bilaskheda,Pushkarganj,L098-02,3.88,2026-10-11 21:45:00,2026-10-11 21:51:00,MEDIUM,FORECAST
T004482,58428,Passenger,C123,Satpurapalli,Charankot Cantt,L123-08,113.88,2026-10-02 05:17:00,2026-10-02 05:43:00,HIGH,SCHEDULED
T004483,58403,Passenger,C140,Sundarkot Jn,Haldikheda,L140-04,29.07,2026-09-24 08:37:00,2026-09-24 08:43:00,HIGH,SCHEDULED
T004484,12915,Express,C188,Charanpur,Gangagunj,L188-01,2.04,2026-09-15 08:22:00,2026-09-15 08:31:00,CRITICAL,PROVISIONAL
T004485,12990,Express,C098,Bilaskheda,Pushkarganj,L098-05,8.04,2026-09-05 20:04:00,2026-09-05 20:10:00,CRITICAL,SCHEDULED
T004486,30450,Goods,C140,Sundarkot Jn,Haldikheda,L140-08,38.21,2026-10-01 12:49:00,2026-10-01 12:59:00,MEDIUM,SCHEDULED
T004487,12696,Express,C175,Devgarhnagar Jn,Tarapur,L175-04,212.09,2026-10-11 05:51:00,2026-10-11 06:44:00,CRITICAL,FORECAST
T004488,14598,Express,C028,Girnarpalli,Kanhagunj Cantt,L028-10,243.98,2026-09-28 19:42:00,2026-09-28 20:05:00,CRITICAL,PROVISIONAL
T004489,58243,Passenger,C051,Veerhalli,Shantipalli Cantt,L051-08,173.27,2026-09-06 09:46:00,2026-09-06 10:10:00,HIGH,SCHEDULED
T004490,32907,Goods,C009,Konkanganj,Konkankheda,L009-07,242.71,2026-09-30 05:30:00,2026-09-30 06:19:00,LOW,FORECAST
T004491,31487,Goods,C050,Taragunj,Haldipur Road,L050-08,107.89,2026-09-14 19:37:00,2026-09-14 19:54:00,CRITICAL,SCHEDULED
T004492,12402,Express,C115,Konkanpalli,Indrakheda Jn,L115-06,219.81,2026-10-09 16:15:00,2026-10-09 16:31:00,CRITICAL,FORECAST
T004493,56301,Passenger,C081,Kanhahalli Cantt,Palanipalli,L081-03,212.35,2026-09-14 06:47:00,2026-09-14 07:46:00,HIGH,SCHEDULED
T004494,12113,Express,C140,Sundarkot Jn,Haldikheda,L140-08,38.21,2026-10-15 07:50:00,2026-10-15 07:56:00,CRITICAL,SCHEDULED
T004495,58222,Passenger,C089,Pushkarkot,Gangakot,L089-08,413.48,2026-10-01 09:20:00,2026-10-01 10:25:00,HIGH,SCHEDULED
T004496,57773,Passenger,C069,Dhanupalli Cantt,Girnarkheda Road,L069-06,194.8,2026-09-15 19:21:00,2026-09-15 20:03:00,HIGH,SCHEDULED
T004497,14084,Express,C009,Konkanganj,Konkankheda,L009-03,182.63,2026-10-13 20:19:00,2026-10-13 20:43:00,CRITICAL,SCHEDULED
T004498,72099,Other,C069,Dhanupalli Cantt,Girnarkheda Road,L069-02,35.6,2026-09-10 10:52:00,2026-09-10 11:30:00,LOW,FORECAST
T004499,57300,Passenger,C050,Taragunj,Haldipur Road,L050-08,107.89,2026-09-23 16:22:00,2026-09-23 16:35:00,HIGH,SCHEDULED
T004500,13185,Express,C075,Charanpur,Ranahalli Cantt,L075-08,192.11,2026-09-27 18:17:00,2026-09-27 18:36:00,CRITICAL,SCHEDULED
T004501,30499,Goods,C131,Ashokkot,Narmadagarh Cantt,L131-02,53.69,2026-09-18 04:00:00,2026-09-18 05:00:00,MEDIUM,SCHEDULED
T004502,56333,Passenger,C028,Girnarpalli,Kanhagunj Cantt,L028-07,186.56,2026-09-01 02:46:00,2026-09-01 03:27:00,HIGH,SCHEDULED
T004503,31479,Goods,C163,Dhanuganj Cantt,Veerhalli Jn,L163-11,115.88,2026-10-12 23:20:00,2026-10-12 23:40:00,LOW,PROVISIONAL
T004504,31947,Goods,C051,Veerhalli,Shantipalli Cantt,L051-01,41.51,2026-09-04 10:05:00,2026-09-04 10:39:00,MEDIUM,SCHEDULED
T004505,14965,Express,C192,Malwanagar,Devgarhgarh,L192-06,35.2,2026-09-08 23:53:00,2026-09-09 00:03:00,CRITICAL,SCHEDULED
T004506,30626,Goods,C123,Satpurapalli,Charankot Cantt,L123-02,16.66,2026-10-02 11:42:00,2026-10-02 12:34:00,MEDIUM,FORECAST
T004507,57289,Passenger,C150,Udaykot Jn,Sagarpalli,L150-02,13.59,2026-09-23 17:43:00,2026-09-23 17:59:00,HIGH,SCHEDULED
T004508,13039,Express,C131,Ashokkot,Narmadagarh Cantt,L131-02,53.69,2026-09-30 09:08:00,2026-09-30 09:27:00,CRITICAL,SCHEDULED
T004509,56934,Passenger,C150,Udaykot Jn,Sagarpalli,L150-05,55.2,2026-09-23 16:26:00,2026-09-23 16:44:00,HIGH,SCHEDULED
T004510,57242,Passenger,C059,Yamunanagar Jn,Haldikheda,L059-02,30.61,2026-09-15 04:18:00,2026-09-15 05:18:00,MEDIUM,SCHEDULED
T004511,56811,Passenger,C075,Charanpur,Ranahalli Cantt,L075-10,243.0,2026-09-19 08:22:00,2026-09-19 08:49:00,HIGH,PROVISIONAL
T004512,57993,Passenger,C077,Ambapalli Jn,Pushkarganj,L077-04,106.11,2026-10-14 09:05:00,2026-10-14 09:25:00,HIGH,FORECAST
T004513,57520,Passenger,C129,Sagargunj Jn,Meeragunj Road,L129-01,0.75,2026-09-11 20:15:00,2026-09-11 20:27:00,HIGH,SCHEDULED
T004514,57378,Passenger,C123,Satpurapalli,Charankot Cantt,L123-08,113.88,2026-09-16 19:15:00,2026-09-16 19:30:00,HIGH,SCHEDULED
T004515,70550,Other,C140,Sundarkot Jn,Haldikheda,L140-02,16.52,2026-09-04 02:19:00,2026-09-04 02:25:00,LOW,SCHEDULED
T004516,13368,Express,C069,Dhanupalli Cantt,Girnarkheda Road,L069-03,48.56,2026-09-08 07:34:00,2026-09-08 07:58:00,CRITICAL,SCHEDULED
T004517,58367,Passenger,C188,Charanpur,Gangagunj,L188-06,125.91,2026-09-17 05:16:00,2026-09-17 05:33:00,HIGH,SCHEDULED
T004518,57685,Passenger,C071,Jaisalhalli Cantt,Veergarh Road,L071-03,41.93,2026-09-19 06:57:00,2026-09-19 07:41:00,HIGH,SCHEDULED
T004519,30727,Goods,C028,Girnarpalli,Kanhagunj Cantt,L028-09,222.43,2026-10-05 21:17:00,2026-10-05 22:15:00,MEDIUM,SCHEDULED
T004520,13638,Express,C009,Konkanganj,Konkankheda,L009-06,222.21,2026-10-15 15:29:00,2026-10-15 15:50:00,CRITICAL,FORECAST
T004521,30059,Goods,C176,Vindhyakot Jn,Ranaganj Cantt,L176-12,214.5,2026-09-22 14:52:00,2026-09-22 15:29:00,MEDIUM,PROVISIONAL
T004522,70094,Other,C089,Pushkarkot,Gangakot,L089-05,258.39,2026-10-07 08:03:00,2026-10-07 09:14:00,LOW,SCHEDULED
T004523,56079,Passenger,C009,Konkanganj,Konkankheda,L009-07,242.71,2026-09-13 07:02:00,2026-09-13 07:55:00,HIGH,SCHEDULED
T004524,12555,Express,C009,Konkanganj,Konkankheda,L009-03,182.63,2026-10-12 18:06:00,2026-10-12 18:33:00,CRITICAL,SCHEDULED
T004525,58812,Passenger,C195,Bharatgunj,Taraganj Road,L195-03,41.77,2026-10-11 16:48:00,2026-10-11 17:21:00,HIGH,SCHEDULED
T004526,14653,Express,C059,Yamunanagar Jn,Haldikheda,L059-08,372.87,2026-09-12 19:19:00,2026-09-12 19:50:00,CRITICAL,PROVISIONAL
T004527,14157,Express,C195,Bharatgunj,Taraganj Road,L195-05,93.9,2026-09-19 21:35:00,2026-09-19 21:52:00,CRITICAL,SCHEDULED
T004528,58933,Passenger,C069,Dhanupalli Cantt,Girnarkheda Road,L069-10,288.36,2026-10-09 17:24:00,2026-10-09 17:55:00,HIGH,SCHEDULED
T004529,14209,Express,C071,Jaisalhalli Cantt,Veergarh Road,L071-05,178.19,2026-10-11 11:10:00,2026-10-11 11:37:00,CRITICAL,FORECAST
T004530,57447,Passenger,C109,Bilasabad Cantt,Chitragunj,L109-08,149.98,2026-09-29 09:37:00,2026-09-29 10:06:00,HIGH,SCHEDULED
T004531,58245,Passenger,C150,Udaykot Jn,Sagarpalli,L150-06,61.26,2026-09-24 13:24:00,2026-09-24 13:37:00,HIGH,SCHEDULED
T004532,70713,Other,C026,Sabarabad Cantt,Chitrakot,L026-07,34.73,2026-10-05 04:17:00,2026-10-05 04:23:00,LOW,FORECAST
T004533,58326,Passenger,C026,Sabarabad Cantt,Chitrakot,L026-04,17.94,2026-09-25 08:17:00,2026-09-25 08:23:00,HIGH,SCHEDULED
T004534,57108,Passenger,C009,Konkanganj,Konkankheda,L009-07,242.71,2026-09-23 14:28:00,2026-09-23 15:12:00,HIGH,FORECAST
T004535,58274,Passenger,C195,Bharatgunj,Taraganj Road,L195-02,28.22,2026-10-03 16:39:00,2026-10-03 17:13:00,HIGH,FORECAST
T004536,57447,Passenger,C155,Omkarhalli,Sabarkheda Road,L155-01,0.57,2026-09-01 18:12:00,2026-09-01 18:18:00,HIGH,FORECAST
T004537,13253,Express,C069,Dhanupalli Cantt,Girnarkheda Road,L069-10,288.36,2026-09-15 04:34:00,2026-09-15 05:02:00,CRITICAL,SCHEDULED
T004538,31657,Goods,C115,Konkanpalli,Indrakheda Jn,L115-04,173.95,2026-09-01 23:17:00,2026-09-01 23:59:00,MEDIUM,FORECAST
T004539,32004,Goods,C028,Girnarpalli,Kanhagunj Cantt,L028-09,222.43,2026-09-01 02:12:00,2026-09-01 03:23:00,MEDIUM,SCHEDULED
T004540,31463,Goods,C059,Yamunanagar Jn,Haldikheda,L059-07,362.31,2026-09-27 19:22:00,2026-09-27 20:35:00,MEDIUM,FORECAST
T004541,12910,Express,C131,Ashokkot,Narmadagarh Cantt,L131-04,148.79,2026-10-14 20:26:00,2026-10-14 20:49:00,CRITICAL,SCHEDULED
T004542,57106,Passenger,C069,Dhanupalli Cantt,Girnarkheda Road,L069-02,35.6,2026-09-25 21:59:00,2026-09-25 22:29:00,HIGH,SCHEDULED
T004543,71165,Other,C176,Vindhyakot Jn,Ranaganj Cantt,L176-06,96.69,2026-09-04 04:24:00,2026-09-04 04:55:00,LOW,SCHEDULED
T004544,72956,Other,C016,Sabarhalli Road,Ambagunj Road,L016-01,6.78,2026-09-20 22:12:00,2026-09-20 22:36:00,LOW,SCHEDULED
T004545,71536,Other,C123,Satpurapalli,Charankot Cantt,L123-05,42.98,2026-09-20 14:10:00,2026-09-20 14:41:00,LOW,SCHEDULED
T004546,30944,Goods,C164,Girnarhalli Road,Dhanugunj Cantt,L164-01,46.53,2026-10-15 23:21:00,2026-10-16 00:29:00,HIGH,SCHEDULED
T004547,13404,Express,C026,Sabarabad Cantt,Chitrakot,L026-05,23.62,2026-10-04 19:41:00,2026-10-04 19:47:00,CRITICAL,SCHEDULED
T004548,30270,Goods,C052,Tarakheda Road,Bhimapalli Cantt,L052-01,7.55,2026-09-24 03:03:00,2026-09-24 03:31:00,MEDIUM,FORECAST
T004549,57904,Passenger,C069,Dhanupalli Cantt,Girnarkheda Road,L069-04,164.65,2026-09-29 06:11:00,2026-09-29 06:52:00,HIGH,SCHEDULED
T004550,56136,Passenger,C131,Ashokkot,Narmadagarh Cantt,L131-10,258.71,2026-09-03 14:12:00,2026-09-03 14:44:00,HIGH,SCHEDULED
T004551,13578,Express,C018,Haldiganj,Nilgirigunj Road,L018-02,70.47,2026-09-17 17:57:00,2026-09-17 18:20:00,CRITICAL,SCHEDULED
T004552,56617,Passenger,C075,Charanpur,Ranahalli Cantt,L075-04,162.18,2026-10-07 14:21:00,2026-10-07 14:54:00,HIGH,SCHEDULED
T004553,57388,Passenger,C050,Taragunj,Haldipur Road,L050-08,107.89,2026-10-01 08:29:00,2026-10-01 08:40:00,MEDIUM,FORECAST
T004554,56862,Passenger,C009,Konkanganj,Konkankheda,L009-04,201.98,2026-10-05 18:06:00,2026-10-05 18:59:00,HIGH,SCHEDULED
T004555,30358,Goods,C091,Ashokpur,Indrapalli Road,L091-02,8.03,2026-10-06 10:35:00,2026-10-06 10:46:00,MEDIUM,FORECAST
T004556,30259,Goods,C028,Girnarpalli,Kanhagunj Cantt,L028-06,160.66,2026-10-13 12:25:00,2026-10-13 13:41:00,MEDIUM,FORECAST
T004557,14313,Express,C050,Taragunj,Haldipur Road,L050-10,121.98,2026-09-11 16:02:00,2026-09-11 16:13:00,CRITICAL,SCHEDULED
T004558,58849,Passenger,C187,Ashokhalli Jn,Sabarhalli,L187-01,5.9,2026-09-02 17:37:00,2026-09-02 17:43:00,HIGH,SCHEDULED
T004559,14810,Express,C009,Konkanganj,Konkankheda,L009-03,182.63,2026-09-04 20:06:00,2026-09-04 20:30:00,CRITICAL,SCHEDULED
T004560,30557,Goods,C028,Girnarpalli,Kanhagunj Cantt,L028-07,186.56,2026-09-02 21:21:00,2026-09-02 22:10:00,MEDIUM,SCHEDULED
T004561,58927,Passenger,C164,Girnarhalli Road,Dhanugunj Cantt,L164-08,276.89,2026-10-11 15:13:00,2026-10-11 15:57:00,HIGH,SCHEDULED
T004562,57258,Passenger,C069,Dhanupalli Cantt,Girnarkheda Road,L069-12,378.6,2026-09-12 18:20:00,2026-09-12 18:52:00,HIGH,SCHEDULED
T004563,58980,Passenger,C098,Bilaskheda,Pushkarganj,L098-02,3.88,2026-09-05 11:20:00,2026-09-05 11:26:00,HIGH,SCHEDULED
T004564,13315,Express,C163,Dhanuganj Cantt,Veerhalli Jn,L163-01,8.76,2026-09-10 09:08:00,2026-09-10 09:15:00,CRITICAL,SCHEDULED
T004565,56711,Passenger,C050,Taragunj,Haldipur Road,L050-04,35.75,2026-10-11 15:47:00,2026-10-11 15:56:00,HIGH,SCHEDULED
T004566,57254,Passenger,C153,Veerkot Jn,Veerkheda Road,L153-05,61.15,2026-09-03 14:58:00,2026-09-03 15:07:00,HIGH,SCHEDULED
T004567,32236,Goods,C009,Konkanganj,Konkankheda,L009-04,201.98,2026-09-21 19:58:00,2026-09-21 21:08:00,MEDIUM,SCHEDULED
T004568,13003,Express,C050,Taragunj,Haldipur Road,L050-06,53.65,2026-09-11 08:07:00,2026-09-11 08:16:00,CRITICAL,SCHEDULED
T004569,58474,Passenger,C069,Dhanupalli Cantt,Girnarkheda Road,L069-06,194.8,2026-09-30 17:00:00,2026-09-30 17:28:00,HIGH,FORECAST
T004570,56278,Passenger,C123,Satpurapalli,Charankot Cantt,L123-07,94.28,2026-09-29 23:36:00,2026-09-30 00:06:00,HIGH,PROVISIONAL
T004571,57797,Passenger,C050,Taragunj,Haldipur Road,L050-10,121.98,2026-10-02 12:44:00,2026-10-02 12:58:00,HIGH,FORECAST
T004572,57705,Passenger,C129,Sagargunj Jn,Meeragunj Road,L129-05,53.43,2026-09-27 15:33:00,2026-09-27 15:47:00,HIGH,SCHEDULED
T004573,56436,Passenger,C018,Haldiganj,Nilgirigunj Road,L018-08,211.15,2026-09-21 15:49:00,2026-09-21 16:26:00,HIGH,PROVISIONAL
T004574,31419,Goods,C016,Sabarhalli Road,Ambagunj Road,L016-08,150.94,2026-10-03 04:41:00,2026-10-03 05:05:00,LOW,SCHEDULED
T004575,32410,Goods,C152,Shantiabad Cantt,Malwapur,L152-04,191.93,2026-10-15 14:12:00,2026-10-15 15:26:00,MEDIUM,PROVISIONAL
T004576,30221,Goods,C164,Girnarhalli Road,Dhanugunj Cantt,L164-07,252.14,2026-09-05 00:26:00,2026-09-05 01:36:00,MEDIUM,FORECAST
T004577,70554,Other,C016,Sabarhalli Road,Ambagunj Road,L016-06,101.93,2026-09-11 10:20:00,2026-09-11 10:45:00,LOW,SCHEDULED
T004578,30024,Goods,C069,Dhanupalli Cantt,Girnarkheda Road,L069-05,175.88,2026-09-20 04:49:00,2026-09-20 05:48:00,MEDIUM,FORECAST
T004579,56334,Passenger,C009,Konkanganj,Konkankheda,L009-06,222.21,2026-09-03 08:17:00,2026-09-03 08:55:00,HIGH,SCHEDULED
T004580,56363,Passenger,C037,Gangaganj Road,Bilaskot,L037-09,244.87,2026-10-11 16:11:00,2026-10-11 16:38:00,HIGH,FORECAST
T004581,31891,Goods,C192,Malwanagar,Devgarhgarh,L192-06,35.2,2026-09-22 21:00:00,2026-09-22 21:25:00,MEDIUM,FORECAST
T004582,31545,Goods,C018,Haldiganj,Nilgirigunj Road,L018-05,139.06,2026-09-21 02:24:00,2026-09-21 03:05:00,MEDIUM,SCHEDULED
T004583,58653,Passenger,C069,Dhanupalli Cantt,Girnarkheda Road,L069-09,277.58,2026-10-15 19:20:00,2026-10-15 19:58:00,CRITICAL,SCHEDULED
T004584,31495,Goods,C009,Konkanganj,Konkankheda,L009-02,62.41,2026-10-06 03:32:00,2026-10-06 05:00:00,MEDIUM,SCHEDULED
T004585,30043,Goods,C030,Rohtakpur,Kanhahalli Jn,L030-04,220.92,2026-10-10 23:10:00,2026-10-11 02:02:00,MEDIUM,PROVISIONAL
T004586,12861,Express,C195,Bharatgunj,Taraganj Road,L195-02,28.22,2026-09-11 18:07:00,2026-09-11 18:24:00,CRITICAL,SCHEDULED
T004587,14559,Express,C140,Sundarkot Jn,Haldikheda,L140-11,44.31,2026-09-17 21:57:00,2026-09-17 22:03:00,CRITICAL,SCHEDULED
T004588,30154,Goods,C114,Satpuraganj,Shantikheda,L114-04,196.4,2026-09-27 02:48:00,2026-09-27 03:44:00,MEDIUM,SCHEDULED
T004589,58244,Passenger,C150,Udaykot Jn,Sagarpalli,L150-07,109.46,2026-10-03 08:43:00,2026-10-03 09:01:00,HIGH,SCHEDULED
T004590,57543,Passenger,C164,Girnarhalli Road,Dhanugunj Cantt,L164-07,252.14,2026-09-09 14:19:00,2026-09-09 14:49:00,HIGH,SCHEDULED
T004591,13147,Express,C122,Sundarganj,Sagarhalli Road,L122-03,41.42,2026-10-09 15:16:00,2026-10-09 15:35:00,CRITICAL,FORECAST
T004592,58727,Passenger,C195,Bharatgunj,Taraganj Road,L195-01,21.94,2026-09-06 13:48:00,2026-09-06 14:13:00,HIGH,SCHEDULED
T004593,32091,Goods,C026,Sabarabad Cantt,Chitrakot,L026-04,17.94,2026-10-05 19:25:00,2026-10-05 19:36:00,MEDIUM,SCHEDULED
T004594,32117,Goods,C018,Haldiganj,Nilgirigunj Road,L018-04,124.65,2026-09-19 03:07:00,2026-09-19 03:58:00,MEDIUM,SCHEDULED
T004595,56831,Passenger,C069,Dhanupalli Cantt,Girnarkheda Road,L069-02,35.6,2026-09-27 07:16:00,2026-09-27 07:51:00,LOW,SCHEDULED
T004596,30780,Goods,C176,Vindhyakot Jn,Ranaganj Cantt,L176-14,244.66,2026-10-06 15:54:00,2026-10-06 16:29:00,MEDIUM,SCHEDULED
T004597,12402,Express,C163,Dhanuganj Cantt,Veerhalli Jn,L163-11,115.88,2026-10-13 11:04:00,2026-10-13 11:12:00,CRITICAL,SCHEDULED
T004598,13873,Express,C138,Taptikot,Sagarganj Road,L138-06,83.82,2026-09-14 08:04:00,2026-09-14 08:13:00,CRITICAL,SCHEDULED
T004599,30663,Goods,C075,Charanpur,Ranahalli Cantt,L075-01,27.8,2026-10-07 10:54:00,2026-10-07 11:29:00,MEDIUM,SCHEDULED
T004600,14335,Express,C075,Charanpur,Ranahalli Cantt,L075-08,192.11,2026-10-04 12:10:00,2026-10-04 12:30:00,CRITICAL,SCHEDULED
T004601,32078,Goods,C009,Konkanganj,Konkankheda,L009-07,242.71,2026-09-06 23:06:00,2026-09-07 00:07:00,LOW,SCHEDULED
T004602,32431,Goods,C054,Chandrakot,Satpurahalli Cantt,L054-01,9.96,2026-09-07 13:26:00,2026-09-07 13:46:00,LOW,FORECAST
T004603,56937,Passenger,C026,Sabarabad Cantt,Chitrakot,L026-05,23.62,2026-10-14 09:54:00,2026-10-14 10:00:00,HIGH,SCHEDULED
T004604,57630,Passenger,C140,Sundarkot Jn,Haldikheda,L140-11,44.31,2026-09-13 16:30:00,2026-09-13 16:36:00,HIGH,SCHEDULED
T004605,57160,Passenger,C123,Satpurapalli,Charankot Cantt,L123-07,94.28,2026-10-07 14:30:00,2026-10-07 14:55:00,HIGH,SCHEDULED
T004606,72725,Other,C131,Ashokkot,Narmadagarh Cantt,L131-09,244.61,2026-10-09 03:11:00,2026-10-09 03:45:00,LOW,FORECAST
T004607,56167,Passenger,C150,Udaykot Jn,Sagarpalli,L150-08,125.81,2026-09-05 12:59:00,2026-09-05 13:15:00,LOW,SCHEDULED
T004608,14501,Express,C069,Dhanupalli Cantt,Girnarkheda Road,L069-08,267.94,2026-10-05 18:32:00,2026-10-05 18:57:00,CRITICAL,SCHEDULED
T004609,58936,Passenger,C026,Sabarabad Cantt,Chitrakot,L026-06,27.69,2026-10-01 04:57:00,2026-10-01 05:03:00,HIGH,CANCELLED
T004610,58285,Passenger,C150,Udaykot Jn,Sagarpalli,L150-11,162.07,2026-09-12 06:27:00,2026-09-12 06:38:00,HIGH,FORECAST
T004611,72848,Other,C131,Ashokkot,Narmadagarh Cantt,L131-07,204.72,2026-09-09 02:45:00,2026-09-09 03:25:00,LOW,SCHEDULED
T004612,12419,Express,C140,Sundarkot Jn,Haldikheda,L140-06,35.5,2026-09-14 05:53:00,2026-09-14 05:59:00,CRITICAL,SCHEDULED
T004613,31522,Goods,C184,Charangunj,Devgarhpur Cantt,L184-08,68.68,2026-09-26 05:53:00,2026-09-26 06:12:00,MEDIUM,CANCELLED
T004614,12016,Express,C163,Dhanuganj Cantt,Veerhalli Jn,L163-11,115.88,2026-10-11 20:25:00,2026-10-11 20:33:00,CRITICAL,SCHEDULED
T004615,14257,Express,C140,Sundarkot Jn,Haldikheda,L140-04,29.07,2026-10-13 06:17:00,2026-10-13 06:23:00,CRITICAL,SCHEDULED
T004616,32373,Goods,C195,Bharatgunj,Taraganj Road,L195-04,60.26,2026-10-11 19:24:00,2026-10-11 20:10:00,MEDIUM,SCHEDULED
T004617,14516,Express,C150,Udaykot Jn,Sagarpalli,L150-01,1.98,2026-09-19 17:53:00,2026-09-19 18:07:00,CRITICAL,SCHEDULED
T004618,13299,Express,C069,Dhanupalli Cantt,Girnarkheda Road,L069-06,194.8,2026-09-01 21:31:00,2026-09-01 21:42:00,HIGH,SCHEDULED
T004619,32805,Goods,C140,Sundarkot Jn,Haldikheda,L140-01,12.21,2026-09-09 01:45:00,2026-09-09 01:55:00,CRITICAL,SCHEDULED
T004620,14720,Express,C140,Sundarkot Jn,Haldikheda,L140-07,37.73,2026-09-19 19:35:00,2026-09-19 19:41:00,CRITICAL,SCHEDULED
T004621,58129,Passenger,C188,Charanpur,Gangagunj,L188-09,152.85,2026-09-25 17:23:00,2026-09-25 17:41:00,HIGH,FORECAST
T004622,71769,Other,C176,Vindhyakot Jn,Ranaganj Cantt,L176-12,214.5,2026-10-04 03:16:00,2026-10-04 03:36:00,LOW,SCHEDULED
T004623,57587,Passenger,C150,Udaykot Jn,Sagarpalli,L150-06,61.26,2026-09-29 10:41:00,2026-09-29 11:05:00,HIGH,SCHEDULED
T004624,57261,Passenger,C140,Sundarkot Jn,Haldikheda,L140-03,28.69,2026-10-08 16:13:00,2026-10-08 16:19:00,HIGH,SCHEDULED
T004625,14171,Express,C140,Sundarkot Jn,Haldikheda,L140-08,38.21,2026-10-07 07:31:00,2026-10-07 07:37:00,CRITICAL,FORECAST
T004626,58084,Passenger,C164,Girnarhalli Road,Dhanugunj Cantt,L164-07,252.14,2026-09-16 00:01:00,2026-09-16 00:24:00,HIGH,CANCELLED
T004627,30410,Goods,C140,Sundarkot Jn,Haldikheda,L140-11,44.31,2026-09-07 20:15:00,2026-09-07 20:21:00,MEDIUM,SCHEDULED
T004628,57085,Passenger,C099,Malwagunj,Gangaganj,L099-09,58.0,2026-09-16 09:28:00,2026-09-16 09:34:00,HIGH,FORECAST
T004629,12541,Express,C195,Bharatgunj,Taraganj Road,L195-07,109.28,2026-09-25 15:59:00,2026-09-25 16:19:00,CRITICAL,CANCELLED
T004630,58594,Passenger,C164,Girnarhalli Road,Dhanugunj Cantt,L164-05,185.8,2026-09-03 08:30:00,2026-09-03 09:08:00,HIGH,SCHEDULED
T004631,32278,Goods,C123,Satpurapalli,Charankot Cantt,L123-08,113.88,2026-10-04 01:24:00,2026-10-04 02:08:00,MEDIUM,SCHEDULED
T004632,12612,Express,C176,Vindhyakot Jn,Ranaganj Cantt,L176-05,77.47,2026-10-09 10:55:00,2026-10-09 11:08:00,HIGH,SCHEDULED
T004633,58055,Passenger,C099,Malwagunj,Gangaganj,L099-02,8.36,2026-09-09 15:03:00,2026-09-09 15:09:00,HIGH,SCHEDULED
T004634,57667,Passenger,C074,Chandrapalli Cantt,Nilgirikheda,L074-04,14.02,2026-09-27 05:19:00,2026-09-27 05:32:00,MEDIUM,SCHEDULED
T004635,30185,Goods,C175,Devgarhnagar Jn,Tarapur,L175-03,202.75,2026-10-05 11:22:00,2026-10-05 13:08:00,MEDIUM,SCHEDULED
T004636,70422,Other,C195,Bharatgunj,Taraganj Road,L195-05,93.9,2026-10-11 22:11:00,2026-10-11 22:42:00,LOW,SCHEDULED
T004637,31043,Goods,C155,Omkarhalli,Sabarkheda Road,L155-12,75.94,2026-10-04 15:07:00,2026-10-04 15:14:00,MEDIUM,SCHEDULED
T004638,72001,Other,C123,Satpurapalli,Charankot Cantt,L123-04,31.64,2026-10-14 19:26:00,2026-10-14 20:08:00,LOW,FORECAST
T004639,30223,Goods,C158,Chandrapalli,Kaveriganj,L158-01,123.09,2026-09-10 23:53:00,2026-09-11 01:29:00,MEDIUM,FORECAST
T004640,58150,Passenger,C123,Satpurapalli,Charankot Cantt,L123-02,16.66,2026-09-20 07:03:00,2026-09-20 07:35:00,HIGH,SCHEDULED
T004641,14020,Express,C150,Udaykot Jn,Sagarpalli,L150-04,28.77,2026-09-30 11:50:00,2026-09-30 12:00:00,CRITICAL,SCHEDULED
T004642,57979,Passenger,C018,Haldiganj,Nilgirigunj Road,L018-04,124.65,2026-09-03 22:45:00,2026-09-03 23:18:00,HIGH,SCHEDULED
T004643,14314,Express,C153,Veerkot Jn,Veerkheda Road,L153-07,81.18,2026-09-01 05:41:00,2026-09-01 05:47:00,HIGH,SCHEDULED
T004644,58430,Passenger,C098,Bilaskheda,Pushkarganj,L098-07,15.99,2026-09-19 04:14:00,2026-09-19 04:20:00,HIGH,SCHEDULED
T004645,31159,Goods,C009,Konkanganj,Konkankheda,L009-05,209.53,2026-10-01 05:16:00,2026-10-01 06:17:00,MEDIUM,PROVISIONAL
T004646,58119,Passenger,C069,Dhanupalli Cantt,Girnarkheda Road,L069-11,333.57,2026-09-13 08:46:00,2026-09-13 09:21:00,CRITICAL,SCHEDULED
T004647,13803,Express,C140,Sundarkot Jn,Haldikheda,L140-03,28.69,2026-09-22 17:21:00,2026-09-22 17:27:00,CRITICAL,SCHEDULED
T004648,57751,Passenger,C069,Dhanupalli Cantt,Girnarkheda Road,L069-11,333.57,2026-10-02 15:53:00,2026-10-02 16:38:00,HIGH,FORECAST
T004649,57001,Passenger,C153,Veerkot Jn,Veerkheda Road,L153-10,101.52,2026-09-04 21:55:00,2026-09-04 22:09:00,HIGH,SCHEDULED
T004650,31117,Goods,C071,Jaisalhalli Cantt,Veergarh Road,L071-03,41.93,2026-09-22 12:53:00,2026-09-22 14:16:00,MEDIUM,SCHEDULED
T004651,56010,Passenger,C195,Bharatgunj,Taraganj Road,L195-05,93.9,2026-10-06 07:40:00,2026-10-06 08:14:00,HIGH,PROVISIONAL
T004652,58215,Passenger,C192,Malwanagar,Devgarhgarh,L192-05,32.99,2026-09-16 17:03:00,2026-09-16 17:14:00,HIGH,PROVISIONAL
T004653,58773,Passenger,C039,Malwaganj Cantt,Satpuraabad Road,L039-04,71.96,2026-09-14 13:12:00,2026-09-14 13:36:00,HIGH,SCHEDULED
T004654,57724,Passenger,C059,Yamunanagar Jn,Haldikheda,L059-01,4.72,2026-09-30 10:12:00,2026-09-30 10:53:00,HIGH,PROVISIONAL
T004655,58920,Passenger,C009,Konkanganj,Konkankheda,L009-05,209.53,2026-10-15 17:02:00,2026-10-15 17:43:00,HIGH,SCHEDULED
T004656,58098,Passenger,C018,Haldiganj,Nilgirigunj Road,L018-08,211.15,2026-09-10 03:25:00,2026-09-10 03:47:00,HIGH,SCHEDULED
T004657,71978,Other,C082,Kaverikheda,Indranagar Jn,L082-01,84.18,2026-09-30 09:12:00,2026-09-30 10:17:00,LOW,SCHEDULED
T004658,31363,Goods,C050,Taragunj,Haldipur Road,L050-06,53.65,2026-09-01 18:17:00,2026-09-01 18:39:00,MEDIUM,SCHEDULED
T004659,58015,Passenger,C069,Dhanupalli Cantt,Girnarkheda Road,L069-01,22.53,2026-09-11 11:01:00,2026-09-11 11:31:00,HIGH,SCHEDULED
T004660,12374,Express,C199,Tarakheda Jn,Bhimagarh,L199-02,90.33,2026-09-26 20:59:00,2026-09-26 21:22:00,CRITICAL,FORECAST
T004661,30489,Goods,C163,Dhanuganj Cantt,Veerhalli Jn,L163-04,36.4,2026-09-24 04:30:00,2026-09-24 04:51:00,LOW,SCHEDULED
T004662,32441,Goods,C175,Devgarhnagar Jn,Tarapur,L175-02,167.66,2026-10-14 21:49:00,2026-10-14 23:53:00,MEDIUM,SCHEDULED
T004663,58308,Passenger,C071,Jaisalhalli Cantt,Veergarh Road,L071-02,17.02,2026-09-09 16:39:00,2026-09-09 17:20:00,HIGH,FORECAST
T004664,31166,Goods,C069,Dhanupalli Cantt,Girnarkheda Road,L069-07,215.64,2026-09-13 20:10:00,2026-09-13 21:00:00,MEDIUM,FORECAST
T004665,13204,Express,C039,Malwaganj Cantt,Satpuraabad Road,L039-09,168.62,2026-10-03 06:13:00,2026-10-03 06:23:00,CRITICAL,SCHEDULED
T004666,58997,Passenger,C009,Konkanganj,Konkankheda,L009-07,242.71,2026-09-29 19:09:00,2026-09-29 19:46:00,HIGH,SCHEDULED
T004667,58289,Passenger,C176,Vindhyakot Jn,Ranaganj Cantt,L176-08,119.37,2026-09-08 19:04:00,2026-09-08 19:30:00,HIGH,FORECAST
T004668,56935,Passenger,C059,Yamunanagar Jn,Haldikheda,L059-01,4.72,2026-09-13 16:47:00,2026-09-13 17:35:00,CRITICAL,FORECAST
T004669,30043,Goods,C164,Girnarhalli Road,Dhanugunj Cantt,L164-09,325.29,2026-10-07 19:41:00,2026-10-07 20:20:00,MEDIUM,SCHEDULED
T004670,56087,Passenger,C163,Dhanuganj Cantt,Veerhalli Jn,L163-07,71.82,2026-09-27 08:28:00,2026-09-27 08:35:00,HIGH,SCHEDULED
T004671,14108,Express,C195,Bharatgunj,Taraganj Road,L195-06,98.59,2026-10-12 08:27:00,2026-10-12 08:45:00,CRITICAL,SCHEDULED
T004672,56374,Passenger,C199,Tarakheda Jn,Bhimagarh,L199-07,226.99,2026-09-25 06:13:00,2026-09-25 06:32:00,HIGH,FORECAST
T004673,58750,Passenger,C069,Dhanupalli Cantt,Girnarkheda Road,L069-01,22.53,2026-10-02 17:34:00,2026-10-02 18:15:00,HIGH,SCHEDULED
T004674,58966,Passenger,C153,Veerkot Jn,Veerkheda Road,L153-04,44.0,2026-09-26 11:23:00,2026-09-26 11:34:00,HIGH,SCHEDULED
T004675,32159,Goods,C150,Udaykot Jn,Sagarpalli,L150-07,109.46,2026-09-09 22:47:00,2026-09-09 23:14:00,MEDIUM,FORECAST
T004676,57826,Passenger,C176,Vindhyakot Jn,Ranaganj Cantt,L176-14,244.66,2026-10-15 19:26:00,2026-10-15 19:46:00,HIGH,PROVISIONAL
T004677,71580,Other,C140,Sundarkot Jn,Haldikheda,L140-10,40.29,2026-09-18 15:13:00,2026-09-18 15:19:00,LOW,SCHEDULED
T004678,57816,Passenger,C195,Bharatgunj,Taraganj Road,L195-05,93.9,2026-09-11 13:58:00,2026-09-11 14:34:00,HIGH,SCHEDULED
T004679,57768,Passenger,C167,Bharatgunj Cantt,Ashokkot,L167-03,42.82,2026-10-08 05:37:00,2026-10-08 06:11:00,HIGH,SCHEDULED
T004680,58491,Passenger,C018,Haldiganj,Nilgirigunj Road,L018-09,213.99,2026-09-03 07:20:00,2026-09-03 07:47:00,HIGH,SCHEDULED
T004681,31545,Goods,C186,Bhimaabad,Omkarabad Cantt,L186-04,94.63,2026-09-11 00:43:00,2026-09-11 01:38:00,MEDIUM,CANCELLED
T004682,14768,Express,C049,Vindhyaganj Road,Haldihalli,L049-08,275.51,2026-09-13 18:56:00,2026-09-13 19:29:00,CRITICAL,SCHEDULED
T004683,14305,Express,C051,Veerhalli,Shantipalli Cantt,L051-05,128.3,2026-09-30 07:44:00,2026-09-30 07:59:00,CRITICAL,CANCELLED
T004684,32906,Goods,C195,Bharatgunj,Taraganj Road,L195-05,93.9,2026-09-19 02:21:00,2026-09-19 03:02:00,MEDIUM,SCHEDULED
T004685,70514,Other,C175,Devgarhnagar Jn,Tarapur,L175-02,167.66,2026-09-14 13:24:00,2026-09-14 14:47:00,LOW,SCHEDULED
T004686,57843,Passenger,C179,Taptihalli,Pushkarkheda,L179-04,242.08,2026-09-02 13:47:00,2026-09-02 14:55:00,HIGH,SCHEDULED
T004687,13453,Express,C123,Satpurapalli,Charankot Cantt,L123-08,113.88,2026-10-11 09:11:00,2026-10-11 09:27:00,CRITICAL,SCHEDULED
T004688,56096,Passenger,C069,Dhanupalli Cantt,Girnarkheda Road,L069-03,48.56,2026-09-11 08:11:00,2026-09-11 08:34:00,HIGH,SCHEDULED
T004689,57848,Passenger,C037,Gangaganj Road,Bilaskot,L037-01,26.3,2026-10-08 20:49:00,2026-10-08 21:16:00,HIGH,SCHEDULED
T004690,31648,Goods,C163,Dhanuganj Cantt,Veerhalli Jn,L163-07,71.82,2026-10-02 23:42:00,2026-10-03 00:00:00,MEDIUM,SCHEDULED
T004691,32164,Goods,C009,Konkanganj,Konkankheda,L009-05,209.53,2026-09-06 19:12:00,2026-09-06 20:29:00,MEDIUM,PROVISIONAL
T004692,30350,Goods,C009,Konkanganj,Konkankheda,L009-01,14.97,2026-10-14 15:07:00,2026-10-14 16:02:00,MEDIUM,CANCELLED
T004693,32060,Goods,C098,Bilaskheda,Pushkarganj,L098-06,11.88,2026-10-06 18:54:00,2026-10-06 19:00:00,MEDIUM,SCHEDULED
T004694,30934,Goods,C051,Veerhalli,Shantipalli Cantt,L051-05,128.3,2026-10-15 08:36:00,2026-10-15 09:10:00,MEDIUM,SCHEDULED
T004695,58308,Passenger,C075,Charanpur,Ranahalli Cantt,L075-10,243.0,2026-10-01 02:11:00,2026-10-01 02:41:00,HIGH,FORECAST
T004696,12759,Express,C195,Bharatgunj,Taraganj Road,L195-07,109.28,2026-09-16 11:07:00,2026-09-16 11:32:00,CRITICAL,FORECAST
T004697,70850,Other,C140,Sundarkot Jn,Haldikheda,L140-11,44.31,2026-09-08 01:28:00,2026-09-08 01:34:00,HIGH,FORECAST
T004698,14180,Express,C050,Taragunj,Haldipur Road,L050-09,113.79,2026-09-08 01:18:00,2026-09-08 01:26:00,CRITICAL,SCHEDULED
T004699,13553,Express,C026,Sabarabad Cantt,Chitrakot,L026-07,34.73,2026-10-03 06:21:00,2026-10-03 06:27:00,CRITICAL,SCHEDULED
T004700,12216,Express,C131,Ashokkot,Narmadagarh Cantt,L131-05,158.95,2026-09-07 19:48:00,2026-09-07 20:11:00,CRITICAL,SCHEDULED
T004701,13230,Express,C195,Bharatgunj,Taraganj Road,L195-02,28.22,2026-09-22 19:05:00,2026-09-22 19:27:00,CRITICAL,FORECAST
T004702,14978,Express,C069,Dhanupalli Cantt,Girnarkheda Road,L069-01,22.53,2026-09-19 08:16:00,2026-09-19 08:41:00,CRITICAL,SCHEDULED
T004703,31489,Goods,C150,Udaykot Jn,Sagarpalli,L150-06,61.26,2026-10-12 07:26:00,2026-10-12 07:49:00,MEDIUM,FORECAST
T004704,58013,Passenger,C195,Bharatgunj,Taraganj Road,L195-01,21.94,2026-09-08 20:56:00,2026-09-08 21:27:00,HIGH,SCHEDULED
T004705,57103,Passenger,C175,Devgarhnagar Jn,Tarapur,L175-02,167.66,2026-09-18 16:28:00,2026-09-18 18:05:00,HIGH,SCHEDULED
T004706,32142,Goods,C018,Haldiganj,Nilgirigunj Road,L018-05,139.06,2026-09-05 12:26:00,2026-09-05 13:17:00,MEDIUM,SCHEDULED
T004707,72446,Other,C050,Taragunj,Haldipur Road,L050-10,121.98,2026-10-12 15:33:00,2026-10-12 15:51:00,LOW,SCHEDULED
T004708,12580,Express,C195,Bharatgunj,Taraganj Road,L195-07,109.28,2026-10-04 16:16:00,2026-10-04 16:33:00,CRITICAL,PROVISIONAL
T004709,31345,Goods,C150,Udaykot Jn,Sagarpalli,L150-01,1.98,2026-09-11 21:08:00,2026-09-11 21:37:00,LOW,SCHEDULED
T004710,30408,Goods,C150,Udaykot Jn,Sagarpalli,L150-11,162.07,2026-09-29 17:25:00,2026-09-29 17:49:00,MEDIUM,SCHEDULED
T004711,14096,Express,C164,Girnarhalli Road,Dhanugunj Cantt,L164-09,325.29,2026-10-07 08:31:00,2026-10-07 09:02:00,CRITICAL,PROVISIONAL
T004712,56692,Passenger,C163,Dhanuganj Cantt,Veerhalli Jn,L163-05,64.97,2026-10-10 21:14:00,2026-10-10 21:28:00,HIGH,SCHEDULED
T004713,56771,Passenger,C005,Bilaskheda Jn,Malwahalli Cantt,L005-04,62.88,2026-10-06 09:04:00,2026-10-06 09:16:00,HIGH,SCHEDULED
T004714,58687,Passenger,C131,Ashokkot,Narmadagarh Cantt,L131-07,204.72,2026-09-28 14:40:00,2026-09-28 15:12:00,HIGH,SCHEDULED
T004715,57227,Passenger,C069,Dhanupalli Cantt,Girnarkheda Road,L069-11,333.57,2026-09-19 11:04:00,2026-09-19 11:43:00,HIGH,SCHEDULED
T004716,31567,Goods,C150,Udaykot Jn,Sagarpalli,L150-01,1.98,2026-09-24 09:14:00,2026-09-24 09:44:00,MEDIUM,SCHEDULED
T004717,30089,Goods,C059,Yamunanagar Jn,Haldikheda,L059-08,372.87,2026-09-19 09:59:00,2026-09-19 11:14:00,MEDIUM,SCHEDULED
T004718,58393,Passenger,C140,Sundarkot Jn,Haldikheda,L140-10,40.29,2026-09-20 14:38:00,2026-09-20 14:44:00,HIGH,SCHEDULED
T004719,32758,Goods,C050,Taragunj,Haldipur Road,L050-06,53.65,2026-09-24 20:05:00,2026-09-24 20:26:00,MEDIUM,SCHEDULED
T004720,31379,Goods,C069,Dhanupalli Cantt,Girnarkheda Road,L069-03,48.56,2026-09-17 22:47:00,2026-09-17 23:42:00,MEDIUM,FORECAST
T004721,32798,Goods,C009,Konkanganj,Konkankheda,L009-05,209.53,2026-10-07 23:05:00,2026-10-08 00:06:00,MEDIUM,SCHEDULED
T004722,58355,Passenger,C009,Konkanganj,Konkankheda,L009-04,201.98,2026-09-06 05:27:00,2026-09-06 06:00:00,HIGH,SCHEDULED
T004723,57505,Passenger,C197,Sundarhalli Cantt,Konkanhalli Jn,L197-03,196.77,2026-09-06 15:49:00,2026-09-06 16:57:00,HIGH,SCHEDULED
T004724,56590,Passenger,C009,Konkanganj,Konkankheda,L009-02,62.41,2026-09-05 13:25:00,2026-09-05 14:00:00,HIGH,SCHEDULED
T004725,32124,Goods,C009,Konkanganj,Konkankheda,L009-03,182.63,2026-09-12 21:00:00,2026-09-12 22:22:00,MEDIUM,FORECAST
T004726,56373,Passenger,C150,Udaykot Jn,Sagarpalli,L150-01,1.98,2026-10-04 09:46:00,2026-10-04 10:06:00,HIGH,SCHEDULED
T004727,31651,Goods,C200,Haldipur Cantt,Haldiabad Jn,L200-02,39.92,2026-09-09 19:36:00,2026-09-09 20:15:00,HIGH,PROVISIONAL
T004728,32387,Goods,C009,Konkanganj,Konkankheda,L009-05,209.53,2026-10-05 00:49:00,2026-10-05 02:04:00,MEDIUM,SCHEDULED
T004729,71594,Other,C163,Dhanuganj Cantt,Veerhalli Jn,L163-07,71.82,2026-09-20 06:47:00,2026-09-20 07:04:00,LOW,SCHEDULED
T004730,31905,Goods,C069,Dhanupalli Cantt,Girnarkheda Road,L069-04,164.65,2026-10-06 11:25:00,2026-10-06 12:22:00,LOW,SCHEDULED
T004731,30448,Goods,C199,Tarakheda Jn,Bhimagarh,L199-10,287.98,2026-09-01 01:25:00,2026-09-01 02:12:00,MEDIUM,SCHEDULED
T004732,13325,Express,C195,Bharatgunj,Taraganj Road,L195-05,93.9,2026-09-13 10:54:00,2026-09-13 11:15:00,CRITICAL,PROVISIONAL
T004733,57724,Passenger,C018,Haldiganj,Nilgirigunj Road,L018-03,76.59,2026-09-01 10:53:00,2026-09-01 11:17:00,CRITICAL,FORECAST
T004734,14027,Express,C009,Konkanganj,Konkankheda,L009-06,222.21,2026-10-11 10:16:00,2026-10-11 10:36:00,CRITICAL,SCHEDULED
T004735,12901,Express,C131,Ashokkot,Narmadagarh Cantt,L131-05,158.95,2026-09-20 10:22:00,2026-09-20 10:44:00,HIGH,FORECAST
T004736,71635,Other,C018,Haldiganj,Nilgirigunj Road,L018-05,139.06,2026-10-10 03:21:00,2026-10-10 03:55:00,CRITICAL,SCHEDULED
T004737,12239,Express,C132,Taptiganj Cantt,Ranapur Jn,L132-02,44.52,2026-09-05 07:46:00,2026-09-05 08:21:00,CRITICAL,CANCELLED
T004738,13196,Express,C140,Sundarkot Jn,Haldikheda,L140-05,34.07,2026-09-15 10:45:00,2026-09-15 10:51:00,HIGH,SCHEDULED
T004739,71466,Other,C123,Satpurapalli,Charankot Cantt,L123-09,208.13,2026-10-02 09:58:00,2026-10-02 10:32:00,LOW,SCHEDULED
T004740,14252,Express,C017,Sagargunj Road,Kanhakot,L017-02,33.32,2026-10-13 17:33:00,2026-10-13 17:54:00,CRITICAL,PROVISIONAL
T004741,31987,Goods,C123,Satpurapalli,Charankot Cantt,L123-03,31.28,2026-09-15 13:53:00,2026-09-15 14:26:00,MEDIUM,SCHEDULED
T004742,71868,Other,C125,Konkanganj Jn,Omkarganj,L125-08,92.6,2026-09-27 06:00:00,2026-09-27 06:14:00,LOW,SCHEDULED
T004743,32718,Goods,C050,Taragunj,Haldipur Road,L050-09,113.79,2026-09-27 19:56:00,2026-09-27 20:16:00,MEDIUM,SCHEDULED
T004744,56050,Passenger,C155,Omkarhalli,Sabarkheda Road,L155-04,15.66,2026-09-12 17:20:00,2026-09-12 17:28:00,HIGH,SCHEDULED
T004745,58424,Passenger,C176,Vindhyakot Jn,Ranaganj Cantt,L176-02,35.75,2026-09-01 05:04:00,2026-09-01 05:16:00,HIGH,SCHEDULED
T004746,13247,Express,C050,Taragunj,Haldipur Road,L050-10,121.98,2026-10-09 14:52:00,2026-10-09 15:03:00,CRITICAL,SCHEDULED
T004747,56991,Passenger,C140,Sundarkot Jn,Haldikheda,L140-02,16.52,2026-09-04 07:48:00,2026-09-04 07:54:00,HIGH,SCHEDULED
T004748,12739,Express,C131,Ashokkot,Narmadagarh Cantt,L131-02,53.69,2026-09-06 14:55:00,2026-09-06 15:15:00,CRITICAL,SCHEDULED
T004749,32840,Goods,C163,Dhanuganj Cantt,Veerhalli Jn,L163-01,8.76,2026-09-17 23:29:00,2026-09-17 23:45:00,MEDIUM,FORECAST
T004750,14175,Express,C072,Udayganj,Indragarh,L072-02,89.66,2026-09-12 07:28:00,2026-09-12 07:57:00,CRITICAL,SCHEDULED
T004751,30923,Goods,C163,Dhanuganj Cantt,Veerhalli Jn,L163-03,28.41,2026-10-01 02:38:00,2026-10-01 02:59:00,MEDIUM,SCHEDULED
T004752,13156,Express,C069,Dhanupalli Cantt,Girnarkheda Road,L069-04,164.65,2026-09-22 06:18:00,2026-09-22 06:34:00,CRITICAL,FORECAST
T004753,56590,Passenger,C075,Charanpur,Ranahalli Cantt,L075-05,165.28,2026-09-03 08:05:00,2026-09-03 08:33:00,HIGH,FORECAST
T004754,56371,Passenger,C133,Konkankot,Shantigarh,L133-04,150.33,2026-09-30 09:59:00,2026-09-30 11:17:00,HIGH,FORECAST
T004755,58511,Passenger,C071,Jaisalhalli Cantt,Veergarh Road,L071-04,70.92,2026-10-05 18:40:00,2026-10-05 19:25:00,HIGH,SCHEDULED
T004756,32741,Goods,C018,Haldiganj,Nilgirigunj Road,L018-02,70.47,2026-09-13 03:56:00,2026-09-13 04:43:00,MEDIUM,SCHEDULED
T004757,14093,Express,C163,Dhanuganj Cantt,Veerhalli Jn,L163-09,105.99,2026-10-14 16:12:00,2026-10-14 16:20:00,CRITICAL,PROVISIONAL
T004758,30424,Goods,C176,Vindhyakot Jn,Ranaganj Cantt,L176-01,21.8,2026-09-15 23:02:00,2026-09-15 23:41:00,MEDIUM,SCHEDULED
T004759,58166,Passenger,C123,Satpurapalli,Charankot Cantt,L123-02,16.66,2026-09-18 17:59:00,2026-09-18 18:40:00,HIGH,SCHEDULED
T004760,58624,Passenger,C195,Bharatgunj,Taraganj Road,L195-02,28.22,2026-09-01 18:38:00,2026-09-01 19:07:00,HIGH,PROVISIONAL
T004761,30458,Goods,C135,Jaisalganj,Malwaabad,L135-02,34.57,2026-09-09 01:00:00,2026-09-09 02:01:00,MEDIUM,SCHEDULED
T004762,57412,Passenger,C164,Girnarhalli Road,Dhanugunj Cantt,L164-02,82.77,2026-09-11 02:53:00,2026-09-11 03:27:00,HIGH,SCHEDULED
T004763,32786,Goods,C161,Lalitpalli,Kaveripur Cantt,L161-13,266.23,2026-10-01 00:51:00,2026-10-01 01:26:00,MEDIUM,FORECAST
T004764,30060,Goods,C176,Vindhyakot Jn,Ranaganj Cantt,L176-03,49.03,2026-09-20 11:04:00,2026-09-20 11:38:00,MEDIUM,FORECAST
T004765,58911,Passenger,C150,Udaykot Jn,Sagarpalli,L150-09,136.48,2026-09-04 19:24:00,2026-09-04 19:42:00,HIGH,FORECAST
T004766,31874,Goods,C026,Sabarabad Cantt,Chitrakot,L026-06,27.69,2026-09-03 09:35:00,2026-09-03 09:45:00,MEDIUM,SCHEDULED
T004767,57975,Passenger,C163,Dhanuganj Cantt,Veerhalli Jn,L163-10,113.37,2026-09-26 08:08:00,2026-09-26 08:23:00,HIGH,SCHEDULED
T004768,14004,Express,C050,Taragunj,Haldipur Road,L050-09,113.79,2026-09-09 17:12:00,2026-09-09 17:20:00,CRITICAL,PROVISIONAL
T004769,14244,Express,C195,Bharatgunj,Taraganj Road,L195-05,93.9,2026-10-10 18:20:00,2026-10-10 18:42:00,CRITICAL,SCHEDULED
T004770,14161,Express,C131,Ashokkot,Narmadagarh Cantt,L131-04,148.79,2026-09-17 17:01:00,2026-09-17 17:16:00,CRITICAL,SCHEDULED
T004771,72157,Other,C089,Pushkarkot,Gangakot,L089-03,159.22,2026-09-12 16:16:00,2026-09-12 17:25:00,LOW,SCHEDULED
T004772,12719,Express,C068,Girnarkheda,Shantipur,L068-08,360.09,2026-10-12 07:16:00,2026-10-12 07:52:00,HIGH,SCHEDULED
T004773,56975,Passenger,C069,Dhanupalli Cantt,Girnarkheda Road,L069-02,35.6,2026-10-08 05:51:00,2026-10-08 06:38:00,LOW,SCHEDULED
T004774,57674,Passenger,C059,Yamunanagar Jn,Haldikheda,L059-06,354.84,2026-10-02 09:26:00,2026-10-02 10:08:00,HIGH,CANCELLED
T004775,32594,Goods,C009,Konkanganj,Konkankheda,L009-04,201.98,2026-09-09 03:42:00,2026-09-09 04:43:00,MEDIUM,SCHEDULED
T004776,14395,Express,C009,Konkanganj,Konkankheda,L009-02,62.41,2026-09-24 17:39:00,2026-09-24 17:58:00,CRITICAL,SCHEDULED
T004777,70665,Other,C140,Sundarkot Jn,Haldikheda,L140-09,40.15,2026-09-06 19:52:00,2026-09-06 19:58:00,LOW,SCHEDULED
T004778,31431,Goods,C037,Gangaganj Road,Bilaskot,L037-06,198.68,2026-10-03 10:56:00,2026-10-03 11:41:00,MEDIUM,SCHEDULED
T004779,31371,Goods,C009,Konkanganj,Konkankheda,L009-06,222.21,2026-10-09 17:07:00,2026-10-09 18:16:00,MEDIUM,FORECAST
T004780,56602,Passenger,C069,Dhanupalli Cantt,Girnarkheda Road,L069-02,35.6,2026-10-14 07:11:00,2026-10-14 07:57:00,HIGH,FORECAST
T004781,32012,Goods,C199,Tarakheda Jn,Bhimagarh,L199-09,280.1,2026-09-10 13:31:00,2026-09-10 14:19:00,MEDIUM,SCHEDULED
T004782,72652,Other,C140,Sundarkot Jn,Haldikheda,L140-08,38.21,2026-09-06 06:25:00,2026-09-06 06:31:00,LOW,SCHEDULED
T004783,14636,Express,C039,Malwaganj Cantt,Satpuraabad Road,L039-03,58.83,2026-10-13 05:07:00,2026-10-13 05:17:00,CRITICAL,SCHEDULED
T004784,14236,Express,C009,Konkanganj,Konkankheda,L009-01,14.97,2026-10-03 18:35:00,2026-10-03 19:11:00,CRITICAL,SCHEDULED
T004785,31749,Goods,C069,Dhanupalli Cantt,Girnarkheda Road,L069-02,35.6,2026-09-03 20:59:00,2026-09-03 21:50:00,MEDIUM,SCHEDULED
T004786,56141,Passenger,C176,Vindhyakot Jn,Ranaganj Cantt,L176-04,54.44,2026-09-08 09:56:00,2026-09-08 10:18:00,HIGH,PROVISIONAL
T004787,58142,Passenger,C069,Dhanupalli Cantt,Girnarkheda Road,L069-05,175.88,2026-09-25 05:48:00,2026-09-25 06:26:00,HIGH,FORECAST
T004788,32888,Goods,C069,Dhanupalli Cantt,Girnarkheda Road,L069-09,277.58,2026-10-08 20:06:00,2026-10-08 21:09:00,MEDIUM,FORECAST
T004789,31908,Goods,C009,Konkanganj,Konkankheda,L009-04,201.98,2026-09-30 17:49:00,2026-09-30 18:56:00,MEDIUM,SCHEDULED
T004790,57590,Passenger,C164,Girnarhalli Road,Dhanugunj Cantt,L164-08,276.89,2026-10-01 11:49:00,2026-10-01 12:35:00,HIGH,SCHEDULED
T004791,12657,Express,C009,Konkanganj,Konkankheda,L009-05,209.53,2026-09-09 19:05:00,2026-09-09 19:33:00,CRITICAL,SCHEDULED
T004792,30991,Goods,C150,Udaykot Jn,Sagarpalli,L150-01,1.98,2026-10-08 03:11:00,2026-10-08 03:33:00,MEDIUM,FORECAST
T004793,57959,Passenger,C018,Haldiganj,Nilgirigunj Road,L018-07,174.74,2026-09-25 21:58:00,2026-09-25 22:19:00,CRITICAL,SCHEDULED
T004794,14687,Express,C009,Konkanganj,Konkankheda,L009-06,222.21,2026-10-02 05:12:00,2026-10-02 05:34:00,CRITICAL,SCHEDULED
T004795,31191,Goods,C155,Omkarhalli,Sabarkheda Road,L155-01,0.57,2026-09-25 11:27:00,2026-09-25 11:34:00,MEDIUM,SCHEDULED
T004796,56511,Passenger,C109,Bilasabad Cantt,Chitragunj,L109-03,34.96,2026-09-06 13:40:00,2026-09-06 14:06:00,HIGH,SCHEDULED
T004797,31708,Goods,C149,Veerkot,Ashokgunj,L149-01,8.92,2026-10-10 20:54:00,2026-10-10 21:56:00,MEDIUM,SCHEDULED
T004798,58474,Passenger,C150,Udaykot Jn,Sagarpalli,L150-02,13.59,2026-10-06 11:18:00,2026-10-06 11:41:00,HIGH,SCHEDULED
T004799,56951,Passenger,C199,Tarakheda Jn,Bhimagarh,L199-09,280.1,2026-09-15 05:01:00,2026-09-15 05:42:00,HIGH,FORECAST
T004800,30794,Goods,C088,Rohtakpalli Cantt,Omkargarh,L088-02,21.07,2026-10-14 15:46:00,2026-10-14 16:27:00,MEDIUM,SCHEDULED
T004801,56871,Passenger,C009,Konkanganj,Konkankheda,L009-07,242.71,2026-09-18 05:14:00,2026-09-18 05:46:00,HIGH,SCHEDULED
T004802,31858,Goods,C150,Udaykot Jn,Sagarpalli,L150-08,125.81,2026-09-01 01:01:00,2026-09-01 01:23:00,MEDIUM,SCHEDULED
T004803,13482,Express,C059,Yamunanagar Jn,Haldikheda,L059-06,354.84,2026-10-07 16:21:00,2026-10-07 16:46:00,CRITICAL,SCHEDULED
T004804,32359,Goods,C091,Ashokpur,Indrapalli Road,L091-11,72.85,2026-10-06 17:25:00,2026-10-06 17:36:00,MEDIUM,SCHEDULED
T004805,58475,Passenger,C009,Konkanganj,Konkankheda,L009-02,62.41,2026-09-05 18:20:00,2026-09-05 19:06:00,HIGH,SCHEDULED
T004806,30076,Goods,C123,Satpurapalli,Charankot Cantt,L123-01,11.95,2026-09-19 17:48:00,2026-09-19 18:25:00,MEDIUM,PROVISIONAL
T004807,58342,Passenger,C123,Satpurapalli,Charankot Cantt,L123-05,42.98,2026-10-13 19:19:00,2026-10-13 19:50:00,HIGH,FORECAST
T004808,32004,Goods,C071,Jaisalhalli Cantt,Veergarh Road,L071-05,178.19,2026-09-18 21:20:00,2026-09-18 22:38:00,MEDIUM,SCHEDULED
T004809,56098,Passenger,C164,Girnarhalli Road,Dhanugunj Cantt,L164-09,325.29,2026-09-18 23:49:00,2026-09-19 00:50:00,CRITICAL,SCHEDULED
T004810,57458,Passenger,C129,Sagargunj Jn,Meeragunj Road,L129-02,8.42,2026-09-20 07:56:00,2026-09-20 08:11:00,HIGH,SCHEDULED
T004811,56865,Passenger,C140,Sundarkot Jn,Haldikheda,L140-05,34.07,2026-09-07 08:16:00,2026-09-07 08:22:00,HIGH,SCHEDULED
T004812,14909,Express,C069,Dhanupalli Cantt,Girnarkheda Road,L069-08,267.94,2026-09-27 23:39:00,2026-09-28 00:09:00,CRITICAL,SCHEDULED
T004813,12947,Express,C123,Satpurapalli,Charankot Cantt,L123-05,42.98,2026-09-19 18:47:00,2026-09-19 19:03:00,HIGH,PROVISIONAL
T004814,32119,Goods,C050,Taragunj,Haldipur Road,L050-06,53.65,2026-09-02 13:32:00,2026-09-02 13:49:00,CRITICAL,SCHEDULED
T004815,72978,Other,C195,Bharatgunj,Taraganj Road,L195-04,60.26,2026-10-10 04:46:00,2026-10-10 05:13:00,LOW,PROVISIONAL
T004816,31113,Goods,C026,Sabarabad Cantt,Chitrakot,L026-07,34.73,2026-09-23 10:02:00,2026-09-23 10:12:00,MEDIUM,SCHEDULED
T004817,57632,Passenger,C069,Dhanupalli Cantt,Girnarkheda Road,L069-12,378.6,2026-10-05 12:52:00,2026-10-05 13:28:00,HIGH,SCHEDULED
T004818,58161,Passenger,C129,Sagargunj Jn,Meeragunj Road,L129-08,68.83,2026-09-25 16:18:00,2026-09-25 16:34:00,LOW,FORECAST
T004819,57799,Passenger,C115,Konkanpalli,Indrakheda Jn,L115-04,173.95,2026-09-03 23:42:00,2026-09-04 00:16:00,LOW,SCHEDULED
T004820,30994,Goods,C069,Dhanupalli Cantt,Girnarkheda Road,L069-06,194.8,2026-09-14 01:56:00,2026-09-14 02:49:00,MEDIUM,SCHEDULED
T004821,32791,Goods,C059,Yamunanagar Jn,Haldikheda,L059-03,215.56,2026-09-12 16:50:00,2026-09-12 17:38:00,HIGH,PROVISIONAL
T004822,56746,Passenger,C098,Bilaskheda,Pushkarganj,L098-14,38.39,2026-09-27 12:42:00,2026-09-27 12:48:00,HIGH,FORECAST
T004823,58714,Passenger,C036,Ashokgunj Jn,Kanhaganj,L036-02,12.31,2026-10-08 19:20:00,2026-10-08 19:40:00,HIGH,CANCELLED
T004824,56620,Passenger,C050,Taragunj,Haldipur Road,L050-05,36.84,2026-10-11 11:57:00,2026-10-11 12:12:00,HIGH,PROVISIONAL
T004825,58692,Passenger,C026,Sabarabad Cantt,Chitrakot,L026-03,10.67,2026-09-08 01:47:00,2026-09-08 01:53:00,HIGH,SCHEDULED
T004826,14164,Express,C009,Konkanganj,Konkankheda,L009-03,182.63,2026-09-01 21:54:00,2026-09-01 22:14:00,CRITICAL,FORECAST
T004827,56371,Passenger,C150,Udaykot Jn,Sagarpalli,L150-07,109.46,2026-09-26 22:27:00,2026-09-26 22:44:00,HIGH,SCHEDULED
T004828,56774,Passenger,C123,Satpurapalli,Charankot Cantt,L123-05,42.98,2026-09-17 08:32:00,2026-09-17 09:03:00,HIGH,FORECAST
T004829,57231,Passenger,C069,Dhanupalli Cantt,Girnarkheda Road,L069-09,277.58,2026-10-15 07:11:00,2026-10-15 07:52:00,HIGH,SCHEDULED
T004830,58371,Passenger,C078,Vindhyanagar,Rananagar Road,L078-10,90.01,2026-09-20 16:28:00,2026-09-20 16:44:00,HIGH,SCHEDULED
T004831,70815,Other,C193,Bilaskheda Jn,Devgarhkheda,L193-03,86.39,2026-09-23 18:38:00,2026-09-23 19:16:00,LOW,SCHEDULED
T004832,56829,Passenger,C052,Tarakheda Road,Bhimapalli Cantt,L052-08,129.9,2026-10-09 13:04:00,2026-10-09 13:23:00,HIGH,SCHEDULED
T004833,57483,Passenger,C069,Dhanupalli Cantt,Girnarkheda Road,L069-01,22.53,2026-09-10 19:27:00,2026-09-10 20:06:00,HIGH,FORECAST
T004834,13191,Express,C129,Sagargunj Jn,Meeragunj Road,L129-05,53.43,2026-09-18 04:58:00,2026-09-18 05:08:00,CRITICAL,SCHEDULED
T004835,12811,Express,C009,Konkanganj,Konkankheda,L009-02,62.41,2026-09-25 18:36:00,2026-09-25 19:05:00,CRITICAL,SCHEDULED
T004836,30173,Goods,C155,Omkarhalli,Sabarkheda Road,L155-04,15.66,2026-10-12 22:57:00,2026-10-12 23:07:00,MEDIUM,SCHEDULED
T004837,32747,Goods,C150,Udaykot Jn,Sagarpalli,L150-09,136.48,2026-09-06 17:26:00,2026-09-06 17:53:00,MEDIUM,SCHEDULED
T004838,58022,Passenger,C129,Sagargunj Jn,Meeragunj Road,L129-04,51.91,2026-09-22 20:49:00,2026-09-22 21:06:00,HIGH,SCHEDULED
T004839,12156,Express,C026,Sabarabad Cantt,Chitrakot,L026-06,27.69,2026-09-22 14:35:00,2026-09-22 14:41:00,CRITICAL,SCHEDULED
T004840,56202,Passenger,C069,Dhanupalli Cantt,Girnarkheda Road,L069-04,164.65,2026-09-30 09:39:00,2026-09-30 10:06:00,HIGH,FORECAST
T004841,57776,Passenger,C018,Haldiganj,Nilgirigunj Road,L018-01,55.34,2026-09-29 04:31:00,2026-09-29 05:02:00,HIGH,SCHEDULED
T004842,71281,Other,C069,Dhanupalli Cantt,Girnarkheda Road,L069-10,288.36,2026-10-03 16:04:00,2026-10-03 16:42:00,LOW,SCHEDULED
T004843,57713,Passenger,C071,Jaisalhalli Cantt,Veergarh Road,L071-01,16.35,2026-09-28 11:26:00,2026-09-28 12:07:00,HIGH,SCHEDULED
T004844,72710,Other,C150,Udaykot Jn,Sagarpalli,L150-09,136.48,2026-10-10 05:11:00,2026-10-10 05:31:00,LOW,FORECAST
T004845,56195,Passenger,C129,Sagargunj Jn,Meeragunj Road,L129-08,68.83,2026-09-19 20:29:00,2026-09-19 20:49:00,HIGH,SCHEDULED
T004846,56015,Passenger,C176,Vindhyakot Jn,Ranaganj Cantt,L176-09,155.72,2026-09-11 08:15:00,2026-09-11 08:30:00,LOW,PROVISIONAL
T004847,32184,Goods,C123,Satpurapalli,Charankot Cantt,L123-05,42.98,2026-09-04 04:38:00,2026-09-04 05:03:00,MEDIUM,FORECAST
T004848,58992,Passenger,C123,Satpurapalli,Charankot Cantt,L123-09,208.13,2026-09-19 16:55:00,2026-09-19 17:16:00,HIGH,FORECAST
T004849,58208,Passenger,C131,Ashokkot,Narmadagarh Cantt,L131-04,148.79,2026-09-07 11:07:00,2026-09-07 11:22:00,HIGH,FORECAST
T004850,30501,Goods,C056,Sagarabad Jn,Taptikot,L056-01,27.05,2026-09-11 12:04:00,2026-09-11 12:35:00,LOW,FORECAST
T004851,57853,Passenger,C163,Dhanuganj Cantt,Veerhalli Jn,L163-05,64.97,2026-10-13 14:41:00,2026-10-13 14:53:00,HIGH,SCHEDULED
T004852,58249,Passenger,C026,Sabarabad Cantt,Chitrakot,L026-01,4.01,2026-10-03 07:15:00,2026-10-03 07:21:00,HIGH,FORECAST
T004853,32365,Goods,C175,Devgarhnagar Jn,Tarapur,L175-03,202.75,2026-09-10 05:36:00,2026-09-10 07:38:00,MEDIUM,SCHEDULED
T004854,57038,Passenger,C018,Haldiganj,Nilgirigunj Road,L018-03,76.59,2026-09-06 09:50:00,2026-09-06 10:25:00,HIGH,FORECAST
T004855,56764,Passenger,C123,Satpurapalli,Charankot Cantt,L123-01,11.95,2026-10-07 15:39:00,2026-10-07 16:15:00,HIGH,SCHEDULED
T004856,14651,Express,C098,Bilaskheda,Pushkarganj,L098-06,11.88,2026-09-12 17:17:00,2026-09-12 17:23:00,CRITICAL,SCHEDULED
T004857,58379,Passenger,C018,Haldiganj,Nilgirigunj Road,L018-09,213.99,2026-10-15 21:58:00,2026-10-15 22:25:00,HIGH,FORECAST
T004858,30603,Goods,C129,Sagargunj Jn,Meeragunj Road,L129-08,68.83,2026-10-12 19:11:00,2026-10-12 19:36:00,MEDIUM,SCHEDULED
T004859,57568,Passenger,C131,Ashokkot,Narmadagarh Cantt,L131-10,258.71,2026-09-24 11:48:00,2026-09-24 12:09:00,HIGH,SCHEDULED
T004860,70433,Other,C150,Udaykot Jn,Sagarpalli,L150-04,28.77,2026-09-22 02:49:00,2026-09-22 03:07:00,CRITICAL,SCHEDULED
T004861,32299,Goods,C071,Jaisalhalli Cantt,Veergarh Road,L071-06,179.2,2026-09-19 19:34:00,2026-09-19 20:49:00,MEDIUM,FORECAST
T004862,13006,Express,C037,Gangaganj Road,Bilaskot,L037-07,224.52,2026-09-04 06:04:00,2026-09-04 06:24:00,CRITICAL,FORECAST
T004863,12305,Express,C150,Udaykot Jn,Sagarpalli,L150-08,125.81,2026-09-11 05:04:00,2026-09-11 05:13:00,CRITICAL,SCHEDULED
T004864,57375,Passenger,C059,Yamunanagar Jn,Haldikheda,L059-09,380.03,2026-09-24 08:33:00,2026-09-24 09:11:00,HIGH,PROVISIONAL
T004865,57094,Passenger,C009,Konkanganj,Konkankheda,L009-02,62.41,2026-10-12 12:25:00,2026-10-12 13:13:00,HIGH,SCHEDULED
T004866,56272,Passenger,C026,Sabarabad Cantt,Chitrakot,L026-01,4.01,2026-09-09 16:00:00,2026-09-09 16:06:00,LOW,FORECAST
T004867,31020,Goods,C038,Sabarhalli,Chandrapalli Cantt,L038-04,82.23,2026-10-14 10:00:00,2026-10-14 10:42:00,MEDIUM,FORECAST
T004868,58563,Passenger,C123,Satpurapalli,Charankot Cantt,L123-05,42.98,2026-10-12 09:00:00,2026-10-12 09:26:00,CRITICAL,SCHEDULED
T004869,58871,Passenger,C150,Udaykot Jn,Sagarpalli,L150-09,136.48,2026-09-26 06:32:00,2026-09-26 06:54:00,HIGH,SCHEDULED
T004870,12612,Express,C155,Omkarhalli,Sabarkheda Road,L155-05,18.46,2026-09-03 02:42:00,2026-09-03 02:48:00,CRITICAL,SCHEDULED
T004871,14534,Express,C195,Bharatgunj,Taraganj Road,L195-01,21.94,2026-09-08 08:02:00,2026-09-08 08:16:00,MEDIUM,SCHEDULED
T004872,31947,Goods,C115,Konkanpalli,Indrakheda Jn,L115-10,295.71,2026-09-01 21:59:00,2026-09-01 22:41:00,MEDIUM,SCHEDULED
T004873,58462,Passenger,C060,Ranaabad,Udayganj Cantt,L060-01,23.58,2026-09-06 19:21:00,2026-09-06 20:06:00,HIGH,SCHEDULED
T004874,32519,Goods,C050,Taragunj,Haldipur Road,L050-10,121.98,2026-09-30 21:46:00,2026-09-30 22:11:00,MEDIUM,SCHEDULED
T004875,32585,Goods,C069,Dhanupalli Cantt,Girnarkheda Road,L069-10,288.36,2026-10-12 07:13:00,2026-10-12 07:57:00,MEDIUM,SCHEDULED
T004876,31006,Goods,C124,Chandrakot Road,Meerahalli,L124-03,164.69,2026-09-29 17:42:00,2026-09-29 19:39:00,MEDIUM,FORECAST
T004877,57033,Passenger,C164,Girnarhalli Road,Dhanugunj Cantt,L164-05,185.8,2026-10-09 07:29:00,2026-10-09 08:09:00,HIGH,SCHEDULED
T004878,57846,Passenger,C129,Sagargunj Jn,Meeragunj Road,L129-03,24.57,2026-09-23 09:55:00,2026-09-23 10:10:00,HIGH,SCHEDULED
T004879,32187,Goods,C131,Ashokkot,Narmadagarh Cantt,L131-10,258.71,2026-09-01 19:01:00,2026-09-01 19:38:00,MEDIUM,SCHEDULED
T004880,70361,Other,C123,Satpurapalli,Charankot Cantt,L123-06,44.14,2026-09-22 13:44:00,2026-09-22 14:17:00,LOW,SCHEDULED
T004881,70830,Other,C163,Dhanuganj Cantt,Veerhalli Jn,L163-05,64.97,2026-09-22 22:37:00,2026-09-22 22:49:00,LOW,SCHEDULED
T004882,56437,Passenger,C009,Konkanganj,Konkankheda,L009-04,201.98,2026-09-05 09:58:00,2026-09-05 10:43:00,CRITICAL,PROVISIONAL
T004883,56343,Passenger,C164,Girnarhalli Road,Dhanugunj Cantt,L164-02,82.77,2026-09-29 13:20:00,2026-09-29 14:18:00,HIGH,PROVISIONAL
T004884,31436,Goods,C026,Sabarabad Cantt,Chitrakot,L026-01,4.01,2026-09-07 06:56:00,2026-09-07 07:02:00,MEDIUM,SCHEDULED
T004885,57254,Passenger,C050,Taragunj,Haldipur Road,L050-08,107.89,2026-09-08 04:27:00,2026-09-08 04:41:00,HIGH,PROVISIONAL
T004886,14095,Express,C140,Sundarkot Jn,Haldikheda,L140-02,16.52,2026-09-11 08:49:00,2026-09-11 08:55:00,CRITICAL,SCHEDULED
T004887,12745,Express,C059,Yamunanagar Jn,Haldikheda,L059-05,332.86,2026-09-10 09:29:00,2026-09-10 09:50:00,CRITICAL,SCHEDULED
T004888,56621,Passenger,C074,Chandrapalli Cantt,Nilgirikheda,L074-05,22.41,2026-09-25 06:53:00,2026-09-25 07:07:00,HIGH,SCHEDULED
T004889,71978,Other,C009,Konkanganj,Konkankheda,L009-04,201.98,2026-09-04 16:17:00,2026-09-04 17:15:00,LOW,FORECAST
T004890,58594,Passenger,C069,Dhanupalli Cantt,Girnarkheda Road,L069-09,277.58,2026-10-11 16:48:00,2026-10-11 17:21:00,HIGH,SCHEDULED
T004891,58410,Passenger,C069,Dhanupalli Cantt,Girnarkheda Road,L069-07,215.64,2026-10-09 07:46:00,2026-10-09 08:20:00,HIGH,SCHEDULED
T004892,14587,Express,C192,Malwanagar,Devgarhgarh,L192-04,25.45,2026-10-06 06:14:00,2026-10-06 06:25:00,CRITICAL,SCHEDULED
T004893,56016,Passenger,C069,Dhanupalli Cantt,Girnarkheda Road,L069-06,194.8,2026-09-13 08:00:00,2026-09-13 08:41:00,HIGH,FORECAST
T004894,13164,Express,C199,Tarakheda Jn,Bhimagarh,L199-03,107.15,2026-09-12 12:23:00,2026-09-12 12:51:00,CRITICAL,SCHEDULED
T004895,71055,Other,C199,Tarakheda Jn,Bhimagarh,L199-03,107.15,2026-09-05 16:08:00,2026-09-05 16:36:00,LOW,SCHEDULED
T004896,31791,Goods,C164,Girnarhalli Road,Dhanugunj Cantt,L164-02,82.77,2026-09-02 20:53:00,2026-09-02 22:15:00,HIGH,PROVISIONAL
T004897,58838,Passenger,C069,Dhanupalli Cantt,Girnarkheda Road,L069-02,35.6,2026-09-15 10:28:00,2026-09-15 11:01:00,HIGH,SCHEDULED
T004898,13919,Express,C051,Veerhalli,Shantipalli Cantt,L051-09,175.11,2026-10-08 08:19:00,2026-10-08 08:32:00,CRITICAL,SCHEDULED
T004899,57484,Passenger,C163,Dhanuganj Cantt,Veerhalli Jn,L163-07,71.82,2026-09-04 12:35:00,2026-09-04 12:48:00,HIGH,SCHEDULED
T004900,57881,Passenger,C161,Lalitpalli,Kaveripur Cantt,L161-07,122.4,2026-09-26 20:22:00,2026-09-26 20:41:00,HIGH,SCHEDULED
T004901,57903,Passenger,C140,Sundarkot Jn,Haldikheda,L140-03,28.69,2026-09-15 09:18:00,2026-09-15 09:24:00,HIGH,SCHEDULED
T004902,57118,Passenger,C026,Sabarabad Cantt,Chitrakot,L026-06,27.69,2026-09-06 12:11:00,2026-09-06 12:17:00,HIGH,FORECAST
T004903,58341,Passenger,C050,Taragunj,Haldipur Road,L050-04,35.75,2026-10-10 06:51:00,2026-10-10 07:05:00,HIGH,FORECAST
T004904,71014,Other,C098,Bilaskheda,Pushkarganj,L098-13,35.6,2026-10-01 04:20:00,2026-10-01 04:26:00,LOW,FORECAST
T004905,12925,Express,C163,Dhanuganj Cantt,Veerhalli Jn,L163-02,14.51,2026-09-11 18:07:00,2026-09-11 18:14:00,CRITICAL,SCHEDULED
T004906,31750,Goods,C009,Konkanganj,Konkankheda,L009-05,209.53,2026-09-08 20:49:00,2026-09-08 22:09:00,MEDIUM,SCHEDULED
T004907,57275,Passenger,C089,Pushkarkot,Gangakot,L089-05,258.39,2026-09-18 17:27:00,2026-09-18 18:26:00,HIGH,SCHEDULED
T004908,31609,Goods,C150,Udaykot Jn,Sagarpalli,L150-01,1.98,2026-09-15 18:19:00,2026-09-15 18:46:00,MEDIUM,FORECAST
T004909,56721,Passenger,C164,Girnarhalli Road,Dhanugunj Cantt,L164-08,276.89,2026-09-22 20:30:00,2026-09-22 21:16:00,CRITICAL,SCHEDULED
T004910,14922,Express,C091,Ashokpur,Indrapalli Road,L091-04,12.51,2026-09-05 08:47:00,2026-09-05 08:53:00,CRITICAL,SCHEDULED
T004911,13748,Express,C129,Sagargunj Jn,Meeragunj Road,L129-09,107.56,2026-10-14 22:26:00,2026-10-14 22:34:00,CRITICAL,SCHEDULED
T004912,56645,Passenger,C050,Taragunj,Haldipur Road,L050-05,36.84,2026-09-29 07:43:00,2026-09-29 07:56:00,HIGH,SCHEDULED
T004913,30349,Goods,C122,Sundarganj,Sagarhalli Road,L122-05,76.45,2026-09-01 13:58:00,2026-09-01 14:45:00,HIGH,SCHEDULED
T004914,13487,Express,C039,Malwaganj Cantt,Satpuraabad Road,L039-11,191.22,2026-10-04 08:56:00,2026-10-04 09:07:00,CRITICAL,SCHEDULED
T004915,57698,Passenger,C195,Bharatgunj,Taraganj Road,L195-07,109.28,2026-09-18 09:33:00,2026-09-18 10:01:00,HIGH,PROVISIONAL
T004916,58045,Passenger,C199,Tarakheda Jn,Bhimagarh,L199-03,107.15,2026-09-26 18:57:00,2026-09-26 19:29:00,HIGH,SCHEDULED
T004917,56070,Passenger,C115,Konkanpalli,Indrakheda Jn,L115-09,283.97,2026-10-04 14:53:00,2026-10-04 15:27:00,HIGH,SCHEDULED
T004918,56452,Passenger,C197,Sundarhalli Cantt,Konkanhalli Jn,L197-04,205.11,2026-10-03 16:50:00,2026-10-03 17:40:00,HIGH,SCHEDULED
T004919,14025,Express,C121,Bharatkot Road,Yamunagunj Cantt,L121-01,112.83,2026-10-01 14:09:00,2026-10-01 14:32:00,CRITICAL,CANCELLED
T004920,30949,Goods,C071,Jaisalhalli Cantt,Veergarh Road,L071-03,41.93,2026-09-29 19:57:00,2026-09-29 21:19:00,MEDIUM,SCHEDULED
T004921,13737,Express,C028,Girnarpalli,Kanhagunj Cantt,L028-07,186.56,2026-09-30 09:51:00,2026-09-30 10:19:00,CRITICAL,SCHEDULED
T004922,32162,Goods,C176,Vindhyakot Jn,Ranaganj Cantt,L176-13,237.01,2026-10-06 20:30:00,2026-10-06 21:07:00,MEDIUM,SCHEDULED
T004923,56012,Passenger,C018,Haldiganj,Nilgirigunj Road,L018-04,124.65,2026-09-26 13:14:00,2026-09-26 13:37:00,HIGH,SCHEDULED
T004924,56954,Passenger,C112,Narmadagunj,Yamunaganj,L112-12,212.68,2026-10-05 16:30:00,2026-10-05 16:49:00,HIGH,SCHEDULED
T004925,32771,Goods,C150,Udaykot Jn,Sagarpalli,L150-07,109.46,2026-09-21 18:23:00,2026-09-21 18:53:00,MEDIUM,SCHEDULED
T004926,32063,Goods,C195,Bharatgunj,Taraganj Road,L195-06,98.59,2026-10-11 11:17:00,2026-10-11 12:03:00,MEDIUM,SCHEDULED
T004927,56560,Passenger,C123,Satpurapalli,Charankot Cantt,L123-06,44.14,2026-09-18 16:04:00,2026-09-18 16:25:00,HIGH,SCHEDULED
T004928,12887,Express,C129,Sagargunj Jn,Meeragunj Road,L129-05,53.43,2026-09-06 15:51:00,2026-09-06 16:01:00,CRITICAL,SCHEDULED
T004929,56850,Passenger,C091,Ashokpur,Indrapalli Road,L091-10,72.8,2026-10-02 10:31:00,2026-10-02 10:38:00,LOW,FORECAST
T004930,30194,Goods,C009,Konkanganj,Konkankheda,L009-06,222.21,2026-09-22 06:57:00,2026-09-22 08:01:00,MEDIUM,SCHEDULED
T004931,13747,Express,C069,Dhanupalli Cantt,Girnarkheda Road,L069-10,288.36,2026-09-14 03:03:00,2026-09-14 03:19:00,CRITICAL,SCHEDULED
T004932,56827,Passenger,C140,Sundarkot Jn,Haldikheda,L140-07,37.73,2026-09-21 07:48:00,2026-09-21 07:54:00,HIGH,FORECAST
T004933,31976,Goods,C115,Konkanpalli,Indrakheda Jn,L115-04,173.95,2026-09-03 17:20:00,2026-09-03 18:00:00,MEDIUM,SCHEDULED
T004934,32579,Goods,C164,Girnarhalli Road,Dhanugunj Cantt,L164-10,357.49,2026-09-30 09:46:00,2026-09-30 10:41:00,MEDIUM,SCHEDULED
T004935,56337,Passenger,C150,Udaykot Jn,Sagarpalli,L150-10,152.42,2026-09-26 18:02:00,2026-09-26 18:20:00,HIGH,SCHEDULED
T004936,31978,Goods,C164,Girnarhalli Road,Dhanugunj Cantt,L164-07,252.14,2026-10-01 11:03:00,2026-10-01 12:27:00,MEDIUM,PROVISIONAL
T004937,31018,Goods,C101,Narmadanagar Road,Chandrapur Road,L101-01,5.71,2026-10-09 03:12:00,2026-10-09 03:42:00,MEDIUM,SCHEDULED
T004938,58530,Passenger,C009,Konkanganj,Konkankheda,L009-05,209.53,2026-09-05 09:54:00,2026-09-05 10:36:00,HIGH,SCHEDULED
T004939,57127,Passenger,C051,Veerhalli,Shantipalli Cantt,L051-08,173.27,2026-09-13 15:26:00,2026-09-13 15:51:00,HIGH,PROVISIONAL
T004940,56402,Passenger,C069,Dhanupalli Cantt,Girnarkheda Road,L069-10,288.36,2026-10-09 06:46:00,2026-10-09 07:21:00,HIGH,SCHEDULED
T004941,32117,Goods,C059,Yamunanagar Jn,Haldikheda,L059-04,298.87,2026-09-02 09:40:00,2026-09-02 10:57:00,MEDIUM,PROVISIONAL
T004942,31691,Goods,C129,Sagargunj Jn,Meeragunj Road,L129-04,51.91,2026-09-28 16:43:00,2026-09-28 17:06:00,MEDIUM,SCHEDULED
T004943,13089,Express,C192,Malwanagar,Devgarhgarh,L192-05,32.99,2026-09-21 18:56:00,2026-09-21 19:04:00,CRITICAL,SCHEDULED
T004944,32367,Goods,C069,Dhanupalli Cantt,Girnarkheda Road,L069-04,164.65,2026-09-07 00:30:00,2026-09-07 01:42:00,MEDIUM,SCHEDULED
T004945,56795,Passenger,C098,Bilaskheda,Pushkarganj,L098-03,5.9,2026-09-25 20:58:00,2026-09-25 21:04:00,HIGH,FORECAST
T004946,13951,Express,C051,Veerhalli,Shantipalli Cantt,L051-07,162.18,2026-10-10 08:22:00,2026-10-10 08:35:00,CRITICAL,SCHEDULED
T004947,31961,Goods,C039,Malwaganj Cantt,Satpuraabad Road,L039-06,108.06,2026-09-29 23:45:00,2026-09-30 00:21:00,CRITICAL,SCHEDULED
T004948,32274,Goods,C018,Haldiganj,Nilgirigunj Road,L018-09,213.99,2026-09-17 06:24:00,2026-09-17 07:09:00,MEDIUM,SCHEDULED
T004949,31637,Goods,C091,Ashokpur,Indrapalli Road,L091-09,63.54,2026-09-23 18:23:00,2026-09-23 18:33:00,MEDIUM,FORECAST
T004950,57908,Passenger,C140,Sundarkot Jn,Haldikheda,L140-07,37.73,2026-09-08 13:53:00,2026-09-08 13:59:00,HIGH,SCHEDULED
T004951,56225,Passenger,C069,Dhanupalli Cantt,Girnarkheda Road,L069-10,288.36,2026-09-29 13:41:00,2026-09-29 14:27:00,HIGH,SCHEDULED
T004952,58872,Passenger,C188,Charanpur,Gangagunj,L188-04,24.23,2026-09-22 17:58:00,2026-09-22 18:18:00,HIGH,SCHEDULED
T004953,72249,Other,C119,Sagarkheda Jn,Shantiganj,L119-01,171.62,2026-09-19 01:36:00,2026-09-19 02:25:00,LOW,SCHEDULED
T004954,31536,Goods,C176,Vindhyakot Jn,Ranaganj Cantt,L176-14,244.66,2026-09-01 21:26:00,2026-09-01 21:58:00,MEDIUM,SCHEDULED
T004955,56763,Passenger,C163,Dhanuganj Cantt,Veerhalli Jn,L163-02,14.51,2026-09-11 07:08:00,2026-09-11 07:20:00,HIGH,SCHEDULED
T004956,57559,Passenger,C150,Udaykot Jn,Sagarpalli,L150-03,22.68,2026-09-10 21:03:00,2026-09-10 21:20:00,HIGH,FORECAST
T004957,56667,Passenger,C051,Veerhalli,Shantipalli Cantt,L051-03,87.0,2026-10-11 15:28:00,2026-10-11 15:56:00,HIGH,SCHEDULED
T004958,12963,Express,C123,Satpurapalli,Charankot Cantt,L123-02,16.66,2026-09-18 05:38:00,2026-09-18 05:48:00,CRITICAL,CANCELLED
T004959,13263,Express,C123,Satpurapalli,Charankot Cantt,L123-06,44.14,2026-09-11 12:36:00,2026-09-11 12:46:00,CRITICAL,SCHEDULED
T004960,30145,Goods,C175,Devgarhnagar Jn,Tarapur,L175-03,202.75,2026-10-14 15:57:00,2026-10-14 17:42:00,MEDIUM,FORECAST
T004961,31233,Goods,C076,Jaisalnagar Jn,Veerpalli,L076-06,330.73,2026-09-01 03:27:00,2026-09-01 04:55:00,MEDIUM,SCHEDULED
T004962,13365,Express,C140,Sundarkot Jn,Haldikheda,L140-08,38.21,2026-09-06 09:38:00,2026-09-06 09:44:00,HIGH,SCHEDULED
T004963,14091,Express,C192,Malwanagar,Devgarhgarh,L192-04,25.45,2026-09-04 15:26:00,2026-09-04 15:38:00,CRITICAL,SCHEDULED
T004964,14197,Express,C140,Sundarkot Jn,Haldikheda,L140-11,44.31,2026-09-28 20:57:00,2026-09-28 21:03:00,CRITICAL,SCHEDULED
T004965,32063,Goods,C140,Sundarkot Jn,Haldikheda,L140-10,40.29,2026-10-03 15:54:00,2026-10-03 16:03:00,MEDIUM,PROVISIONAL
T004966,57835,Passenger,C140,Sundarkot Jn,Haldikheda,L140-04,29.07,2026-09-27 11:32:00,2026-09-27 11:38:00,LOW,FORECAST
T004967,31066,Goods,C009,Konkanganj,Konkankheda,L009-04,201.98,2026-10-09 23:32:00,2026-10-10 00:29:00,MEDIUM,SCHEDULED
T004968,56133,Passenger,C069,Dhanupalli Cantt,Girnarkheda Road,L069-11,333.57,2026-09-28 20:16:00,2026-09-28 20:39:00,MEDIUM,FORECAST
T004969,58455,Passenger,C009,Konkanganj,Konkankheda,L009-07,242.71,2026-09-08 23:21:00,2026-09-09 00:04:00,HIGH,SCHEDULED
T004970,32023,Goods,C098,Bilaskheda,Pushkarganj,L098-14,38.39,2026-09-26 06:37:00,2026-09-26 06:43:00,MEDIUM,SCHEDULED
T004971,57603,Passenger,C037,Gangaganj Road,Bilaskot,L037-06,198.68,2026-09-04 11:43:00,2026-09-04 12:02:00,HIGH,SCHEDULED
T004972,58378,Passenger,C059,Yamunanagar Jn,Haldikheda,L059-10,380.23,2026-09-11 08:13:00,2026-09-11 09:11:00,HIGH,SCHEDULED
T004973,58287,Passenger,C050,Taragunj,Haldipur Road,L050-04,35.75,2026-09-21 23:10:00,2026-09-21 23:20:00,HIGH,PROVISIONAL
T004974,57862,Passenger,C016,Sabarhalli Road,Ambagunj Road,L016-01,6.78,2026-09-06 14:09:00,2026-09-06 14:31:00,HIGH,FORECAST
T004975,30435,Goods,C129,Sagargunj Jn,Meeragunj Road,L129-08,68.83,2026-09-07 04:10:00,2026-09-07 04:37:00,MEDIUM,PROVISIONAL
T004976,31382,Goods,C069,Dhanupalli Cantt,Girnarkheda Road,L069-08,267.94,2026-10-10 14:14:00,2026-10-10 15:03:00,MEDIUM,FORECAST
T004977,32807,Goods,C150,Udaykot Jn,Sagarpalli,L150-05,55.2,2026-09-19 20:28:00,2026-09-19 20:53:00,MEDIUM,SCHEDULED
T004978,57050,Passenger,C199,Tarakheda Jn,Bhimagarh,L199-02,90.33,2026-09-22 10:48:00,2026-09-22 11:23:00,HIGH,SCHEDULED
T004979,12232,Express,C176,Vindhyakot Jn,Ranaganj Cantt,L176-10,158.5,2026-10-08 18:33:00,2026-10-08 18:46:00,CRITICAL,SCHEDULED
T004980,56020,Passenger,C140,Sundarkot Jn,Haldikheda,L140-08,38.21,2026-10-11 10:07:00,2026-10-11 10:13:00,HIGH,SCHEDULED
T004981,57241,Passenger,C163,Dhanuganj Cantt,Veerhalli Jn,L163-01,8.76,2026-09-19 18:20:00,2026-09-19 18:31:00,HIGH,SCHEDULED
T004982,32756,Goods,C195,Bharatgunj,Taraganj Road,L195-06,98.59,2026-09-09 20:13:00,2026-09-09 20:56:00,MEDIUM,SCHEDULED
T004983,58775,Passenger,C123,Satpurapalli,Charankot Cantt,L123-09,208.13,2026-10-05 21:26:00,2026-10-05 21:57:00,HIGH,PROVISIONAL
T004984,56043,Passenger,C074,Chandrapalli Cantt,Nilgirikheda,L074-06,82.15,2026-10-12 13:49:00,2026-10-12 14:00:00,MEDIUM,FORECAST
T004985,71528,Other,C018,Haldiganj,Nilgirigunj Road,L018-08,211.15,2026-09-01 21:28:00,2026-09-01 22:06:00,LOW,SCHEDULED
T004986,56000,Passenger,C052,Tarakheda Road,Bhimapalli Cantt,L052-06,85.15,2026-09-01 12:33:00,2026-09-01 12:56:00,HIGH,SCHEDULED
T004987,12123,Express,C018,Haldiganj,Nilgirigunj Road,L018-09,213.99,2026-10-03 16:44:00,2026-10-03 17:08:00,CRITICAL,SCHEDULED
T004988,31505,Goods,C163,Dhanuganj Cantt,Veerhalli Jn,L163-03,28.41,2026-09-12 08:00:00,2026-09-12 08:12:00,MEDIUM,PROVISIONAL
T004989,56581,Passenger,C115,Konkanpalli,Indrakheda Jn,L115-03,133.82,2026-09-11 16:13:00,2026-09-11 16:45:00,HIGH,SCHEDULED
T004990,56546,Passenger,C176,Vindhyakot Jn,Ranaganj Cantt,L176-09,155.72,2026-09-03 18:17:00,2026-09-03 18:31:00,HIGH,SCHEDULED
T004991,32286,Goods,C195,Bharatgunj,Taraganj Road,L195-05,93.9,2026-10-12 02:19:00,2026-10-12 03:12:00,MEDIUM,SCHEDULED
T004992,32905,Goods,C164,Girnarhalli Road,Dhanugunj Cantt,L164-08,276.89,2026-09-01 02:45:00,2026-09-01 03:58:00,MEDIUM,CANCELLED
T004993,57246,Passenger,C026,Sabarabad Cantt,Chitrakot,L026-04,17.94,2026-09-12 05:29:00,2026-09-12 05:35:00,HIGH,SCHEDULED
T004994,58978,Passenger,C075,Charanpur,Ranahalli Cantt,L075-06,182.12,2026-10-10 08:14:00,2026-10-10 08:45:00,HIGH,FORECAST
T004995,58068,Passenger,C069,Dhanupalli Cantt,Girnarkheda Road,L069-04,164.65,2026-10-10 18:52:00,2026-10-10 19:33:00,HIGH,FORECAST
T004996,57926,Passenger,C164,Girnarhalli Road,Dhanugunj Cantt,L164-05,185.8,2026-09-11 13:45:00,2026-09-11 14:18:00,HIGH,SCHEDULED
T004997,58503,Passenger,C039,Malwaganj Cantt,Satpuraabad Road,L039-01,1.19,2026-09-05 22:29:00,2026-09-05 22:52:00,HIGH,PROVISIONAL
T004998,72526,Other,C195,Bharatgunj,Taraganj Road,L195-04,60.26,2026-09-15 08:57:00,2026-09-15 09:42:00,CRITICAL,SCHEDULED
T004999,12565,Express,C018,Haldiganj,Nilgirigunj Road,L018-04,124.65,2026-09-22 06:26:00,2026-09-22 06:48:00,CRITICAL,SCHEDULED
T005000,12392,Express,C150,Udaykot Jn,Sagarpalli,L150-03,22.68,2026-09-19 07:44:00,2026-09-19 07:55:00,HIGH,SCHEDULED
